source_row_id,company_name,feature_year,predicted_event_year,y_proba,y_pred_f1,y_pred_fpr5,f1_threshold,fpr5_threshold,state_updated_at,runtime_version
11,C_1,2010,2011,4.72147767141e-05,0,0,0.2,0.0167332757264,2026-09-08T22:18:53.221714+00:00,study3b_fifo_runtime_v1
30,C_2,2010,2011,0.000125535370898,0,0,0.2,0.0167332757264,2026-09-08T22:18:53.221714+00:00,study3b_fifo_runtime_v1
61,C_6,2010,2011,0.0117031475529,0,0,0.2,0.0167332757264,2026-09-08T22:18:53.221714+00:00,study3b_fifo_runtime_v1
73,C_7,2010,2011,8.38647320052e-05,0,0,0.2,0.0167332757264,2026-09-08T22:18:53.221714+00:00,study3b_fifo_runtime_v1
101,C_9,2010,2011,2.5783365345e-05,0,0,0.2,0.0167332757264,2026-09-08T22:18:53.221714+00:00,study3b_fifo_runtime_v1
121,C_10,2010,2011,0.000408309133491,0,0,0.2,0.0167332757264,2026-09-08T22:18:53.221714+00:00,study3b_fifo_runtime_v1
141,C_11,2010,2011,0.000247371179285,0,0,0.2,0.0167332757264,2026-09-08T22:18:53.221714+00:00,study3b_fifo_runtime_v1
161,C_12,2010,2011,0.000932772702072,0,0,0.2,0.0167332757264,2026-09-08T22:18:53.221714+00:00,study3b_fifo_runtime_v1
172,C_13,2010,2011,0.000417266506702,0,0,0.2,0.0167332757264,2026-09-08T22:18:53.221714+00:00,study3b_fifo_runtime_v1
184,C_14,2010,2011,0.00165409070905,0,0,0.2,0.0167332757264,2026-09-08T22:18:53.221714+00:00,study3b_fifo_runtime_v1
209,C_17,2010,2011,0.000423247955041,0,0,0.2,0.0167332757264,2026-09-08T22:18:53.221714+00:00,study3b_fifo_runtime_v1
230,C_19,2010,2011,0.0029607845936,0,0,0.2,0.0167332757264,2026-09-08T22:18:53.221714+00:00,study3b_fifo_runtime_v1
250,C_20,2010,2011,0.00199207453988,0,0,0.2,0.0167332757264,2026-09-08T22:18:53.221714+00:00,study3b_fifo_runtime_v1
272,C_22,2010,2011,0.0012625848176,0,0,0.2,0.0167332757264,2026-09-08T22:18:53.221714+00:00,study3b_fifo_runtime_v1
295,C_24,2010,2011,0.00052847963525,0,0,0.2,0.0167332757264,2026-09-08T22:18:53.221714+00:00,study3b_fifo_runtime_v1
314,C_26,2010,2011,1.56320293172e-05,0,0,0.2,0.0167332757264,2026-09-08T22:18:53.221714+00:00,study3b_fifo_runtime_v1
334,C_27,2010,2011,0.000911044713575,0,0,0.2,0.0167332757264,2026-09-08T22:18:53.221714+00:00,study3b_fifo_runtime_v1
357,C_29,2010,2011,0.00511390389875,0,0,0.2,0.0167332757264,2026-09-08T22:18:53.221714+00:00,study3b_fifo_runtime_v1
373,C_30,2010,2011,0.00100167829078,0,0,0.2,0.0167332757264,2026-09-08T22:18:53.221714+00:00,study3b_fifo_runtime_v1
393,C_31,2010,2011,2.99272705888e-05,0,0,0.2,0.0167332757264,2026-09-08T22:18:53.221714+00:00,study3b_fifo_runtime_v1
413,C_32,2010,2011,0.000346887827618,0,0,0.2,0.0167332757264,2026-09-08T22:18:53.221714+00:00,study3b_fifo_runtime_v1
453,C_37,2010,2011,0.000101376506791,0,0,0.2,0.0167332757264,2026-09-08T22:18:53.221714+00:00,study3b_fifo_runtime_v1
466,C_39,2010,2011,0.00328565272503,0,0,0.2,0.0167332757264,2026-09-08T22:18:53.221714+00:00,study3b_fifo_runtime_v1
480,C_40,2010,2011,0.00042334877071,0,0,0.2,0.0167332757264,2026-09-08T22:18:53.221714+00:00,study3b_fifo_runtime_v1
501,C_42,2010,2011,0.000146357226186,0,0,0.2,0.0167332757264,2026-09-08T22:18:53.221714+00:00,study3b_fifo_runtime_v1
524,C_46,2010,2011,5.97251018917e-05,0,0,0.2,0.0167332757264,2026-09-08T22:18:53.221714+00:00,study3b_fifo_runtime_v1
544,C_47,2010,2011,0.00065103842644,0,0,0.2,0.0167332757264,2026-09-08T22:18:53.221714+00:00,study3b_fifo_runtime_v1
567,C_50,2010,2011,0.000132909844979,0,0,0.2,0.0167332757264,2026-09-08T22:18:53.221714+00:00,study3b_fifo_runtime_v1
586,C_51,2010,2011,0.007329499349,0,0,0.2,0.0167332757264,2026-09-08T22:18:53.221714+00:00,study3b_fifo_runtime_v1
607,C_54,2010,2011,1.45919757415e-05,0,0,0.2,0.0167332757264,2026-09-08T22:18:53.221714+00:00,study3b_fifo_runtime_v1
627,C_55,2010,2011,0.000221863607294,0,0,0.2,0.0167332757264,2026-09-08T22:18:53.221714+00:00,study3b_fifo_runtime_v1
641,C_56,2010,2011,0.0956633761525,0,1,0.2,0.0167332757264,2026-09-08T22:18:53.221714+00:00,study3b_fifo_runtime_v1
661,C_57,2010,2011,9.00899976841e-05,0,0,0.2,0.0167332757264,2026-09-08T22:18:53.221714+00:00,study3b_fifo_runtime_v1
676,C_58,2010,2011,5.87121903664e-05,0,0,0.2,0.0167332757264,2026-09-08T22:18:53.221714+00:00,study3b_fifo_runtime_v1
699,C_60,2010,2011,1.95943594008e-05,0,0,0.2,0.0167332757264,2026-09-08T22:18:53.221714+00:00,study3b_fifo_runtime_v1
717,C_61,2010,2011,0.000295379693853,0,0,0.2,0.0167332757264,2026-09-08T22:18:53.221714+00:00,study3b_fifo_runtime_v1
737,C_62,2010,2011,0.000299631559756,0,0,0.2,0.0167332757264,2026-09-08T22:18:53.221714+00:00,study3b_fifo_runtime_v1
761,C_64,2010,2011,0.000843743269797,0,0,0.2,0.0167332757264,2026-09-08T22:18:53.221714+00:00,study3b_fifo_runtime_v1
776,C_65,2010,2011,3.9870308683e-05,0,0,0.2,0.0167332757264,2026-09-08T22:18:53.221714+00:00,study3b_fifo_runtime_v1
788,C_66,2010,2011,0.0370894409716,0,1,0.2,0.0167332757264,2026-09-08T22:18:53.221714+00:00,study3b_fifo_runtime_v1
811,C_69,2010,2011,0.000128105166368,0,0,0.2,0.0167332757264,2026-09-08T22:18:53.221714+00:00,study3b_fifo_runtime_v1
828,C_70,2010,2011,2.57088831859e-05,0,0,0.2,0.0167332757264,2026-09-08T22:18:53.221714+00:00,study3b_fifo_runtime_v1
848,C_71,2010,2011,7.8786884842e-05,0,0,0.2,0.0167332757264,2026-09-08T22:18:53.221714+00:00,study3b_fifo_runtime_v1
891,C_75,2010,2011,0.000302817672491,0,0,0.2,0.0167332757264,2026-09-08T22:18:53.221714+00:00,study3b_fifo_runtime_v1
914,C_77,2010,2011,2.00792401301e-05,0,0,0.2,0.0167332757264,2026-09-08T22:18:53.221714+00:00,study3b_fifo_runtime_v1
929,C_79,2010,2011,0.000278260704363,0,0,0.2,0.0167332757264,2026-09-08T22:18:53.221714+00:00,study3b_fifo_runtime_v1
949,C_80,2010,2011,0.000762509705964,0,0,0.2,0.0167332757264,2026-09-08T22:18:53.221714+00:00,study3b_fifo_runtime_v1
976,C_82,2010,2011,0.000142132135807,0,0,0.2,0.0167332757264,2026-09-08T22:18:53.221714+00:00,study3b_fifo_runtime_v1
999,C_84,2010,2011,0.000111416484287,0,0,0.2,0.0167332757264,2026-09-08T22:18:53.221714+00:00,study3b_fifo_runtime_v1
1019,C_85,2010,2011,7.15365822543e-05,0,0,0.2,0.0167332757264,2026-09-08T22:18:53.221714+00:00,study3b_fifo_runtime_v1
1038,C_86,2010,2011,9.82883211691e-05,0,0,0.2,0.0167332757264,2026-09-08T22:18:53.221714+00:00,study3b_fifo_runtime_v1
1052,C_87,2010,2011,5.75136509724e-05,0,0,0.2,0.0167332757264,2026-09-08T22:18:53.221714+00:00,study3b_fifo_runtime_v1
1079,C_90,2010,2011,0.0129095725715,0,0,0.2,0.0167332757264,2026-09-08T22:18:53.221714+00:00,study3b_fifo_runtime_v1
1117,C_93,2010,2011,7.97848915681e-05,0,0,0.2,0.0167332757264,2026-09-08T22:18:53.221714+00:00,study3b_fifo_runtime_v1
1137,C_94,2010,2011,0.000999826239422,0,0,0.2,0.0167332757264,2026-09-08T22:18:53.221714+00:00,study3b_fifo_runtime_v1
1182,C_98,2010,2011,0.00073141278699,0,0,0.2,0.0167332757264,2026-09-08T22:18:53.221714+00:00,study3b_fifo_runtime_v1
1193,C_99,2010,2011,0.000291644770186,0,0,0.2,0.0167332757264,2026-09-08T22:18:53.221714+00:00,study3b_fifo_runtime_v1
1209,C_100,2010,2011,5.63077301194e-05,0,0,0.2,0.0167332757264,2026-09-08T22:18:53.221714+00:00,study3b_fifo_runtime_v1
1224,C_101,2010,2011,0.00217237765901,0,0,0.2,0.0167332757264,2026-09-08T22:18:53.221714+00:00,study3b_fifo_runtime_v1
1244,C_102,2010,2011,3.2388325053e-05,0,0,0.2,0.0167332757264,2026-09-08T22:18:53.221714+00:00,study3b_fifo_runtime_v1
1264,C_103,2010,2011,5.15719693794e-05,0,0,0.2,0.0167332757264,2026-09-08T22:18:53.221714+00:00,study3b_fifo_runtime_v1
1286,C_105,2010,2011,0.000169312625076,0,0,0.2,0.0167332757264,2026-09-08T22:18:53.221714+00:00,study3b_fifo_runtime_v1
1306,C_106,2010,2011,0.000159276532941,0,0,0.2,0.0167332757264,2026-09-08T22:18:53.221714+00:00,study3b_fifo_runtime_v1
1325,C_107,2010,2011,0.00261458312161,0,0,0.2,0.0167332757264,2026-09-08T22:18:53.221714+00:00,study3b_fifo_runtime_v1
1344,C_108,2010,2011,7.014584844e-05,0,0,0.2,0.0167332757264,2026-09-08T22:18:53.221714+00:00,study3b_fifo_runtime_v1
1364,C_109,2010,2011,0.0023570288904,0,0,0.2,0.0167332757264,2026-09-08T22:18:53.221714+00:00,study3b_fifo_runtime_v1
1378,C_110,2010,2011,0.00153046380728,0,0,0.2,0.0167332757264,2026-09-08T22:18:53.221714+00:00,study3b_fifo_runtime_v1
1407,C_113,2010,2011,0.0013228073949,0,0,0.2,0.0167332757264,2026-09-08T22:18:53.221714+00:00,study3b_fifo_runtime_v1
1427,C_114,2010,2011,0.000128977379063,0,0,0.2,0.0167332757264,2026-09-08T22:18:53.221714+00:00,study3b_fifo_runtime_v1
1448,C_116,2010,2011,0.000119457108667,0,0,0.2,0.0167332757264,2026-09-08T22:18:53.221714+00:00,study3b_fifo_runtime_v1
1468,C_117,2010,2011,0.000232567093917,0,0,0.2,0.0167332757264,2026-09-08T22:18:53.221714+00:00,study3b_fifo_runtime_v1
1488,C_118,2010,2011,4.70322374895e-05,0,0,0.2,0.0167332757264,2026-09-08T22:18:53.221714+00:00,study3b_fifo_runtime_v1
1509,C_120,2010,2011,0.000164104858413,0,0,0.2,0.0167332757264,2026-09-08T22:18:53.221714+00:00,study3b_fifo_runtime_v1
1531,C_123,2010,2011,9.39053134061e-05,0,0,0.2,0.0167332757264,2026-09-08T22:18:53.221714+00:00,study3b_fifo_runtime_v1
1549,C_124,2010,2011,0.000251768127782,0,0,0.2,0.0167332757264,2026-09-08T22:18:53.221714+00:00,study3b_fifo_runtime_v1
1607,C_130,2010,2011,0.000234066392295,0,0,0.2,0.0167332757264,2026-09-08T22:18:53.221714+00:00,study3b_fifo_runtime_v1
1636,C_132,2010,2011,0.000290025112918,0,0,0.2,0.0167332757264,2026-09-08T22:18:53.221714+00:00,study3b_fifo_runtime_v1
1663,C_134,2010,2011,0.00065713893855,0,0,0.2,0.0167332757264,2026-09-08T22:18:53.221714+00:00,study3b_fifo_runtime_v1
1683,C_135,2010,2011,4.77655121358e-05,0,0,0.2,0.0167332757264,2026-09-08T22:18:53.221714+00:00,study3b_fifo_runtime_v1
1703,C_136,2010,2011,4.96900756843e-05,0,0,0.2,0.0167332757264,2026-09-08T22:18:53.221714+00:00,study3b_fifo_runtime_v1
1729,C_139,2010,2011,0.00017927873705,0,0,0.2,0.0167332757264,2026-09-08T22:18:53.221714+00:00,study3b_fifo_runtime_v1
1746,C_141,2010,2011,0.000264814676484,0,0,0.2,0.0167332757264,2026-09-08T22:18:53.221714+00:00,study3b_fifo_runtime_v1
1780,C_144,2010,2011,0.000176574845682,0,0,0.2,0.0167332757264,2026-09-08T22:18:53.221714+00:00,study3b_fifo_runtime_v1
1794,C_145,2010,2011,4.88429323013e-05,0,0,0.2,0.0167332757264,2026-09-08T22:18:53.221714+00:00,study3b_fifo_runtime_v1
1812,C_146,2010,2011,0.000187838682905,0,0,0.2,0.0167332757264,2026-09-08T22:18:53.221714+00:00,study3b_fifo_runtime_v1
1843,C_148,2010,2011,6.29563364782e-05,0,0,0.2,0.0167332757264,2026-09-08T22:18:53.221714+00:00,study3b_fifo_runtime_v1
1867,C_150,2010,2011,0.0024080958683,0,0,0.2,0.0167332757264,2026-09-08T22:18:53.221714+00:00,study3b_fifo_runtime_v1
1909,C_156,2010,2011,0.000299080304103,0,0,0.2,0.0167332757264,2026-09-08T22:18:53.221714+00:00,study3b_fifo_runtime_v1
1927,C_157,2010,2011,5.89878291066e-05,0,0,0.2,0.0167332757264,2026-09-08T22:18:53.221714+00:00,study3b_fifo_runtime_v1
1955,C_161,2010,2011,3.60874109901e-05,0,0,0.2,0.0167332757264,2026-09-08T22:18:53.221714+00:00,study3b_fifo_runtime_v1
1971,C_163,2010,2011,0.000569373660255,0,0,0.2,0.0167332757264,2026-09-08T22:18:53.221714+00:00,study3b_fifo_runtime_v1
1991,C_164,2010,2011,8.9948742243e-05,0,0,0.2,0.0167332757264,2026-09-08T22:18:53.221714+00:00,study3b_fifo_runtime_v1
2009,C_165,2010,2011,0.000179284135811,0,0,0.2,0.0167332757264,2026-09-08T22:18:53.221714+00:00,study3b_fifo_runtime_v1
2022,C_166,2010,2011,0.00104315381031,0,0,0.2,0.0167332757264,2026-09-08T22:18:53.221714+00:00,study3b_fifo_runtime_v1
2045,C_168,2010,2011,4.61613999505e-05,0,0,0.2,0.0167332757264,2026-09-08T22:18:53.221714+00:00,study3b_fifo_runtime_v1
2074,C_170,2010,2011,7.78687390266e-05,0,0,0.2,0.0167332757264,2026-09-08T22:18:53.221714+00:00,study3b_fifo_runtime_v1
2097,C_172,2010,2011,0.000673234520946,0,0,0.2,0.0167332757264,2026-09-08T22:18:53.221714+00:00,study3b_fifo_runtime_v1
2135,C_175,2010,2011,4.18608069594e-05,0,0,0.2,0.0167332757264,2026-09-08T22:18:53.221714+00:00,study3b_fifo_runtime_v1
2149,C_176,2010,2011,5.26728508703e-05,0,0,0.2,0.0167332757264,2026-09-08T22:18:53.221714+00:00,study3b_fifo_runtime_v1
2169,C_177,2010,2011,0.000276782724541,0,0,0.2,0.0167332757264,2026-09-08T22:18:53.221714+00:00,study3b_fifo_runtime_v1
2184,C_179,2010,2011,4.53530992672e-05,0,0,0.2,0.0167332757264,2026-09-08T22:18:53.221714+00:00,study3b_fifo_runtime_v1
2225,C_185,2010,2011,5.64440670132e-05,0,0,0.2,0.0167332757264,2026-09-08T22:18:53.221714+00:00,study3b_fifo_runtime_v1
2245,C_186,2010,2011,0.000249049364356,0,0,0.2,0.0167332757264,2026-09-08T22:18:53.221714+00:00,study3b_fifo_runtime_v1
2266,C_189,2010,2011,0.017734637484,0,1,0.2,0.0167332757264,2026-09-08T22:18:53.221714+00:00,study3b_fifo_runtime_v1
2277,C_190,2010,2011,0.000240754525294,0,0,0.2,0.0167332757264,2026-09-08T22:18:53.221714+00:00,study3b_fifo_runtime_v1
2322,C_194,2010,2011,3.22784289892e-05,0,0,0.2,0.0167332757264,2026-09-08T22:18:53.221714+00:00,study3b_fifo_runtime_v1
2349,C_197,2010,2011,1.5313984477e-05,0,0,0.2,0.0167332757264,2026-09-08T22:18:53.221714+00:00,study3b_fifo_runtime_v1
2369,C_198,2010,2011,0.000660699093714,0,0,0.2,0.0167332757264,2026-09-08T22:18:53.221714+00:00,study3b_fifo_runtime_v1
2389,C_199,2010,2011,1.56292899192e-05,0,0,0.2,0.0167332757264,2026-09-08T22:18:53.221714+00:00,study3b_fifo_runtime_v1
2411,C_201,2010,2011,0.000635314790998,0,0,0.2,0.0167332757264,2026-09-08T22:18:53.221714+00:00,study3b_fifo_runtime_v1
2429,C_202,2010,2011,0.000862426066305,0,0,0.2,0.0167332757264,2026-09-08T22:18:53.221714+00:00,study3b_fifo_runtime_v1
2449,C_203,2010,2011,0.000327052461216,0,0,0.2,0.0167332757264,2026-09-08T22:18:53.221714+00:00,study3b_fifo_runtime_v1
2463,C_204,2010,2011,5.41227236681e-05,0,0,0.2,0.0167332757264,2026-09-08T22:18:53.221714+00:00,study3b_fifo_runtime_v1
2489,C_206,2010,2011,3.88590815419e-05,0,0,0.2,0.0167332757264,2026-09-08T22:18:53.221714+00:00,study3b_fifo_runtime_v1
2510,C_208,2010,2011,0.000877279322594,0,0,0.2,0.0167332757264,2026-09-08T22:18:53.221714+00:00,study3b_fifo_runtime_v1
2533,C_210,2010,2011,0.00382052268833,0,0,0.2,0.0167332757264,2026-09-08T22:18:53.221714+00:00,study3b_fifo_runtime_v1
2545,C_211,2010,2011,4.93609513796e-05,0,0,0.2,0.0167332757264,2026-09-08T22:18:53.221714+00:00,study3b_fifo_runtime_v1
2587,C_214,2010,2011,3.75381714548e-05,0,0,0.2,0.0167332757264,2026-09-08T22:18:53.221714+00:00,study3b_fifo_runtime_v1
2607,C_215,2010,2011,5.43086207472e-05,0,0,0.2,0.0167332757264,2026-09-08T22:18:53.221714+00:00,study3b_fifo_runtime_v1
2656,C_218,2010,2011,0.000257315579802,0,0,0.2,0.0167332757264,2026-09-08T22:18:53.221714+00:00,study3b_fifo_runtime_v1
2685,C_220,2010,2011,0.000668195134494,0,0,0.2,0.0167332757264,2026-09-08T22:18:53.221714+00:00,study3b_fifo_runtime_v1
2705,C_221,2010,2011,0.000418631738285,0,0,0.2,0.0167332757264,2026-09-08T22:18:53.221714+00:00,study3b_fifo_runtime_v1
2730,C_223,2010,2011,0.00281391222961,0,0,0.2,0.0167332757264,2026-09-08T22:18:53.221714+00:00,study3b_fifo_runtime_v1
2750,C_224,2010,2011,5.51865705347e-05,0,0,0.2,0.0167332757264,2026-09-08T22:18:53.221714+00:00,study3b_fifo_runtime_v1
2818,C_233,2010,2011,0.000186872901395,0,0,0.2,0.0167332757264,2026-09-08T22:18:53.221714+00:00,study3b_fifo_runtime_v1
2839,C_235,2010,2011,0.000442991819,0,0,0.2,0.0167332757264,2026-09-08T22:18:53.221714+00:00,study3b_fifo_runtime_v1
2871,C_239,2010,2011,0.000163876378792,0,0,0.2,0.0167332757264,2026-09-08T22:18:53.221714+00:00,study3b_fifo_runtime_v1
2898,C_241,2010,2011,7.78702014941e-05,0,0,0.2,0.0167332757264,2026-09-08T22:18:53.221714+00:00,study3b_fifo_runtime_v1
2927,C_243,2010,2011,0.000194899344933,0,0,0.2,0.0167332757264,2026-09-08T22:18:53.221714+00:00,study3b_fifo_runtime_v1
2947,C_245,2010,2011,0.000105436884041,0,0,0.2,0.0167332757264,2026-09-08T22:18:53.221714+00:00,study3b_fifo_runtime_v1
2960,C_246,2010,2011,0.000981962191872,0,0,0.2,0.0167332757264,2026-09-08T22:18:53.221714+00:00,study3b_fifo_runtime_v1
2988,C_249,2010,2011,8.19474444143e-05,0,0,0.2,0.0167332757264,2026-09-08T22:18:53.221714+00:00,study3b_fifo_runtime_v1
3008,C_250,2010,2011,0.000870876247063,0,0,0.2,0.0167332757264,2026-09-08T22:18:53.221714+00:00,study3b_fifo_runtime_v1
3028,C_251,2010,2011,0.000220039320993,0,0,0.2,0.0167332757264,2026-09-08T22:18:53.221714+00:00,study3b_fifo_runtime_v1
3048,C_252,2010,2011,1.04072432805e-05,0,0,0.2,0.0167332757264,2026-09-08T22:18:53.221714+00:00,study3b_fifo_runtime_v1
3079,C_254,2010,2011,0.000223382856348,0,0,0.2,0.0167332757264,2026-09-08T22:18:53.221714+00:00,study3b_fifo_runtime_v1
3099,C_255,2010,2011,0.00822116620839,0,0,0.2,0.0167332757264,2026-09-08T22:18:53.221714+00:00,study3b_fifo_runtime_v1
3114,C_256,2010,2011,0.000576425751206,0,0,0.2,0.0167332757264,2026-09-08T22:18:53.221714+00:00,study3b_fifo_runtime_v1
3134,C_258,2010,2011,0.000544170674402,0,0,0.2,0.0167332757264,2026-09-08T22:18:53.221714+00:00,study3b_fifo_runtime_v1
3146,C_259,2010,2011,0.00054914818611,0,0,0.2,0.0167332757264,2026-09-08T22:18:53.221714+00:00,study3b_fifo_runtime_v1
3186,C_264,2010,2011,7.20103780623e-05,0,0,0.2,0.0167332757264,2026-09-08T22:18:53.221714+00:00,study3b_fifo_runtime_v1
3223,C_268,2010,2011,0.000206717653782,0,0,0.2,0.0167332757264,2026-09-08T22:18:53.221714+00:00,study3b_fifo_runtime_v1
3250,C_270,2010,2011,0.000201597533305,0,0,0.2,0.0167332757264,2026-09-08T22:18:53.221714+00:00,study3b_fifo_runtime_v1
3261,C_271,2010,2011,5.30463476025e-05,0,0,0.2,0.0167332757264,2026-09-08T22:18:53.221714+00:00,study3b_fifo_runtime_v1
3281,C_272,2010,2011,2.6266070563e-05,0,0,0.2,0.0167332757264,2026-09-08T22:18:53.221714+00:00,study3b_fifo_runtime_v1
3301,C_273,2010,2011,9.63217244134e-05,0,0,0.2,0.0167332757264,2026-09-08T22:18:53.221714+00:00,study3b_fifo_runtime_v1
3321,C_274,2010,2011,5.37897976756e-05,0,0,0.2,0.0167332757264,2026-09-08T22:18:53.221714+00:00,study3b_fifo_runtime_v1
3341,C_275,2010,2011,0.000245734874625,0,0,0.2,0.0167332757264,2026-09-08T22:18:53.221714+00:00,study3b_fifo_runtime_v1
3354,C_276,2010,2011,0.00235614669509,0,0,0.2,0.0167332757264,2026-09-08T22:18:53.221714+00:00,study3b_fifo_runtime_v1
3376,C_278,2010,2011,1.37732713483e-05,0,0,0.2,0.0167332757264,2026-09-08T22:18:53.221714+00:00,study3b_fifo_runtime_v1
3398,C_280,2010,2011,2.19001231017e-05,0,0,0.2,0.0167332757264,2026-09-08T22:18:53.221714+00:00,study3b_fifo_runtime_v1
3417,C_281,2010,2011,0.0174319315702,0,1,0.2,0.0167332757264,2026-09-08T22:18:53.221714+00:00,study3b_fifo_runtime_v1
3429,C_282,2010,2011,0.000728697283193,0,0,0.2,0.0167332757264,2026-09-08T22:18:53.221714+00:00,study3b_fifo_runtime_v1
3443,C_283,2010,2011,9.63674101513e-05,0,0,0.2,0.0167332757264,2026-09-08T22:18:53.221714+00:00,study3b_fifo_runtime_v1
3463,C_284,2010,2011,0.000232969163335,0,0,0.2,0.0167332757264,2026-09-08T22:18:53.221714+00:00,study3b_fifo_runtime_v1
3479,C_285,2010,2011,5.7436478528e-05,0,0,0.2,0.0167332757264,2026-09-08T22:18:53.221714+00:00,study3b_fifo_runtime_v1
3499,C_286,2010,2011,3.64885672752e-05,0,0,0.2,0.0167332757264,2026-09-08T22:18:53.221714+00:00,study3b_fifo_runtime_v1
3513,C_287,2010,2011,0.000195545959286,0,0,0.2,0.0167332757264,2026-09-08T22:18:53.221714+00:00,study3b_fifo_runtime_v1
3525,C_288,2010,2011,0.000138276882353,0,0,0.2,0.0167332757264,2026-09-08T22:18:53.221714+00:00,study3b_fifo_runtime_v1
3543,C_289,2010,2011,3.62583414244e-05,0,0,0.2,0.0167332757264,2026-09-08T22:18:53.221714+00:00,study3b_fifo_runtime_v1
3557,C_290,2010,2011,0.000175277862581,0,0,0.2,0.0167332757264,2026-09-08T22:18:53.221714+00:00,study3b_fifo_runtime_v1
3574,C_291,2010,2011,0.000142338481965,0,0,0.2,0.0167332757264,2026-09-08T22:18:53.221714+00:00,study3b_fifo_runtime_v1
3587,C_292,2010,2011,0.000240850728005,0,0,0.2,0.0167332757264,2026-09-08T22:18:53.221714+00:00,study3b_fifo_runtime_v1
3607,C_293,2010,2011,4.3188152631e-05,0,0,0.2,0.0167332757264,2026-09-08T22:18:53.221714+00:00,study3b_fifo_runtime_v1
3679,C_304,2010,2011,0.00952496379614,0,0,0.2,0.0167332757264,2026-09-08T22:18:53.221714+00:00,study3b_fifo_runtime_v1
3692,C_305,2010,2011,3.66588028555e-05,0,0,0.2,0.0167332757264,2026-09-08T22:18:53.221714+00:00,study3b_fifo_runtime_v1
3712,C_306,2010,2011,0.000155210975208,0,0,0.2,0.0167332757264,2026-09-08T22:18:53.221714+00:00,study3b_fifo_runtime_v1
3752,C_309,2010,2011,0.000326382316416,0,0,0.2,0.0167332757264,2026-09-08T22:18:53.221714+00:00,study3b_fifo_runtime_v1
3774,C_311,2010,2011,5.03316550748e-05,0,0,0.2,0.0167332757264,2026-09-08T22:18:53.221714+00:00,study3b_fifo_runtime_v1
3805,C_315,2010,2011,0.00121369026601,0,0,0.2,0.0167332757264,2026-09-08T22:18:53.221714+00:00,study3b_fifo_runtime_v1
3837,C_317,2010,2011,0.000259040913079,0,0,0.2,0.0167332757264,2026-09-08T22:18:53.221714+00:00,study3b_fifo_runtime_v1
3857,C_318,2010,2011,7.5909170846e-05,0,0,0.2,0.0167332757264,2026-09-08T22:18:53.221714+00:00,study3b_fifo_runtime_v1
3877,C_319,2010,2011,0.000323528773151,0,0,0.2,0.0167332757264,2026-09-08T22:18:53.221714+00:00,study3b_fifo_runtime_v1
3906,C_322,2010,2011,3.88815315091e-05,0,0,0.2,0.0167332757264,2026-09-08T22:18:53.221714+00:00,study3b_fifo_runtime_v1
3926,C_323,2010,2011,0.000130308952066,0,0,0.2,0.0167332757264,2026-09-08T22:18:53.221714+00:00,study3b_fifo_runtime_v1
3946,C_324,2010,2011,0.000162273689057,0,0,0.2,0.0167332757264,2026-09-08T22:18:53.221714+00:00,study3b_fifo_runtime_v1
3961,C_325,2010,2011,8.04007067927e-05,0,0,0.2,0.0167332757264,2026-09-08T22:18:53.221714+00:00,study3b_fifo_runtime_v1
4005,C_329,2010,2011,0.000105417740997,0,0,0.2,0.0167332757264,2026-09-08T22:18:53.221714+00:00,study3b_fifo_runtime_v1
4038,C_332,2010,2011,8.69329960551e-05,0,0,0.2,0.0167332757264,2026-09-08T22:18:53.221714+00:00,study3b_fifo_runtime_v1
4056,C_333,2010,2011,0.00100948486943,0,0,0.2,0.0167332757264,2026-09-08T22:18:53.221714+00:00,study3b_fifo_runtime_v1
4075,C_334,2010,2011,0.000407329091104,0,0,0.2,0.0167332757264,2026-09-08T22:18:53.221714+00:00,study3b_fifo_runtime_v1
4110,C_337,2010,2011,0.000643835926894,0,0,0.2,0.0167332757264,2026-09-08T22:18:53.221714+00:00,study3b_fifo_runtime_v1
4141,C_339,2010,2011,0.00351314828731,0,0,0.2,0.0167332757264,2026-09-08T22:18:53.221714+00:00,study3b_fifo_runtime_v1
4159,C_341,2010,2011,4.36703230662e-05,0,0,0.2,0.0167332757264,2026-09-08T22:18:53.221714+00:00,study3b_fifo_runtime_v1
4179,C_342,2010,2011,0.000132427856443,0,0,0.2,0.0167332757264,2026-09-08T22:18:53.221714+00:00,study3b_fifo_runtime_v1
4198,C_343,2010,2011,0.0273425504565,0,1,0.2,0.0167332757264,2026-09-08T22:18:53.221714+00:00,study3b_fifo_runtime_v1
4227,C_345,2010,2011,3.68551154679e-05,0,0,0.2,0.0167332757264,2026-09-08T22:18:53.221714+00:00,study3b_fifo_runtime_v1
4247,C_346,2010,2011,2.04155603569e-05,0,0,0.2,0.0167332757264,2026-09-08T22:18:53.221714+00:00,study3b_fifo_runtime_v1
4278,C_349,2010,2011,0.000118931733596,0,0,0.2,0.0167332757264,2026-09-08T22:18:53.221714+00:00,study3b_fifo_runtime_v1
4313,C_352,2010,2011,0.00549928843975,0,0,0.2,0.0167332757264,2026-09-08T22:18:53.221714+00:00,study3b_fifo_runtime_v1
4333,C_353,2010,2011,0.00146512093488,0,0,0.2,0.0167332757264,2026-09-08T22:18:53.221714+00:00,study3b_fifo_runtime_v1
4354,C_355,2010,2011,0.000564457848668,0,0,0.2,0.0167332757264,2026-09-08T22:18:53.221714+00:00,study3b_fifo_runtime_v1
4369,C_356,2010,2011,0.000153835906531,0,0,0.2,0.0167332757264,2026-09-08T22:18:53.221714+00:00,study3b_fifo_runtime_v1
4397,C_359,2010,2011,0.00044786723447,0,0,0.2,0.0167332757264,2026-09-08T22:18:53.221714+00:00,study3b_fifo_runtime_v1
4426,C_363,2010,2011,0.00180967664346,0,0,0.2,0.0167332757264,2026-09-08T22:18:53.221714+00:00,study3b_fifo_runtime_v1
4443,C_365,2010,2011,0.000523884955328,0,0,0.2,0.0167332757264,2026-09-08T22:18:53.221714+00:00,study3b_fifo_runtime_v1
4461,C_367,2010,2011,0.000101035817352,0,0,0.2,0.0167332757264,2026-09-08T22:18:53.221714+00:00,study3b_fifo_runtime_v1
4484,C_369,2010,2011,0.0269885379821,0,1,0.2,0.0167332757264,2026-09-08T22:18:53.221714+00:00,study3b_fifo_runtime_v1
4508,C_372,2010,2011,0.00011358345364,0,0,0.2,0.0167332757264,2026-09-08T22:18:53.221714+00:00,study3b_fifo_runtime_v1
4534,C_374,2010,2011,0.000387668755138,0,0,0.2,0.0167332757264,2026-09-08T22:18:53.221714+00:00,study3b_fifo_runtime_v1
4557,C_376,2010,2011,2.42966507358e-05,0,0,0.2,0.0167332757264,2026-09-08T22:18:53.221714+00:00,study3b_fifo_runtime_v1
4577,C_377,2010,2011,9.22590043047e-05,0,0,0.2,0.0167332757264,2026-09-08T22:18:53.221714+00:00,study3b_fifo_runtime_v1
4619,C_381,2010,2011,0.0017756735906,0,0,0.2,0.0167332757264,2026-09-08T22:18:53.221714+00:00,study3b_fifo_runtime_v1
4661,C_386,2010,2011,0.000399572192691,0,0,0.2,0.0167332757264,2026-09-08T22:18:53.221714+00:00,study3b_fifo_runtime_v1
4681,C_387,2010,2011,0.00167609250639,0,0,0.2,0.0167332757264,2026-09-08T22:18:53.221714+00:00,study3b_fifo_runtime_v1
4695,C_388,2010,2011,0.00168312212918,0,0,0.2,0.0167332757264,2026-09-08T22:18:53.221714+00:00,study3b_fifo_runtime_v1
4715,C_389,2010,2011,5.19030581927e-05,0,0,0.2,0.0167332757264,2026-09-08T22:18:53.221714+00:00,study3b_fifo_runtime_v1
4733,C_392,2010,2011,0.000404132209951,0,0,0.2,0.0167332757264,2026-09-08T22:18:53.221714+00:00,study3b_fifo_runtime_v1
4753,C_393,2010,2011,0.000290962372674,0,0,0.2,0.0167332757264,2026-09-08T22:18:53.221714+00:00,study3b_fifo_runtime_v1
4765,C_394,2010,2011,3.04649511236e-05,0,0,0.2,0.0167332757264,2026-09-08T22:18:53.221714+00:00,study3b_fifo_runtime_v1
4793,C_396,2010,2011,9.66859879554e-05,0,0,0.2,0.0167332757264,2026-09-08T22:18:53.221714+00:00,study3b_fifo_runtime_v1
4806,C_397,2010,2011,2.23265033128e-05,0,0,0.2,0.0167332757264,2026-09-08T22:18:53.221714+00:00,study3b_fifo_runtime_v1
4826,C_398,2010,2011,4.79063601233e-05,0,0,0.2,0.0167332757264,2026-09-08T22:18:53.221714+00:00,study3b_fifo_runtime_v1
4846,C_399,2010,2011,0.000957637326792,0,0,0.2,0.0167332757264,2026-09-08T22:18:53.221714+00:00,study3b_fifo_runtime_v1
4866,C_400,2010,2011,0.000101645513496,0,0,0.2,0.0167332757264,2026-09-08T22:18:53.221714+00:00,study3b_fifo_runtime_v1
4886,C_401,2010,2011,0.059058893472,0,1,0.2,0.0167332757264,2026-09-08T22:18:53.221714+00:00,study3b_fifo_runtime_v1
4913,C_403,2010,2011,0.000345032429323,0,0,0.2,0.0167332757264,2026-09-08T22:18:53.221714+00:00,study3b_fifo_runtime_v1
4929,C_404,2010,2011,0.00120451906696,0,0,0.2,0.0167332757264,2026-09-08T22:18:53.221714+00:00,study3b_fifo_runtime_v1
4951,C_406,2010,2011,7.12180553819e-05,0,0,0.2,0.0167332757264,2026-09-08T22:18:53.221714+00:00,study3b_fifo_runtime_v1
4971,C_407,2010,2011,0.000464788317913,0,0,0.2,0.0167332757264,2026-09-08T22:18:53.221714+00:00,study3b_fifo_runtime_v1
4991,C_408,2010,2011,0.000164807017427,0,0,0.2,0.0167332757264,2026-09-08T22:18:53.221714+00:00,study3b_fifo_runtime_v1
5014,C_410,2010,2011,0.000128294122987,0,0,0.2,0.0167332757264,2026-09-08T22:18:53.221714+00:00,study3b_fifo_runtime_v1
5029,C_412,2010,2011,0.000382965168683,0,0,0.2,0.0167332757264,2026-09-08T22:18:53.221714+00:00,study3b_fifo_runtime_v1
5049,C_413,2010,2011,0.000303944339976,0,0,0.2,0.0167332757264,2026-09-08T22:18:53.221714+00:00,study3b_fifo_runtime_v1
5070,C_415,2010,2011,0.000101989950053,0,0,0.2,0.0167332757264,2026-09-08T22:18:53.221714+00:00,study3b_fifo_runtime_v1
5090,C_416,2010,2011,9.91938577499e-06,0,0,0.2,0.0167332757264,2026-09-08T22:18:53.221714+00:00,study3b_fifo_runtime_v1
5109,C_417,2010,2011,0.000187102166819,0,0,0.2,0.0167332757264,2026-09-08T22:18:53.221714+00:00,study3b_fifo_runtime_v1
5129,C_418,2010,2011,5.74290170334e-05,0,0,0.2,0.0167332757264,2026-09-08T22:18:53.221714+00:00,study3b_fifo_runtime_v1
5181,C_423,2010,2011,0.000965090643149,0,0,0.2,0.0167332757264,2026-09-08T22:18:53.221714+00:00,study3b_fifo_runtime_v1
5210,C_426,2010,2011,0.000210346785025,0,0,0.2,0.0167332757264,2026-09-08T22:18:53.221714+00:00,study3b_fifo_runtime_v1
5236,C_428,2010,2011,0.00011955959053,0,0,0.2,0.0167332757264,2026-09-08T22:18:53.221714+00:00,study3b_fifo_runtime_v1
5292,C_437,2010,2011,0.0003310124157,0,0,0.2,0.0167332757264,2026-09-08T22:18:53.221714+00:00,study3b_fifo_runtime_v1
5312,C_438,2010,2011,0.000368751323549,0,0,0.2,0.0167332757264,2026-09-08T22:18:53.221714+00:00,study3b_fifo_runtime_v1
5325,C_439,2010,2011,0.000200751237571,0,0,0.2,0.0167332757264,2026-09-08T22:18:53.221714+00:00,study3b_fifo_runtime_v1
5345,C_440,2010,2011,0.000177583380719,0,0,0.2,0.0167332757264,2026-09-08T22:18:53.221714+00:00,study3b_fifo_runtime_v1
5376,C_444,2010,2011,0.000698423478752,0,0,0.2,0.0167332757264,2026-09-08T22:18:53.221714+00:00,study3b_fifo_runtime_v1
5401,C_447,2010,2011,0.000238762018853,0,0,0.2,0.0167332757264,2026-09-08T22:18:53.221714+00:00,study3b_fifo_runtime_v1
5422,C_449,2010,2011,7.36978181521e-05,0,0,0.2,0.0167332757264,2026-09-08T22:18:53.221714+00:00,study3b_fifo_runtime_v1
5456,C_453,2010,2011,0.000434468936874,0,0,0.2,0.0167332757264,2026-09-08T22:18:53.221714+00:00,study3b_fifo_runtime_v1
5474,C_454,2010,2011,6.81692617945e-05,0,0,0.2,0.0167332757264,2026-09-08T22:18:53.221714+00:00,study3b_fifo_runtime_v1
5494,C_455,2010,2011,1.46406500789e-05,0,0,0.2,0.0167332757264,2026-09-08T22:18:53.221714+00:00,study3b_fifo_runtime_v1
5514,C_456,2010,2011,0.000432234810432,0,0,0.2,0.0167332757264,2026-09-08T22:18:53.221714+00:00,study3b_fifo_runtime_v1
5569,C_463,2010,2011,0.000222163042054,0,0,0.2,0.0167332757264,2026-09-08T22:18:53.221714+00:00,study3b_fifo_runtime_v1
5589,C_464,2010,2011,0.000366023974493,0,0,0.2,0.0167332757264,2026-09-08T22:18:53.221714+00:00,study3b_fifo_runtime_v1
5617,C_466,2010,2011,0.00217238417827,0,0,0.2,0.0167332757264,2026-09-08T22:18:53.221714+00:00,study3b_fifo_runtime_v1
5637,C_467,2010,2011,0.00176192785148,0,0,0.2,0.0167332757264,2026-09-08T22:18:53.221714+00:00,study3b_fifo_runtime_v1
5657,C_468,2010,2011,2.73519835901e-05,0,0,0.2,0.0167332757264,2026-09-08T22:18:53.221714+00:00,study3b_fifo_runtime_v1
5677,C_469,2010,2011,0.00102595088538,0,0,0.2,0.0167332757264,2026-09-08T22:18:53.221714+00:00,study3b_fifo_runtime_v1
5689,C_470,2010,2011,0.00183702644426,0,0,0.2,0.0167332757264,2026-09-08T22:18:53.221714+00:00,study3b_fifo_runtime_v1
5702,C_471,2010,2011,0.00132940022741,0,0,0.2,0.0167332757264,2026-09-08T22:18:53.221714+00:00,study3b_fifo_runtime_v1
5726,C_473,2010,2011,9.56843505264e-05,0,0,0.2,0.0167332757264,2026-09-08T22:18:53.221714+00:00,study3b_fifo_runtime_v1
5744,C_475,2010,2011,0.00162067264318,0,0,0.2,0.0167332757264,2026-09-08T22:18:53.221714+00:00,study3b_fifo_runtime_v1
5764,C_476,2010,2011,0.000168958387803,0,0,0.2,0.0167332757264,2026-09-08T22:18:53.221714+00:00,study3b_fifo_runtime_v1
5784,C_477,2010,2011,7.43366181268e-05,0,0,0.2,0.0167332757264,2026-09-08T22:18:53.221714+00:00,study3b_fifo_runtime_v1
5807,C_479,2010,2011,0.000133126290166,0,0,0.2,0.0167332757264,2026-09-08T22:18:53.221714+00:00,study3b_fifo_runtime_v1
5819,C_480,2010,2011,8.61412772792e-05,0,0,0.2,0.0167332757264,2026-09-08T22:18:53.221714+00:00,study3b_fifo_runtime_v1
5835,C_481,2010,2011,0.00016515092284,0,0,0.2,0.0167332757264,2026-09-08T22:18:53.221714+00:00,study3b_fifo_runtime_v1
5863,C_483,2010,2011,6.28787020105e-05,0,0,0.2,0.0167332757264,2026-09-08T22:18:53.221714+00:00,study3b_fifo_runtime_v1
5883,C_484,2010,2011,0.00498805986717,0,0,0.2,0.0167332757264,2026-09-08T22:18:53.221714+00:00,study3b_fifo_runtime_v1
5924,C_488,2010,2011,7.88591787568e-05,0,0,0.2,0.0167332757264,2026-09-08T22:18:53.221714+00:00,study3b_fifo_runtime_v1
5942,C_489,2010,2011,0.0194937493652,0,1,0.2,0.0167332757264,2026-09-08T22:18:53.221714+00:00,study3b_fifo_runtime_v1
5957,C_490,2010,2011,0.00129692070186,0,0,0.2,0.0167332757264,2026-09-08T22:18:53.221714+00:00,study3b_fifo_runtime_v1
5977,C_491,2010,2011,0.000492786348332,0,0,0.2,0.0167332757264,2026-09-08T22:18:53.221714+00:00,study3b_fifo_runtime_v1
5997,C_492,2010,2011,0.000507209973875,0,0,0.2,0.0167332757264,2026-09-08T22:18:53.221714+00:00,study3b_fifo_runtime_v1
6024,C_494,2010,2011,2.92997137876e-05,0,0,0.2,0.0167332757264,2026-09-08T22:18:53.221714+00:00,study3b_fifo_runtime_v1
6044,C_495,2010,2011,0.000221184265683,0,0,0.2,0.0167332757264,2026-09-08T22:18:53.221714+00:00,study3b_fifo_runtime_v1
6065,C_497,2010,2011,0.00141410343349,0,0,0.2,0.0167332757264,2026-09-08T22:18:53.221714+00:00,study3b_fifo_runtime_v1
6085,C_498,2010,2011,0.000102803904156,0,0,0.2,0.0167332757264,2026-09-08T22:18:53.221714+00:00,study3b_fifo_runtime_v1
6098,C_499,2010,2011,0.000228339617024,0,0,0.2,0.0167332757264,2026-09-08T22:18:53.221714+00:00,study3b_fifo_runtime_v1
6113,C_500,2010,2011,0.000139592055348,0,0,0.2,0.0167332757264,2026-09-08T22:18:53.221714+00:00,study3b_fifo_runtime_v1
6137,C_502,2010,2011,0.000393468886614,0,0,0.2,0.0167332757264,2026-09-08T22:18:53.221714+00:00,study3b_fifo_runtime_v1
6157,C_503,2010,2011,0.00196351273917,0,0,0.2,0.0167332757264,2026-09-08T22:18:53.221714+00:00,study3b_fifo_runtime_v1
6192,C_508,2010,2011,8.39728745632e-05,0,0,0.2,0.0167332757264,2026-09-08T22:18:53.221714+00:00,study3b_fifo_runtime_v1
6213,C_510,2010,2011,0.00560966134071,0,0,0.2,0.0167332757264,2026-09-08T22:18:53.221714+00:00,study3b_fifo_runtime_v1
6226,C_511,2010,2011,4.39726027253e-05,0,0,0.2,0.0167332757264,2026-09-08T22:18:53.221714+00:00,study3b_fifo_runtime_v1
6249,C_513,2010,2011,0.000453018787084,0,0,0.2,0.0167332757264,2026-09-08T22:18:53.221714+00:00,study3b_fifo_runtime_v1
6282,C_516,2010,2011,7.09958476364e-05,0,0,0.2,0.0167332757264,2026-09-08T22:18:53.221714+00:00,study3b_fifo_runtime_v1
6302,C_517,2010,2011,0.00216935994104,0,0,0.2,0.0167332757264,2026-09-08T22:18:53.221714+00:00,study3b_fifo_runtime_v1
6322,C_518,2010,2011,0.0067271948792,0,0,0.2,0.0167332757264,2026-09-08T22:18:53.221714+00:00,study3b_fifo_runtime_v1
6343,C_520,2010,2011,2.40284407482e-05,0,0,0.2,0.0167332757264,2026-09-08T22:18:53.221714+00:00,study3b_fifo_runtime_v1
6362,C_521,2010,2011,3.53406976501e-05,0,0,0.2,0.0167332757264,2026-09-08T22:18:53.221714+00:00,study3b_fifo_runtime_v1
6382,C_522,2010,2011,5.24146307725e-05,0,0,0.2,0.0167332757264,2026-09-08T22:18:53.221714+00:00,study3b_fifo_runtime_v1
6416,C_525,2010,2011,0.000250328186667,0,0,0.2,0.0167332757264,2026-09-08T22:18:53.221714+00:00,study3b_fifo_runtime_v1
6436,C_526,2010,2011,0.000146741556819,0,0,0.2,0.0167332757264,2026-09-08T22:18:53.221714+00:00,study3b_fifo_runtime_v1
6458,C_528,2010,2011,4.08196683566e-05,0,0,0.2,0.0167332757264,2026-09-08T22:18:53.221714+00:00,study3b_fifo_runtime_v1
6476,C_530,2010,2011,1.55479137902e-05,0,0,0.2,0.0167332757264,2026-09-08T22:18:53.221714+00:00,study3b_fifo_runtime_v1
6487,C_531,2010,2011,0.00092609791318,0,0,0.2,0.0167332757264,2026-09-08T22:18:53.221714+00:00,study3b_fifo_runtime_v1
6507,C_532,2010,2011,1.49731322381e-05,0,0,0.2,0.0167332757264,2026-09-08T22:18:53.221714+00:00,study3b_fifo_runtime_v1
6526,C_533,2010,2011,0.00303096720017,0,0,0.2,0.0167332757264,2026-09-08T22:18:53.221714+00:00,study3b_fifo_runtime_v1
6540,C_535,2010,2011,0.00572250364348,0,0,0.2,0.0167332757264,2026-09-08T22:18:53.221714+00:00,study3b_fifo_runtime_v1
6574,C_538,2010,2011,9.51434703893e-05,0,0,0.2,0.0167332757264,2026-09-08T22:18:53.221714+00:00,study3b_fifo_runtime_v1
6600,C_540,2010,2011,0.000355420663254,0,0,0.2,0.0167332757264,2026-09-08T22:18:53.221714+00:00,study3b_fifo_runtime_v1
6620,C_541,2010,2011,0.00162422505673,0,0,0.2,0.0167332757264,2026-09-08T22:18:53.221714+00:00,study3b_fifo_runtime_v1
6638,C_542,2010,2011,0.00275924499147,0,0,0.2,0.0167332757264,2026-09-08T22:18:53.221714+00:00,study3b_fifo_runtime_v1
6658,C_543,2010,2011,0.000756464491133,0,0,0.2,0.0167332757264,2026-09-08T22:18:53.221714+00:00,study3b_fifo_runtime_v1
6677,C_544,2010,2011,0.000544455193449,0,0,0.2,0.0167332757264,2026-09-08T22:18:53.221714+00:00,study3b_fifo_runtime_v1
6697,C_545,2010,2011,0.000637269346043,0,0,0.2,0.0167332757264,2026-09-08T22:18:53.221714+00:00,study3b_fifo_runtime_v1
6717,C_546,2010,2011,0.00144340936095,0,0,0.2,0.0167332757264,2026-09-08T22:18:53.221714+00:00,study3b_fifo_runtime_v1
6738,C_548,2010,2011,0.000625909364317,0,0,0.2,0.0167332757264,2026-09-08T22:18:53.221714+00:00,study3b_fifo_runtime_v1
6758,C_549,2010,2011,8.50907308632e-05,0,0,0.2,0.0167332757264,2026-09-08T22:18:53.221714+00:00,study3b_fifo_runtime_v1
6785,C_551,2010,2011,3.81802492484e-05,0,0,0.2,0.0167332757264,2026-09-08T22:18:53.221714+00:00,study3b_fifo_runtime_v1
6805,C_552,2010,2011,2.40249646595e-05,0,0,0.2,0.0167332757264,2026-09-08T22:18:53.221714+00:00,study3b_fifo_runtime_v1
6825,C_553,2010,2011,0.00284535088576,0,0,0.2,0.0167332757264,2026-09-08T22:18:53.221714+00:00,study3b_fifo_runtime_v1
6845,C_554,2010,2011,0.000741139985621,0,0,0.2,0.0167332757264,2026-09-08T22:18:53.221714+00:00,study3b_fifo_runtime_v1
6887,C_559,2010,2011,3.35898112098e-05,0,0,0.2,0.0167332757264,2026-09-08T22:18:53.221714+00:00,study3b_fifo_runtime_v1
6917,C_561,2010,2011,2.63595884462e-05,0,0,0.2,0.0167332757264,2026-09-08T22:18:53.221714+00:00,study3b_fifo_runtime_v1
6937,C_562,2010,2011,4.45843725174e-05,0,0,0.2,0.0167332757264,2026-09-08T22:18:53.221714+00:00,study3b_fifo_runtime_v1
6957,C_563,2010,2011,1.80779261427e-05,0,0,0.2,0.0167332757264,2026-09-08T22:18:53.221714+00:00,study3b_fifo_runtime_v1
6981,C_565,2010,2011,0.00158958148677,0,0,0.2,0.0167332757264,2026-09-08T22:18:53.221714+00:00,study3b_fifo_runtime_v1
7001,C_566,2010,2011,0.00018101122987,0,0,0.2,0.0167332757264,2026-09-08T22:18:53.221714+00:00,study3b_fifo_runtime_v1
7026,C_568,2010,2011,0.000268876581686,0,0,0.2,0.0167332757264,2026-09-08T22:18:53.221714+00:00,study3b_fifo_runtime_v1
7029,C_570,2010,2011,0.000528989650775,0,0,0.2,0.0167332757264,2026-09-08T22:18:53.221714+00:00,study3b_fifo_runtime_v1
7047,C_572,2010,2011,0.00208457163535,0,0,0.2,0.0167332757264,2026-09-08T22:18:53.221714+00:00,study3b_fifo_runtime_v1
7077,C_576,2010,2011,0.0350223146379,0,1,0.2,0.0167332757264,2026-09-08T22:18:53.221714+00:00,study3b_fifo_runtime_v1
7106,C_579,2010,2011,2.43683389272e-05,0,0,0.2,0.0167332757264,2026-09-08T22:18:53.221714+00:00,study3b_fifo_runtime_v1
7125,C_580,2010,2011,0.000250102137215,0,0,0.2,0.0167332757264,2026-09-08T22:18:53.221714+00:00,study3b_fifo_runtime_v1
7142,C_581,2010,2011,0.000606444838922,0,0,0.2,0.0167332757264,2026-09-08T22:18:53.221714+00:00,study3b_fifo_runtime_v1
7152,C_582,2010,2011,0.00300333718769,0,0,0.2,0.0167332757264,2026-09-08T22:18:53.221714+00:00,study3b_fifo_runtime_v1
7172,C_583,2010,2011,0.000132869216031,0,0,0.2,0.0167332757264,2026-09-08T22:18:53.221714+00:00,study3b_fifo_runtime_v1
7192,C_584,2010,2011,0.000453073153039,0,0,0.2,0.0167332757264,2026-09-08T22:18:53.221714+00:00,study3b_fifo_runtime_v1
7213,C_586,2010,2011,0.00177933683153,0,0,0.2,0.0167332757264,2026-09-08T22:18:53.221714+00:00,study3b_fifo_runtime_v1
7233,C_588,2010,2011,0.000133910158183,0,0,0.2,0.0167332757264,2026-09-08T22:18:53.221714+00:00,study3b_fifo_runtime_v1
7274,C_595,2010,2011,0.00012109149975,0,0,0.2,0.0167332757264,2026-09-08T22:18:53.221714+00:00,study3b_fifo_runtime_v1
7306,C_598,2010,2011,0.00304277823307,0,0,0.2,0.0167332757264,2026-09-08T22:18:53.221714+00:00,study3b_fifo_runtime_v1
7349,C_604,2010,2011,0.00100996112451,0,0,0.2,0.0167332757264,2026-09-08T22:18:53.221714+00:00,study3b_fifo_runtime_v1
7363,C_605,2010,2011,7.20256575732e-05,0,0,0.2,0.0167332757264,2026-09-08T22:18:53.221714+00:00,study3b_fifo_runtime_v1
7383,C_606,2010,2011,2.16762546188e-05,0,0,0.2,0.0167332757264,2026-09-08T22:18:53.221714+00:00,study3b_fifo_runtime_v1
7403,C_607,2010,2011,0.00419206172228,0,0,0.2,0.0167332757264,2026-09-08T22:18:53.221714+00:00,study3b_fifo_runtime_v1
7437,C_612,2010,2011,5.10573736392e-05,0,0,0.2,0.0167332757264,2026-09-08T22:18:53.221714+00:00,study3b_fifo_runtime_v1
7453,C_614,2010,2011,4.87855613756e-05,0,0,0.2,0.0167332757264,2026-09-08T22:18:53.221714+00:00,study3b_fifo_runtime_v1
7473,C_615,2010,2011,0.000160511248396,0,0,0.2,0.0167332757264,2026-09-08T22:18:53.221714+00:00,study3b_fifo_runtime_v1
7488,C_616,2010,2011,4.31598855357e-05,0,0,0.2,0.0167332757264,2026-09-08T22:18:53.221714+00:00,study3b_fifo_runtime_v1
7509,C_618,2010,2011,0.000950896646827,0,0,0.2,0.0167332757264,2026-09-08T22:18:53.221714+00:00,study3b_fifo_runtime_v1
7519,C_619,2010,2011,1.96050368686e-05,0,0,0.2,0.0167332757264,2026-09-08T22:18:53.221714+00:00,study3b_fifo_runtime_v1
7538,C_620,2010,2011,0.000151569911395,0,0,0.2,0.0167332757264,2026-09-08T22:18:53.221714+00:00,study3b_fifo_runtime_v1
7557,C_621,2010,2011,6.73876493238e-05,0,0,0.2,0.0167332757264,2026-09-08T22:18:53.221714+00:00,study3b_fifo_runtime_v1
7578,C_623,2010,2011,3.17258309224e-05,0,0,0.2,0.0167332757264,2026-09-08T22:18:53.221714+00:00,study3b_fifo_runtime_v1
7604,C_625,2010,2011,5.80361120228e-05,0,0,0.2,0.0167332757264,2026-09-08T22:18:53.221714+00:00,study3b_fifo_runtime_v1
7624,C_628,2010,2011,9.04497792362e-05,0,0,0.2,0.0167332757264,2026-09-08T22:18:53.221714+00:00,study3b_fifo_runtime_v1
7644,C_629,2010,2011,0.0060999575071,0,0,0.2,0.0167332757264,2026-09-08T22:18:53.221714+00:00,study3b_fifo_runtime_v1
7664,C_630,2010,2011,0.000141559721669,0,0,0.2,0.0167332757264,2026-09-08T22:18:53.221714+00:00,study3b_fifo_runtime_v1
7687,C_632,2010,2011,0.00035001404467,0,0,0.2,0.0167332757264,2026-09-08T22:18:53.221714+00:00,study3b_fifo_runtime_v1
7731,C_638,2010,2011,0.00204188865609,0,0,0.2,0.0167332757264,2026-09-08T22:18:53.221714+00:00,study3b_fifo_runtime_v1
7744,C_639,2010,2011,0.000132981760544,0,0,0.2,0.0167332757264,2026-09-08T22:18:53.221714+00:00,study3b_fifo_runtime_v1
7764,C_640,2010,2011,0.00124380318448,0,0,0.2,0.0167332757264,2026-09-08T22:18:53.221714+00:00,study3b_fifo_runtime_v1
7791,C_643,2010,2011,0.000104562903289,0,0,0.2,0.0167332757264,2026-09-08T22:18:53.221714+00:00,study3b_fifo_runtime_v1
7828,C_646,2010,2011,0.000457381596789,0,0,0.2,0.0167332757264,2026-09-08T22:18:53.221714+00:00,study3b_fifo_runtime_v1
7868,C_649,2010,2011,2.11505048355e-05,0,0,0.2,0.0167332757264,2026-09-08T22:18:53.221714+00:00,study3b_fifo_runtime_v1
7890,C_651,2010,2011,8.82770036696e-05,0,0,0.2,0.0167332757264,2026-09-08T22:18:53.221714+00:00,study3b_fifo_runtime_v1
7917,C_654,2010,2011,0.00835408922285,0,0,0.2,0.0167332757264,2026-09-08T22:18:53.221714+00:00,study3b_fifo_runtime_v1
7930,C_656,2010,2011,4.74684929941e-05,0,0,0.2,0.0167332757264,2026-09-08T22:18:53.221714+00:00,study3b_fifo_runtime_v1
7961,C_660,2010,2011,5.07462282258e-05,0,0,0.2,0.0167332757264,2026-09-08T22:18:53.221714+00:00,study3b_fifo_runtime_v1
7988,C_662,2010,2011,6.3739324105e-05,0,0,0.2,0.0167332757264,2026-09-08T22:18:53.221714+00:00,study3b_fifo_runtime_v1
8007,C_665,2010,2011,0.00248184334487,0,0,0.2,0.0167332757264,2026-09-08T22:18:53.221714+00:00,study3b_fifo_runtime_v1
8030,C_667,2010,2011,0.000116401286505,0,0,0.2,0.0167332757264,2026-09-08T22:18:53.221714+00:00,study3b_fifo_runtime_v1
8043,C_668,2010,2011,0.00264121196233,0,0,0.2,0.0167332757264,2026-09-08T22:18:53.221714+00:00,study3b_fifo_runtime_v1
8063,C_669,2010,2011,3.79722077923e-05,0,0,0.2,0.0167332757264,2026-09-08T22:18:53.221714+00:00,study3b_fifo_runtime_v1
8084,C_671,2010,2011,0.000958817545325,0,0,0.2,0.0167332757264,2026-09-08T22:18:53.221714+00:00,study3b_fifo_runtime_v1
8104,C_672,2010,2011,0.000195056316443,0,0,0.2,0.0167332757264,2026-09-08T22:18:53.221714+00:00,study3b_fifo_runtime_v1
8128,C_674,2010,2011,0.00023907898867,0,0,0.2,0.0167332757264,2026-09-08T22:18:53.221714+00:00,study3b_fifo_runtime_v1
8148,C_675,2010,2011,4.0315764636e-05,0,0,0.2,0.0167332757264,2026-09-08T22:18:53.221714+00:00,study3b_fifo_runtime_v1
8168,C_676,2010,2011,0.000611935334746,0,0,0.2,0.0167332757264,2026-09-08T22:18:53.221714+00:00,study3b_fifo_runtime_v1
8205,C_679,2010,2011,0.105697534978,0,1,0.2,0.0167332757264,2026-09-08T22:18:53.221714+00:00,study3b_fifo_runtime_v1
8230,C_683,2010,2011,0.00044267566409,0,0,0.2,0.0167332757264,2026-09-08T22:18:53.221714+00:00,study3b_fifo_runtime_v1
8269,C_689,2010,2011,7.43440978113e-05,0,0,0.2,0.0167332757264,2026-09-08T22:18:53.221714+00:00,study3b_fifo_runtime_v1
8289,C_691,2010,2011,0.000637748918962,0,0,0.2,0.0167332757264,2026-09-08T22:18:53.221714+00:00,study3b_fifo_runtime_v1
8329,C_697,2010,2011,3.46141059708e-05,0,0,0.2,0.0167332757264,2026-09-08T22:18:53.221714+00:00,study3b_fifo_runtime_v1
8343,C_698,2010,2011,0.0002669240057,0,0,0.2,0.0167332757264,2026-09-08T22:18:53.221714+00:00,study3b_fifo_runtime_v1
8371,C_703,2010,2011,0.00016026684898,0,0,0.2,0.0167332757264,2026-09-08T22:18:53.221714+00:00,study3b_fifo_runtime_v1
8392,C_705,2010,2011,0.00884659867734,0,0,0.2,0.0167332757264,2026-09-08T22:18:53.221714+00:00,study3b_fifo_runtime_v1
8407,C_707,2010,2011,6.45611798973e-05,0,0,0.2,0.0167332757264,2026-09-08T22:18:53.221714+00:00,study3b_fifo_runtime_v1
8427,C_708,2010,2011,0.000754851615056,0,0,0.2,0.0167332757264,2026-09-08T22:18:53.221714+00:00,study3b_fifo_runtime_v1
8466,C_712,2010,2011,0.000122738842038,0,0,0.2,0.0167332757264,2026-09-08T22:18:53.221714+00:00,study3b_fifo_runtime_v1
8490,C_714,2010,2011,4.29596693721e-05,0,0,0.2,0.0167332757264,2026-09-08T22:18:53.221714+00:00,study3b_fifo_runtime_v1
8510,C_715,2010,2011,0.00013996445341,0,0,0.2,0.0167332757264,2026-09-08T22:18:53.221714+00:00,study3b_fifo_runtime_v1
8530,C_716,2010,2011,0.000151419255417,0,0,0.2,0.0167332757264,2026-09-08T22:18:53.221714+00:00,study3b_fifo_runtime_v1
8550,C_717,2010,2011,0.000621008279268,0,0,0.2,0.0167332757264,2026-09-08T22:18:53.221714+00:00,study3b_fifo_runtime_v1
8576,C_719,2010,2011,0.00104865955655,0,0,0.2,0.0167332757264,2026-09-08T22:18:53.221714+00:00,study3b_fifo_runtime_v1
8596,C_720,2010,2011,8.72971941135e-05,0,0,0.2,0.0167332757264,2026-09-08T22:18:53.221714+00:00,study3b_fifo_runtime_v1
8617,C_722,2010,2011,4.21646727773e-05,0,0,0.2,0.0167332757264,2026-09-08T22:18:53.221714+00:00,study3b_fifo_runtime_v1
8637,C_723,2010,2011,0.001058517606,0,0,0.2,0.0167332757264,2026-09-08T22:18:53.221714+00:00,study3b_fifo_runtime_v1
8663,C_725,2010,2011,3.66898493667e-05,0,0,0.2,0.0167332757264,2026-09-08T22:18:53.221714+00:00,study3b_fifo_runtime_v1
8689,C_727,2010,2011,5.51469975107e-06,0,0,0.2,0.0167332757264,2026-09-08T22:18:53.221714+00:00,study3b_fifo_runtime_v1
8718,C_729,2010,2011,0.000145367055666,0,0,0.2,0.0167332757264,2026-09-08T22:18:53.221714+00:00,study3b_fifo_runtime_v1
8730,C_730,2010,2011,9.0734778496e-05,0,0,0.2,0.0167332757264,2026-09-08T22:18:53.221714+00:00,study3b_fifo_runtime_v1
8750,C_731,2010,2011,0.000222076589125,0,0,0.2,0.0167332757264,2026-09-08T22:18:53.221714+00:00,study3b_fifo_runtime_v1
8770,C_732,2010,2011,0.000929311208893,0,0,0.2,0.0167332757264,2026-09-08T22:18:53.221714+00:00,study3b_fifo_runtime_v1
8790,C_733,2010,2011,0.000123074380099,0,0,0.2,0.0167332757264,2026-09-08T22:18:53.221714+00:00,study3b_fifo_runtime_v1
8808,C_735,2010,2011,0.00041486727423,0,0,0.2,0.0167332757264,2026-09-08T22:18:53.221714+00:00,study3b_fifo_runtime_v1
8842,C_737,2010,2011,0.000105579325464,0,0,0.2,0.0167332757264,2026-09-08T22:18:53.221714+00:00,study3b_fifo_runtime_v1
8862,C_738,2010,2011,0.00120970874559,0,0,0.2,0.0167332757264,2026-09-08T22:18:53.221714+00:00,study3b_fifo_runtime_v1
8894,C_741,2010,2011,0.000162252545124,0,0,0.2,0.0167332757264,2026-09-08T22:18:53.221714+00:00,study3b_fifo_runtime_v1
8916,C_743,2010,2011,5.70939882891e-05,0,0,0.2,0.0167332757264,2026-09-08T22:18:53.221714+00:00,study3b_fifo_runtime_v1
8936,C_744,2010,2011,4.70316772407e-05,0,0,0.2,0.0167332757264,2026-09-08T22:18:53.221714+00:00,study3b_fifo_runtime_v1
8955,C_745,2010,2011,7.62611962273e-05,0,0,0.2,0.0167332757264,2026-09-08T22:18:53.221714+00:00,study3b_fifo_runtime_v1
8983,C_748,2010,2011,0.000391700275941,0,0,0.2,0.0167332757264,2026-09-08T22:18:53.221714+00:00,study3b_fifo_runtime_v1
9002,C_750,2010,2011,0.00974423158914,0,0,0.2,0.0167332757264,2026-09-08T22:18:53.221714+00:00,study3b_fifo_runtime_v1
9025,C_752,2010,2011,0.000722032506019,0,0,0.2,0.0167332757264,2026-09-08T22:18:53.221714+00:00,study3b_fifo_runtime_v1
9060,C_756,2010,2011,4.00032586185e-05,0,0,0.2,0.0167332757264,2026-09-08T22:18:53.221714+00:00,study3b_fifo_runtime_v1
9080,C_757,2010,2011,0.000175225097337,0,0,0.2,0.0167332757264,2026-09-08T22:18:53.221714+00:00,study3b_fifo_runtime_v1
9100,C_758,2010,2011,0.00242158421315,0,0,0.2,0.0167332757264,2026-09-08T22:18:53.221714+00:00,study3b_fifo_runtime_v1
9117,C_759,2010,2011,0.00020281477191,0,0,0.2,0.0167332757264,2026-09-08T22:18:53.221714+00:00,study3b_fifo_runtime_v1
9148,C_762,2010,2011,0.000604037661105,0,0,0.2,0.0167332757264,2026-09-08T22:18:53.221714+00:00,study3b_fifo_runtime_v1
9186,C_766,2010,2011,0.000300393759971,0,0,0.2,0.0167332757264,2026-09-08T22:18:53.221714+00:00,study3b_fifo_runtime_v1
9206,C_767,2010,2011,3.26483313984e-05,0,0,0.2,0.0167332757264,2026-09-08T22:18:53.221714+00:00,study3b_fifo_runtime_v1
9240,C_771,2010,2011,0.000108516316686,0,0,0.2,0.0167332757264,2026-09-08T22:18:53.221714+00:00,study3b_fifo_runtime_v1
9262,C_773,2010,2011,0.00160601490643,0,0,0.2,0.0167332757264,2026-09-08T22:18:53.221714+00:00,study3b_fifo_runtime_v1
9282,C_774,2010,2011,6.7376800871e-05,0,0,0.2,0.0167332757264,2026-09-08T22:18:53.221714+00:00,study3b_fifo_runtime_v1
9302,C_775,2010,2011,0.000161906136782,0,0,0.2,0.0167332757264,2026-09-08T22:18:53.221714+00:00,study3b_fifo_runtime_v1
9322,C_776,2010,2011,0.0582334809005,0,1,0.2,0.0167332757264,2026-09-08T22:18:53.221714+00:00,study3b_fifo_runtime_v1
9337,C_778,2010,2011,0.000186845034477,0,0,0.2,0.0167332757264,2026-09-08T22:18:53.221714+00:00,study3b_fifo_runtime_v1
9357,C_779,2010,2011,0.000819150882307,0,0,0.2,0.0167332757264,2026-09-08T22:18:53.221714+00:00,study3b_fifo_runtime_v1
9383,C_781,2010,2011,0.000355079449946,0,0,0.2,0.0167332757264,2026-09-08T22:18:53.221714+00:00,study3b_fifo_runtime_v1
9402,C_782,2010,2011,0.000126330603962,0,0,0.2,0.0167332757264,2026-09-08T22:18:53.221714+00:00,study3b_fifo_runtime_v1
9424,C_784,2010,2011,0.000151768021169,0,0,0.2,0.0167332757264,2026-09-08T22:18:53.221714+00:00,study3b_fifo_runtime_v1
9489,C_792,2010,2011,2.15572126763e-05,0,0,0.2,0.0167332757264,2026-09-08T22:18:53.221714+00:00,study3b_fifo_runtime_v1
9520,C_794,2010,2011,6.32100636722e-05,0,0,0.2,0.0167332757264,2026-09-08T22:18:53.221714+00:00,study3b_fifo_runtime_v1
9540,C_795,2010,2011,0.000166482015629,0,0,0.2,0.0167332757264,2026-09-08T22:18:53.221714+00:00,study3b_fifo_runtime_v1
9559,C_796,2010,2011,4.77734902233e-05,0,0,0.2,0.0167332757264,2026-09-08T22:18:53.221714+00:00,study3b_fifo_runtime_v1
9579,C_797,2010,2011,0.00109389761928,0,0,0.2,0.0167332757264,2026-09-08T22:18:53.221714+00:00,study3b_fifo_runtime_v1
9607,C_799,2010,2011,0.00272849504836,0,0,0.2,0.0167332757264,2026-09-08T22:18:53.221714+00:00,study3b_fifo_runtime_v1
9627,C_800,2010,2011,0.0277088880539,0,1,0.2,0.0167332757264,2026-09-08T22:18:53.221714+00:00,study3b_fifo_runtime_v1
9641,C_801,2010,2011,9.61790428846e-05,0,0,0.2,0.0167332757264,2026-09-08T22:18:53.221714+00:00,study3b_fifo_runtime_v1
9709,C_810,2010,2011,0.000154062916408,0,0,0.2,0.0167332757264,2026-09-08T22:18:53.221714+00:00,study3b_fifo_runtime_v1
9729,C_811,2010,2011,6.51129012113e-05,0,0,0.2,0.0167332757264,2026-09-08T22:18:53.221714+00:00,study3b_fifo_runtime_v1
9748,C_812,2010,2011,0.000912978546694,0,0,0.2,0.0167332757264,2026-09-08T22:18:53.221714+00:00,study3b_fifo_runtime_v1
9770,C_814,2010,2011,0.00116817944217,0,0,0.2,0.0167332757264,2026-09-08T22:18:53.221714+00:00,study3b_fifo_runtime_v1
9786,C_815,2010,2011,9.37681488722e-06,0,0,0.2,0.0167332757264,2026-09-08T22:18:53.221714+00:00,study3b_fifo_runtime_v1
9811,C_817,2010,2011,0.001042344491,0,0,0.2,0.0167332757264,2026-09-08T22:18:53.221714+00:00,study3b_fifo_runtime_v1
9830,C_818,2010,2011,7.15081696399e-05,0,0,0.2,0.0167332757264,2026-09-08T22:18:53.221714+00:00,study3b_fifo_runtime_v1
9846,C_819,2010,2011,2.68351886916e-05,0,0,0.2,0.0167332757264,2026-09-08T22:18:53.221714+00:00,study3b_fifo_runtime_v1
9859,C_820,2010,2011,0.000149607876665,0,0,0.2,0.0167332757264,2026-09-08T22:18:53.221714+00:00,study3b_fifo_runtime_v1
9876,C_821,2010,2011,0.000214681145735,0,0,0.2,0.0167332757264,2026-09-08T22:18:53.221714+00:00,study3b_fifo_runtime_v1
9904,C_824,2010,2011,0.000477951252833,0,0,0.2,0.0167332757264,2026-09-08T22:18:53.221714+00:00,study3b_fifo_runtime_v1
9921,C_826,2010,2011,0.00028874311829,0,0,0.2,0.0167332757264,2026-09-08T22:18:53.221714+00:00,study3b_fifo_runtime_v1
9937,C_827,2010,2011,2.69495212706e-05,0,0,0.2,0.0167332757264,2026-09-08T22:18:53.221714+00:00,study3b_fifo_runtime_v1
9971,C_830,2010,2011,0.000147791957716,0,0,0.2,0.0167332757264,2026-09-08T22:18:53.221714+00:00,study3b_fifo_runtime_v1
10001,C_833,2010,2011,0.000797439424787,0,0,0.2,0.0167332757264,2026-09-08T22:18:53.221714+00:00,study3b_fifo_runtime_v1
10028,C_838,2010,2011,0.325853705406,1,1,0.2,0.0167332757264,2026-09-08T22:18:53.221714+00:00,study3b_fifo_runtime_v1
10043,C_839,2010,2011,0.000393171561882,0,0,0.2,0.0167332757264,2026-09-08T22:18:53.221714+00:00,study3b_fifo_runtime_v1
10063,C_840,2010,2011,0.00102436030284,0,0,0.2,0.0167332757264,2026-09-08T22:18:53.221714+00:00,study3b_fifo_runtime_v1
10094,C_844,2010,2011,0.000322192325257,0,0,0.2,0.0167332757264,2026-09-08T22:18:53.221714+00:00,study3b_fifo_runtime_v1
10117,C_846,2010,2011,5.13457052875e-05,0,0,0.2,0.0167332757264,2026-09-08T22:18:53.221714+00:00,study3b_fifo_runtime_v1
10140,C_848,2010,2011,0.00113449594937,0,0,0.2,0.0167332757264,2026-09-08T22:18:53.221714+00:00,study3b_fifo_runtime_v1
10176,C_853,2010,2011,0.00012647647236,0,0,0.2,0.0167332757264,2026-09-08T22:18:53.221714+00:00,study3b_fifo_runtime_v1
10196,C_854,2010,2011,5.05176540173e-05,0,0,0.2,0.0167332757264,2026-09-08T22:18:53.221714+00:00,study3b_fifo_runtime_v1
10214,C_856,2010,2011,0.00105555169284,0,0,0.2,0.0167332757264,2026-09-08T22:18:53.221714+00:00,study3b_fifo_runtime_v1
10237,C_861,2010,2011,8.14577579149e-05,0,0,0.2,0.0167332757264,2026-09-08T22:18:53.221714+00:00,study3b_fifo_runtime_v1
10257,C_862,2010,2011,0.000211104066693,0,0,0.2,0.0167332757264,2026-09-08T22:18:53.221714+00:00,study3b_fifo_runtime_v1
10305,C_865,2010,2011,9.64826976997e-05,0,0,0.2,0.0167332757264,2026-09-08T22:18:53.221714+00:00,study3b_fifo_runtime_v1
10344,C_868,2010,2011,0.000212743587326,0,0,0.2,0.0167332757264,2026-09-08T22:18:53.221714+00:00,study3b_fifo_runtime_v1
10357,C_869,2010,2011,3.00074370898e-05,0,0,0.2,0.0167332757264,2026-09-08T22:18:53.221714+00:00,study3b_fifo_runtime_v1
10377,C_870,2010,2011,0.0064912554808,0,0,0.2,0.0167332757264,2026-09-08T22:18:53.221714+00:00,study3b_fifo_runtime_v1
10393,C_871,2010,2011,0.00164461170789,0,0,0.2,0.0167332757264,2026-09-08T22:18:53.221714+00:00,study3b_fifo_runtime_v1
10412,C_872,2010,2011,0.000745892699342,0,0,0.2,0.0167332757264,2026-09-08T22:18:53.221714+00:00,study3b_fifo_runtime_v1
10456,C_876,2010,2011,0.00165143981576,0,0,0.2,0.0167332757264,2026-09-08T22:18:53.221714+00:00,study3b_fifo_runtime_v1
10473,C_877,2010,2011,4.94689738844e-05,0,0,0.2,0.0167332757264,2026-09-08T22:18:53.221714+00:00,study3b_fifo_runtime_v1
10496,C_880,2010,2011,0.000131798020448,0,0,0.2,0.0167332757264,2026-09-08T22:18:53.221714+00:00,study3b_fifo_runtime_v1
10524,C_882,2010,2011,0.000203203875571,0,0,0.2,0.0167332757264,2026-09-08T22:18:53.221714+00:00,study3b_fifo_runtime_v1
10544,C_883,2010,2011,9.23342522583e-05,0,0,0.2,0.0167332757264,2026-09-08T22:18:53.221714+00:00,study3b_fifo_runtime_v1
10571,C_885,2010,2011,0.000131957713165,0,0,0.2,0.0167332757264,2026-09-08T22:18:53.221714+00:00,study3b_fifo_runtime_v1
10590,C_886,2010,2011,0.000107650608697,0,0,0.2,0.0167332757264,2026-09-08T22:18:53.221714+00:00,study3b_fifo_runtime_v1
10609,C_887,2010,2011,0.00166208518203,0,0,0.2,0.0167332757264,2026-09-08T22:18:53.221714+00:00,study3b_fifo_runtime_v1
10628,C_889,2010,2011,0.000770743761677,0,0,0.2,0.0167332757264,2026-09-08T22:18:53.221714+00:00,study3b_fifo_runtime_v1
10648,C_890,2010,2011,0.000124075188069,0,0,0.2,0.0167332757264,2026-09-08T22:18:53.221714+00:00,study3b_fifo_runtime_v1
10679,C_892,2010,2011,4.04536513088e-05,0,0,0.2,0.0167332757264,2026-09-08T22:18:53.221714+00:00,study3b_fifo_runtime_v1
10717,C_897,2010,2011,0.0027137787547,0,0,0.2,0.0167332757264,2026-09-08T22:18:53.221714+00:00,study3b_fifo_runtime_v1
10737,C_898,2010,2011,0.000106967956526,0,0,0.2,0.0167332757264,2026-09-08T22:18:53.221714+00:00,study3b_fifo_runtime_v1
10757,C_899,2010,2011,1.07643363663e-05,0,0,0.2,0.0167332757264,2026-09-08T22:18:53.221714+00:00,study3b_fifo_runtime_v1
10777,C_900,2010,2011,0.000394131668145,0,0,0.2,0.0167332757264,2026-09-08T22:18:53.221714+00:00,study3b_fifo_runtime_v1
10797,C_901,2010,2011,6.87740248395e-05,0,0,0.2,0.0167332757264,2026-09-08T22:18:53.221714+00:00,study3b_fifo_runtime_v1
10817,C_902,2010,2011,0.00677293213084,0,0,0.2,0.0167332757264,2026-09-08T22:18:53.221714+00:00,study3b_fifo_runtime_v1
10834,C_904,2010,2011,0.0106478435919,0,0,0.2,0.0167332757264,2026-09-08T22:18:53.221714+00:00,study3b_fifo_runtime_v1
10853,C_905,2010,2011,0.00168790807948,0,0,0.2,0.0167332757264,2026-09-08T22:18:53.221714+00:00,study3b_fifo_runtime_v1
10865,C_906,2010,2011,8.7706348495e-06,0,0,0.2,0.0167332757264,2026-09-08T22:18:53.221714+00:00,study3b_fifo_runtime_v1
10885,C_907,2010,2011,2.4764907721e-05,0,0,0.2,0.0167332757264,2026-09-08T22:18:53.221714+00:00,study3b_fifo_runtime_v1
10921,C_911,2010,2011,3.84469376513e-06,0,0,0.2,0.0167332757264,2026-09-08T22:18:53.221714+00:00,study3b_fifo_runtime_v1
10949,C_913,2010,2011,0.000760457711294,0,0,0.2,0.0167332757264,2026-09-08T22:18:53.221714+00:00,study3b_fifo_runtime_v1
10969,C_914,2010,2011,0.000659533776343,0,0,0.2,0.0167332757264,2026-09-08T22:18:53.221714+00:00,study3b_fifo_runtime_v1
10993,C_916,2010,2011,0.00555632589385,0,0,0.2,0.0167332757264,2026-09-08T22:18:53.221714+00:00,study3b_fifo_runtime_v1
11016,C_918,2010,2011,0.000209502162761,0,0,0.2,0.0167332757264,2026-09-08T22:18:53.221714+00:00,study3b_fifo_runtime_v1
11045,C_920,2010,2011,0.000818785279989,0,0,0.2,0.0167332757264,2026-09-08T22:18:53.221714+00:00,study3b_fifo_runtime_v1
11057,C_921,2010,2011,0.000393117865315,0,0,0.2,0.0167332757264,2026-09-08T22:18:53.221714+00:00,study3b_fifo_runtime_v1
11077,C_922,2010,2011,0.0106618134305,0,0,0.2,0.0167332757264,2026-09-08T22:18:53.221714+00:00,study3b_fifo_runtime_v1
11089,C_923,2010,2011,0.000124518206576,0,0,0.2,0.0167332757264,2026-09-08T22:18:53.221714+00:00,study3b_fifo_runtime_v1
11106,C_925,2010,2011,0.000337889563525,0,0,0.2,0.0167332757264,2026-09-08T22:18:53.221714+00:00,study3b_fifo_runtime_v1
11120,C_926,2010,2011,0.00186337530613,0,0,0.2,0.0167332757264,2026-09-08T22:18:53.221714+00:00,study3b_fifo_runtime_v1
11150,C_930,2010,2011,7.37279333407e-05,0,0,0.2,0.0167332757264,2026-09-08T22:18:53.221714+00:00,study3b_fifo_runtime_v1
11171,C_932,2010,2011,0.000273527140962,0,0,0.2,0.0167332757264,2026-09-08T22:18:53.221714+00:00,study3b_fifo_runtime_v1
11191,C_933,2010,2011,5.4364612879e-05,0,0,0.2,0.0167332757264,2026-09-08T22:18:53.221714+00:00,study3b_fifo_runtime_v1
11224,C_940,2010,2011,0.00387804652564,0,0,0.2,0.0167332757264,2026-09-08T22:18:53.221714+00:00,study3b_fifo_runtime_v1
11246,C_942,2010,2011,0.000113311631139,0,0,0.2,0.0167332757264,2026-09-08T22:18:53.221714+00:00,study3b_fifo_runtime_v1
11317,C_949,2010,2011,0.0035459517967,0,0,0.2,0.0167332757264,2026-09-08T22:18:53.221714+00:00,study3b_fifo_runtime_v1
11337,C_950,2010,2011,0.000192421328393,0,0,0.2,0.0167332757264,2026-09-08T22:18:53.221714+00:00,study3b_fifo_runtime_v1
11357,C_951,2010,2011,0.000137783077662,0,0,0.2,0.0167332757264,2026-09-08T22:18:53.221714+00:00,study3b_fifo_runtime_v1
11369,C_952,2010,2011,0.00191032548901,0,0,0.2,0.0167332757264,2026-09-08T22:18:53.221714+00:00,study3b_fifo_runtime_v1
11389,C_953,2010,2011,0.000202761977562,0,0,0.2,0.0167332757264,2026-09-08T22:18:53.221714+00:00,study3b_fifo_runtime_v1
11403,C_954,2010,2011,0.068914078176,0,1,0.2,0.0167332757264,2026-09-08T22:18:53.221714+00:00,study3b_fifo_runtime_v1
11419,C_956,2010,2011,0.000262207351625,0,0,0.2,0.0167332757264,2026-09-08T22:18:53.221714+00:00,study3b_fifo_runtime_v1
11439,C_957,2010,2011,0.00115366152022,0,0,0.2,0.0167332757264,2026-09-08T22:18:53.221714+00:00,study3b_fifo_runtime_v1
11459,C_958,2010,2011,0.000188850972336,0,0,0.2,0.0167332757264,2026-09-08T22:18:53.221714+00:00,study3b_fifo_runtime_v1
11479,C_959,2010,2011,0.00190632836893,0,0,0.2,0.0167332757264,2026-09-08T22:18:53.221714+00:00,study3b_fifo_runtime_v1
11500,C_962,2010,2011,1.36728658617e-05,0,0,0.2,0.0167332757264,2026-09-08T22:18:53.221714+00:00,study3b_fifo_runtime_v1
11542,C_966,2010,2011,0.000204414885957,0,0,0.2,0.0167332757264,2026-09-08T22:18:53.221714+00:00,study3b_fifo_runtime_v1
11577,C_969,2010,2011,0.000677976000588,0,0,0.2,0.0167332757264,2026-09-08T22:18:53.221714+00:00,study3b_fifo_runtime_v1
11597,C_970,2010,2011,5.81861968385e-05,0,0,0.2,0.0167332757264,2026-09-08T22:18:53.221714+00:00,study3b_fifo_runtime_v1
11611,C_972,2010,2011,0.000126434664708,0,0,0.2,0.0167332757264,2026-09-08T22:18:53.221714+00:00,study3b_fifo_runtime_v1
11631,C_973,2010,2011,0.000123201243696,0,0,0.2,0.0167332757264,2026-09-08T22:18:53.221714+00:00,study3b_fifo_runtime_v1
11655,C_976,2010,2011,2.14459141716e-05,0,0,0.2,0.0167332757264,2026-09-08T22:18:53.221714+00:00,study3b_fifo_runtime_v1
11682,C_978,2010,2011,0.000843279587571,0,0,0.2,0.0167332757264,2026-09-08T22:18:53.221714+00:00,study3b_fifo_runtime_v1
11699,C_980,2010,2011,0.00117818440776,0,0,0.2,0.0167332757264,2026-09-08T22:18:53.221714+00:00,study3b_fifo_runtime_v1
11721,C_982,2010,2011,4.62817733933e-05,0,0,0.2,0.0167332757264,2026-09-08T22:18:53.221714+00:00,study3b_fifo_runtime_v1
11733,C_983,2010,2011,6.08042064414e-05,0,0,0.2,0.0167332757264,2026-09-08T22:18:53.221714+00:00,study3b_fifo_runtime_v1
11747,C_984,2010,2011,6.96560382494e-05,0,0,0.2,0.0167332757264,2026-09-08T22:18:53.221714+00:00,study3b_fifo_runtime_v1
11767,C_985,2010,2011,0.000216554719373,0,0,0.2,0.0167332757264,2026-09-08T22:18:53.221714+00:00,study3b_fifo_runtime_v1
11799,C_988,2010,2011,2.75208203675e-05,0,0,0.2,0.0167332757264,2026-09-08T22:18:53.221714+00:00,study3b_fifo_runtime_v1
11847,C_994,2010,2011,0.000483633280965,0,0,0.2,0.0167332757264,2026-09-08T22:18:53.221714+00:00,study3b_fifo_runtime_v1
11877,C_997,2010,2011,0.000207183824386,0,0,0.2,0.0167332757264,2026-09-08T22:18:53.221714+00:00,study3b_fifo_runtime_v1
11897,C_998,2010,2011,0.000321176456055,0,0,0.2,0.0167332757264,2026-09-08T22:18:53.221714+00:00,study3b_fifo_runtime_v1
11917,C_999,2010,2011,0.000210755344597,0,0,0.2,0.0167332757264,2026-09-08T22:18:53.221714+00:00,study3b_fifo_runtime_v1
11937,C_1000,2010,2011,3.19580540236e-05,0,0,0.2,0.0167332757264,2026-09-08T22:18:53.221714+00:00,study3b_fifo_runtime_v1
11957,C_1001,2010,2011,5.36986954103e-05,0,0,0.2,0.0167332757264,2026-09-08T22:18:53.221714+00:00,study3b_fifo_runtime_v1
11977,C_1002,2010,2011,4.05558093917e-05,0,0,0.2,0.0167332757264,2026-09-08T22:18:53.221714+00:00,study3b_fifo_runtime_v1
11997,C_1003,2010,2011,0.0137826502323,0,0,0.2,0.0167332757264,2026-09-08T22:18:53.221714+00:00,study3b_fifo_runtime_v1
12016,C_1004,2010,2011,5.75263402425e-05,0,0,0.2,0.0167332757264,2026-09-08T22:18:53.221714+00:00,study3b_fifo_runtime_v1
12032,C_1005,2010,2011,9.28727749852e-05,0,0,0.2,0.0167332757264,2026-09-08T22:18:53.221714+00:00,study3b_fifo_runtime_v1
12045,C_1006,2010,2011,0.000758095120545,0,0,0.2,0.0167332757264,2026-09-08T22:18:53.221714+00:00,study3b_fifo_runtime_v1
12058,C_1007,2010,2011,0.000734415545594,0,0,0.2,0.0167332757264,2026-09-08T22:18:53.221714+00:00,study3b_fifo_runtime_v1
12080,C_1009,2010,2011,0.00125059799757,0,0,0.2,0.0167332757264,2026-09-08T22:18:53.221714+00:00,study3b_fifo_runtime_v1
12100,C_1010,2010,2011,0.000147290353198,0,0,0.2,0.0167332757264,2026-09-08T22:18:53.221714+00:00,study3b_fifo_runtime_v1
12125,C_1012,2010,2011,0.000157277754624,0,0,0.2,0.0167332757264,2026-09-08T22:18:53.221714+00:00,study3b_fifo_runtime_v1
12163,C_1015,2010,2011,9.37592267292e-06,0,0,0.2,0.0167332757264,2026-09-08T22:18:53.221714+00:00,study3b_fifo_runtime_v1
12181,C_1016,2010,2011,0.000175402106834,0,0,0.2,0.0167332757264,2026-09-08T22:18:53.221714+00:00,study3b_fifo_runtime_v1
12201,C_1017,2010,2011,0.000649785215501,0,0,0.2,0.0167332757264,2026-09-08T22:18:53.221714+00:00,study3b_fifo_runtime_v1
12231,C_1019,2010,2011,0.00012950085511,0,0,0.2,0.0167332757264,2026-09-08T22:18:53.221714+00:00,study3b_fifo_runtime_v1
12257,C_1021,2010,2011,0.000105644248833,0,0,0.2,0.0167332757264,2026-09-08T22:18:53.221714+00:00,study3b_fifo_runtime_v1
12277,C_1022,2010,2011,0.000167711230461,0,0,0.2,0.0167332757264,2026-09-08T22:18:53.221714+00:00,study3b_fifo_runtime_v1
12294,C_1024,2010,2011,0.000122512574308,0,0,0.2,0.0167332757264,2026-09-08T22:18:53.221714+00:00,study3b_fifo_runtime_v1
12314,C_1025,2010,2011,7.35510184313e-05,0,0,0.2,0.0167332757264,2026-09-08T22:18:53.221714+00:00,study3b_fifo_runtime_v1
12334,C_1026,2010,2011,0.000107629974082,0,0,0.2,0.0167332757264,2026-09-08T22:18:53.221714+00:00,study3b_fifo_runtime_v1
12349,C_1027,2010,2011,0.000711448315997,0,0,0.2,0.0167332757264,2026-09-08T22:18:53.221714+00:00,study3b_fifo_runtime_v1
12383,C_1030,2010,2011,6.17372643319e-05,0,0,0.2,0.0167332757264,2026-09-08T22:18:53.221714+00:00,study3b_fifo_runtime_v1
12399,C_1031,2010,2011,0.00140087585896,0,0,0.2,0.0167332757264,2026-09-08T22:18:53.221714+00:00,study3b_fifo_runtime_v1
12419,C_1032,2010,2011,0.000615330296569,0,0,0.2,0.0167332757264,2026-09-08T22:18:53.221714+00:00,study3b_fifo_runtime_v1
12439,C_1033,2010,2011,2.44657767325e-05,0,0,0.2,0.0167332757264,2026-09-08T22:18:53.221714+00:00,study3b_fifo_runtime_v1
12458,C_1034,2010,2011,9.35780190048e-05,0,0,0.2,0.0167332757264,2026-09-08T22:18:53.221714+00:00,study3b_fifo_runtime_v1
12485,C_1037,2010,2011,0.000132083485369,0,0,0.2,0.0167332757264,2026-09-08T22:18:53.221714+00:00,study3b_fifo_runtime_v1
12505,C_1038,2010,2011,4.03865269618e-05,0,0,0.2,0.0167332757264,2026-09-08T22:18:53.221714+00:00,study3b_fifo_runtime_v1
12525,C_1039,2010,2011,0.000973211426754,0,0,0.2,0.0167332757264,2026-09-08T22:18:53.221714+00:00,study3b_fifo_runtime_v1
12552,C_1041,2010,2011,0.000785008596722,0,0,0.2,0.0167332757264,2026-09-08T22:18:53.221714+00:00,study3b_fifo_runtime_v1
12588,C_1045,2010,2011,2.43467238761e-05,0,0,0.2,0.0167332757264,2026-09-08T22:18:53.221714+00:00,study3b_fifo_runtime_v1
12605,C_1046,2010,2011,0.00194245122839,0,0,0.2,0.0167332757264,2026-09-08T22:18:53.221714+00:00,study3b_fifo_runtime_v1
12630,C_1048,2010,2011,9.06391724129e-05,0,0,0.2,0.0167332757264,2026-09-08T22:18:53.221714+00:00,study3b_fifo_runtime_v1
12650,C_1049,2010,2011,0.000295773526886,0,0,0.2,0.0167332757264,2026-09-08T22:18:53.221714+00:00,study3b_fifo_runtime_v1
12678,C_1052,2010,2011,0.000148905615788,0,0,0.2,0.0167332757264,2026-09-08T22:18:53.221714+00:00,study3b_fifo_runtime_v1
12690,C_1053,2010,2011,0.000128982937895,0,0,0.2,0.0167332757264,2026-09-08T22:18:53.221714+00:00,study3b_fifo_runtime_v1
12708,C_1054,2010,2011,4.06157232646e-05,0,0,0.2,0.0167332757264,2026-09-08T22:18:53.221714+00:00,study3b_fifo_runtime_v1
12737,C_1057,2010,2011,0.00034340901766,0,0,0.2,0.0167332757264,2026-09-08T22:18:53.221714+00:00,study3b_fifo_runtime_v1
12741,C_1058,2010,2011,0.000220423928113,0,0,0.2,0.0167332757264,2026-09-08T22:18:53.221714+00:00,study3b_fifo_runtime_v1
12757,C_1059,2010,2011,6.61912417854e-05,0,0,0.2,0.0167332757264,2026-09-08T22:18:53.221714+00:00,study3b_fifo_runtime_v1
12779,C_1061,2010,2011,0.000451444502687,0,0,0.2,0.0167332757264,2026-09-08T22:18:53.221714+00:00,study3b_fifo_runtime_v1
12803,C_1063,2010,2011,6.11770446994e-05,0,0,0.2,0.0167332757264,2026-09-08T22:18:53.221714+00:00,study3b_fifo_runtime_v1
12841,C_1068,2010,2011,0.00122537848074,0,0,0.2,0.0167332757264,2026-09-08T22:18:53.221714+00:00,study3b_fifo_runtime_v1
12860,C_1070,2010,2011,0.00379791110754,0,0,0.2,0.0167332757264,2026-09-08T22:18:53.221714+00:00,study3b_fifo_runtime_v1
12874,C_1071,2010,2011,0.000126476967125,0,0,0.2,0.0167332757264,2026-09-08T22:18:53.221714+00:00,study3b_fifo_runtime_v1
12891,C_1073,2010,2011,2.7897011023e-05,0,0,0.2,0.0167332757264,2026-09-08T22:18:53.221714+00:00,study3b_fifo_runtime_v1
12921,C_1077,2010,2011,3.31358460244e-05,0,0,0.2,0.0167332757264,2026-09-08T22:18:53.221714+00:00,study3b_fifo_runtime_v1
12941,C_1078,2010,2011,0.000736829300877,0,0,0.2,0.0167332757264,2026-09-08T22:18:53.221714+00:00,study3b_fifo_runtime_v1
12957,C_1079,2010,2011,7.25140271243e-05,0,0,0.2,0.0167332757264,2026-09-08T22:18:53.221714+00:00,study3b_fifo_runtime_v1
12979,C_1081,2010,2011,0.00065800541779,0,0,0.2,0.0167332757264,2026-09-08T22:18:53.221714+00:00,study3b_fifo_runtime_v1
12999,C_1082,2010,2011,0.000538204214536,0,0,0.2,0.0167332757264,2026-09-08T22:18:53.221714+00:00,study3b_fifo_runtime_v1
13018,C_1083,2010,2011,0.00499404361472,0,0,0.2,0.0167332757264,2026-09-08T22:18:53.221714+00:00,study3b_fifo_runtime_v1
13034,C_1084,2010,2011,0.000802003312856,0,0,0.2,0.0167332757264,2026-09-08T22:18:53.221714+00:00,study3b_fifo_runtime_v1
13059,C_1086,2010,2011,8.41502696858e-05,0,0,0.2,0.0167332757264,2026-09-08T22:18:53.221714+00:00,study3b_fifo_runtime_v1
13086,C_1088,2010,2011,0.000257743668044,0,0,0.2,0.0167332757264,2026-09-08T22:18:53.221714+00:00,study3b_fifo_runtime_v1
13106,C_1089,2010,2011,0.00126648938749,0,0,0.2,0.0167332757264,2026-09-08T22:18:53.221714+00:00,study3b_fifo_runtime_v1
13130,C_1091,2010,2011,1.06184206743e-05,0,0,0.2,0.0167332757264,2026-09-08T22:18:53.221714+00:00,study3b_fifo_runtime_v1
13157,C_1094,2010,2011,3.65957712347e-05,0,0,0.2,0.0167332757264,2026-09-08T22:18:53.221714+00:00,study3b_fifo_runtime_v1
13177,C_1095,2010,2011,0.00114476622548,0,0,0.2,0.0167332757264,2026-09-08T22:18:53.221714+00:00,study3b_fifo_runtime_v1
13197,C_1096,2010,2011,0.000233430342632,0,0,0.2,0.0167332757264,2026-09-08T22:18:53.221714+00:00,study3b_fifo_runtime_v1
13218,C_1098,2010,2011,9.82047276921e-05,0,0,0.2,0.0167332757264,2026-09-08T22:18:53.221714+00:00,study3b_fifo_runtime_v1
13234,C_1100,2010,2011,5.58480824111e-05,0,0,0.2,0.0167332757264,2026-09-08T22:18:53.221714+00:00,study3b_fifo_runtime_v1
13259,C_1102,2010,2011,0.000863837776706,0,0,0.2,0.0167332757264,2026-09-08T22:18:53.221714+00:00,study3b_fifo_runtime_v1
13275,C_1104,2010,2011,0.000684883678332,0,0,0.2,0.0167332757264,2026-09-08T22:18:53.221714+00:00,study3b_fifo_runtime_v1
13289,C_1105,2010,2011,4.09591993957e-05,0,0,0.2,0.0167332757264,2026-09-08T22:18:53.221714+00:00,study3b_fifo_runtime_v1
13301,C_1106,2010,2011,0.000235987594351,0,0,0.2,0.0167332757264,2026-09-08T22:18:53.221714+00:00,study3b_fifo_runtime_v1
13337,C_1109,2010,2011,8.27580006444e-05,0,0,0.2,0.0167332757264,2026-09-08T22:18:53.221714+00:00,study3b_fifo_runtime_v1
13364,C_1112,2010,2011,0.000214947402128,0,0,0.2,0.0167332757264,2026-09-08T22:18:53.221714+00:00,study3b_fifo_runtime_v1
13384,C_1113,2010,2011,4.33402747149e-05,0,0,0.2,0.0167332757264,2026-09-08T22:18:53.221714+00:00,study3b_fifo_runtime_v1
13426,C_1117,2010,2011,0.0053005493246,0,0,0.2,0.0167332757264,2026-09-08T22:18:53.221714+00:00,study3b_fifo_runtime_v1
13446,C_1118,2010,2011,7.21648757462e-05,0,0,0.2,0.0167332757264,2026-09-08T22:18:53.221714+00:00,study3b_fifo_runtime_v1
13469,C_1120,2010,2011,0.000563534616958,0,0,0.2,0.0167332757264,2026-09-08T22:18:53.221714+00:00,study3b_fifo_runtime_v1
13489,C_1121,2010,2011,0.000124878439237,0,0,0.2,0.0167332757264,2026-09-08T22:18:53.221714+00:00,study3b_fifo_runtime_v1
13509,C_1122,2010,2011,0.000117841722385,0,0,0.2,0.0167332757264,2026-09-08T22:18:53.221714+00:00,study3b_fifo_runtime_v1
13529,C_1123,2010,2011,3.60546218872e-05,0,0,0.2,0.0167332757264,2026-09-08T22:18:53.221714+00:00,study3b_fifo_runtime_v1
13546,C_1124,2010,2011,9.25140993786e-05,0,0,0.2,0.0167332757264,2026-09-08T22:18:53.221714+00:00,study3b_fifo_runtime_v1
13565,C_1125,2010,2011,6.05942041148e-05,0,0,0.2,0.0167332757264,2026-09-08T22:18:53.221714+00:00,study3b_fifo_runtime_v1
13585,C_1126,2010,2011,0.000175844979822,0,0,0.2,0.0167332757264,2026-09-08T22:18:53.221714+00:00,study3b_fifo_runtime_v1
13605,C_1127,2010,2011,0.000575476966333,0,0,0.2,0.0167332757264,2026-09-08T22:18:53.221714+00:00,study3b_fifo_runtime_v1
13623,C_1129,2010,2011,0.0037121810019,0,0,0.2,0.0167332757264,2026-09-08T22:18:53.221714+00:00,study3b_fifo_runtime_v1
13637,C_1130,2010,2011,4.26588521805e-05,0,0,0.2,0.0167332757264,2026-09-08T22:18:53.221714+00:00,study3b_fifo_runtime_v1
13657,C_1131,2010,2011,0.000387203093851,0,0,0.2,0.0167332757264,2026-09-08T22:18:53.221714+00:00,study3b_fifo_runtime_v1
13677,C_1132,2010,2011,0.00134414725471,0,0,0.2,0.0167332757264,2026-09-08T22:18:53.221714+00:00,study3b_fifo_runtime_v1
13705,C_1135,2010,2011,0.000121012424643,0,0,0.2,0.0167332757264,2026-09-08T22:18:53.221714+00:00,study3b_fifo_runtime_v1
13725,C_1136,2010,2011,0.000541034329217,0,0,0.2,0.0167332757264,2026-09-08T22:18:53.221714+00:00,study3b_fifo_runtime_v1
13745,C_1137,2010,2011,0.00053503626259,0,0,0.2,0.0167332757264,2026-09-08T22:18:53.221714+00:00,study3b_fifo_runtime_v1
13776,C_1141,2010,2011,0.0956331193447,0,1,0.2,0.0167332757264,2026-09-08T22:18:53.221714+00:00,study3b_fifo_runtime_v1
13796,C_1142,2010,2011,0.00123155722395,0,0,0.2,0.0167332757264,2026-09-08T22:18:53.221714+00:00,study3b_fifo_runtime_v1
13816,C_1143,2010,2011,0.000166672412888,0,0,0.2,0.0167332757264,2026-09-08T22:18:53.221714+00:00,study3b_fifo_runtime_v1
13846,C_1145,2010,2011,7.00151940691e-05,0,0,0.2,0.0167332757264,2026-09-08T22:18:53.221714+00:00,study3b_fifo_runtime_v1
13866,C_1146,2010,2011,0.000650603382383,0,0,0.2,0.0167332757264,2026-09-08T22:18:53.221714+00:00,study3b_fifo_runtime_v1
13886,C_1147,2010,2011,0.000291711912723,0,0,0.2,0.0167332757264,2026-09-08T22:18:53.221714+00:00,study3b_fifo_runtime_v1
13901,C_1148,2010,2011,0.000881209038198,0,0,0.2,0.0167332757264,2026-09-08T22:18:53.221714+00:00,study3b_fifo_runtime_v1
13937,C_1153,2010,2011,1.72433155967e-05,0,0,0.2,0.0167332757264,2026-09-08T22:18:53.221714+00:00,study3b_fifo_runtime_v1
13989,C_1160,2010,2011,2.72805336863e-05,0,0,0.2,0.0167332757264,2026-09-08T22:18:53.221714+00:00,study3b_fifo_runtime_v1
14017,C_1163,2010,2011,3.55266129191e-05,0,0,0.2,0.0167332757264,2026-09-08T22:18:53.221714+00:00,study3b_fifo_runtime_v1
14037,C_1164,2010,2011,0.000127156512463,0,0,0.2,0.0167332757264,2026-09-08T22:18:53.221714+00:00,study3b_fifo_runtime_v1
14057,C_1165,2010,2011,0.000329900503857,0,0,0.2,0.0167332757264,2026-09-08T22:18:53.221714+00:00,study3b_fifo_runtime_v1
14095,C_1168,2010,2011,0.000636973185465,0,0,0.2,0.0167332757264,2026-09-08T22:18:53.221714+00:00,study3b_fifo_runtime_v1
14115,C_1169,2010,2011,9.53556173044e-06,0,0,0.2,0.0167332757264,2026-09-08T22:18:53.221714+00:00,study3b_fifo_runtime_v1
14153,C_1173,2010,2011,0.000437358161435,0,0,0.2,0.0167332757264,2026-09-08T22:18:53.221714+00:00,study3b_fifo_runtime_v1
14165,C_1174,2010,2011,0.0001421339839,0,0,0.2,0.0167332757264,2026-09-08T22:18:53.221714+00:00,study3b_fifo_runtime_v1
14179,C_1175,2010,2011,7.01772223692e-05,0,0,0.2,0.0167332757264,2026-09-08T22:18:53.221714+00:00,study3b_fifo_runtime_v1
14206,C_1177,2010,2011,0.000774574233219,0,0,0.2,0.0167332757264,2026-09-08T22:18:53.221714+00:00,study3b_fifo_runtime_v1
14226,C_1178,2010,2011,0.000253671110841,0,0,0.2,0.0167332757264,2026-09-08T22:18:53.221714+00:00,study3b_fifo_runtime_v1
14246,C_1179,2010,2011,0.0123702725396,0,0,0.2,0.0167332757264,2026-09-08T22:18:53.221714+00:00,study3b_fifo_runtime_v1
14291,C_1184,2010,2011,0.000326262234012,0,0,0.2,0.0167332757264,2026-09-08T22:18:53.221714+00:00,study3b_fifo_runtime_v1
14322,C_1188,2010,2011,0.000132385583129,0,0,0.2,0.0167332757264,2026-09-08T22:18:53.221714+00:00,study3b_fifo_runtime_v1
14342,C_1189,2010,2011,0.0103370854631,0,0,0.2,0.0167332757264,2026-09-08T22:18:53.221714+00:00,study3b_fifo_runtime_v1
14355,C_1190,2010,2011,2.22271064558e-05,0,0,0.2,0.0167332757264,2026-09-08T22:18:53.221714+00:00,study3b_fifo_runtime_v1
14394,C_1192,2010,2011,0.00288792629726,0,0,0.2,0.0167332757264,2026-09-08T22:18:53.221714+00:00,study3b_fifo_runtime_v1
14414,C_1193,2010,2011,0.000108052663563,0,0,0.2,0.0167332757264,2026-09-08T22:18:53.221714+00:00,study3b_fifo_runtime_v1
14434,C_1194,2010,2011,6.85249397065e-05,0,0,0.2,0.0167332757264,2026-09-08T22:18:53.221714+00:00,study3b_fifo_runtime_v1
14461,C_1196,2010,2011,8.03551301942e-05,0,0,0.2,0.0167332757264,2026-09-08T22:18:53.221714+00:00,study3b_fifo_runtime_v1
14492,C_1199,2010,2011,0.000176088375156,0,0,0.2,0.0167332757264,2026-09-08T22:18:53.221714+00:00,study3b_fifo_runtime_v1
14512,C_1200,2010,2011,0.000155600850121,0,0,0.2,0.0167332757264,2026-09-08T22:18:53.221714+00:00,study3b_fifo_runtime_v1
14526,C_1201,2010,2011,0.000438075396232,0,0,0.2,0.0167332757264,2026-09-08T22:18:53.221714+00:00,study3b_fifo_runtime_v1
14558,C_1204,2010,2011,3.26608642354e-05,0,0,0.2,0.0167332757264,2026-09-08T22:18:53.221714+00:00,study3b_fifo_runtime_v1
14585,C_1207,2010,2011,0.000320534891216,0,0,0.2,0.0167332757264,2026-09-08T22:18:53.221714+00:00,study3b_fifo_runtime_v1
14605,C_1208,2010,2011,3.70951129298e-05,0,0,0.2,0.0167332757264,2026-09-08T22:18:53.221714+00:00,study3b_fifo_runtime_v1
14635,C_1210,2010,2011,2.73343739536e-05,0,0,0.2,0.0167332757264,2026-09-08T22:18:53.221714+00:00,study3b_fifo_runtime_v1
14655,C_1211,2010,2011,0.00123824796174,0,0,0.2,0.0167332757264,2026-09-08T22:18:53.221714+00:00,study3b_fifo_runtime_v1
14675,C_1212,2010,2011,0.000142582503031,0,0,0.2,0.0167332757264,2026-09-08T22:18:53.221714+00:00,study3b_fifo_runtime_v1
14694,C_1213,2010,2011,0.000613616371993,0,0,0.2,0.0167332757264,2026-09-08T22:18:53.221714+00:00,study3b_fifo_runtime_v1
14721,C_1215,2010,2011,0.0114826215431,0,0,0.2,0.0167332757264,2026-09-08T22:18:53.221714+00:00,study3b_fifo_runtime_v1
14741,C_1216,2010,2011,0.00208808016032,0,0,0.2,0.0167332757264,2026-09-08T22:18:53.221714+00:00,study3b_fifo_runtime_v1
14768,C_1219,2010,2011,0.000452861975646,0,0,0.2,0.0167332757264,2026-09-08T22:18:53.221714+00:00,study3b_fifo_runtime_v1
14791,C_1222,2010,2011,0.000742054311559,0,0,0.2,0.0167332757264,2026-09-08T22:18:53.221714+00:00,study3b_fifo_runtime_v1
14822,C_1226,2010,2011,0.00126406969503,0,0,0.2,0.0167332757264,2026-09-08T22:18:53.221714+00:00,study3b_fifo_runtime_v1
14839,C_1227,2010,2011,0.000123059464386,0,0,0.2,0.0167332757264,2026-09-08T22:18:53.221714+00:00,study3b_fifo_runtime_v1
14859,C_1228,2010,2011,0.00260345707648,0,0,0.2,0.0167332757264,2026-09-08T22:18:53.221714+00:00,study3b_fifo_runtime_v1
14879,C_1229,2010,2011,6.56705378788e-05,0,0,0.2,0.0167332757264,2026-09-08T22:18:53.221714+00:00,study3b_fifo_runtime_v1
14915,C_1232,2010,2011,0.00014967401512,0,0,0.2,0.0167332757264,2026-09-08T22:18:53.221714+00:00,study3b_fifo_runtime_v1
14931,C_1233,2010,2011,0.000290345546091,0,0,0.2,0.0167332757264,2026-09-08T22:18:53.221714+00:00,study3b_fifo_runtime_v1
14951,C_1234,2010,2011,0.000271517230431,0,0,0.2,0.0167332757264,2026-09-08T22:18:53.221714+00:00,study3b_fifo_runtime_v1
14981,C_1237,2010,2011,1.27187013277e-05,0,0,0.2,0.0167332757264,2026-09-08T22:18:53.221714+00:00,study3b_fifo_runtime_v1
15001,C_1238,2010,2011,0.000113862392027,0,0,0.2,0.0167332757264,2026-09-08T22:18:53.221714+00:00,study3b_fifo_runtime_v1
15026,C_1240,2010,2011,6.26837936579e-05,0,0,0.2,0.0167332757264,2026-09-08T22:18:53.221714+00:00,study3b_fifo_runtime_v1
15056,C_1243,2010,2011,0.000285593239823,0,0,0.2,0.0167332757264,2026-09-08T22:18:53.221714+00:00,study3b_fifo_runtime_v1
15076,C_1244,2010,2011,0.000257995096035,0,0,0.2,0.0167332757264,2026-09-08T22:18:53.221714+00:00,study3b_fifo_runtime_v1
15095,C_1245,2010,2011,0.00181675248314,0,0,0.2,0.0167332757264,2026-09-08T22:18:53.221714+00:00,study3b_fifo_runtime_v1
15115,C_1246,2010,2011,0.000258482788922,0,0,0.2,0.0167332757264,2026-09-08T22:18:53.221714+00:00,study3b_fifo_runtime_v1
15135,C_1247,2010,2011,0.000130980726681,0,0,0.2,0.0167332757264,2026-09-08T22:18:53.221714+00:00,study3b_fifo_runtime_v1
15163,C_1250,2010,2011,0.000384869985282,0,0,0.2,0.0167332757264,2026-09-08T22:18:53.221714+00:00,study3b_fifo_runtime_v1
15180,C_1251,2010,2011,4.0588882257e-05,0,0,0.2,0.0167332757264,2026-09-08T22:18:53.221714+00:00,study3b_fifo_runtime_v1
15200,C_1252,2010,2011,0.00317699275911,0,0,0.2,0.0167332757264,2026-09-08T22:18:53.221714+00:00,study3b_fifo_runtime_v1
15220,C_1253,2010,2011,0.00729398010299,0,0,0.2,0.0167332757264,2026-09-08T22:18:53.221714+00:00,study3b_fifo_runtime_v1
15240,C_1254,2010,2011,0.000152282198542,0,0,0.2,0.0167332757264,2026-09-08T22:18:53.221714+00:00,study3b_fifo_runtime_v1
15266,C_1258,2010,2011,3.90746899939e-05,0,0,0.2,0.0167332757264,2026-09-08T22:18:53.221714+00:00,study3b_fifo_runtime_v1
15320,C_1266,2010,2011,0.0121605442837,0,0,0.2,0.0167332757264,2026-09-08T22:18:53.221714+00:00,study3b_fifo_runtime_v1
15357,C_1269,2010,2011,0.000961029843893,0,0,0.2,0.0167332757264,2026-09-08T22:18:53.221714+00:00,study3b_fifo_runtime_v1
15377,C_1270,2010,2011,0.00031383568421,0,0,0.2,0.0167332757264,2026-09-08T22:18:53.221714+00:00,study3b_fifo_runtime_v1
15394,C_1271,2010,2011,0.000111905887024,0,0,0.2,0.0167332757264,2026-09-08T22:18:53.221714+00:00,study3b_fifo_runtime_v1
15416,C_1273,2010,2011,0.000100358542113,0,0,0.2,0.0167332757264,2026-09-08T22:18:53.221714+00:00,study3b_fifo_runtime_v1
15454,C_1278,2010,2011,0.00105521059595,0,0,0.2,0.0167332757264,2026-09-08T22:18:53.221714+00:00,study3b_fifo_runtime_v1
15477,C_1280,2010,2011,0.0096142841503,0,0,0.2,0.0167332757264,2026-09-08T22:18:53.221714+00:00,study3b_fifo_runtime_v1
15498,C_1282,2010,2011,0.000183618380106,0,0,0.2,0.0167332757264,2026-09-08T22:18:53.221714+00:00,study3b_fifo_runtime_v1
15525,C_1284,2010,2011,3.72746580979e-05,0,0,0.2,0.0167332757264,2026-09-08T22:18:53.221714+00:00,study3b_fifo_runtime_v1
15555,C_1288,2010,2011,6.04666711297e-05,0,0,0.2,0.0167332757264,2026-09-08T22:18:53.221714+00:00,study3b_fifo_runtime_v1
15575,C_1289,2010,2011,0.000109899207018,0,0,0.2,0.0167332757264,2026-09-08T22:18:53.221714+00:00,study3b_fifo_runtime_v1
15596,C_1291,2010,2011,8.41182190925e-05,0,0,0.2,0.0167332757264,2026-09-08T22:18:53.221714+00:00,study3b_fifo_runtime_v1
15618,C_1293,2010,2011,4.21006006945e-05,0,0,0.2,0.0167332757264,2026-09-08T22:18:53.221714+00:00,study3b_fifo_runtime_v1
15647,C_1295,2010,2011,0.000354530871846,0,0,0.2,0.0167332757264,2026-09-08T22:18:53.221714+00:00,study3b_fifo_runtime_v1
15667,C_1296,2010,2011,0.000121488119476,0,0,0.2,0.0167332757264,2026-09-08T22:18:53.221714+00:00,study3b_fifo_runtime_v1
15691,C_1298,2010,2011,0.000253114412772,0,0,0.2,0.0167332757264,2026-09-08T22:18:53.221714+00:00,study3b_fifo_runtime_v1
15719,C_1300,2010,2011,2.60186479863e-05,0,0,0.2,0.0167332757264,2026-09-08T22:18:53.221714+00:00,study3b_fifo_runtime_v1
15739,C_1301,2010,2011,0.00118170736823,0,0,0.2,0.0167332757264,2026-09-08T22:18:53.221714+00:00,study3b_fifo_runtime_v1
15759,C_1302,2010,2011,0.000510129670147,0,0,0.2,0.0167332757264,2026-09-08T22:18:53.221714+00:00,study3b_fifo_runtime_v1
15792,C_1306,2010,2011,4.58436079498e-05,0,0,0.2,0.0167332757264,2026-09-08T22:18:53.221714+00:00,study3b_fifo_runtime_v1
15812,C_1307,2010,2011,0.000120180899103,0,0,0.2,0.0167332757264,2026-09-08T22:18:53.221714+00:00,study3b_fifo_runtime_v1
15841,C_1310,2010,2011,0.00012049247016,0,0,0.2,0.0167332757264,2026-09-08T22:18:53.221714+00:00,study3b_fifo_runtime_v1
15876,C_1314,2010,2011,0.000292418029858,0,0,0.2,0.0167332757264,2026-09-08T22:18:53.221714+00:00,study3b_fifo_runtime_v1
15896,C_1315,2010,2011,8.23936134111e-05,0,0,0.2,0.0167332757264,2026-09-08T22:18:53.221714+00:00,study3b_fifo_runtime_v1
15928,C_1319,2010,2011,0.000970890454482,0,0,0.2,0.0167332757264,2026-09-08T22:18:53.221714+00:00,study3b_fifo_runtime_v1
15955,C_1325,2010,2011,0.00223403749987,0,0,0.2,0.0167332757264,2026-09-08T22:18:53.221714+00:00,study3b_fifo_runtime_v1
15976,C_1327,2010,2011,4.82050927531e-05,0,0,0.2,0.0167332757264,2026-09-08T22:18:53.221714+00:00,study3b_fifo_runtime_v1
15995,C_1328,2010,2011,0.000236720545217,0,0,0.2,0.0167332757264,2026-09-08T22:18:53.221714+00:00,study3b_fifo_runtime_v1
16025,C_1331,2010,2011,0.000256860250374,0,0,0.2,0.0167332757264,2026-09-08T22:18:53.221714+00:00,study3b_fifo_runtime_v1
16045,C_1332,2010,2011,8.73894823599e-05,0,0,0.2,0.0167332757264,2026-09-08T22:18:53.221714+00:00,study3b_fifo_runtime_v1
16076,C_1337,2010,2011,7.8958364611e-05,0,0,0.2,0.0167332757264,2026-09-08T22:18:53.221714+00:00,study3b_fifo_runtime_v1
16096,C_1338,2010,2011,4.73534855701e-05,0,0,0.2,0.0167332757264,2026-09-08T22:18:53.221714+00:00,study3b_fifo_runtime_v1
16126,C_1341,2010,2011,0.000181328898179,0,0,0.2,0.0167332757264,2026-09-08T22:18:53.221714+00:00,study3b_fifo_runtime_v1
16158,C_1344,2010,2011,0.000103470090835,0,0,0.2,0.0167332757264,2026-09-08T22:18:53.221714+00:00,study3b_fifo_runtime_v1
16178,C_1345,2010,2011,4.11300425185e-05,0,0,0.2,0.0167332757264,2026-09-08T22:18:53.221714+00:00,study3b_fifo_runtime_v1
16205,C_1347,2010,2011,3.57542339771e-05,0,0,0.2,0.0167332757264,2026-09-08T22:18:53.221714+00:00,study3b_fifo_runtime_v1
16227,C_1349,2010,2011,7.61249757488e-05,0,0,0.2,0.0167332757264,2026-09-08T22:18:53.221714+00:00,study3b_fifo_runtime_v1
16242,C_1350,2010,2011,0.00244215573184,0,0,0.2,0.0167332757264,2026-09-08T22:18:53.221714+00:00,study3b_fifo_runtime_v1
16270,C_1353,2010,2011,0.000209919424378,0,0,0.2,0.0167332757264,2026-09-08T22:18:53.221714+00:00,study3b_fifo_runtime_v1
16314,C_1359,2010,2011,0.000951786525548,0,0,0.2,0.0167332757264,2026-09-08T22:18:53.221714+00:00,study3b_fifo_runtime_v1
16334,C_1360,2010,2011,2.82524342765e-05,0,0,0.2,0.0167332757264,2026-09-08T22:18:53.221714+00:00,study3b_fifo_runtime_v1
16349,C_1361,2010,2011,3.42290295521e-05,0,0,0.2,0.0167332757264,2026-09-08T22:18:53.221714+00:00,study3b_fifo_runtime_v1
16397,C_1367,2010,2011,6.25245520496e-05,0,0,0.2,0.0167332757264,2026-09-08T22:18:53.221714+00:00,study3b_fifo_runtime_v1
16412,C_1368,2010,2011,0.00225734477863,0,0,0.2,0.0167332757264,2026-09-08T22:18:53.221714+00:00,study3b_fifo_runtime_v1
16425,C_1370,2010,2011,7.2121314588e-05,0,0,0.2,0.0167332757264,2026-09-08T22:18:53.221714+00:00,study3b_fifo_runtime_v1
16460,C_1376,2010,2011,0.000224430914386,0,0,0.2,0.0167332757264,2026-09-08T22:18:53.221714+00:00,study3b_fifo_runtime_v1
16482,C_1378,2010,2011,0.000478329573525,0,0,0.2,0.0167332757264,2026-09-08T22:18:53.221714+00:00,study3b_fifo_runtime_v1
16506,C_1380,2010,2011,3.70696543541e-05,0,0,0.2,0.0167332757264,2026-09-08T22:18:53.221714+00:00,study3b_fifo_runtime_v1
16526,C_1381,2010,2011,0.00035383735667,0,0,0.2,0.0167332757264,2026-09-08T22:18:53.221714+00:00,study3b_fifo_runtime_v1
16545,C_1382,2010,2011,0.000171334773768,0,0,0.2,0.0167332757264,2026-09-08T22:18:53.221714+00:00,study3b_fifo_runtime_v1
16570,C_1384,2010,2011,0.049820471555,0,1,0.2,0.0167332757264,2026-09-08T22:18:53.221714+00:00,study3b_fifo_runtime_v1
16605,C_1387,2010,2011,8.13092701719e-05,0,0,0.2,0.0167332757264,2026-09-08T22:18:53.221714+00:00,study3b_fifo_runtime_v1
16634,C_1390,2010,2011,0.0220773052424,0,1,0.2,0.0167332757264,2026-09-08T22:18:53.221714+00:00,study3b_fifo_runtime_v1
16655,C_1392,2010,2011,1.50335536091e-05,0,0,0.2,0.0167332757264,2026-09-08T22:18:53.221714+00:00,study3b_fifo_runtime_v1
16688,C_1397,2010,2011,0.000328181515215,0,0,0.2,0.0167332757264,2026-09-08T22:18:53.221714+00:00,study3b_fifo_runtime_v1
16724,C_1402,2010,2011,9.68809472397e-05,0,0,0.2,0.0167332757264,2026-09-08T22:18:53.221714+00:00,study3b_fifo_runtime_v1
16744,C_1403,2010,2011,0.000727573002223,0,0,0.2,0.0167332757264,2026-09-08T22:18:53.221714+00:00,study3b_fifo_runtime_v1
16776,C_1406,2010,2011,0.000176528978045,0,0,0.2,0.0167332757264,2026-09-08T22:18:53.221714+00:00,study3b_fifo_runtime_v1
16817,C_1410,2010,2011,6.09121816524e-05,0,0,0.2,0.0167332757264,2026-09-08T22:18:53.221714+00:00,study3b_fifo_runtime_v1
16842,C_1414,2010,2011,0.000534664839506,0,0,0.2,0.0167332757264,2026-09-08T22:18:53.221714+00:00,study3b_fifo_runtime_v1
16862,C_1415,2010,2011,8.22690781206e-05,0,0,0.2,0.0167332757264,2026-09-08T22:18:53.221714+00:00,study3b_fifo_runtime_v1
16893,C_1419,2010,2011,0.00501714413986,0,0,0.2,0.0167332757264,2026-09-08T22:18:53.221714+00:00,study3b_fifo_runtime_v1
16906,C_1420,2010,2011,0.000219742360059,0,0,0.2,0.0167332757264,2026-09-08T22:18:53.221714+00:00,study3b_fifo_runtime_v1
16926,C_1421,2010,2011,0.000374663941329,0,0,0.2,0.0167332757264,2026-09-08T22:18:53.221714+00:00,study3b_fifo_runtime_v1
16942,C_1422,2010,2011,0.00115080992691,0,0,0.2,0.0167332757264,2026-09-08T22:18:53.221714+00:00,study3b_fifo_runtime_v1
16980,C_1428,2010,2011,9.44031853578e-05,0,0,0.2,0.0167332757264,2026-09-08T22:18:53.221714+00:00,study3b_fifo_runtime_v1
16997,C_1429,2010,2011,0.00127693510149,0,0,0.2,0.0167332757264,2026-09-08T22:18:53.221714+00:00,study3b_fifo_runtime_v1
17028,C_1431,2010,2011,0.000138527451782,0,0,0.2,0.0167332757264,2026-09-08T22:18:53.221714+00:00,study3b_fifo_runtime_v1
17042,C_1432,2010,2011,5.55062870262e-05,0,0,0.2,0.0167332757264,2026-09-08T22:18:53.221714+00:00,study3b_fifo_runtime_v1
17062,C_1433,2010,2011,0.000687794236001,0,0,0.2,0.0167332757264,2026-09-08T22:18:53.221714+00:00,study3b_fifo_runtime_v1
17081,C_1434,2010,2011,0.00103827554267,0,0,0.2,0.0167332757264,2026-09-08T22:18:53.221714+00:00,study3b_fifo_runtime_v1
17098,C_1435,2010,2011,0.000257012085058,0,0,0.2,0.0167332757264,2026-09-08T22:18:53.221714+00:00,study3b_fifo_runtime_v1
17116,C_1437,2010,2011,0.000805172137916,0,0,0.2,0.0167332757264,2026-09-08T22:18:53.221714+00:00,study3b_fifo_runtime_v1
17128,C_1438,2010,2011,6.50005449643e-06,0,0,0.2,0.0167332757264,2026-09-08T22:18:53.221714+00:00,study3b_fifo_runtime_v1
17148,C_1439,2010,2011,5.21697802469e-05,0,0,0.2,0.0167332757264,2026-09-08T22:18:53.221714+00:00,study3b_fifo_runtime_v1
17168,C_1440,2010,2011,0.000124650934595,0,0,0.2,0.0167332757264,2026-09-08T22:18:53.221714+00:00,study3b_fifo_runtime_v1
17197,C_1443,2010,2011,0.000173830238055,0,0,0.2,0.0167332757264,2026-09-08T22:18:53.221714+00:00,study3b_fifo_runtime_v1
17217,C_1444,2010,2011,2.03799481824e-05,0,0,0.2,0.0167332757264,2026-09-08T22:18:53.221714+00:00,study3b_fifo_runtime_v1
17237,C_1445,2010,2011,0.000423018471338,0,0,0.2,0.0167332757264,2026-09-08T22:18:53.221714+00:00,study3b_fifo_runtime_v1
17260,C_1448,2010,2011,0.00114788103383,0,0,0.2,0.0167332757264,2026-09-08T22:18:53.221714+00:00,study3b_fifo_runtime_v1
17279,C_1450,2010,2011,0.000537609681487,0,0,0.2,0.0167332757264,2026-09-08T22:18:53.221714+00:00,study3b_fifo_runtime_v1
17310,C_1452,2010,2011,0.000617171113845,0,0,0.2,0.0167332757264,2026-09-08T22:18:53.221714+00:00,study3b_fifo_runtime_v1
17330,C_1453,2010,2011,2.2962298317e-05,0,0,0.2,0.0167332757264,2026-09-08T22:18:53.221714+00:00,study3b_fifo_runtime_v1
17347,C_1454,2010,2011,3.8175508962e-05,0,0,0.2,0.0167332757264,2026-09-08T22:18:53.221714+00:00,study3b_fifo_runtime_v1
17365,C_1455,2010,2011,0.000154641937115,0,0,0.2,0.0167332757264,2026-09-08T22:18:53.221714+00:00,study3b_fifo_runtime_v1
17385,C_1456,2010,2011,0.000727500475477,0,0,0.2,0.0167332757264,2026-09-08T22:18:53.221714+00:00,study3b_fifo_runtime_v1
17399,C_1457,2010,2011,0.000117677322123,0,0,0.2,0.0167332757264,2026-09-08T22:18:53.221714+00:00,study3b_fifo_runtime_v1
17419,C_1458,2010,2011,0.000372556038201,0,0,0.2,0.0167332757264,2026-09-08T22:18:53.221714+00:00,study3b_fifo_runtime_v1
17439,C_1461,2010,2011,0.000185774188139,0,0,0.2,0.0167332757264,2026-09-08T22:18:53.221714+00:00,study3b_fifo_runtime_v1
17462,C_1464,2010,2011,0.000309622380883,0,0,0.2,0.0167332757264,2026-09-08T22:18:53.221714+00:00,study3b_fifo_runtime_v1
17487,C_1466,2010,2011,0.000110465880425,0,0,0.2,0.0167332757264,2026-09-08T22:18:53.221714+00:00,study3b_fifo_runtime_v1
17500,C_1467,2010,2011,3.51331582351e-05,0,0,0.2,0.0167332757264,2026-09-08T22:18:53.221714+00:00,study3b_fifo_runtime_v1
17521,C_1469,2010,2011,0.000183679789188,0,0,0.2,0.0167332757264,2026-09-08T22:18:53.221714+00:00,study3b_fifo_runtime_v1
17536,C_1470,2010,2011,7.89100959082e-05,0,0,0.2,0.0167332757264,2026-09-08T22:18:53.221714+00:00,study3b_fifo_runtime_v1
17563,C_1472,2010,2011,0.000228138946113,0,0,0.2,0.0167332757264,2026-09-08T22:18:53.221714+00:00,study3b_fifo_runtime_v1
17583,C_1473,2010,2011,0.00030235297163,0,0,0.2,0.0167332757264,2026-09-08T22:18:53.221714+00:00,study3b_fifo_runtime_v1
17615,C_1476,2010,2011,4.2685889639e-05,0,0,0.2,0.0167332757264,2026-09-08T22:18:53.221714+00:00,study3b_fifo_runtime_v1
17664,C_1483,2010,2011,9.6291245427e-05,0,0,0.2,0.0167332757264,2026-09-08T22:18:53.221714+00:00,study3b_fifo_runtime_v1
17684,C_1484,2010,2011,6.48125496809e-05,0,0,0.2,0.0167332757264,2026-09-08T22:18:53.221714+00:00,study3b_fifo_runtime_v1
17712,C_1486,2010,2011,0.000170943792909,0,0,0.2,0.0167332757264,2026-09-08T22:18:53.221714+00:00,study3b_fifo_runtime_v1
17740,C_1490,2010,2011,0.00349451345392,0,0,0.2,0.0167332757264,2026-09-08T22:18:53.221714+00:00,study3b_fifo_runtime_v1
17759,C_1491,2010,2011,8.47885385156e-05,0,0,0.2,0.0167332757264,2026-09-08T22:18:53.221714+00:00,study3b_fifo_runtime_v1
17779,C_1492,2010,2011,0.000194159933017,0,0,0.2,0.0167332757264,2026-09-08T22:18:53.221714+00:00,study3b_fifo_runtime_v1
17799,C_1493,2010,2011,3.92427791667e-05,0,0,0.2,0.0167332757264,2026-09-08T22:18:53.221714+00:00,study3b_fifo_runtime_v1
17817,C_1495,2010,2011,5.8176668972e-05,0,0,0.2,0.0167332757264,2026-09-08T22:18:53.221714+00:00,study3b_fifo_runtime_v1
17833,C_1496,2010,2011,0.00555620342493,0,0,0.2,0.0167332757264,2026-09-08T22:18:53.221714+00:00,study3b_fifo_runtime_v1
17846,C_1497,2010,2011,1.79975668289e-05,0,0,0.2,0.0167332757264,2026-09-08T22:18:53.221714+00:00,study3b_fifo_runtime_v1
17870,C_1500,2010,2011,0.0769398212433,0,1,0.2,0.0167332757264,2026-09-08T22:18:53.221714+00:00,study3b_fifo_runtime_v1
17882,C_1501,2010,2011,2.8057345844e-05,0,0,0.2,0.0167332757264,2026-09-08T22:18:53.221714+00:00,study3b_fifo_runtime_v1
17919,C_1505,2010,2011,9.19050289667e-05,0,0,0.2,0.0167332757264,2026-09-08T22:18:53.221714+00:00,study3b_fifo_runtime_v1
17953,C_1510,2010,2011,0.000306213158183,0,0,0.2,0.0167332757264,2026-09-08T22:18:53.221714+00:00,study3b_fifo_runtime_v1
17970,C_1511,2010,2011,0.000537836691365,0,0,0.2,0.0167332757264,2026-09-08T22:18:53.221714+00:00,study3b_fifo_runtime_v1
17984,C_1513,2010,2011,0.0029564332217,0,0,0.2,0.0167332757264,2026-09-08T22:18:53.221714+00:00,study3b_fifo_runtime_v1
18003,C_1515,2010,2011,0.0189794935286,0,1,0.2,0.0167332757264,2026-09-08T22:18:53.221714+00:00,study3b_fifo_runtime_v1
18024,C_1517,2010,2011,7.29334715288e-05,0,0,0.2,0.0167332757264,2026-09-08T22:18:53.221714+00:00,study3b_fifo_runtime_v1
18073,C_1523,2010,2011,0.000416962808231,0,0,0.2,0.0167332757264,2026-09-08T22:18:53.221714+00:00,study3b_fifo_runtime_v1
18089,C_1525,2010,2011,0.00705126672983,0,0,0.2,0.0167332757264,2026-09-08T22:18:53.221714+00:00,study3b_fifo_runtime_v1
18101,C_1526,2010,2011,0.000607987283729,0,0,0.2,0.0167332757264,2026-09-08T22:18:53.221714+00:00,study3b_fifo_runtime_v1
18120,C_1527,2010,2011,3.93449990952e-05,0,0,0.2,0.0167332757264,2026-09-08T22:18:53.221714+00:00,study3b_fifo_runtime_v1
18150,C_1530,2010,2011,4.99581910844e-05,0,0,0.2,0.0167332757264,2026-09-08T22:18:53.221714+00:00,study3b_fifo_runtime_v1
18169,C_1531,2010,2011,0.00755113223568,0,0,0.2,0.0167332757264,2026-09-08T22:18:53.221714+00:00,study3b_fifo_runtime_v1
18186,C_1533,2010,2011,0.00228686467744,0,0,0.2,0.0167332757264,2026-09-08T22:18:53.221714+00:00,study3b_fifo_runtime_v1
18217,C_1535,2010,2011,0.00849231611937,0,0,0.2,0.0167332757264,2026-09-08T22:18:53.221714+00:00,study3b_fifo_runtime_v1
18245,C_1538,2010,2011,0.000501552072819,0,0,0.2,0.0167332757264,2026-09-08T22:18:53.221714+00:00,study3b_fifo_runtime_v1
18265,C_1539,2010,2011,5.8730870478e-06,0,0,0.2,0.0167332757264,2026-09-08T22:18:53.221714+00:00,study3b_fifo_runtime_v1
18285,C_1540,2010,2011,0.000287668313831,0,0,0.2,0.0167332757264,2026-09-08T22:18:53.221714+00:00,study3b_fifo_runtime_v1
18311,C_1542,2010,2011,0.000387520325603,0,0,0.2,0.0167332757264,2026-09-08T22:18:53.221714+00:00,study3b_fifo_runtime_v1
18318,C_1544,2010,2011,0.000107347790617,0,0,0.2,0.0167332757264,2026-09-08T22:18:53.221714+00:00,study3b_fifo_runtime_v1
18349,C_1549,2010,2011,2.63513502432e-05,0,0,0.2,0.0167332757264,2026-09-08T22:18:53.221714+00:00,study3b_fifo_runtime_v1
18369,C_1550,2010,2011,0.00415190821514,0,0,0.2,0.0167332757264,2026-09-08T22:18:53.221714+00:00,study3b_fifo_runtime_v1
18396,C_1553,2010,2011,1.36971793836e-05,0,0,0.2,0.0167332757264,2026-09-08T22:18:53.221714+00:00,study3b_fifo_runtime_v1
18418,C_1555,2010,2011,0.000774892338086,0,0,0.2,0.0167332757264,2026-09-08T22:18:53.221714+00:00,study3b_fifo_runtime_v1
18455,C_1559,2010,2011,0.0410175360739,0,1,0.2,0.0167332757264,2026-09-08T22:18:53.221714+00:00,study3b_fifo_runtime_v1
18469,C_1560,2010,2011,4.36975133198e-05,0,0,0.2,0.0167332757264,2026-09-08T22:18:53.221714+00:00,study3b_fifo_runtime_v1
18497,C_1562,2010,2011,2.21047303057e-05,0,0,0.2,0.0167332757264,2026-09-08T22:18:53.221714+00:00,study3b_fifo_runtime_v1
18514,C_1564,2010,2011,7.30672545615e-05,0,0,0.2,0.0167332757264,2026-09-08T22:18:53.221714+00:00,study3b_fifo_runtime_v1
18534,C_1565,2010,2011,0.000421839213232,0,0,0.2,0.0167332757264,2026-09-08T22:18:53.221714+00:00,study3b_fifo_runtime_v1
18550,C_1568,2010,2011,2.47774714808e-05,0,0,0.2,0.0167332757264,2026-09-08T22:18:53.221714+00:00,study3b_fifo_runtime_v1
18571,C_1571,2010,2011,0.000900879793335,0,0,0.2,0.0167332757264,2026-09-08T22:18:53.221714+00:00,study3b_fifo_runtime_v1
18591,C_1572,2010,2011,1.27135945149e-05,0,0,0.2,0.0167332757264,2026-09-08T22:18:53.221714+00:00,study3b_fifo_runtime_v1
18630,C_1576,2010,2011,0.000104034552351,0,0,0.2,0.0167332757264,2026-09-08T22:18:53.221714+00:00,study3b_fifo_runtime_v1
18664,C_1581,2010,2011,0.000350860063918,0,0,0.2,0.0167332757264,2026-09-08T22:18:53.221714+00:00,study3b_fifo_runtime_v1
18707,C_1585,2010,2011,0.000100738914625,0,0,0.2,0.0167332757264,2026-09-08T22:18:53.221714+00:00,study3b_fifo_runtime_v1
18729,C_1587,2010,2011,0.000526264251675,0,0,0.2,0.0167332757264,2026-09-08T22:18:53.221714+00:00,study3b_fifo_runtime_v1
18749,C_1588,2010,2011,0.000719567935448,0,0,0.2,0.0167332757264,2026-09-08T22:18:53.221714+00:00,study3b_fifo_runtime_v1
18761,C_1589,2010,2011,8.09792618384e-05,0,0,0.2,0.0167332757264,2026-09-08T22:18:53.221714+00:00,study3b_fifo_runtime_v1
18781,C_1590,2010,2011,0.00435913773254,0,0,0.2,0.0167332757264,2026-09-08T22:18:53.221714+00:00,study3b_fifo_runtime_v1
18802,C_1592,2010,2011,1.45670555867e-05,0,0,0.2,0.0167332757264,2026-09-08T22:18:53.221714+00:00,study3b_fifo_runtime_v1
18834,C_1595,2010,2011,0.0116718495265,0,0,0.2,0.0167332757264,2026-09-08T22:18:53.221714+00:00,study3b_fifo_runtime_v1
18855,C_1597,2010,2011,0.00263951602392,0,0,0.2,0.0167332757264,2026-09-08T22:18:53.221714+00:00,study3b_fifo_runtime_v1
18867,C_1598,2010,2011,3.29805043293e-05,0,0,0.2,0.0167332757264,2026-09-08T22:18:53.221714+00:00,study3b_fifo_runtime_v1
18887,C_1599,2010,2011,0.00541194481775,0,0,0.2,0.0167332757264,2026-09-08T22:18:53.221714+00:00,study3b_fifo_runtime_v1
18899,C_1600,2010,2011,0.00015447147598,0,0,0.2,0.0167332757264,2026-09-08T22:18:53.221714+00:00,study3b_fifo_runtime_v1
18925,C_1603,2010,2011,0.010428160429,0,0,0.2,0.0167332757264,2026-09-08T22:18:53.221714+00:00,study3b_fifo_runtime_v1
18938,C_1604,2010,2011,0.00157547777053,0,0,0.2,0.0167332757264,2026-09-08T22:18:53.221714+00:00,study3b_fifo_runtime_v1
18955,C_1605,2010,2011,0.00202259956859,0,0,0.2,0.0167332757264,2026-09-08T22:18:53.221714+00:00,study3b_fifo_runtime_v1
18975,C_1606,2010,2011,6.9424364483e-05,0,0,0.2,0.0167332757264,2026-09-08T22:18:53.221714+00:00,study3b_fifo_runtime_v1
18992,C_1608,2010,2011,1.73486023414e-05,0,0,0.2,0.0167332757264,2026-09-08T22:18:53.221714+00:00,study3b_fifo_runtime_v1
19012,C_1609,2010,2011,0.00120902608614,0,0,0.2,0.0167332757264,2026-09-08T22:18:53.221714+00:00,study3b_fifo_runtime_v1
19031,C_1610,2010,2011,0.00167579983827,0,0,0.2,0.0167332757264,2026-09-08T22:18:53.221714+00:00,study3b_fifo_runtime_v1
19050,C_1611,2010,2011,0.000308816583129,0,0,0.2,0.0167332757264,2026-09-08T22:18:53.221714+00:00,study3b_fifo_runtime_v1
19070,C_1612,2010,2011,0.00546799739823,0,0,0.2,0.0167332757264,2026-09-08T22:18:53.221714+00:00,study3b_fifo_runtime_v1
19090,C_1613,2010,2011,0.000676380237564,0,0,0.2,0.0167332757264,2026-09-08T22:18:53.221714+00:00,study3b_fifo_runtime_v1
19114,C_1615,2010,2011,9.82851852314e-05,0,0,0.2,0.0167332757264,2026-09-08T22:18:53.221714+00:00,study3b_fifo_runtime_v1
19130,C_1617,2010,2011,0.00110552913975,0,0,0.2,0.0167332757264,2026-09-08T22:18:53.221714+00:00,study3b_fifo_runtime_v1
19160,C_1619,2010,2011,8.52856901474e-05,0,0,0.2,0.0167332757264,2026-09-08T22:18:53.221714+00:00,study3b_fifo_runtime_v1
19180,C_1620,2010,2011,0.000718803203199,0,0,0.2,0.0167332757264,2026-09-08T22:18:53.221714+00:00,study3b_fifo_runtime_v1
19202,C_1622,2010,2011,0.000178912639967,0,0,0.2,0.0167332757264,2026-09-08T22:18:53.221714+00:00,study3b_fifo_runtime_v1
19222,C_1623,2010,2011,0.000510160520207,0,0,0.2,0.0167332757264,2026-09-08T22:18:53.221714+00:00,study3b_fifo_runtime_v1
19243,C_1625,2010,2011,0.000186284145457,0,0,0.2,0.0167332757264,2026-09-08T22:18:53.221714+00:00,study3b_fifo_runtime_v1
19263,C_1626,2010,2011,0.000125836479128,0,0,0.2,0.0167332757264,2026-09-08T22:18:53.221714+00:00,study3b_fifo_runtime_v1
19278,C_1627,2010,2011,0.00223124888726,0,0,0.2,0.0167332757264,2026-09-08T22:18:53.221714+00:00,study3b_fifo_runtime_v1
19298,C_1628,2010,2011,6.56281335978e-05,0,0,0.2,0.0167332757264,2026-09-08T22:18:53.221714+00:00,study3b_fifo_runtime_v1
19321,C_1630,2010,2011,0.000111131113954,0,0,0.2,0.0167332757264,2026-09-08T22:18:53.221714+00:00,study3b_fifo_runtime_v1
19341,C_1631,2010,2011,0.000164319804753,0,0,0.2,0.0167332757264,2026-09-08T22:18:53.221714+00:00,study3b_fifo_runtime_v1
19379,C_1634,2010,2011,0.000187306533917,0,0,0.2,0.0167332757264,2026-09-08T22:18:53.221714+00:00,study3b_fifo_runtime_v1
19398,C_1635,2010,2011,0.0216581802815,0,1,0.2,0.0167332757264,2026-09-08T22:18:53.221714+00:00,study3b_fifo_runtime_v1
19411,C_1636,2010,2011,8.24154994916e-05,0,0,0.2,0.0167332757264,2026-09-08T22:18:53.221714+00:00,study3b_fifo_runtime_v1
19426,C_1637,2010,2011,0.000445388926892,0,0,0.2,0.0167332757264,2026-09-08T22:18:53.221714+00:00,study3b_fifo_runtime_v1
19448,C_1639,2010,2011,0.00149403268006,0,0,0.2,0.0167332757264,2026-09-08T22:18:53.221714+00:00,study3b_fifo_runtime_v1
19469,C_1641,2010,2011,0.00136731460225,0,0,0.2,0.0167332757264,2026-09-08T22:18:53.221714+00:00,study3b_fifo_runtime_v1
19484,C_1642,2010,2011,3.87687905459e-05,0,0,0.2,0.0167332757264,2026-09-08T22:18:53.221714+00:00,study3b_fifo_runtime_v1
19513,C_1644,2010,2011,0.00022740678105,0,0,0.2,0.0167332757264,2026-09-08T22:18:53.221714+00:00,study3b_fifo_runtime_v1
19533,C_1645,2010,2011,2.64268328465e-05,0,0,0.2,0.0167332757264,2026-09-08T22:18:53.221714+00:00,study3b_fifo_runtime_v1
19553,C_1646,2010,2011,0.00017442565877,0,0,0.2,0.0167332757264,2026-09-08T22:18:53.221714+00:00,study3b_fifo_runtime_v1
19572,C_1647,2010,2011,0.00205899472348,0,0,0.2,0.0167332757264,2026-09-08T22:18:53.221714+00:00,study3b_fifo_runtime_v1
19592,C_1648,2010,2011,0.00400808593258,0,0,0.2,0.0167332757264,2026-09-08T22:18:53.221714+00:00,study3b_fifo_runtime_v1
19617,C_1651,2010,2011,0.000203804738703,0,0,0.2,0.0167332757264,2026-09-08T22:18:53.221714+00:00,study3b_fifo_runtime_v1
19646,C_1653,2010,2011,0.00186596531421,0,0,0.2,0.0167332757264,2026-09-08T22:18:53.221714+00:00,study3b_fifo_runtime_v1
19666,C_1654,2010,2011,0.000954685732722,0,0,0.2,0.0167332757264,2026-09-08T22:18:53.221714+00:00,study3b_fifo_runtime_v1
19686,C_1655,2010,2011,6.0933871282e-05,0,0,0.2,0.0167332757264,2026-09-08T22:18:53.221714+00:00,study3b_fifo_runtime_v1
19699,C_1657,2010,2011,1.97368826775e-05,0,0,0.2,0.0167332757264,2026-09-08T22:18:53.221714+00:00,study3b_fifo_runtime_v1
19719,C_1658,2010,2011,4.3798412662e-05,0,0,0.2,0.0167332757264,2026-09-08T22:18:53.221714+00:00,study3b_fifo_runtime_v1
19738,C_1660,2010,2011,2.63701240328e-05,0,0,0.2,0.0167332757264,2026-09-08T22:18:53.221714+00:00,study3b_fifo_runtime_v1
19758,C_1661,2010,2011,2.56933690252e-05,0,0,0.2,0.0167332757264,2026-09-08T22:18:53.221714+00:00,study3b_fifo_runtime_v1
19801,C_1666,2010,2011,0.000501827627886,0,0,0.2,0.0167332757264,2026-09-08T22:18:53.221714+00:00,study3b_fifo_runtime_v1
19823,C_1668,2010,2011,0.00020088837482,0,0,0.2,0.0167332757264,2026-09-08T22:18:53.221714+00:00,study3b_fifo_runtime_v1
19851,C_1670,2010,2011,0.0001185594665,0,0,0.2,0.0167332757264,2026-09-08T22:18:53.221714+00:00,study3b_fifo_runtime_v1
19876,C_1672,2010,2011,0.00903623271734,0,0,0.2,0.0167332757264,2026-09-08T22:18:53.221714+00:00,study3b_fifo_runtime_v1
19896,C_1673,2010,2011,2.97264996334e-05,0,0,0.2,0.0167332757264,2026-09-08T22:18:53.221714+00:00,study3b_fifo_runtime_v1
19916,C_1674,2010,2011,9.01442472241e-05,0,0,0.2,0.0167332757264,2026-09-08T22:18:53.221714+00:00,study3b_fifo_runtime_v1
19943,C_1677,2010,2011,0.0866853520274,0,1,0.2,0.0167332757264,2026-09-08T22:18:53.221714+00:00,study3b_fifo_runtime_v1
19963,C_1678,2010,2011,0.000120738804981,0,0,0.2,0.0167332757264,2026-09-08T22:18:53.221714+00:00,study3b_fifo_runtime_v1
19987,C_1681,2010,2011,0.000103980470158,0,0,0.2,0.0167332757264,2026-09-08T22:18:53.221714+00:00,study3b_fifo_runtime_v1
19999,C_1682,2010,2011,0.000122440978885,0,0,0.2,0.0167332757264,2026-09-08T22:18:53.221714+00:00,study3b_fifo_runtime_v1
20019,C_1683,2010,2011,8.98700382095e-05,0,0,0.2,0.0167332757264,2026-09-08T22:18:53.221714+00:00,study3b_fifo_runtime_v1
20047,C_1687,2010,2011,8.07493488537e-05,0,0,0.2,0.0167332757264,2026-09-08T22:18:53.221714+00:00,study3b_fifo_runtime_v1
20071,C_1690,2010,2011,0.00118991208728,0,0,0.2,0.0167332757264,2026-09-08T22:18:53.221714+00:00,study3b_fifo_runtime_v1
20087,C_1691,2010,2011,4.09683016187e-05,0,0,0.2,0.0167332757264,2026-09-08T22:18:53.221714+00:00,study3b_fifo_runtime_v1
20106,C_1692,2010,2011,1.66563022503e-05,0,0,0.2,0.0167332757264,2026-09-08T22:18:53.221714+00:00,study3b_fifo_runtime_v1
20126,C_1693,2010,2011,0.000128808969748,0,0,0.2,0.0167332757264,2026-09-08T22:18:53.221714+00:00,study3b_fifo_runtime_v1
20145,C_1694,2010,2011,0.000294198602205,0,0,0.2,0.0167332757264,2026-09-08T22:18:53.221714+00:00,study3b_fifo_runtime_v1
20176,C_1696,2010,2011,8.2325313997e-05,0,0,0.2,0.0167332757264,2026-09-08T22:18:53.221714+00:00,study3b_fifo_runtime_v1
20196,C_1697,2010,2011,3.85887469747e-05,0,0,0.2,0.0167332757264,2026-09-08T22:18:53.221714+00:00,study3b_fifo_runtime_v1
20218,C_1700,2010,2011,0.000896824232768,0,0,0.2,0.0167332757264,2026-09-08T22:18:53.221714+00:00,study3b_fifo_runtime_v1
20246,C_1702,2010,2011,0.00051981251454,0,0,0.2,0.0167332757264,2026-09-08T22:18:53.221714+00:00,study3b_fifo_runtime_v1
20274,C_1704,2010,2011,0.000988312880509,0,0,0.2,0.0167332757264,2026-09-08T22:18:53.221714+00:00,study3b_fifo_runtime_v1
20294,C_1705,2010,2011,0.00123170623556,0,0,0.2,0.0167332757264,2026-09-08T22:18:53.221714+00:00,study3b_fifo_runtime_v1
20314,C_1706,2010,2011,0.000107500403828,0,0,0.2,0.0167332757264,2026-09-08T22:18:53.221714+00:00,study3b_fifo_runtime_v1
20350,C_1712,2010,2011,0.00103312241845,0,0,0.2,0.0167332757264,2026-09-08T22:18:53.221714+00:00,study3b_fifo_runtime_v1
20369,C_1713,2010,2011,0.000113117101137,0,0,0.2,0.0167332757264,2026-09-08T22:18:53.221714+00:00,study3b_fifo_runtime_v1
20390,C_1715,2010,2011,0.00593269430101,0,0,0.2,0.0167332757264,2026-09-08T22:18:53.221714+00:00,study3b_fifo_runtime_v1
20422,C_1718,2010,2011,0.000419494550442,0,0,0.2,0.0167332757264,2026-09-08T22:18:53.221714+00:00,study3b_fifo_runtime_v1
20446,C_1720,2010,2011,0.00105448847171,0,0,0.2,0.0167332757264,2026-09-08T22:18:53.221714+00:00,study3b_fifo_runtime_v1
20468,C_1722,2010,2011,0.0384426899254,0,1,0.2,0.0167332757264,2026-09-08T22:18:53.221714+00:00,study3b_fifo_runtime_v1
20497,C_1724,2010,2011,0.000171681123902,0,0,0.2,0.0167332757264,2026-09-08T22:18:53.221714+00:00,study3b_fifo_runtime_v1
20512,C_1725,2010,2011,0.000135025489726,0,0,0.2,0.0167332757264,2026-09-08T22:18:53.221714+00:00,study3b_fifo_runtime_v1
20532,C_1726,2010,2011,0.0019651548937,0,0,0.2,0.0167332757264,2026-09-08T22:18:53.221714+00:00,study3b_fifo_runtime_v1
20562,C_1730,2010,2011,0.00814032647759,0,0,0.2,0.0167332757264,2026-09-08T22:18:53.221714+00:00,study3b_fifo_runtime_v1
20582,C_1731,2010,2011,1.1552736396e-05,0,0,0.2,0.0167332757264,2026-09-08T22:18:53.221714+00:00,study3b_fifo_runtime_v1
20599,C_1732,2010,2011,0.000543424452189,0,0,0.2,0.0167332757264,2026-09-08T22:18:53.221714+00:00,study3b_fifo_runtime_v1
20619,C_1733,2010,2011,0.000365406420315,0,0,0.2,0.0167332757264,2026-09-08T22:18:53.221714+00:00,study3b_fifo_runtime_v1
20639,C_1734,2010,2011,0.000368980428902,0,0,0.2,0.0167332757264,2026-09-08T22:18:53.221714+00:00,study3b_fifo_runtime_v1
20664,C_1737,2010,2011,5.72009266762e-05,0,0,0.2,0.0167332757264,2026-09-08T22:18:53.221714+00:00,study3b_fifo_runtime_v1
20691,C_1739,2010,2011,0.000117320450954,0,0,0.2,0.0167332757264,2026-09-08T22:18:53.221714+00:00,study3b_fifo_runtime_v1
20711,C_1740,2010,2011,0.000167060192325,0,0,0.2,0.0167332757264,2026-09-08T22:18:53.221714+00:00,study3b_fifo_runtime_v1
20731,C_1741,2010,2011,3.80721212423e-05,0,0,0.2,0.0167332757264,2026-09-08T22:18:53.221714+00:00,study3b_fifo_runtime_v1
20759,C_1744,2010,2011,3.94691123802e-05,0,0,0.2,0.0167332757264,2026-09-08T22:18:53.221714+00:00,study3b_fifo_runtime_v1
20778,C_1745,2010,2011,0.000303148146486,0,0,0.2,0.0167332757264,2026-09-08T22:18:53.221714+00:00,study3b_fifo_runtime_v1
20800,C_1747,2010,2011,0.0492183864117,0,1,0.2,0.0167332757264,2026-09-08T22:18:53.221714+00:00,study3b_fifo_runtime_v1
20821,C_1749,2010,2011,5.86190835747e-05,0,0,0.2,0.0167332757264,2026-09-08T22:18:53.221714+00:00,study3b_fifo_runtime_v1
20851,C_1751,2010,2011,0.0115911914036,0,0,0.2,0.0167332757264,2026-09-08T22:18:53.221714+00:00,study3b_fifo_runtime_v1
20874,C_1753,2010,2011,4.98402187077e-05,0,0,0.2,0.0167332757264,2026-09-08T22:18:53.221714+00:00,study3b_fifo_runtime_v1
20895,C_1755,2010,2011,0.000282151537249,0,0,0.2,0.0167332757264,2026-09-08T22:18:53.221714+00:00,study3b_fifo_runtime_v1
20936,C_1761,2010,2011,6.004226816e-05,0,0,0.2,0.0167332757264,2026-09-08T22:18:53.221714+00:00,study3b_fifo_runtime_v1
20980,C_1766,2010,2011,0.000379464036087,0,0,0.2,0.0167332757264,2026-09-08T22:18:53.221714+00:00,study3b_fifo_runtime_v1
21011,C_1771,2010,2011,5.20383910043e-05,0,0,0.2,0.0167332757264,2026-09-08T22:18:53.221714+00:00,study3b_fifo_runtime_v1
21042,C_1773,2010,2011,0.00112677994184,0,0,0.2,0.0167332757264,2026-09-08T22:18:53.221714+00:00,study3b_fifo_runtime_v1
21066,C_1775,2010,2011,0.000234830731642,0,0,0.2,0.0167332757264,2026-09-08T22:18:53.221714+00:00,study3b_fifo_runtime_v1
21087,C_1777,2010,2011,0.000101208257547,0,0,0.2,0.0167332757264,2026-09-08T22:18:53.221714+00:00,study3b_fifo_runtime_v1
21122,C_1781,2010,2011,9.05422275537e-05,0,0,0.2,0.0167332757264,2026-09-08T22:18:53.221714+00:00,study3b_fifo_runtime_v1
21148,C_1784,2010,2011,0.00264449417591,0,0,0.2,0.0167332757264,2026-09-08T22:18:53.221714+00:00,study3b_fifo_runtime_v1
21165,C_1785,2010,2011,0.00778700970113,0,0,0.2,0.0167332757264,2026-09-08T22:18:53.221714+00:00,study3b_fifo_runtime_v1
21179,C_1787,2010,2011,3.81134886993e-05,0,0,0.2,0.0167332757264,2026-09-08T22:18:53.221714+00:00,study3b_fifo_runtime_v1
21191,C_1788,2010,2011,5.50597178517e-05,0,0,0.2,0.0167332757264,2026-09-08T22:18:53.221714+00:00,study3b_fifo_runtime_v1
21210,C_1790,2010,2011,0.000165765886777,0,0,0.2,0.0167332757264,2026-09-08T22:18:53.221714+00:00,study3b_fifo_runtime_v1
21243,C_1792,2010,2011,3.67238935723e-05,0,0,0.2,0.0167332757264,2026-09-08T22:18:53.221714+00:00,study3b_fifo_runtime_v1
21261,C_1793,2010,2011,3.72206814063e-05,0,0,0.2,0.0167332757264,2026-09-08T22:18:53.221714+00:00,study3b_fifo_runtime_v1
21296,C_1797,2010,2011,0.0022704070434,0,0,0.2,0.0167332757264,2026-09-08T22:18:53.221714+00:00,study3b_fifo_runtime_v1
21320,C_1799,2010,2011,0.000369977817172,0,0,0.2,0.0167332757264,2026-09-08T22:18:53.221714+00:00,study3b_fifo_runtime_v1
21340,C_1800,2010,2011,0.000322593055898,0,0,0.2,0.0167332757264,2026-09-08T22:18:53.221714+00:00,study3b_fifo_runtime_v1
21389,C_1809,2010,2011,8.18663611426e-05,0,0,0.2,0.0167332757264,2026-09-08T22:18:53.221714+00:00,study3b_fifo_runtime_v1
21405,C_1810,2010,2011,0.000116239760246,0,0,0.2,0.0167332757264,2026-09-08T22:18:53.221714+00:00,study3b_fifo_runtime_v1
21418,C_1811,2010,2011,1.33807670863e-05,0,0,0.2,0.0167332757264,2026-09-08T22:18:53.221714+00:00,study3b_fifo_runtime_v1
21438,C_1813,2010,2011,0.000629649497569,0,0,0.2,0.0167332757264,2026-09-08T22:18:53.221714+00:00,study3b_fifo_runtime_v1
21465,C_1815,2010,2011,3.9662954805e-05,0,0,0.2,0.0167332757264,2026-09-08T22:18:53.221714+00:00,study3b_fifo_runtime_v1
21495,C_1818,2010,2011,0.00115556723904,0,0,0.2,0.0167332757264,2026-09-08T22:18:53.221714+00:00,study3b_fifo_runtime_v1
21531,C_1822,2010,2011,0.000186825243873,0,0,0.2,0.0167332757264,2026-09-08T22:18:53.221714+00:00,study3b_fifo_runtime_v1
21569,C_1825,2010,2011,0.000206678625545,0,0,0.2,0.0167332757264,2026-09-08T22:18:53.221714+00:00,study3b_fifo_runtime_v1
21589,C_1826,2010,2011,0.000124652258819,0,0,0.2,0.0167332757264,2026-09-08T22:18:53.221714+00:00,study3b_fifo_runtime_v1
21631,C_1832,2010,2011,6.96401912137e-06,0,0,0.2,0.0167332757264,2026-09-08T22:18:53.221714+00:00,study3b_fifo_runtime_v1
21665,C_1835,2010,2011,0.000410484877648,0,0,0.2,0.0167332757264,2026-09-08T22:18:53.221714+00:00,study3b_fifo_runtime_v1
21694,C_1837,2010,2011,0.000128880550619,0,0,0.2,0.0167332757264,2026-09-08T22:18:53.221714+00:00,study3b_fifo_runtime_v1
21708,C_1839,2010,2011,0.00578241935,0,0,0.2,0.0167332757264,2026-09-08T22:18:53.221714+00:00,study3b_fifo_runtime_v1
21723,C_1840,2010,2011,0.0254684090614,0,1,0.2,0.0167332757264,2026-09-08T22:18:53.221714+00:00,study3b_fifo_runtime_v1
21737,C_1841,2010,2011,4.207906386e-05,0,0,0.2,0.0167332757264,2026-09-08T22:18:53.221714+00:00,study3b_fifo_runtime_v1
21751,C_1843,2010,2011,5.10151148774e-05,0,0,0.2,0.0167332757264,2026-09-08T22:18:53.221714+00:00,study3b_fifo_runtime_v1
21771,C_1844,2010,2011,0.000273992860457,0,0,0.2,0.0167332757264,2026-09-08T22:18:53.221714+00:00,study3b_fifo_runtime_v1
21798,C_1847,2010,2011,0.000140552161611,0,0,0.2,0.0167332757264,2026-09-08T22:18:53.221714+00:00,study3b_fifo_runtime_v1
21810,C_1848,2010,2011,0.000234464474488,0,0,0.2,0.0167332757264,2026-09-08T22:18:53.221714+00:00,study3b_fifo_runtime_v1
21828,C_1849,2010,2011,1.73107855517e-05,0,0,0.2,0.0167332757264,2026-09-08T22:18:53.221714+00:00,study3b_fifo_runtime_v1
21846,C_1852,2010,2011,6.67733474984e-05,0,0,0.2,0.0167332757264,2026-09-08T22:18:53.221714+00:00,study3b_fifo_runtime_v1
21866,C_1853,2010,2011,0.000479101086967,0,0,0.2,0.0167332757264,2026-09-08T22:18:53.221714+00:00,study3b_fifo_runtime_v1
21889,C_1855,2010,2011,0.000171373874764,0,0,0.2,0.0167332757264,2026-09-08T22:18:53.221714+00:00,study3b_fifo_runtime_v1
21908,C_1857,2010,2011,2.75601778412e-05,0,0,0.2,0.0167332757264,2026-09-08T22:18:53.221714+00:00,study3b_fifo_runtime_v1
21934,C_1859,2010,2011,5.38862987014e-05,0,0,0.2,0.0167332757264,2026-09-08T22:18:53.221714+00:00,study3b_fifo_runtime_v1
21976,C_1863,2010,2011,0.00373878027312,0,0,0.2,0.0167332757264,2026-09-08T22:18:53.221714+00:00,study3b_fifo_runtime_v1
22006,C_1867,2010,2011,0.000128706000396,0,0,0.2,0.0167332757264,2026-09-08T22:18:53.221714+00:00,study3b_fifo_runtime_v1
22038,C_1873,2010,2011,0.000170517523657,0,0,0.2,0.0167332757264,2026-09-08T22:18:53.221714+00:00,study3b_fifo_runtime_v1
22058,C_1874,2010,2011,0.00344467931427,0,0,0.2,0.0167332757264,2026-09-08T22:18:53.221714+00:00,study3b_fifo_runtime_v1
22071,C_1875,2010,2011,0.00205006659962,0,0,0.2,0.0167332757264,2026-09-08T22:18:53.221714+00:00,study3b_fifo_runtime_v1
22097,C_1878,2010,2011,9.49619934545e-05,0,0,0.2,0.0167332757264,2026-09-08T22:18:53.221714+00:00,study3b_fifo_runtime_v1
22128,C_1880,2010,2011,0.000142283053719,0,0,0.2,0.0167332757264,2026-09-08T22:18:53.221714+00:00,study3b_fifo_runtime_v1
22151,C_1883,2010,2011,9.94296351564e-06,0,0,0.2,0.0167332757264,2026-09-08T22:18:53.221714+00:00,study3b_fifo_runtime_v1
22192,C_1888,2010,2011,0.0305023659021,0,1,0.2,0.0167332757264,2026-09-08T22:18:53.221714+00:00,study3b_fifo_runtime_v1
22205,C_1889,2010,2011,0.000433210429037,0,0,0.2,0.0167332757264,2026-09-08T22:18:53.221714+00:00,study3b_fifo_runtime_v1
22233,C_1891,2010,2011,1.4076215848e-05,0,0,0.2,0.0167332757264,2026-09-08T22:18:53.221714+00:00,study3b_fifo_runtime_v1
22265,C_1894,2010,2011,4.1069956751e-06,0,0,0.2,0.0167332757264,2026-09-08T22:18:53.221714+00:00,study3b_fifo_runtime_v1
22295,C_1896,2010,2011,0.000271134427749,0,0,0.2,0.0167332757264,2026-09-08T22:18:53.221714+00:00,study3b_fifo_runtime_v1
22317,C_1898,2010,2011,0.000177373745828,0,0,0.2,0.0167332757264,2026-09-08T22:18:53.221714+00:00,study3b_fifo_runtime_v1
22344,C_1902,2010,2011,1.30566377265e-05,0,0,0.2,0.0167332757264,2026-09-08T22:18:53.221714+00:00,study3b_fifo_runtime_v1
22371,C_1905,2010,2011,2.3641214284e-05,0,0,0.2,0.0167332757264,2026-09-08T22:18:53.221714+00:00,study3b_fifo_runtime_v1
22388,C_1907,2010,2011,0.00013261748245,0,0,0.2,0.0167332757264,2026-09-08T22:18:53.221714+00:00,study3b_fifo_runtime_v1
22454,C_1917,2010,2011,0.00672420114279,0,0,0.2,0.0167332757264,2026-09-08T22:18:53.221714+00:00,study3b_fifo_runtime_v1
22474,C_1918,2010,2011,0.000193127940292,0,0,0.2,0.0167332757264,2026-09-08T22:18:53.221714+00:00,study3b_fifo_runtime_v1
22494,C_1920,2010,2011,0.000119893462397,0,0,0.2,0.0167332757264,2026-09-08T22:18:53.221714+00:00,study3b_fifo_runtime_v1
22513,C_1922,2010,2011,0.00036141826422,0,0,0.2,0.0167332757264,2026-09-08T22:18:53.221714+00:00,study3b_fifo_runtime_v1
22539,C_1927,2010,2011,0.000145298123243,0,0,0.2,0.0167332757264,2026-09-08T22:18:53.221714+00:00,study3b_fifo_runtime_v1
22558,C_1928,2010,2011,1.74232191057e-05,0,0,0.2,0.0167332757264,2026-09-08T22:18:53.221714+00:00,study3b_fifo_runtime_v1
22574,C_1929,2010,2011,0.0001561249519,0,0,0.2,0.0167332757264,2026-09-08T22:18:53.221714+00:00,study3b_fifo_runtime_v1
22596,C_1931,2010,2011,0.00441095419228,0,0,0.2,0.0167332757264,2026-09-08T22:18:53.221714+00:00,study3b_fifo_runtime_v1
22618,C_1933,2010,2011,3.55335650966e-05,0,0,0.2,0.0167332757264,2026-09-08T22:18:53.221714+00:00,study3b_fifo_runtime_v1
22640,C_1936,2010,2011,0.0206849984825,0,1,0.2,0.0167332757264,2026-09-08T22:18:53.221714+00:00,study3b_fifo_runtime_v1
22656,C_1937,2010,2011,9.78122770903e-05,0,0,0.2,0.0167332757264,2026-09-08T22:18:53.221714+00:00,study3b_fifo_runtime_v1
22676,C_1938,2010,2011,0.00055233220337,0,0,0.2,0.0167332757264,2026-09-08T22:18:53.221714+00:00,study3b_fifo_runtime_v1
22707,C_1941,2010,2011,0.000281219603494,0,0,0.2,0.0167332757264,2026-09-08T22:18:53.221714+00:00,study3b_fifo_runtime_v1
22725,C_1943,2010,2011,6.42565792077e-05,0,0,0.2,0.0167332757264,2026-09-08T22:18:53.221714+00:00,study3b_fifo_runtime_v1
22742,C_1945,2010,2011,6.18010017206e-05,0,0,0.2,0.0167332757264,2026-09-08T22:18:53.221714+00:00,study3b_fifo_runtime_v1
22770,C_1949,2010,2011,0.000531975529157,0,0,0.2,0.0167332757264,2026-09-08T22:18:53.221714+00:00,study3b_fifo_runtime_v1
22786,C_1950,2010,2011,0.00943751540035,0,0,0.2,0.0167332757264,2026-09-08T22:18:53.221714+00:00,study3b_fifo_runtime_v1
22822,C_1954,2010,2011,0.00289957597852,0,0,0.2,0.0167332757264,2026-09-08T22:18:53.221714+00:00,study3b_fifo_runtime_v1
22847,C_1956,2010,2011,0.00011767813703,0,0,0.2,0.0167332757264,2026-09-08T22:18:53.221714+00:00,study3b_fifo_runtime_v1
22887,C_1961,2010,2011,0.000458950613393,0,0,0.2,0.0167332757264,2026-09-08T22:18:53.221714+00:00,study3b_fifo_runtime_v1
22905,C_1962,2010,2011,0.000366035645129,0,0,0.2,0.0167332757264,2026-09-08T22:18:53.221714+00:00,study3b_fifo_runtime_v1
22925,C_1963,2010,2011,0.00112194812391,0,0,0.2,0.0167332757264,2026-09-08T22:18:53.221714+00:00,study3b_fifo_runtime_v1
22949,C_1965,2010,2011,0.000775609689299,0,0,0.2,0.0167332757264,2026-09-08T22:18:53.221714+00:00,study3b_fifo_runtime_v1
22969,C_1966,2010,2011,0.00182060326915,0,0,0.2,0.0167332757264,2026-09-08T22:18:53.221714+00:00,study3b_fifo_runtime_v1
22994,C_1970,2010,2011,0.00150484812912,0,0,0.2,0.0167332757264,2026-09-08T22:18:53.221714+00:00,study3b_fifo_runtime_v1
23005,C_1971,2010,2011,0.00201481557451,0,0,0.2,0.0167332757264,2026-09-08T22:18:53.221714+00:00,study3b_fifo_runtime_v1
23026,C_1974,2010,2011,8.32178848214e-05,0,0,0.2,0.0167332757264,2026-09-08T22:18:53.221714+00:00,study3b_fifo_runtime_v1
23042,C_1976,2010,2011,1.7333901269e-05,0,0,0.2,0.0167332757264,2026-09-08T22:18:53.221714+00:00,study3b_fifo_runtime_v1
23063,C_1978,2010,2011,1.95488628378e-05,0,0,0.2,0.0167332757264,2026-09-08T22:18:53.221714+00:00,study3b_fifo_runtime_v1
23081,C_1979,2010,2011,0.000209899662877,0,0,0.2,0.0167332757264,2026-09-08T22:18:53.221714+00:00,study3b_fifo_runtime_v1
23098,C_1980,2010,2011,0.000132856788696,0,0,0.2,0.0167332757264,2026-09-08T22:18:53.221714+00:00,study3b_fifo_runtime_v1
23115,C_1982,2010,2011,0.0012384862639,0,0,0.2,0.0167332757264,2026-09-08T22:18:53.221714+00:00,study3b_fifo_runtime_v1
23135,C_1984,2010,2011,0.000235004990827,0,0,0.2,0.0167332757264,2026-09-08T22:18:53.221714+00:00,study3b_fifo_runtime_v1
23165,C_1988,2010,2011,2.22625440074e-05,0,0,0.2,0.0167332757264,2026-09-08T22:18:53.221714+00:00,study3b_fifo_runtime_v1
23178,C_1990,2010,2011,0.000207886332646,0,0,0.2,0.0167332757264,2026-09-08T22:18:53.221714+00:00,study3b_fifo_runtime_v1
23198,C_1991,2010,2011,0.0893662795424,0,1,0.2,0.0167332757264,2026-09-08T22:18:53.221714+00:00,study3b_fifo_runtime_v1
23210,C_1992,2010,2011,0.000253487931332,0,0,0.2,0.0167332757264,2026-09-08T22:18:53.221714+00:00,study3b_fifo_runtime_v1
23223,C_1993,2010,2011,6.79582517478e-05,0,0,0.2,0.0167332757264,2026-09-08T22:18:53.221714+00:00,study3b_fifo_runtime_v1
23249,C_1995,2010,2011,0.00161038397346,0,0,0.2,0.0167332757264,2026-09-08T22:18:53.221714+00:00,study3b_fifo_runtime_v1
23261,C_1996,2010,2011,0.0477415472269,0,1,0.2,0.0167332757264,2026-09-08T22:18:53.221714+00:00,study3b_fifo_runtime_v1
23273,C_1997,2010,2011,0.000208822195418,0,0,0.2,0.0167332757264,2026-09-08T22:18:53.221714+00:00,study3b_fifo_runtime_v1
23298,C_1999,2010,2011,4.53048560303e-05,0,0,0.2,0.0167332757264,2026-09-08T22:18:53.221714+00:00,study3b_fifo_runtime_v1
23328,C_2001,2010,2011,0.000329046015395,0,0,0.2,0.0167332757264,2026-09-08T22:18:53.221714+00:00,study3b_fifo_runtime_v1
23340,C_2002,2010,2011,0.000689587090164,0,0,0.2,0.0167332757264,2026-09-08T22:18:53.221714+00:00,study3b_fifo_runtime_v1
23356,C_2003,2010,2011,4.45230543846e-05,0,0,0.2,0.0167332757264,2026-09-08T22:18:53.221714+00:00,study3b_fifo_runtime_v1
23377,C_2005,2010,2011,0.000268934323685,0,0,0.2,0.0167332757264,2026-09-08T22:18:53.221714+00:00,study3b_fifo_runtime_v1
23394,C_2006,2010,2011,0.000285148824332,0,0,0.2,0.0167332757264,2026-09-08T22:18:53.221714+00:00,study3b_fifo_runtime_v1
23407,C_2007,2010,2011,0.000111822853796,0,0,0.2,0.0167332757264,2026-09-08T22:18:53.221714+00:00,study3b_fifo_runtime_v1
23427,C_2008,2010,2011,1.33619541884e-05,0,0,0.2,0.0167332757264,2026-09-08T22:18:53.221714+00:00,study3b_fifo_runtime_v1
23458,C_2012,2010,2011,6.92235844326e-05,0,0,0.2,0.0167332757264,2026-09-08T22:18:53.221714+00:00,study3b_fifo_runtime_v1
23482,C_2015,2010,2011,0.00010071570432,0,0,0.2,0.0167332757264,2026-09-08T22:18:53.221714+00:00,study3b_fifo_runtime_v1
23490,C_2016,2010,2011,0.000107402178401,0,0,0.2,0.0167332757264,2026-09-08T22:18:53.221714+00:00,study3b_fifo_runtime_v1
23516,C_2018,2010,2011,5.10776299052e-05,0,0,0.2,0.0167332757264,2026-09-08T22:18:53.221714+00:00,study3b_fifo_runtime_v1
23536,C_2019,2010,2011,0.000173869149876,0,0,0.2,0.0167332757264,2026-09-08T22:18:53.221714+00:00,study3b_fifo_runtime_v1
23558,C_2021,2010,2011,0.000461539049866,0,0,0.2,0.0167332757264,2026-09-08T22:18:53.221714+00:00,study3b_fifo_runtime_v1
23578,C_2022,2010,2011,0.000113400084956,0,0,0.2,0.0167332757264,2026-09-08T22:18:53.221714+00:00,study3b_fifo_runtime_v1
23623,C_2028,2010,2011,0.0383485890925,0,1,0.2,0.0167332757264,2026-09-08T22:18:53.221714+00:00,study3b_fifo_runtime_v1
23636,C_2029,2010,2011,0.000443923549028,0,0,0.2,0.0167332757264,2026-09-08T22:18:53.221714+00:00,study3b_fifo_runtime_v1
23655,C_2031,2010,2011,0.000282410881482,0,0,0.2,0.0167332757264,2026-09-08T22:18:53.221714+00:00,study3b_fifo_runtime_v1
23676,C_2033,2010,2011,0.00216731289402,0,0,0.2,0.0167332757264,2026-09-08T22:18:53.221714+00:00,study3b_fifo_runtime_v1
23689,C_2034,2010,2011,4.21136210207e-05,0,0,0.2,0.0167332757264,2026-09-08T22:18:53.221714+00:00,study3b_fifo_runtime_v1
23717,C_2039,2010,2011,5.00314636156e-05,0,0,0.2,0.0167332757264,2026-09-08T22:18:53.221714+00:00,study3b_fifo_runtime_v1
23758,C_2045,2010,2011,0.00712067773566,0,0,0.2,0.0167332757264,2026-09-08T22:18:53.221714+00:00,study3b_fifo_runtime_v1
23769,C_2046,2010,2011,0.00106588506605,0,0,0.2,0.0167332757264,2026-09-08T22:18:53.221714+00:00,study3b_fifo_runtime_v1
23791,C_2049,2010,2011,0.000112675093987,0,0,0.2,0.0167332757264,2026-09-08T22:18:53.221714+00:00,study3b_fifo_runtime_v1
23826,C_2052,2010,2011,0.000108548476419,0,0,0.2,0.0167332757264,2026-09-08T22:18:53.221714+00:00,study3b_fifo_runtime_v1
23848,C_2055,2010,2011,0.000171229650732,0,0,0.2,0.0167332757264,2026-09-08T22:18:53.221714+00:00,study3b_fifo_runtime_v1
23881,C_2058,2010,2011,0.000410880194977,0,0,0.2,0.0167332757264,2026-09-08T22:18:53.221714+00:00,study3b_fifo_runtime_v1
23903,C_2060,2010,2011,5.97508915234e-05,0,0,0.2,0.0167332757264,2026-09-08T22:18:53.221714+00:00,study3b_fifo_runtime_v1
23946,C_2066,2010,2011,0.000269584794296,0,0,0.2,0.0167332757264,2026-09-08T22:18:53.221714+00:00,study3b_fifo_runtime_v1
23981,C_2070,2010,2011,0.00464307097718,0,0,0.2,0.0167332757264,2026-09-08T22:18:53.221714+00:00,study3b_fifo_runtime_v1
24001,C_2071,2010,2011,0.0003429709177,0,0,0.2,0.0167332757264,2026-09-08T22:18:53.221714+00:00,study3b_fifo_runtime_v1
24019,C_2073,2010,2011,0.00179375708103,0,0,0.2,0.0167332757264,2026-09-08T22:18:53.221714+00:00,study3b_fifo_runtime_v1
24044,C_2078,2010,2011,0.000608338683378,0,0,0.2,0.0167332757264,2026-09-08T22:18:53.221714+00:00,study3b_fifo_runtime_v1
24070,C_2081,2010,2011,0.000772233994212,0,0,0.2,0.0167332757264,2026-09-08T22:18:53.221714+00:00,study3b_fifo_runtime_v1
24085,C_2083,2010,2011,0.000227622294915,0,0,0.2,0.0167332757264,2026-09-08T22:18:53.221714+00:00,study3b_fifo_runtime_v1
24113,C_2085,2010,2011,0.000347234978108,0,0,0.2,0.0167332757264,2026-09-08T22:18:53.221714+00:00,study3b_fifo_runtime_v1
24161,C_2093,2010,2011,0.000122329278383,0,0,0.2,0.0167332757264,2026-09-08T22:18:53.221714+00:00,study3b_fifo_runtime_v1
24203,C_2097,2010,2011,0.00375508796424,0,0,0.2,0.0167332757264,2026-09-08T22:18:53.221714+00:00,study3b_fifo_runtime_v1
24233,C_2101,2010,2011,0.00252754520625,0,0,0.2,0.0167332757264,2026-09-08T22:18:53.221714+00:00,study3b_fifo_runtime_v1
24247,C_2102,2010,2011,0.00202900846489,0,0,0.2,0.0167332757264,2026-09-08T22:18:53.221714+00:00,study3b_fifo_runtime_v1
24282,C_2105,2010,2011,5.7570374338e-05,0,0,0.2,0.0167332757264,2026-09-08T22:18:53.221714+00:00,study3b_fifo_runtime_v1
24310,C_2107,2010,2011,2.48443593591e-05,0,0,0.2,0.0167332757264,2026-09-08T22:18:53.221714+00:00,study3b_fifo_runtime_v1
24331,C_2112,2010,2011,0.000686128681991,0,0,0.2,0.0167332757264,2026-09-08T22:18:53.221714+00:00,study3b_fifo_runtime_v1
24351,C_2113,2010,2011,0.00403168704361,0,0,0.2,0.0167332757264,2026-09-08T22:18:53.221714+00:00,study3b_fifo_runtime_v1
24368,C_2116,2010,2011,0.000366697408026,0,0,0.2,0.0167332757264,2026-09-08T22:18:53.221714+00:00,study3b_fifo_runtime_v1
24388,C_2118,2010,2011,9.13323674467e-05,0,0,0.2,0.0167332757264,2026-09-08T22:18:53.221714+00:00,study3b_fifo_runtime_v1
24433,C_2125,2010,2011,4.67301688332e-05,0,0,0.2,0.0167332757264,2026-09-08T22:18:53.221714+00:00,study3b_fifo_runtime_v1
24462,C_2129,2010,2011,0.000515281455591,0,0,0.2,0.0167332757264,2026-09-08T22:18:53.221714+00:00,study3b_fifo_runtime_v1
24482,C_2130,2010,2011,0.000817663327325,0,0,0.2,0.0167332757264,2026-09-08T22:18:53.221714+00:00,study3b_fifo_runtime_v1
24507,C_2133,2010,2011,0.000600051775109,0,0,0.2,0.0167332757264,2026-09-08T22:18:53.221714+00:00,study3b_fifo_runtime_v1
24544,C_2138,2010,2011,9.77057570708e-05,0,0,0.2,0.0167332757264,2026-09-08T22:18:53.221714+00:00,study3b_fifo_runtime_v1
24556,C_2139,2010,2011,1.78351747309e-05,0,0,0.2,0.0167332757264,2026-09-08T22:18:53.221714+00:00,study3b_fifo_runtime_v1
24583,C_2141,2010,2011,0.00145463470835,0,0,0.2,0.0167332757264,2026-09-08T22:18:53.221714+00:00,study3b_fifo_runtime_v1
24606,C_2143,2010,2011,0.00568526471034,0,0,0.2,0.0167332757264,2026-09-08T22:18:53.221714+00:00,study3b_fifo_runtime_v1
24631,C_2148,2010,2011,0.000452903244877,0,0,0.2,0.0167332757264,2026-09-08T22:18:53.221714+00:00,study3b_fifo_runtime_v1
24651,C_2149,2010,2011,6.9234498369e-05,0,0,0.2,0.0167332757264,2026-09-08T22:18:53.221714+00:00,study3b_fifo_runtime_v1
24671,C_2150,2010,2011,0.000143590950756,0,0,0.2,0.0167332757264,2026-09-08T22:18:53.221714+00:00,study3b_fifo_runtime_v1
24695,C_2152,2010,2011,5.06009782839e-05,0,0,0.2,0.0167332757264,2026-09-08T22:18:53.221714+00:00,study3b_fifo_runtime_v1
24727,C_2155,2010,2011,6.31092188996e-05,0,0,0.2,0.0167332757264,2026-09-08T22:18:53.221714+00:00,study3b_fifo_runtime_v1
24737,C_2156,2010,2011,0.00167108885944,0,0,0.2,0.0167332757264,2026-09-08T22:18:53.221714+00:00,study3b_fifo_runtime_v1
24750,C_2157,2010,2011,3.76093994419e-05,0,0,0.2,0.0167332757264,2026-09-08T22:18:53.221714+00:00,study3b_fifo_runtime_v1
24791,C_2165,2010,2011,7.15426904208e-06,0,0,0.2,0.0167332757264,2026-09-08T22:18:53.221714+00:00,study3b_fifo_runtime_v1
24811,C_2166,2010,2011,0.0119790891185,0,0,0.2,0.0167332757264,2026-09-08T22:18:53.221714+00:00,study3b_fifo_runtime_v1
24832,C_2168,2010,2011,0.000673234986607,0,0,0.2,0.0167332757264,2026-09-08T22:18:53.221714+00:00,study3b_fifo_runtime_v1
24855,C_2170,2010,2011,0.000108352316602,0,0,0.2,0.0167332757264,2026-09-08T22:18:53.221714+00:00,study3b_fifo_runtime_v1
24886,C_2173,2010,2011,0.0145858451724,0,0,0.2,0.0167332757264,2026-09-08T22:18:53.221714+00:00,study3b_fifo_runtime_v1
24905,C_2174,2010,2011,1.75230543391e-05,0,0,0.2,0.0167332757264,2026-09-08T22:18:53.221714+00:00,study3b_fifo_runtime_v1
24928,C_2176,2010,2011,0.000203588642762,0,0,0.2,0.0167332757264,2026-09-08T22:18:53.221714+00:00,study3b_fifo_runtime_v1
24947,C_2177,2010,2011,0.00705103157088,0,0,0.2,0.0167332757264,2026-09-08T22:18:53.221714+00:00,study3b_fifo_runtime_v1
24963,C_2178,2010,2011,3.78262193408e-05,0,0,0.2,0.0167332757264,2026-09-08T22:18:53.221714+00:00,study3b_fifo_runtime_v1
24981,C_2180,2010,2011,0.000596230907831,0,0,0.2,0.0167332757264,2026-09-08T22:18:53.221714+00:00,study3b_fifo_runtime_v1
25015,C_2183,2010,2011,8.02851445769e-06,0,0,0.2,0.0167332757264,2026-09-08T22:18:53.221714+00:00,study3b_fifo_runtime_v1
25034,C_2184,2010,2011,2.77599738183e-05,0,0,0.2,0.0167332757264,2026-09-08T22:18:53.221714+00:00,study3b_fifo_runtime_v1
25063,C_2186,2010,2011,0.00128271582071,0,0,0.2,0.0167332757264,2026-09-08T22:18:53.221714+00:00,study3b_fifo_runtime_v1
25086,C_2189,2010,2011,0.000266901944997,0,0,0.2,0.0167332757264,2026-09-08T22:18:53.221714+00:00,study3b_fifo_runtime_v1
25174,C_2202,2010,2011,0.00127866736148,0,0,0.2,0.0167332757264,2026-09-08T22:18:53.221714+00:00,study3b_fifo_runtime_v1
25194,C_2203,2010,2011,0.0111668566242,0,0,0.2,0.0167332757264,2026-09-08T22:18:53.221714+00:00,study3b_fifo_runtime_v1
25211,C_2205,2010,2011,7.18185183359e-05,0,0,0.2,0.0167332757264,2026-09-08T22:18:53.221714+00:00,study3b_fifo_runtime_v1
25218,C_2207,2010,2011,0.00131430558395,0,0,0.2,0.0167332757264,2026-09-08T22:18:53.221714+00:00,study3b_fifo_runtime_v1
25230,C_2208,2010,2011,0.000940833881032,0,0,0.2,0.0167332757264,2026-09-08T22:18:53.221714+00:00,study3b_fifo_runtime_v1
25252,C_2211,2010,2011,0.000191645915038,0,0,0.2,0.0167332757264,2026-09-08T22:18:53.221714+00:00,study3b_fifo_runtime_v1
25276,C_2213,2010,2011,3.10949690174e-05,0,0,0.2,0.0167332757264,2026-09-08T22:18:53.221714+00:00,study3b_fifo_runtime_v1
25311,C_2218,2010,2011,0.000112070410978,0,0,0.2,0.0167332757264,2026-09-08T22:18:53.221714+00:00,study3b_fifo_runtime_v1
25336,C_2221,2010,2011,0.00651574507356,0,0,0.2,0.0167332757264,2026-09-08T22:18:53.221714+00:00,study3b_fifo_runtime_v1
25358,C_2224,2010,2011,2.88577521133e-05,0,0,0.2,0.0167332757264,2026-09-08T22:18:53.221714+00:00,study3b_fifo_runtime_v1
25382,C_2226,2010,2011,4.23201017838e-05,0,0,0.2,0.0167332757264,2026-09-08T22:18:53.221714+00:00,study3b_fifo_runtime_v1
25402,C_2228,2010,2011,7.88748366176e-05,0,0,0.2,0.0167332757264,2026-09-08T22:18:53.221714+00:00,study3b_fifo_runtime_v1
25422,C_2229,2010,2011,0.000934666953981,0,0,0.2,0.0167332757264,2026-09-08T22:18:53.221714+00:00,study3b_fifo_runtime_v1
25469,C_2236,2010,2011,0.000326019246131,0,0,0.2,0.0167332757264,2026-09-08T22:18:53.221714+00:00,study3b_fifo_runtime_v1
25479,C_2237,2010,2011,0.000476291490486,0,0,0.2,0.0167332757264,2026-09-08T22:18:53.221714+00:00,study3b_fifo_runtime_v1
25497,C_2240,2010,2011,0.0323229432106,0,1,0.2,0.0167332757264,2026-09-08T22:18:53.221714+00:00,study3b_fifo_runtime_v1
25517,C_2241,2010,2011,7.35250359867e-05,0,0,0.2,0.0167332757264,2026-09-08T22:18:53.221714+00:00,study3b_fifo_runtime_v1
25534,C_2242,2010,2011,0.000188270467333,0,0,0.2,0.0167332757264,2026-09-08T22:18:53.221714+00:00,study3b_fifo_runtime_v1
25552,C_2243,2010,2011,1.18636207844e-05,0,0,0.2,0.0167332757264,2026-09-08T22:18:53.221714+00:00,study3b_fifo_runtime_v1
25564,C_2244,2010,2011,3.82434518542e-05,0,0,0.2,0.0167332757264,2026-09-08T22:18:53.221714+00:00,study3b_fifo_runtime_v1
25584,C_2246,2010,2011,2.13092716876e-05,0,0,0.2,0.0167332757264,2026-09-08T22:18:53.221714+00:00,study3b_fifo_runtime_v1
25595,C_2247,2010,2011,0.000801040034276,0,0,0.2,0.0167332757264,2026-09-08T22:18:53.221714+00:00,study3b_fifo_runtime_v1
25623,C_2251,2010,2011,0.0262736454606,0,1,0.2,0.0167332757264,2026-09-08T22:18:53.221714+00:00,study3b_fifo_runtime_v1
25643,C_2253,2010,2011,7.3408245953e-06,0,0,0.2,0.0167332757264,2026-09-08T22:18:53.221714+00:00,study3b_fifo_runtime_v1
25669,C_2256,2010,2011,2.0573985239e-05,0,0,0.2,0.0167332757264,2026-09-08T22:18:53.221714+00:00,study3b_fifo_runtime_v1
25689,C_2257,2010,2011,0.000101465069747,0,0,0.2,0.0167332757264,2026-09-08T22:18:53.221714+00:00,study3b_fifo_runtime_v1
25732,C_2262,2010,2011,0.000707694503944,0,0,0.2,0.0167332757264,2026-09-08T22:18:53.221714+00:00,study3b_fifo_runtime_v1
25752,C_2263,2010,2011,1.24431307995e-05,0,0,0.2,0.0167332757264,2026-09-08T22:18:53.221714+00:00,study3b_fifo_runtime_v1
25772,C_2264,2010,2011,3.98331176257e-05,0,0,0.2,0.0167332757264,2026-09-08T22:18:53.221714+00:00,study3b_fifo_runtime_v1
25799,C_2266,2010,2011,0.000344867818058,0,0,0.2,0.0167332757264,2026-09-08T22:18:53.221714+00:00,study3b_fifo_runtime_v1
25825,C_2271,2010,2011,2.78476654785e-05,0,0,0.2,0.0167332757264,2026-09-08T22:18:53.221714+00:00,study3b_fifo_runtime_v1
25845,C_2273,2010,2011,0.000120973912999,0,0,0.2,0.0167332757264,2026-09-08T22:18:53.221714+00:00,study3b_fifo_runtime_v1
25857,C_2274,2010,2011,6.13847150817e-05,0,0,0.2,0.0167332757264,2026-09-08T22:18:53.221714+00:00,study3b_fifo_runtime_v1
25877,C_2275,2010,2011,0.00540391774848,0,0,0.2,0.0167332757264,2026-09-08T22:18:53.221714+00:00,study3b_fifo_runtime_v1
25933,C_2281,2010,2011,0.00327344797552,0,0,0.2,0.0167332757264,2026-09-08T22:18:53.221714+00:00,study3b_fifo_runtime_v1
25945,C_2282,2010,2011,0.0107913278043,0,0,0.2,0.0167332757264,2026-09-08T22:18:53.221714+00:00,study3b_fifo_runtime_v1
25960,C_2284,2010,2011,3.11161165882e-05,0,0,0.2,0.0167332757264,2026-09-08T22:18:53.221714+00:00,study3b_fifo_runtime_v1
25980,C_2285,2010,2011,0.000181651921594,0,0,0.2,0.0167332757264,2026-09-08T22:18:53.221714+00:00,study3b_fifo_runtime_v1
25993,C_2286,2010,2011,0.000885369314346,0,0,0.2,0.0167332757264,2026-09-08T22:18:53.221714+00:00,study3b_fifo_runtime_v1
26036,C_2292,2010,2011,0.00140631897375,0,0,0.2,0.0167332757264,2026-09-08T22:18:53.221714+00:00,study3b_fifo_runtime_v1
26093,C_2298,2010,2011,0.000171189152752,0,0,0.2,0.0167332757264,2026-09-08T22:18:53.221714+00:00,study3b_fifo_runtime_v1
26122,C_2300,2010,2011,0.000128788684378,0,0,0.2,0.0167332757264,2026-09-08T22:18:53.221714+00:00,study3b_fifo_runtime_v1
26151,C_2303,2010,2011,0.00281726010144,0,0,0.2,0.0167332757264,2026-09-08T22:18:53.221714+00:00,study3b_fifo_runtime_v1
26179,C_2307,2010,2011,6.49631838314e-05,0,0,0.2,0.0167332757264,2026-09-08T22:18:53.221714+00:00,study3b_fifo_runtime_v1
26204,C_2311,2010,2011,4.44203506049e-05,0,0,0.2,0.0167332757264,2026-09-08T22:18:53.221714+00:00,study3b_fifo_runtime_v1
26224,C_2312,2010,2011,1.2681827684e-05,0,0,0.2,0.0167332757264,2026-09-08T22:18:53.221714+00:00,study3b_fifo_runtime_v1
26257,C_2316,2010,2011,4.72818319395e-05,0,0,0.2,0.0167332757264,2026-09-08T22:18:53.221714+00:00,study3b_fifo_runtime_v1
26274,C_2317,2010,2011,0.00089050544193,0,0,0.2,0.0167332757264,2026-09-08T22:18:53.221714+00:00,study3b_fifo_runtime_v1
26286,C_2318,2010,2011,0.000208113357075,0,0,0.2,0.0167332757264,2026-09-08T22:18:53.221714+00:00,study3b_fifo_runtime_v1
26309,C_2320,2010,2011,0.00375352986157,0,0,0.2,0.0167332757264,2026-09-08T22:18:53.221714+00:00,study3b_fifo_runtime_v1
26327,C_2321,2010,2011,0.00818332657218,0,0,0.2,0.0167332757264,2026-09-08T22:18:53.221714+00:00,study3b_fifo_runtime_v1
26346,C_2322,2010,2011,0.0023079898674,0,0,0.2,0.0167332757264,2026-09-08T22:18:53.221714+00:00,study3b_fifo_runtime_v1
26358,C_2323,2010,2011,0.000720677955542,0,0,0.2,0.0167332757264,2026-09-08T22:18:53.221714+00:00,study3b_fifo_runtime_v1
26382,C_2325,2010,2011,1.98242978513e-05,0,0,0.2,0.0167332757264,2026-09-08T22:18:53.221714+00:00,study3b_fifo_runtime_v1
26395,C_2326,2010,2011,7.00828168192e-05,0,0,0.2,0.0167332757264,2026-09-08T22:18:53.221714+00:00,study3b_fifo_runtime_v1
26453,C_2333,2010,2011,0.000273139768979,0,0,0.2,0.0167332757264,2026-09-08T22:18:53.221714+00:00,study3b_fifo_runtime_v1
26465,C_2334,2010,2011,0.000562245841138,0,0,0.2,0.0167332757264,2026-09-08T22:18:53.221714+00:00,study3b_fifo_runtime_v1
26480,C_2335,2010,2011,0.00010516049224,0,0,0.2,0.0167332757264,2026-09-08T22:18:53.221714+00:00,study3b_fifo_runtime_v1
26497,C_2336,2010,2011,0.000118788950203,0,0,0.2,0.0167332757264,2026-09-08T22:18:53.221714+00:00,study3b_fifo_runtime_v1
26532,C_2340,2010,2011,0.000385358260246,0,0,0.2,0.0167332757264,2026-09-08T22:18:53.221714+00:00,study3b_fifo_runtime_v1
26544,C_2341,2010,2011,0.00025522467331,0,0,0.2,0.0167332757264,2026-09-08T22:18:53.221714+00:00,study3b_fifo_runtime_v1
26579,C_2349,2010,2011,0.000181182331289,0,0,0.2,0.0167332757264,2026-09-08T22:18:53.221714+00:00,study3b_fifo_runtime_v1
26612,C_2353,2010,2011,8.03575021564e-05,0,0,0.2,0.0167332757264,2026-09-08T22:18:53.221714+00:00,study3b_fifo_runtime_v1
26631,C_2354,2010,2011,0.00402182014659,0,0,0.2,0.0167332757264,2026-09-08T22:18:53.221714+00:00,study3b_fifo_runtime_v1
26651,C_2356,2010,2011,0.000964153499808,0,0,0.2,0.0167332757264,2026-09-08T22:18:53.221714+00:00,study3b_fifo_runtime_v1
26671,C_2357,2010,2011,0.00036197702866,0,0,0.2,0.0167332757264,2026-09-08T22:18:53.221714+00:00,study3b_fifo_runtime_v1
26700,C_2361,2010,2011,0.000105392238765,0,0,0.2,0.0167332757264,2026-09-08T22:18:53.221714+00:00,study3b_fifo_runtime_v1
26714,C_2362,2010,2011,0.000517634965945,0,0,0.2,0.0167332757264,2026-09-08T22:18:53.221714+00:00,study3b_fifo_runtime_v1
26727,C_2363,2010,2011,0.000336512603099,0,0,0.2,0.0167332757264,2026-09-08T22:18:53.221714+00:00,study3b_fifo_runtime_v1
26740,C_2364,2010,2011,0.00222711404786,0,0,0.2,0.0167332757264,2026-09-08T22:18:53.221714+00:00,study3b_fifo_runtime_v1
26760,C_2365,2010,2011,9.14745396585e-05,0,0,0.2,0.0167332757264,2026-09-08T22:18:53.221714+00:00,study3b_fifo_runtime_v1
26779,C_2367,2010,2011,0.000216095359065,0,0,0.2,0.0167332757264,2026-09-08T22:18:53.221714+00:00,study3b_fifo_runtime_v1
26798,C_2368,2010,2011,0.000222679227591,0,0,0.2,0.0167332757264,2026-09-08T22:18:53.221714+00:00,study3b_fifo_runtime_v1
26818,C_2369,2010,2011,0.000809266464785,0,0,0.2,0.0167332757264,2026-09-08T22:18:53.221714+00:00,study3b_fifo_runtime_v1
26852,C_2373,2010,2011,0.000348046392901,0,0,0.2,0.0167332757264,2026-09-08T22:18:53.221714+00:00,study3b_fifo_runtime_v1
26883,C_2376,2010,2011,4.01610486733e-05,0,0,0.2,0.0167332757264,2026-09-08T22:18:53.221714+00:00,study3b_fifo_runtime_v1
26905,C_2378,2010,2011,0.000104367536551,0,0,0.2,0.0167332757264,2026-09-08T22:18:53.221714+00:00,study3b_fifo_runtime_v1
26920,C_2379,2010,2011,0.00337373302318,0,0,0.2,0.0167332757264,2026-09-08T22:18:53.221714+00:00,study3b_fifo_runtime_v1
26936,C_2382,2010,2011,0.000400393881137,0,0,0.2,0.0167332757264,2026-09-08T22:18:53.221714+00:00,study3b_fifo_runtime_v1
26968,C_2387,2010,2011,0.000498170091305,0,0,0.2,0.0167332757264,2026-09-08T22:18:53.221714+00:00,study3b_fifo_runtime_v1
27008,C_2391,2010,2011,0.000420197029598,0,0,0.2,0.0167332757264,2026-09-08T22:18:53.221714+00:00,study3b_fifo_runtime_v1
27021,C_2393,2010,2011,0.00073720770888,0,0,0.2,0.0167332757264,2026-09-08T22:18:53.221714+00:00,study3b_fifo_runtime_v1
27038,C_2394,2010,2011,0.000274651974905,0,0,0.2,0.0167332757264,2026-09-08T22:18:53.221714+00:00,study3b_fifo_runtime_v1
27053,C_2396,2010,2011,6.65761544951e-05,0,0,0.2,0.0167332757264,2026-09-08T22:18:53.221714+00:00,study3b_fifo_runtime_v1
27063,C_2397,2010,2011,7.44592325645e-05,0,0,0.2,0.0167332757264,2026-09-08T22:18:53.221714+00:00,study3b_fifo_runtime_v1
27079,C_2398,2010,2011,2.52585577982e-05,0,0,0.2,0.0167332757264,2026-09-08T22:18:53.221714+00:00,study3b_fifo_runtime_v1
27099,C_2400,2010,2011,0.000383535661967,0,0,0.2,0.0167332757264,2026-09-08T22:18:53.221714+00:00,study3b_fifo_runtime_v1
27102,C_2401,2010,2011,8.13837759779e-05,0,0,0.2,0.0167332757264,2026-09-08T22:18:53.221714+00:00,study3b_fifo_runtime_v1
27117,C_2402,2010,2011,0.000674678245559,0,0,0.2,0.0167332757264,2026-09-08T22:18:53.221714+00:00,study3b_fifo_runtime_v1
27145,C_2408,2010,2011,8.53163292049e-05,0,0,0.2,0.0167332757264,2026-09-08T22:18:53.221714+00:00,study3b_fifo_runtime_v1
27160,C_2409,2010,2011,0.00359115377069,0,0,0.2,0.0167332757264,2026-09-08T22:18:53.221714+00:00,study3b_fifo_runtime_v1
27180,C_2410,2010,2011,2.76696464425e-05,0,0,0.2,0.0167332757264,2026-09-08T22:18:53.221714+00:00,study3b_fifo_runtime_v1
27200,C_2411,2010,2011,9.15073032957e-05,0,0,0.2,0.0167332757264,2026-09-08T22:18:53.221714+00:00,study3b_fifo_runtime_v1
27243,C_2417,2010,2011,0.000176282948814,0,0,0.2,0.0167332757264,2026-09-08T22:18:53.221714+00:00,study3b_fifo_runtime_v1
27277,C_2420,2010,2011,1.19387805171e-05,0,0,0.2,0.0167332757264,2026-09-08T22:18:53.221714+00:00,study3b_fifo_runtime_v1
27310,C_2424,2010,2011,0.0116877434775,0,0,0.2,0.0167332757264,2026-09-08T22:18:53.221714+00:00,study3b_fifo_runtime_v1
27327,C_2426,2010,2011,3.32660201821e-05,0,0,0.2,0.0167332757264,2026-09-08T22:18:53.221714+00:00,study3b_fifo_runtime_v1
27341,C_2429,2010,2011,0.000291707809083,0,0,0.2,0.0167332757264,2026-09-08T22:18:53.221714+00:00,study3b_fifo_runtime_v1
27361,C_2430,2010,2011,0.000343896215782,0,0,0.2,0.0167332757264,2026-09-08T22:18:53.221714+00:00,study3b_fifo_runtime_v1
27395,C_2435,2010,2011,0.000901854131371,0,0,0.2,0.0167332757264,2026-09-08T22:18:53.221714+00:00,study3b_fifo_runtime_v1
27411,C_2436,2010,2011,0.000644251063932,0,0,0.2,0.0167332757264,2026-09-08T22:18:53.221714+00:00,study3b_fifo_runtime_v1
27452,C_2443,2010,2011,4.33873210568e-05,0,0,0.2,0.0167332757264,2026-09-08T22:18:53.221714+00:00,study3b_fifo_runtime_v1
27475,C_2445,2010,2011,0.00600262219086,0,0,0.2,0.0167332757264,2026-09-08T22:18:53.221714+00:00,study3b_fifo_runtime_v1
27503,C_2448,2010,2011,0.00146774016321,0,0,0.2,0.0167332757264,2026-09-08T22:18:53.221714+00:00,study3b_fifo_runtime_v1
27549,C_2455,2010,2011,3.47817585862e-05,0,0,0.2,0.0167332757264,2026-09-08T22:18:53.221714+00:00,study3b_fifo_runtime_v1
27580,C_2458,2010,2011,0.000123641308164,0,0,0.2,0.0167332757264,2026-09-08T22:18:53.221714+00:00,study3b_fifo_runtime_v1
27629,C_2465,2010,2011,3.02371463476e-05,0,0,0.2,0.0167332757264,2026-09-08T22:18:53.221714+00:00,study3b_fifo_runtime_v1
27649,C_2467,2010,2011,3.2220097637e-05,0,0,0.2,0.0167332757264,2026-09-08T22:18:53.221714+00:00,study3b_fifo_runtime_v1
27683,C_2471,2010,2011,0.000427036895417,0,0,0.2,0.0167332757264,2026-09-08T22:18:53.221714+00:00,study3b_fifo_runtime_v1
27700,C_2472,2010,2011,0.000461684190668,0,0,0.2,0.0167332757264,2026-09-08T22:18:53.221714+00:00,study3b_fifo_runtime_v1
27733,C_2476,2010,2011,8.65536276251e-05,0,0,0.2,0.0167332757264,2026-09-08T22:18:53.221714+00:00,study3b_fifo_runtime_v1
27762,C_2480,2010,2011,0.000130393527797,0,0,0.2,0.0167332757264,2026-09-08T22:18:53.221714+00:00,study3b_fifo_runtime_v1
27786,C_2483,2010,2011,0.000405523896916,0,0,0.2,0.0167332757264,2026-09-08T22:18:53.221714+00:00,study3b_fifo_runtime_v1
27810,C_2485,2010,2011,0.000146204489283,0,0,0.2,0.0167332757264,2026-09-08T22:18:53.221714+00:00,study3b_fifo_runtime_v1
27834,C_2487,2010,2011,0.0040347892791,0,0,0.2,0.0167332757264,2026-09-08T22:18:53.221714+00:00,study3b_fifo_runtime_v1
27924,C_2504,2010,2011,0.000273473327979,0,0,0.2,0.0167332757264,2026-09-08T22:18:53.221714+00:00,study3b_fifo_runtime_v1
27962,C_2508,2010,2011,0.000155859044753,0,0,0.2,0.0167332757264,2026-09-08T22:18:53.221714+00:00,study3b_fifo_runtime_v1
27978,C_2509,2010,2011,0.000767441524658,0,0,0.2,0.0167332757264,2026-09-08T22:18:53.221714+00:00,study3b_fifo_runtime_v1
28013,C_2514,2010,2011,0.000483666546643,0,0,0.2,0.0167332757264,2026-09-08T22:18:53.221714+00:00,study3b_fifo_runtime_v1
28046,C_2519,2010,2011,0.000116257077025,0,0,0.2,0.0167332757264,2026-09-08T22:18:53.221714+00:00,study3b_fifo_runtime_v1
28242,C_2559,2010,2011,0.000172155661858,0,0,0.2,0.0167332757264,2026-09-08T22:18:53.221714+00:00,study3b_fifo_runtime_v1
28500,C_2614,2010,2011,0.00011104758596,0,0,0.2,0.0167332757264,2026-09-08T22:18:53.221714+00:00,study3b_fifo_runtime_v1
28615,C_2639,2010,2011,8.47753617563e-05,0,0,0.2,0.0167332757264,2026-09-08T22:18:53.221714+00:00,study3b_fifo_runtime_v1
28641,C_2641,2010,2011,8.8153181423e-05,0,0,0.2,0.0167332757264,2026-09-08T22:18:53.221714+00:00,study3b_fifo_runtime_v1
28682,C_2649,2010,2011,0.000320382008795,0,0,0.2,0.0167332757264,2026-09-08T22:18:53.221714+00:00,study3b_fifo_runtime_v1
28733,C_2660,2010,2011,0.000621650193352,0,0,0.2,0.0167332757264,2026-09-08T22:18:53.221714+00:00,study3b_fifo_runtime_v1
28801,C_2671,2010,2011,2.60746437561e-05,0,0,0.2,0.0167332757264,2026-09-08T22:18:53.221714+00:00,study3b_fifo_runtime_v1
28872,C_2686,2010,2011,9.25221320358e-05,0,0,0.2,0.0167332757264,2026-09-08T22:18:53.221714+00:00,study3b_fifo_runtime_v1
29027,C_2722,2010,2011,0.000280533306068,0,0,0.2,0.0167332757264,2026-09-08T22:18:53.221714+00:00,study3b_fifo_runtime_v1
29062,C_2728,2010,2011,3.50924747181e-05,0,0,0.2,0.0167332757264,2026-09-08T22:18:53.221714+00:00,study3b_fifo_runtime_v1
29114,C_2738,2010,2011,0.000529533775989,0,0,0.2,0.0167332757264,2026-09-08T22:18:53.221714+00:00,study3b_fifo_runtime_v1
29145,C_2741,2010,2011,0.000115405506222,0,0,0.2,0.0167332757264,2026-09-08T22:18:53.221714+00:00,study3b_fifo_runtime_v1
29202,C_2751,2010,2011,0.000123849895317,0,0,0.2,0.0167332757264,2026-09-08T22:18:53.221714+00:00,study3b_fifo_runtime_v1
29222,C_2752,2010,2011,1.6018992028e-05,0,0,0.2,0.0167332757264,2026-09-08T22:18:53.221714+00:00,study3b_fifo_runtime_v1
29258,C_2756,2010,2011,0.00812764558941,0,0,0.2,0.0167332757264,2026-09-08T22:18:53.221714+00:00,study3b_fifo_runtime_v1
29278,C_2757,2010,2011,1.28048604893e-05,0,0,0.2,0.0167332757264,2026-09-08T22:18:53.221714+00:00,study3b_fifo_runtime_v1
29391,C_2780,2010,2011,0.00620158622041,0,0,0.2,0.0167332757264,2026-09-08T22:18:53.221714+00:00,study3b_fifo_runtime_v1
29462,C_2795,2010,2011,5.08078701387e-05,0,0,0.2,0.0167332757264,2026-09-08T22:18:53.221714+00:00,study3b_fifo_runtime_v1
29534,C_2812,2010,2011,0.000105040227936,0,0,0.2,0.0167332757264,2026-09-08T22:18:53.221714+00:00,study3b_fifo_runtime_v1
29549,C_2817,2010,2011,0.000432235887274,0,0,0.2,0.0167332757264,2026-09-08T22:18:53.221714+00:00,study3b_fifo_runtime_v1
29608,C_2829,2010,2011,0.0140184164047,0,0,0.2,0.0167332757264,2026-09-08T22:18:53.221714+00:00,study3b_fifo_runtime_v1
29715,C_2853,2010,2011,0.000236995110754,0,0,0.2,0.0167332757264,2026-09-08T22:18:53.221714+00:00,study3b_fifo_runtime_v1
29733,C_2854,2010,2011,0.000782913237344,0,0,0.2,0.0167332757264,2026-09-08T22:18:53.221714+00:00,study3b_fifo_runtime_v1
29756,C_2856,2010,2011,4.70496015623e-05,0,0,0.2,0.0167332757264,2026-09-08T22:18:53.221714+00:00,study3b_fifo_runtime_v1
29769,C_2857,2010,2011,4.97855580761e-06,0,0,0.2,0.0167332757264,2026-09-08T22:18:53.221714+00:00,study3b_fifo_runtime_v1
29781,C_2858,2010,2011,0.00040393465315,0,0,0.2,0.0167332757264,2026-09-08T22:18:53.221714+00:00,study3b_fifo_runtime_v1
29793,C_2859,2010,2011,0.0400524735451,0,1,0.2,0.0167332757264,2026-09-08T22:18:53.221714+00:00,study3b_fifo_runtime_v1
29833,C_2865,2010,2011,0.000251687219134,0,0,0.2,0.0167332757264,2026-09-08T22:18:53.221714+00:00,study3b_fifo_runtime_v1
29886,C_2872,2010,2011,8.33020094433e-05,0,0,0.2,0.0167332757264,2026-09-08T22:18:53.221714+00:00,study3b_fifo_runtime_v1
29930,C_2877,2010,2011,0.00175559800118,0,0,0.2,0.0167332757264,2026-09-08T22:18:53.221714+00:00,study3b_fifo_runtime_v1
29971,C_2883,2010,2011,0.000796907581389,0,0,0.2,0.0167332757264,2026-09-08T22:18:53.221714+00:00,study3b_fifo_runtime_v1
29995,C_2885,2010,2011,0.000554963888135,0,0,0.2,0.0167332757264,2026-09-08T22:18:53.221714+00:00,study3b_fifo_runtime_v1
30020,C_2888,2010,2011,0.00217901240103,0,0,0.2,0.0167332757264,2026-09-08T22:18:53.221714+00:00,study3b_fifo_runtime_v1
30046,C_2893,2010,2011,0.000292812357657,0,0,0.2,0.0167332757264,2026-09-08T22:18:53.221714+00:00,study3b_fifo_runtime_v1
30113,C_2904,2010,2011,1.82965086424e-05,0,0,0.2,0.0167332757264,2026-09-08T22:18:53.221714+00:00,study3b_fifo_runtime_v1
30140,C_2908,2010,2011,2.76915761788e-05,0,0,0.2,0.0167332757264,2026-09-08T22:18:53.221714+00:00,study3b_fifo_runtime_v1
30200,C_2921,2010,2011,0.000448392820545,0,0,0.2,0.0167332757264,2026-09-08T22:18:53.221714+00:00,study3b_fifo_runtime_v1
30328,C_2949,2010,2011,0.000323581858538,0,0,0.2,0.0167332757264,2026-09-08T22:18:53.221714+00:00,study3b_fifo_runtime_v1
30347,C_2950,2010,2011,0.000301801715977,0,0,0.2,0.0167332757264,2026-09-08T22:18:53.221714+00:00,study3b_fifo_runtime_v1
30382,C_2954,2010,2011,0.00238906010054,0,0,0.2,0.0167332757264,2026-09-08T22:18:53.221714+00:00,study3b_fifo_runtime_v1
30445,C_2963,2010,2011,2.29404176935e-05,0,0,0.2,0.0167332757264,2026-09-08T22:18:53.221714+00:00,study3b_fifo_runtime_v1
30464,C_2966,2010,2011,0.00226449850015,0,0,0.2,0.0167332757264,2026-09-08T22:18:53.221714+00:00,study3b_fifo_runtime_v1
30490,C_2971,2010,2011,0.000751320272684,0,0,0.2,0.0167332757264,2026-09-08T22:18:53.221714+00:00,study3b_fifo_runtime_v1
30510,C_2972,2010,2011,0.0182292815298,0,1,0.2,0.0167332757264,2026-09-08T22:18:53.221714+00:00,study3b_fifo_runtime_v1
30530,C_2973,2010,2011,5.46704859516e-06,0,0,0.2,0.0167332757264,2026-09-08T22:18:53.221714+00:00,study3b_fifo_runtime_v1
30541,C_2974,2010,2011,0.000133079302032,0,0,0.2,0.0167332757264,2026-09-08T22:18:53.221714+00:00,study3b_fifo_runtime_v1
30600,C_2984,2010,2011,0.00660209963098,0,0,0.2,0.0167332757264,2026-09-08T22:18:53.221714+00:00,study3b_fifo_runtime_v1
30631,C_2989,2010,2011,0.000663762388285,0,0,0.2,0.0167332757264,2026-09-08T22:18:53.221714+00:00,study3b_fifo_runtime_v1
30644,C_2990,2010,2011,0.01260580495,0,0,0.2,0.0167332757264,2026-09-08T22:18:53.221714+00:00,study3b_fifo_runtime_v1
30678,C_2994,2010,2011,1.63799395523e-05,0,0,0.2,0.0167332757264,2026-09-08T22:18:53.221714+00:00,study3b_fifo_runtime_v1
30698,C_2995,2010,2011,0.000611810013652,0,0,0.2,0.0167332757264,2026-09-08T22:18:53.221714+00:00,study3b_fifo_runtime_v1
30725,C_2997,2010,2011,0.000626398075838,0,0,0.2,0.0167332757264,2026-09-08T22:18:53.221714+00:00,study3b_fifo_runtime_v1
30742,C_3000,2010,2011,0.000141550539411,0,0,0.2,0.0167332757264,2026-09-08T22:18:53.221714+00:00,study3b_fifo_runtime_v1
30795,C_3007,2010,2011,0.000174052154762,0,0,0.2,0.0167332757264,2026-09-08T22:18:53.221714+00:00,study3b_fifo_runtime_v1
30819,C_3009,2010,2011,0.000168842088897,0,0,0.2,0.0167332757264,2026-09-08T22:18:53.221714+00:00,study3b_fifo_runtime_v1
30831,C_3010,2010,2011,0.000262917164946,0,0,0.2,0.0167332757264,2026-09-08T22:18:53.221714+00:00,study3b_fifo_runtime_v1
30874,C_3016,2010,2011,0.000423719029641,0,0,0.2,0.0167332757264,2026-09-08T22:18:53.221714+00:00,study3b_fifo_runtime_v1
30909,C_3019,2010,2011,0.315546989441,1,1,0.2,0.0167332757264,2026-09-08T22:18:53.221714+00:00,study3b_fifo_runtime_v1
30948,C_3025,2010,2011,0.000334801035933,0,0,0.2,0.0167332757264,2026-09-08T22:18:53.221714+00:00,study3b_fifo_runtime_v1
30981,C_3029,2010,2011,0.000485623371787,0,0,0.2,0.0167332757264,2026-09-08T22:18:53.221714+00:00,study3b_fifo_runtime_v1
30997,C_3030,2010,2011,0.000147344893776,0,0,0.2,0.0167332757264,2026-09-08T22:18:53.221714+00:00,study3b_fifo_runtime_v1
31017,C_3031,2010,2011,9.76301598712e-05,0,0,0.2,0.0167332757264,2026-09-08T22:18:53.221714+00:00,study3b_fifo_runtime_v1
31062,C_3039,2010,2011,1.02490630525e-05,0,0,0.2,0.0167332757264,2026-09-08T22:18:53.221714+00:00,study3b_fifo_runtime_v1
31119,C_3050,2010,2011,0.000162233540323,0,0,0.2,0.0167332757264,2026-09-08T22:18:53.221714+00:00,study3b_fifo_runtime_v1
31151,C_3055,2010,2011,0.00161181378644,0,0,0.2,0.0167332757264,2026-09-08T22:18:53.221714+00:00,study3b_fifo_runtime_v1
31189,C_3061,2010,2011,4.34338180639e-05,0,0,0.2,0.0167332757264,2026-09-08T22:18:53.221714+00:00,study3b_fifo_runtime_v1
31208,C_3062,2010,2011,0.000198070905753,0,0,0.2,0.0167332757264,2026-09-08T22:18:53.221714+00:00,study3b_fifo_runtime_v1
31258,C_3071,2010,2011,3.30929397023e-05,0,0,0.2,0.0167332757264,2026-09-08T22:18:53.221714+00:00,study3b_fifo_runtime_v1
31305,C_3078,2010,2011,0.0101555297151,0,0,0.2,0.0167332757264,2026-09-08T22:18:53.221714+00:00,study3b_fifo_runtime_v1
31319,C_3079,2010,2011,3.06264337269e-05,0,0,0.2,0.0167332757264,2026-09-08T22:18:53.221714+00:00,study3b_fifo_runtime_v1
31399,C_3088,2010,2011,1.27267567223e-05,0,0,0.2,0.0167332757264,2026-09-08T22:18:53.221714+00:00,study3b_fifo_runtime_v1
31430,C_3093,2010,2011,0.000373079063138,0,0,0.2,0.0167332757264,2026-09-08T22:18:53.221714+00:00,study3b_fifo_runtime_v1
31467,C_3098,2010,2011,0.000448709324701,0,0,0.2,0.0167332757264,2026-09-08T22:18:53.221714+00:00,study3b_fifo_runtime_v1
31479,C_3099,2010,2011,0.000170429353602,0,0,0.2,0.0167332757264,2026-09-08T22:18:53.221714+00:00,study3b_fifo_runtime_v1
31500,C_3102,2010,2011,1.66719491972e-05,0,0,0.2,0.0167332757264,2026-09-08T22:18:53.221714+00:00,study3b_fifo_runtime_v1
31505,C_3103,2010,2011,0.000347611756297,0,0,0.2,0.0167332757264,2026-09-08T22:18:53.221714+00:00,study3b_fifo_runtime_v1
31522,C_3104,2010,2011,0.0102336518466,0,0,0.2,0.0167332757264,2026-09-08T22:18:53.221714+00:00,study3b_fifo_runtime_v1
31544,C_3108,2010,2011,3.84377090086e-05,0,0,0.2,0.0167332757264,2026-09-08T22:18:53.221714+00:00,study3b_fifo_runtime_v1
31558,C_3109,2010,2011,0.00122154562268,0,0,0.2,0.0167332757264,2026-09-08T22:18:53.221714+00:00,study3b_fifo_runtime_v1
31600,C_3116,2010,2011,0.000364616891602,0,0,0.2,0.0167332757264,2026-09-08T22:18:53.221714+00:00,study3b_fifo_runtime_v1
31624,C_3119,2010,2011,4.34912835772e-05,0,0,0.2,0.0167332757264,2026-09-08T22:18:53.221714+00:00,study3b_fifo_runtime_v1
31633,C_3120,2010,2011,0.000650326954201,0,0,0.2,0.0167332757264,2026-09-08T22:18:53.221714+00:00,study3b_fifo_runtime_v1
31650,C_3121,2010,2011,0.000511240679771,0,0,0.2,0.0167332757264,2026-09-08T22:18:53.221714+00:00,study3b_fifo_runtime_v1
31734,C_3140,2010,2011,0.00914740841836,0,0,0.2,0.0167332757264,2026-09-08T22:18:53.221714+00:00,study3b_fifo_runtime_v1
31762,C_3144,2010,2011,0.0150968013331,0,0,0.2,0.0167332757264,2026-09-08T22:18:53.221714+00:00,study3b_fifo_runtime_v1
31781,C_3145,2010,2011,0.000341727776686,0,0,0.2,0.0167332757264,2026-09-08T22:18:53.221714+00:00,study3b_fifo_runtime_v1
31790,C_3146,2010,2011,3.92591173295e-05,0,0,0.2,0.0167332757264,2026-09-08T22:18:53.221714+00:00,study3b_fifo_runtime_v1
31821,C_3148,2010,2011,0.000308704795316,0,0,0.2,0.0167332757264,2026-09-08T22:18:53.221714+00:00,study3b_fifo_runtime_v1
31849,C_3150,2010,2011,0.00265353848226,0,0,0.2,0.0167332757264,2026-09-08T22:18:53.221714+00:00,study3b_fifo_runtime_v1
31869,C_3151,2010,2011,0.000104931765236,0,0,0.2,0.0167332757264,2026-09-08T22:18:53.221714+00:00,study3b_fifo_runtime_v1
31892,C_3153,2010,2011,0.000542640453205,0,0,0.2,0.0167332757264,2026-09-08T22:18:53.221714+00:00,study3b_fifo_runtime_v1
31909,C_3156,2010,2011,0.000142050630529,0,0,0.2,0.0167332757264,2026-09-08T22:18:53.221714+00:00,study3b_fifo_runtime_v1
31931,C_3160,2010,2011,0.000629963818938,0,0,0.2,0.0167332757264,2026-09-08T22:18:53.221714+00:00,study3b_fifo_runtime_v1
31947,C_3163,2010,2011,0.0145435342565,0,0,0.2,0.0167332757264,2026-09-08T22:18:53.221714+00:00,study3b_fifo_runtime_v1
31972,C_3165,2010,2011,4.26935257565e-05,0,0,0.2,0.0167332757264,2026-09-08T22:18:53.221714+00:00,study3b_fifo_runtime_v1
32011,C_3169,2010,2011,0.000869289331604,0,0,0.2,0.0167332757264,2026-09-08T22:18:53.221714+00:00,study3b_fifo_runtime_v1
32065,C_3181,2010,2011,5.62939349038e-05,0,0,0.2,0.0167332757264,2026-09-08T22:18:53.221714+00:00,study3b_fifo_runtime_v1
32131,C_3192,2010,2011,0.0285471249372,0,1,0.2,0.0167332757264,2026-09-08T22:18:53.221714+00:00,study3b_fifo_runtime_v1
32146,C_3194,2010,2011,0.000122924495372,0,0,0.2,0.0167332757264,2026-09-08T22:18:53.221714+00:00,study3b_fifo_runtime_v1
32170,C_3196,2010,2011,0.000152164648171,0,0,0.2,0.0167332757264,2026-09-08T22:18:53.221714+00:00,study3b_fifo_runtime_v1
32189,C_3197,2010,2011,5.89843730268e-05,0,0,0.2,0.0167332757264,2026-09-08T22:18:53.221714+00:00,study3b_fifo_runtime_v1
32209,C_3199,2010,2011,0.000364787032595,0,0,0.2,0.0167332757264,2026-09-08T22:18:53.221714+00:00,study3b_fifo_runtime_v1
32246,C_3205,2010,2011,2.87865404971e-05,0,0,0.2,0.0167332757264,2026-09-08T22:18:53.221714+00:00,study3b_fifo_runtime_v1
32266,C_3206,2010,2011,0.0156056396663,0,0,0.2,0.0167332757264,2026-09-08T22:18:53.221714+00:00,study3b_fifo_runtime_v1
32294,C_3212,2010,2011,0.000134678397444,0,0,0.2,0.0167332757264,2026-09-08T22:18:53.221714+00:00,study3b_fifo_runtime_v1
32341,C_3223,2010,2011,0.000880898733158,0,0,0.2,0.0167332757264,2026-09-08T22:18:53.221714+00:00,study3b_fifo_runtime_v1
32378,C_3229,2010,2011,0.000872693490237,0,0,0.2,0.0167332757264,2026-09-08T22:18:53.221714+00:00,study3b_fifo_runtime_v1
32412,C_3235,2010,2011,0.000552461773623,0,0,0.2,0.0167332757264,2026-09-08T22:18:53.221714+00:00,study3b_fifo_runtime_v1
32427,C_3236,2010,2011,0.000761150207836,0,0,0.2,0.0167332757264,2026-09-08T22:18:53.221714+00:00,study3b_fifo_runtime_v1
32436,C_3237,2010,2011,0.000145022175275,0,0,0.2,0.0167332757264,2026-09-08T22:18:53.221714+00:00,study3b_fifo_runtime_v1
32448,C_3238,2010,2011,0.0429997630417,0,1,0.2,0.0167332757264,2026-09-08T22:18:53.221714+00:00,study3b_fifo_runtime_v1
32471,C_3241,2010,2011,3.91166504414e-05,0,0,0.2,0.0167332757264,2026-09-08T22:18:53.221714+00:00,study3b_fifo_runtime_v1
32484,C_3242,2010,2011,6.24794338364e-05,0,0,0.2,0.0167332757264,2026-09-08T22:18:53.221714+00:00,study3b_fifo_runtime_v1
32495,C_3243,2010,2011,0.000816489337012,0,0,0.2,0.0167332757264,2026-09-08T22:18:53.221714+00:00,study3b_fifo_runtime_v1
32517,C_3245,2010,2011,0.00039995208499,0,0,0.2,0.0167332757264,2026-09-08T22:18:53.221714+00:00,study3b_fifo_runtime_v1
32557,C_3249,2010,2011,5.02623552165e-05,0,0,0.2,0.0167332757264,2026-09-08T22:18:53.221714+00:00,study3b_fifo_runtime_v1
32591,C_3253,2010,2011,3.71202004317e-05,0,0,0.2,0.0167332757264,2026-09-08T22:18:53.221714+00:00,study3b_fifo_runtime_v1
32611,C_3254,2010,2011,5.64282090636e-05,0,0,0.2,0.0167332757264,2026-09-08T22:18:53.221714+00:00,study3b_fifo_runtime_v1
32666,C_3260,2010,2011,0.000234035265748,0,0,0.2,0.0167332757264,2026-09-08T22:18:53.221714+00:00,study3b_fifo_runtime_v1
32685,C_3261,2010,2011,0.000363071565516,0,0,0.2,0.0167332757264,2026-09-08T22:18:53.221714+00:00,study3b_fifo_runtime_v1
32707,C_3263,2010,2011,0.0108453035355,0,0,0.2,0.0167332757264,2026-09-08T22:18:53.221714+00:00,study3b_fifo_runtime_v1
32742,C_3270,2010,2011,0.000768307887483,0,0,0.2,0.0167332757264,2026-09-08T22:18:53.221714+00:00,study3b_fifo_runtime_v1
32772,C_3275,2010,2011,5.2197749028e-05,0,0,0.2,0.0167332757264,2026-09-08T22:18:53.221714+00:00,study3b_fifo_runtime_v1
32788,C_3277,2010,2011,0.000513889885042,0,0,0.2,0.0167332757264,2026-09-08T22:18:53.221714+00:00,study3b_fifo_runtime_v1
32810,C_3280,2010,2011,0.00346248410642,0,0,0.2,0.0167332757264,2026-09-08T22:18:53.221714+00:00,study3b_fifo_runtime_v1
32825,C_3281,2010,2011,6.26421251582e-06,0,0,0.2,0.0167332757264,2026-09-08T22:18:53.221714+00:00,study3b_fifo_runtime_v1
32840,C_3282,2010,2011,3.26581102854e-05,0,0,0.2,0.0167332757264,2026-09-08T22:18:53.221714+00:00,study3b_fifo_runtime_v1
32881,C_3290,2010,2011,0.0113092176616,0,0,0.2,0.0167332757264,2026-09-08T22:18:53.221714+00:00,study3b_fifo_runtime_v1
32911,C_3293,2010,2011,0.000887075380888,0,0,0.2,0.0167332757264,2026-09-08T22:18:53.221714+00:00,study3b_fifo_runtime_v1
32927,C_3295,2010,2011,0.000304110726574,0,0,0.2,0.0167332757264,2026-09-08T22:18:53.221714+00:00,study3b_fifo_runtime_v1
32955,C_3297,2010,2011,8.8964616225e-06,0,0,0.2,0.0167332757264,2026-09-08T22:18:53.221714+00:00,study3b_fifo_runtime_v1
32984,C_3299,2010,2011,0.00019646306464,0,0,0.2,0.0167332757264,2026-09-08T22:18:53.221714+00:00,study3b_fifo_runtime_v1
33003,C_3301,2010,2011,0.000110590852273,0,0,0.2,0.0167332757264,2026-09-08T22:18:53.221714+00:00,study3b_fifo_runtime_v1
33048,C_3309,2010,2011,0.000106390711153,0,0,0.2,0.0167332757264,2026-09-08T22:18:53.221714+00:00,study3b_fifo_runtime_v1
33068,C_3310,2010,2011,0.000516953645274,0,0,0.2,0.0167332757264,2026-09-08T22:18:53.221714+00:00,study3b_fifo_runtime_v1
33107,C_3316,2010,2011,0.00113722833339,0,0,0.2,0.0167332757264,2026-09-08T22:18:53.221714+00:00,study3b_fifo_runtime_v1
33125,C_3317,2010,2011,0.000178789370693,0,0,0.2,0.0167332757264,2026-09-08T22:18:53.221714+00:00,study3b_fifo_runtime_v1
33156,C_3321,2010,2011,0.000997831928544,0,0,0.2,0.0167332757264,2026-09-08T22:18:53.221714+00:00,study3b_fifo_runtime_v1
33176,C_3322,2010,2011,0.00121571298223,0,0,0.2,0.0167332757264,2026-09-08T22:18:53.221714+00:00,study3b_fifo_runtime_v1
33259,C_3333,2010,2011,0.000153838933329,0,0,0.2,0.0167332757264,2026-09-08T22:18:53.221714+00:00,study3b_fifo_runtime_v1
33294,C_3336,2010,2011,7.32153930585e-05,0,0,0.2,0.0167332757264,2026-09-08T22:18:53.221714+00:00,study3b_fifo_runtime_v1
33315,C_3338,2010,2011,0.00406945915893,0,0,0.2,0.0167332757264,2026-09-08T22:18:53.221714+00:00,study3b_fifo_runtime_v1
33331,C_3339,2010,2011,0.000899541948456,0,0,0.2,0.0167332757264,2026-09-08T22:18:53.221714+00:00,study3b_fifo_runtime_v1
33344,C_3340,2010,2011,1.31695815071e-05,0,0,0.2,0.0167332757264,2026-09-08T22:18:53.221714+00:00,study3b_fifo_runtime_v1
33369,C_3344,2010,2011,0.000104781043774,0,0,0.2,0.0167332757264,2026-09-08T22:18:53.221714+00:00,study3b_fifo_runtime_v1
33389,C_3345,2010,2011,0.0133259342983,0,0,0.2,0.0167332757264,2026-09-08T22:18:53.221714+00:00,study3b_fifo_runtime_v1
33424,C_3348,2010,2011,0.000713669869583,0,0,0.2,0.0167332757264,2026-09-08T22:18:53.221714+00:00,study3b_fifo_runtime_v1
33444,C_3349,2010,2011,0.000321907136822,0,0,0.2,0.0167332757264,2026-09-08T22:18:53.221714+00:00,study3b_fifo_runtime_v1
33465,C_3351,2010,2011,0.00576330395415,0,0,0.2,0.0167332757264,2026-09-08T22:18:53.221714+00:00,study3b_fifo_runtime_v1
33485,C_3352,2010,2011,8.25882816571e-05,0,0,0.2,0.0167332757264,2026-09-08T22:18:53.221714+00:00,study3b_fifo_runtime_v1
33505,C_3355,2010,2011,0.000197769491933,0,0,0.2,0.0167332757264,2026-09-08T22:18:53.221714+00:00,study3b_fifo_runtime_v1
33526,C_3357,2010,2011,0.00135122297797,0,0,0.2,0.0167332757264,2026-09-08T22:18:53.221714+00:00,study3b_fifo_runtime_v1
33546,C_3358,2010,2011,4.98775734741e-05,0,0,0.2,0.0167332757264,2026-09-08T22:18:53.221714+00:00,study3b_fifo_runtime_v1
33570,C_3360,2010,2011,1.03699594547e-05,0,0,0.2,0.0167332757264,2026-09-08T22:18:53.221714+00:00,study3b_fifo_runtime_v1
33596,C_3363,2010,2011,7.24057899788e-05,0,0,0.2,0.0167332757264,2026-09-08T22:18:53.221714+00:00,study3b_fifo_runtime_v1
33610,C_3365,2010,2011,2.96730304399e-05,0,0,0.2,0.0167332757264,2026-09-08T22:18:53.221714+00:00,study3b_fifo_runtime_v1
33632,C_3371,2010,2011,8.94392269402e-06,0,0,0.2,0.0167332757264,2026-09-08T22:18:53.221714+00:00,study3b_fifo_runtime_v1
33659,C_3373,2010,2011,2.37334170379e-05,0,0,0.2,0.0167332757264,2026-09-08T22:18:53.221714+00:00,study3b_fifo_runtime_v1
33709,C_3379,2010,2011,0.00037674853229,0,0,0.2,0.0167332757264,2026-09-08T22:18:53.221714+00:00,study3b_fifo_runtime_v1
33729,C_3380,2010,2011,1.62812084454e-05,0,0,0.2,0.0167332757264,2026-09-08T22:18:53.221714+00:00,study3b_fifo_runtime_v1
33760,C_3382,2010,2011,0.00102848710958,0,0,0.2,0.0167332757264,2026-09-08T22:18:53.221714+00:00,study3b_fifo_runtime_v1
33788,C_3386,2010,2011,2.15815798583e-05,0,0,0.2,0.0167332757264,2026-09-08T22:18:53.221714+00:00,study3b_fifo_runtime_v1
33807,C_3387,2010,2011,5.93125769228e-05,0,0,0.2,0.0167332757264,2026-09-08T22:18:53.221714+00:00,study3b_fifo_runtime_v1
33847,C_3390,2010,2011,0.00405724719167,0,0,0.2,0.0167332757264,2026-09-08T22:18:53.221714+00:00,study3b_fifo_runtime_v1
33870,C_3392,2010,2011,0.00223113619722,0,0,0.2,0.0167332757264,2026-09-08T22:18:53.221714+00:00,study3b_fifo_runtime_v1
33902,C_3395,2010,2011,0.00260428804904,0,0,0.2,0.0167332757264,2026-09-08T22:18:53.221714+00:00,study3b_fifo_runtime_v1
33960,C_3406,2010,2011,0.010017581284,0,0,0.2,0.0167332757264,2026-09-08T22:18:53.221714+00:00,study3b_fifo_runtime_v1
33973,C_3407,2010,2011,0.000178007016075,0,0,0.2,0.0167332757264,2026-09-08T22:18:53.221714+00:00,study3b_fifo_runtime_v1
34020,C_3416,2010,2011,6.80244920659e-05,0,0,0.2,0.0167332757264,2026-09-08T22:18:53.221714+00:00,study3b_fifo_runtime_v1
34049,C_3420,2010,2011,2.5526387617e-05,0,0,0.2,0.0167332757264,2026-09-08T22:18:53.221714+00:00,study3b_fifo_runtime_v1
34069,C_3421,2010,2011,0.00132397713605,0,0,0.2,0.0167332757264,2026-09-08T22:18:53.221714+00:00,study3b_fifo_runtime_v1
34085,C_3426,2010,2011,0.000289957300993,0,0,0.2,0.0167332757264,2026-09-08T22:18:53.221714+00:00,study3b_fifo_runtime_v1
34105,C_3427,2010,2011,0.00149439962115,0,0,0.2,0.0167332757264,2026-09-08T22:18:53.221714+00:00,study3b_fifo_runtime_v1
34143,C_3430,2010,2011,5.98794322286e-05,0,0,0.2,0.0167332757264,2026-09-08T22:18:53.221714+00:00,study3b_fifo_runtime_v1
34155,C_3431,2010,2011,0.000323358399328,0,0,0.2,0.0167332757264,2026-09-08T22:18:53.221714+00:00,study3b_fifo_runtime_v1
34214,C_3441,2010,2011,7.66973753343e-05,0,0,0.2,0.0167332757264,2026-09-08T22:18:53.221714+00:00,study3b_fifo_runtime_v1
34234,C_3442,2010,2011,4.39294053649e-05,0,0,0.2,0.0167332757264,2026-09-08T22:18:53.221714+00:00,study3b_fifo_runtime_v1
34263,C_3445,2010,2011,0.000327104702592,0,0,0.2,0.0167332757264,2026-09-08T22:18:53.221714+00:00,study3b_fifo_runtime_v1
34280,C_3446,2010,2011,0.0050057428889,0,0,0.2,0.0167332757264,2026-09-08T22:18:53.221714+00:00,study3b_fifo_runtime_v1
34328,C_3454,2010,2011,0.000184420277947,0,0,0.2,0.0167332757264,2026-09-08T22:18:53.221714+00:00,study3b_fifo_runtime_v1
34369,C_3460,2010,2011,0.0345645584166,0,1,0.2,0.0167332757264,2026-09-08T22:18:53.221714+00:00,study3b_fifo_runtime_v1
34382,C_3461,2010,2011,9.1261077614e-05,0,0,0.2,0.0167332757264,2026-09-08T22:18:53.221714+00:00,study3b_fifo_runtime_v1
34402,C_3462,2010,2011,0.000292587064905,0,0,0.2,0.0167332757264,2026-09-08T22:18:53.221714+00:00,study3b_fifo_runtime_v1
34422,C_3463,2010,2011,0.00240410957485,0,0,0.2,0.0167332757264,2026-09-08T22:18:53.221714+00:00,study3b_fifo_runtime_v1
34434,C_3464,2010,2011,0.000485467753606,0,0,0.2,0.0167332757264,2026-09-08T22:18:53.221714+00:00,study3b_fifo_runtime_v1
34448,C_3465,2010,2011,9.16123099159e-05,0,0,0.2,0.0167332757264,2026-09-08T22:18:53.221714+00:00,study3b_fifo_runtime_v1
34468,C_3466,2010,2011,0.000191312268726,0,0,0.2,0.0167332757264,2026-09-08T22:18:53.221714+00:00,study3b_fifo_runtime_v1
34487,C_3467,2010,2011,0.000907147361431,0,0,0.2,0.0167332757264,2026-09-08T22:18:53.221714+00:00,study3b_fifo_runtime_v1
34514,C_3470,2010,2011,8.74399920576e-05,0,0,0.2,0.0167332757264,2026-09-08T22:18:53.221714+00:00,study3b_fifo_runtime_v1
34552,C_3473,2010,2011,0.000335576100042,0,0,0.2,0.0167332757264,2026-09-08T22:18:53.221714+00:00,study3b_fifo_runtime_v1
34569,C_3474,2010,2011,0.00562448939309,0,0,0.2,0.0167332757264,2026-09-08T22:18:53.221714+00:00,study3b_fifo_runtime_v1
34579,C_3475,2010,2011,0.000684366736095,0,0,0.2,0.0167332757264,2026-09-08T22:18:53.221714+00:00,study3b_fifo_runtime_v1
34604,C_3478,2010,2011,1.89278034668e-05,0,0,0.2,0.0167332757264,2026-09-08T22:18:53.221714+00:00,study3b_fifo_runtime_v1
34622,C_3479,2010,2011,0.000289271323709,0,0,0.2,0.0167332757264,2026-09-08T22:18:53.221714+00:00,study3b_fifo_runtime_v1
34666,C_3487,2010,2011,9.66345178313e-05,0,0,0.2,0.0167332757264,2026-09-08T22:18:53.221714+00:00,study3b_fifo_runtime_v1
34689,C_3490,2010,2011,0.0017870310694,0,0,0.2,0.0167332757264,2026-09-08T22:18:53.221714+00:00,study3b_fifo_runtime_v1
34705,C_3491,2010,2011,0.000173255801201,0,0,0.2,0.0167332757264,2026-09-08T22:18:53.221714+00:00,study3b_fifo_runtime_v1
34724,C_3492,2010,2011,0.000638883269858,0,0,0.2,0.0167332757264,2026-09-08T22:18:53.221714+00:00,study3b_fifo_runtime_v1
34744,C_3493,2010,2011,5.95611927565e-05,0,0,0.2,0.0167332757264,2026-09-08T22:18:53.221714+00:00,study3b_fifo_runtime_v1
34761,C_3494,2010,2011,0.000624707259703,0,0,0.2,0.0167332757264,2026-09-08T22:18:53.221714+00:00,study3b_fifo_runtime_v1
34790,C_3500,2010,2011,0.000111695786472,0,0,0.2,0.0167332757264,2026-09-08T22:18:53.221714+00:00,study3b_fifo_runtime_v1
34813,C_3502,2010,2011,0.000331190036377,0,0,0.2,0.0167332757264,2026-09-08T22:18:53.221714+00:00,study3b_fifo_runtime_v1
34834,C_3504,2010,2011,0.000234513092437,0,0,0.2,0.0167332757264,2026-09-08T22:18:53.221714+00:00,study3b_fifo_runtime_v1
34887,C_3510,2010,2011,0.000254804297583,0,0,0.2,0.0167332757264,2026-09-08T22:18:53.221714+00:00,study3b_fifo_runtime_v1
34925,C_3513,2010,2011,0.000460558600025,0,0,0.2,0.0167332757264,2026-09-08T22:18:53.221714+00:00,study3b_fifo_runtime_v1
34960,C_3518,2010,2011,0.000136890055728,0,0,0.2,0.0167332757264,2026-09-08T22:18:53.221714+00:00,study3b_fifo_runtime_v1
34985,C_3522,2010,2011,0.000140038653626,0,0,0.2,0.0167332757264,2026-09-08T22:18:53.221714+00:00,study3b_fifo_runtime_v1
35008,C_3525,2010,2011,0.000127486186102,0,0,0.2,0.0167332757264,2026-09-08T22:18:53.221714+00:00,study3b_fifo_runtime_v1
35018,C_3527,2010,2011,0.0174739677459,0,1,0.2,0.0167332757264,2026-09-08T22:18:53.221714+00:00,study3b_fifo_runtime_v1
35039,C_3529,2010,2011,0.000942741229665,0,0,0.2,0.0167332757264,2026-09-08T22:18:53.221714+00:00,study3b_fifo_runtime_v1
35066,C_3531,2010,2011,0.000434380868683,0,0,0.2,0.0167332757264,2026-09-08T22:18:53.221714+00:00,study3b_fifo_runtime_v1
35084,C_3532,2010,2011,0.000537378946319,0,0,0.2,0.0167332757264,2026-09-08T22:18:53.221714+00:00,study3b_fifo_runtime_v1
35103,C_3533,2010,2011,0.000138198593049,0,0,0.2,0.0167332757264,2026-09-08T22:18:53.221714+00:00,study3b_fifo_runtime_v1
35116,C_3534,2010,2011,0.000693232344929,0,0,0.2,0.0167332757264,2026-09-08T22:18:53.221714+00:00,study3b_fifo_runtime_v1
35144,C_3538,2010,2011,0.000698616262525,0,0,0.2,0.0167332757264,2026-09-08T22:18:53.221714+00:00,study3b_fifo_runtime_v1
35179,C_3544,2010,2011,0.00228446419351,0,0,0.2,0.0167332757264,2026-09-08T22:18:53.221714+00:00,study3b_fifo_runtime_v1
35199,C_3545,2010,2011,1.09958882604e-05,0,0,0.2,0.0167332757264,2026-09-08T22:18:53.221714+00:00,study3b_fifo_runtime_v1
35239,C_3550,2010,2011,0.000125504520838,0,0,0.2,0.0167332757264,2026-09-08T22:18:53.221714+00:00,study3b_fifo_runtime_v1
35262,C_3552,2010,2011,0.00266212411225,0,0,0.2,0.0167332757264,2026-09-08T22:18:53.221714+00:00,study3b_fifo_runtime_v1
35292,C_3554,2010,2011,0.026044184342,0,1,0.2,0.0167332757264,2026-09-08T22:18:53.221714+00:00,study3b_fifo_runtime_v1
35339,C_3561,2010,2011,1.4994436242e-05,0,0,0.2,0.0167332757264,2026-09-08T22:18:53.221714+00:00,study3b_fifo_runtime_v1
35381,C_3564,2010,2011,0.000885802786797,0,0,0.2,0.0167332757264,2026-09-08T22:18:53.221714+00:00,study3b_fifo_runtime_v1
35399,C_3565,2010,2011,0.00160452409182,0,0,0.2,0.0167332757264,2026-09-08T22:18:53.221714+00:00,study3b_fifo_runtime_v1
35419,C_3566,2010,2011,0.0221243351698,0,1,0.2,0.0167332757264,2026-09-08T22:18:53.221714+00:00,study3b_fifo_runtime_v1
35433,C_3567,2010,2011,0.000354469288141,0,0,0.2,0.0167332757264,2026-09-08T22:18:53.221714+00:00,study3b_fifo_runtime_v1
35451,C_3568,2010,2011,0.000158008260769,0,0,0.2,0.0167332757264,2026-09-08T22:18:53.221714+00:00,study3b_fifo_runtime_v1
35477,C_3572,2010,2011,2.6418849302e-05,0,0,0.2,0.0167332757264,2026-09-08T22:18:53.221714+00:00,study3b_fifo_runtime_v1
35493,C_3574,2010,2011,0.00165033165831,0,0,0.2,0.0167332757264,2026-09-08T22:18:53.221714+00:00,study3b_fifo_runtime_v1
35509,C_3577,2010,2011,2.64760838036e-05,0,0,0.2,0.0167332757264,2026-09-08T22:18:53.221714+00:00,study3b_fifo_runtime_v1
35530,C_3579,2010,2011,0.000211312901229,0,0,0.2,0.0167332757264,2026-09-08T22:18:53.221714+00:00,study3b_fifo_runtime_v1
35542,C_3580,2010,2011,0.00133485288825,0,0,0.2,0.0167332757264,2026-09-08T22:18:53.221714+00:00,study3b_fifo_runtime_v1
35563,C_3582,2010,2011,0.00237504439428,0,0,0.2,0.0167332757264,2026-09-08T22:18:53.221714+00:00,study3b_fifo_runtime_v1
35583,C_3583,2010,2011,0.000122706973343,0,0,0.2,0.0167332757264,2026-09-08T22:18:53.221714+00:00,study3b_fifo_runtime_v1
35611,C_3586,2010,2011,6.57622367726e-05,0,0,0.2,0.0167332757264,2026-09-08T22:18:53.221714+00:00,study3b_fifo_runtime_v1
35623,C_3587,2010,2011,0.000269673793809,0,0,0.2,0.0167332757264,2026-09-08T22:18:53.221714+00:00,study3b_fifo_runtime_v1
35643,C_3588,2010,2011,0.00724609615281,0,0,0.2,0.0167332757264,2026-09-08T22:18:53.221714+00:00,study3b_fifo_runtime_v1
35659,C_3589,2010,2011,5.67088245589e-05,0,0,0.2,0.0167332757264,2026-09-08T22:18:53.221714+00:00,study3b_fifo_runtime_v1
35692,C_3592,2010,2011,0.000429248175351,0,0,0.2,0.0167332757264,2026-09-08T22:18:53.221714+00:00,study3b_fifo_runtime_v1
35712,C_3593,2010,2011,0.000141401033034,0,0,0.2,0.0167332757264,2026-09-08T22:18:53.221714+00:00,study3b_fifo_runtime_v1
35732,C_3594,2010,2011,0.0106655647978,0,0,0.2,0.0167332757264,2026-09-08T22:18:53.221714+00:00,study3b_fifo_runtime_v1
35748,C_3595,2010,2011,0.000484798569232,0,0,0.2,0.0167332757264,2026-09-08T22:18:53.221714+00:00,study3b_fifo_runtime_v1
35760,C_3596,2010,2011,0.000325885950588,0,0,0.2,0.0167332757264,2026-09-08T22:18:53.221714+00:00,study3b_fifo_runtime_v1
35806,C_3602,2010,2011,7.09896194167e-05,0,0,0.2,0.0167332757264,2026-09-08T22:18:53.221714+00:00,study3b_fifo_runtime_v1
35825,C_3603,2010,2011,7.65237382438e-06,0,0,0.2,0.0167332757264,2026-09-08T22:18:53.221714+00:00,study3b_fifo_runtime_v1
35869,C_3609,2010,2011,0.000442170450697,0,0,0.2,0.0167332757264,2026-09-08T22:18:53.221714+00:00,study3b_fifo_runtime_v1
35892,C_3611,2010,2011,3.8609294279e-05,0,0,0.2,0.0167332757264,2026-09-08T22:18:53.221714+00:00,study3b_fifo_runtime_v1
35906,C_3612,2010,2011,0.00152858532965,0,0,0.2,0.0167332757264,2026-09-08T22:18:53.221714+00:00,study3b_fifo_runtime_v1
35922,C_3613,2010,2011,5.32295671292e-05,0,0,0.2,0.0167332757264,2026-09-08T22:18:53.221714+00:00,study3b_fifo_runtime_v1
35941,C_3614,2010,2011,0.000173797830939,0,0,0.2,0.0167332757264,2026-09-08T22:18:53.221714+00:00,study3b_fifo_runtime_v1
35968,C_3618,2010,2011,0.000659520330373,0,0,0.2,0.0167332757264,2026-09-08T22:18:53.221714+00:00,study3b_fifo_runtime_v1
35997,C_3621,2010,2011,0.00031269347528,0,0,0.2,0.0167332757264,2026-09-08T22:18:53.221714+00:00,study3b_fifo_runtime_v1
36040,C_3628,2010,2011,0.00227121077478,0,0,0.2,0.0167332757264,2026-09-08T22:18:53.221714+00:00,study3b_fifo_runtime_v1
36052,C_3629,2010,2011,2.24909981625e-05,0,0,0.2,0.0167332757264,2026-09-08T22:18:53.221714+00:00,study3b_fifo_runtime_v1
36082,C_3632,2010,2011,2.37032636505e-05,0,0,0.2,0.0167332757264,2026-09-08T22:18:53.221714+00:00,study3b_fifo_runtime_v1
36105,C_3634,2010,2011,0.000443259021267,0,0,0.2,0.0167332757264,2026-09-08T22:18:53.221714+00:00,study3b_fifo_runtime_v1
36136,C_3637,2010,2011,8.65437905304e-05,0,0,0.2,0.0167332757264,2026-09-08T22:18:53.221714+00:00,study3b_fifo_runtime_v1
36156,C_3638,2010,2011,0.000189857266378,0,0,0.2,0.0167332757264,2026-09-08T22:18:53.221714+00:00,study3b_fifo_runtime_v1
36167,C_3641,2010,2011,0.00111154967453,0,0,0.2,0.0167332757264,2026-09-08T22:18:53.221714+00:00,study3b_fifo_runtime_v1
36181,C_3642,2010,2011,6.65184488753e-05,0,0,0.2,0.0167332757264,2026-09-08T22:18:53.221714+00:00,study3b_fifo_runtime_v1
36235,C_3651,2010,2011,0.000117200193927,0,0,0.2,0.0167332757264,2026-09-08T22:18:53.221714+00:00,study3b_fifo_runtime_v1
36255,C_3652,2010,2011,0.000160583542311,0,0,0.2,0.0167332757264,2026-09-08T22:18:53.221714+00:00,study3b_fifo_runtime_v1
36274,C_3653,2010,2011,0.000734049535822,0,0,0.2,0.0167332757264,2026-09-08T22:18:53.221714+00:00,study3b_fifo_runtime_v1
36312,C_3659,2010,2011,0.000504795461893,0,0,0.2,0.0167332757264,2026-09-08T22:18:53.221714+00:00,study3b_fifo_runtime_v1
36332,C_3660,2010,2011,0.000382753234589,0,0,0.2,0.0167332757264,2026-09-08T22:18:53.221714+00:00,study3b_fifo_runtime_v1
36352,C_3661,2010,2011,0.000888212991413,0,0,0.2,0.0167332757264,2026-09-08T22:18:53.221714+00:00,study3b_fifo_runtime_v1
36371,C_3662,2010,2011,0.00124382285867,0,0,0.2,0.0167332757264,2026-09-08T22:18:53.221714+00:00,study3b_fifo_runtime_v1
36394,C_3664,2010,2011,0.000225416035391,0,0,0.2,0.0167332757264,2026-09-08T22:18:53.221714+00:00,study3b_fifo_runtime_v1
36408,C_3665,2010,2011,4.55290137324e-05,0,0,0.2,0.0167332757264,2026-09-08T22:18:53.221714+00:00,study3b_fifo_runtime_v1
36430,C_3667,2010,2011,0.000154592897161,0,0,0.2,0.0167332757264,2026-09-08T22:18:53.221714+00:00,study3b_fifo_runtime_v1
36464,C_3672,2010,2011,0.000123310514027,0,0,0.2,0.0167332757264,2026-09-08T22:18:53.221714+00:00,study3b_fifo_runtime_v1
36480,C_3673,2010,2011,0.00028025030042,0,0,0.2,0.0167332757264,2026-09-08T22:18:53.221714+00:00,study3b_fifo_runtime_v1
36511,C_3677,2010,2011,0.000301243824651,0,0,0.2,0.0167332757264,2026-09-08T22:18:53.221714+00:00,study3b_fifo_runtime_v1
36526,C_3679,2010,2011,3.76786447305e-05,0,0,0.2,0.0167332757264,2026-09-08T22:18:53.221714+00:00,study3b_fifo_runtime_v1
36546,C_3682,2010,2011,0.104285143316,0,1,0.2,0.0167332757264,2026-09-08T22:18:53.221714+00:00,study3b_fifo_runtime_v1
36585,C_3689,2010,2011,0.000514775456395,0,0,0.2,0.0167332757264,2026-09-08T22:18:53.221714+00:00,study3b_fifo_runtime_v1
36600,C_3690,2010,2011,5.85861853324e-05,0,0,0.2,0.0167332757264,2026-09-08T22:18:53.221714+00:00,study3b_fifo_runtime_v1
36614,C_3691,2010,2011,0.000320410210406,0,0,0.2,0.0167332757264,2026-09-08T22:18:53.221714+00:00,study3b_fifo_runtime_v1
36631,C_3692,2010,2011,0.000146644888446,0,0,0.2,0.0167332757264,2026-09-08T22:18:53.221714+00:00,study3b_fifo_runtime_v1
36643,C_3693,2010,2011,5.16721956956e-05,0,0,0.2,0.0167332757264,2026-09-08T22:18:53.221714+00:00,study3b_fifo_runtime_v1
36672,C_3695,2010,2011,1.18310372272e-05,0,0,0.2,0.0167332757264,2026-09-08T22:18:53.221714+00:00,study3b_fifo_runtime_v1
36693,C_3697,2010,2011,0.00368210789748,0,0,0.2,0.0167332757264,2026-09-08T22:18:53.221714+00:00,study3b_fifo_runtime_v1
36705,C_3698,2010,2011,0.000158978975378,0,0,0.2,0.0167332757264,2026-09-08T22:18:53.221714+00:00,study3b_fifo_runtime_v1
36727,C_3700,2010,2011,0.00128880050033,0,0,0.2,0.0167332757264,2026-09-08T22:18:53.221714+00:00,study3b_fifo_runtime_v1
36751,C_3704,2010,2011,0.000292325974442,0,0,0.2,0.0167332757264,2026-09-08T22:18:53.221714+00:00,study3b_fifo_runtime_v1
36778,C_3706,2010,2011,8.125534805e-05,0,0,0.2,0.0167332757264,2026-09-08T22:18:53.221714+00:00,study3b_fifo_runtime_v1
36790,C_3707,2010,2011,8.2084814494e-05,0,0,0.2,0.0167332757264,2026-09-08T22:18:53.221714+00:00,study3b_fifo_runtime_v1
36803,C_3708,2010,2011,0.000138955932925,0,0,0.2,0.0167332757264,2026-09-08T22:18:53.221714+00:00,study3b_fifo_runtime_v1
36823,C_3709,2010,2011,0.000594450277276,0,0,0.2,0.0167332757264,2026-09-08T22:18:53.221714+00:00,study3b_fifo_runtime_v1
36842,C_3710,2010,2011,0.00295275007375,0,0,0.2,0.0167332757264,2026-09-08T22:18:53.221714+00:00,study3b_fifo_runtime_v1
36862,C_3711,2010,2011,0.00118175393436,0,0,0.2,0.0167332757264,2026-09-08T22:18:53.221714+00:00,study3b_fifo_runtime_v1
36868,C_3712,2010,2011,4.55563604191e-05,0,0,0.2,0.0167332757264,2026-09-08T22:18:53.221714+00:00,study3b_fifo_runtime_v1
36888,C_3713,2010,2011,0.000728145765606,0,0,0.2,0.0167332757264,2026-09-08T22:18:53.221714+00:00,study3b_fifo_runtime_v1
36913,C_3715,2010,2011,0.011139000766,0,0,0.2,0.0167332757264,2026-09-08T22:18:53.221714+00:00,study3b_fifo_runtime_v1
36936,C_3718,2010,2011,2.24158775382e-05,0,0,0.2,0.0167332757264,2026-09-08T22:18:53.221714+00:00,study3b_fifo_runtime_v1
36961,C_3720,2010,2011,6.67810891173e-05,0,0,0.2,0.0167332757264,2026-09-08T22:18:53.221714+00:00,study3b_fifo_runtime_v1
36982,C_3722,2010,2011,9.14421761991e-05,0,0,0.2,0.0167332757264,2026-09-08T22:18:53.221714+00:00,study3b_fifo_runtime_v1
37000,C_3723,2010,2011,0.00260538072325,0,0,0.2,0.0167332757264,2026-09-08T22:18:53.221714+00:00,study3b_fifo_runtime_v1
37020,C_3724,2010,2011,4.24058089266e-05,0,0,0.2,0.0167332757264,2026-09-08T22:18:53.221714+00:00,study3b_fifo_runtime_v1
37078,C_3735,2010,2011,0.000281718181213,0,0,0.2,0.0167332757264,2026-09-08T22:18:53.221714+00:00,study3b_fifo_runtime_v1
37093,C_3736,2010,2011,0.000129908803501,0,0,0.2,0.0167332757264,2026-09-08T22:18:53.221714+00:00,study3b_fifo_runtime_v1
37112,C_3737,2010,2011,2.18399363803e-05,0,0,0.2,0.0167332757264,2026-09-08T22:18:53.221714+00:00,study3b_fifo_runtime_v1
37137,C_3739,2010,2011,0.0123313777149,0,0,0.2,0.0167332757264,2026-09-08T22:18:53.221714+00:00,study3b_fifo_runtime_v1
37162,C_3742,2010,2011,0.000336669647368,0,0,0.2,0.0167332757264,2026-09-08T22:18:53.221714+00:00,study3b_fifo_runtime_v1
37187,C_3747,2010,2011,2.35321622313e-05,0,0,0.2,0.0167332757264,2026-09-08T22:18:53.221714+00:00,study3b_fifo_runtime_v1
37207,C_3748,2010,2011,2.43682970904e-05,0,0,0.2,0.0167332757264,2026-09-08T22:18:53.221714+00:00,study3b_fifo_runtime_v1
37221,C_3749,2010,2011,0.000121182099974,0,0,0.2,0.0167332757264,2026-09-08T22:18:53.221714+00:00,study3b_fifo_runtime_v1
37244,C_3751,2010,2011,0.000191723403987,0,0,0.2,0.0167332757264,2026-09-08T22:18:53.221714+00:00,study3b_fifo_runtime_v1
37258,C_3752,2010,2011,0.00384152191691,0,0,0.2,0.0167332757264,2026-09-08T22:18:53.221714+00:00,study3b_fifo_runtime_v1
37270,C_3753,2010,2011,8.81298637978e-06,0,0,0.2,0.0167332757264,2026-09-08T22:18:53.221714+00:00,study3b_fifo_runtime_v1
37290,C_3754,2010,2011,0.000710005580913,0,0,0.2,0.0167332757264,2026-09-08T22:18:53.221714+00:00,study3b_fifo_runtime_v1
37303,C_3755,2010,2011,6.25880493317e-05,0,0,0.2,0.0167332757264,2026-09-08T22:18:53.221714+00:00,study3b_fifo_runtime_v1
37354,C_3770,2010,2011,0.00495358509943,0,0,0.2,0.0167332757264,2026-09-08T22:18:53.221714+00:00,study3b_fifo_runtime_v1
37428,C_3790,2010,2011,0.00331599381752,0,0,0.2,0.0167332757264,2026-09-08T22:18:53.221714+00:00,study3b_fifo_runtime_v1
37540,C_3818,2010,2011,0.00367611646652,0,0,0.2,0.0167332757264,2026-09-08T22:18:53.221714+00:00,study3b_fifo_runtime_v1
37577,C_3827,2010,2011,2.26259526244e-05,0,0,0.2,0.0167332757264,2026-09-08T22:18:53.221714+00:00,study3b_fifo_runtime_v1
37680,C_3860,2010,2011,0.000518870947417,0,0,0.2,0.0167332757264,2026-09-08T22:18:53.221714+00:00,study3b_fifo_runtime_v1
37696,C_3863,2010,2011,0.00153205730021,0,0,0.2,0.0167332757264,2026-09-08T22:18:53.221714+00:00,study3b_fifo_runtime_v1
37722,C_3866,2010,2011,0.0140804508701,0,0,0.2,0.0167332757264,2026-09-08T22:18:53.221714+00:00,study3b_fifo_runtime_v1
37744,C_3868,2010,2011,0.00224914774299,0,0,0.2,0.0167332757264,2026-09-08T22:18:53.221714+00:00,study3b_fifo_runtime_v1
37765,C_3871,2010,2011,0.000116291434097,0,0,0.2,0.0167332757264,2026-09-08T22:18:53.221714+00:00,study3b_fifo_runtime_v1
37788,C_3873,2010,2011,0.000257343082922,0,0,0.2,0.0167332757264,2026-09-08T22:18:53.221714+00:00,study3b_fifo_runtime_v1
37820,C_3878,2010,2011,4.40514522779e-05,0,0,0.2,0.0167332757264,2026-09-08T22:18:53.221714+00:00,study3b_fifo_runtime_v1
37840,C_3879,2010,2011,4.13335219491e-05,0,0,0.2,0.0167332757264,2026-09-08T22:18:53.221714+00:00,study3b_fifo_runtime_v1
37852,C_3880,2010,2011,3.23778403981e-05,0,0,0.2,0.0167332757264,2026-09-08T22:18:53.221714+00:00,study3b_fifo_runtime_v1
37881,C_3882,2010,2011,0.000274989724858,0,0,0.2,0.0167332757264,2026-09-08T22:18:53.221714+00:00,study3b_fifo_runtime_v1
37904,C_3885,2010,2011,0.00334527436644,0,0,0.2,0.0167332757264,2026-09-08T22:18:53.221714+00:00,study3b_fifo_runtime_v1
37928,C_3887,2010,2011,0.000104111502878,0,0,0.2,0.0167332757264,2026-09-08T22:18:53.221714+00:00,study3b_fifo_runtime_v1
37947,C_3888,2010,2011,0.00125675287563,0,0,0.2,0.0167332757264,2026-09-08T22:18:53.221714+00:00,study3b_fifo_runtime_v1
37962,C_3890,2010,2011,0.000132261891849,0,0,0.2,0.0167332757264,2026-09-08T22:18:53.221714+00:00,study3b_fifo_runtime_v1
37982,C_3894,2010,2011,0.000179575581569,0,0,0.2,0.0167332757264,2026-09-08T22:18:53.221714+00:00,study3b_fifo_runtime_v1
38013,C_3899,2010,2011,0.0149180768058,0,0,0.2,0.0167332757264,2026-09-08T22:18:53.221714+00:00,study3b_fifo_runtime_v1
38057,C_3905,2010,2011,8.6975080194e-05,0,0,0.2,0.0167332757264,2026-09-08T22:18:53.221714+00:00,study3b_fifo_runtime_v1
38080,C_3907,2010,2011,0.000858983024955,0,0,0.2,0.0167332757264,2026-09-08T22:18:53.221714+00:00,study3b_fifo_runtime_v1
38104,C_3909,2010,2011,0.000297714897897,0,0,0.2,0.0167332757264,2026-09-08T22:18:53.221714+00:00,study3b_fifo_runtime_v1
38122,C_3910,2010,2011,0.0946225225925,0,1,0.2,0.0167332757264,2026-09-08T22:18:53.221714+00:00,study3b_fifo_runtime_v1
38138,C_3911,2010,2011,0.00102932238951,0,0,0.2,0.0167332757264,2026-09-08T22:18:53.221714+00:00,study3b_fifo_runtime_v1
38147,C_3912,2010,2011,0.000333505129674,0,0,0.2,0.0167332757264,2026-09-08T22:18:53.221714+00:00,study3b_fifo_runtime_v1
38168,C_3914,2010,2011,0.00065472064307,0,0,0.2,0.0167332757264,2026-09-08T22:18:53.221714+00:00,study3b_fifo_runtime_v1
38188,C_3915,2010,2011,2.90168463835e-05,0,0,0.2,0.0167332757264,2026-09-08T22:18:53.221714+00:00,study3b_fifo_runtime_v1
38216,C_3919,2010,2011,4.1312090616e-05,0,0,0.2,0.0167332757264,2026-09-08T22:18:53.221714+00:00,study3b_fifo_runtime_v1
38232,C_3920,2010,2011,0.000531193101779,0,0,0.2,0.0167332757264,2026-09-08T22:18:53.221714+00:00,study3b_fifo_runtime_v1
38270,C_3924,2010,2011,0.000330419366946,0,0,0.2,0.0167332757264,2026-09-08T22:18:53.221714+00:00,study3b_fifo_runtime_v1
38336,C_3940,2010,2011,1.38762034112e-05,0,0,0.2,0.0167332757264,2026-09-08T22:18:53.221714+00:00,study3b_fifo_runtime_v1
38360,C_3944,2010,2011,0.000231364785577,0,0,0.2,0.0167332757264,2026-09-08T22:18:53.221714+00:00,study3b_fifo_runtime_v1
38393,C_3949,2010,2011,4.11325927416e-05,0,0,0.2,0.0167332757264,2026-09-08T22:18:53.221714+00:00,study3b_fifo_runtime_v1
38413,C_3950,2010,2011,0.000130643151351,0,0,0.2,0.0167332757264,2026-09-08T22:18:53.221714+00:00,study3b_fifo_runtime_v1
38454,C_3954,2010,2011,0.000305946334265,0,0,0.2,0.0167332757264,2026-09-08T22:18:53.221714+00:00,study3b_fifo_runtime_v1
38477,C_3956,2010,2011,0.00015439146955,0,0,0.2,0.0167332757264,2026-09-08T22:18:53.221714+00:00,study3b_fifo_runtime_v1
38497,C_3957,2010,2011,9.62394988164e-05,0,0,0.2,0.0167332757264,2026-09-08T22:18:53.221714+00:00,study3b_fifo_runtime_v1
38519,C_3959,2010,2011,0.000675989140291,0,0,0.2,0.0167332757264,2026-09-08T22:18:53.221714+00:00,study3b_fifo_runtime_v1
38532,C_3960,2010,2011,4.12861991208e-05,0,0,0.2,0.0167332757264,2026-09-08T22:18:53.221714+00:00,study3b_fifo_runtime_v1
38588,C_3970,2010,2011,0.000277161685517,0,0,0.2,0.0167332757264,2026-09-08T22:18:53.221714+00:00,study3b_fifo_runtime_v1
38601,C_3972,2010,2011,0.0352428890765,0,1,0.2,0.0167332757264,2026-09-08T22:18:53.221714+00:00,study3b_fifo_runtime_v1
38621,C_3975,2010,2011,0.00104229582939,0,0,0.2,0.0167332757264,2026-09-08T22:18:53.221714+00:00,study3b_fifo_runtime_v1
38641,C_3976,2010,2011,1.20312661238e-05,0,0,0.2,0.0167332757264,2026-09-08T22:18:53.221714+00:00,study3b_fifo_runtime_v1
38659,C_3977,2010,2011,7.23364501027e-05,0,0,0.2,0.0167332757264,2026-09-08T22:18:53.221714+00:00,study3b_fifo_runtime_v1
38724,C_3985,2010,2011,0.000342916318914,0,0,0.2,0.0167332757264,2026-09-08T22:18:53.221714+00:00,study3b_fifo_runtime_v1
38742,C_3987,2010,2011,0.000150811334606,0,0,0.2,0.0167332757264,2026-09-08T22:18:53.221714+00:00,study3b_fifo_runtime_v1
38768,C_3990,2010,2011,0.00164000538643,0,0,0.2,0.0167332757264,2026-09-08T22:18:53.221714+00:00,study3b_fifo_runtime_v1
38794,C_3993,2010,2011,5.15190413353e-06,0,0,0.2,0.0167332757264,2026-09-08T22:18:53.221714+00:00,study3b_fifo_runtime_v1
38814,C_3994,2010,2011,0.000670031120535,0,0,0.2,0.0167332757264,2026-09-08T22:18:53.221714+00:00,study3b_fifo_runtime_v1
38829,C_3996,2010,2011,4.54370274383e-05,0,0,0.2,0.0167332757264,2026-09-08T22:18:53.221714+00:00,study3b_fifo_runtime_v1
38856,C_3999,2010,2011,3.40786245943e-05,0,0,0.2,0.0167332757264,2026-09-08T22:18:53.221714+00:00,study3b_fifo_runtime_v1
38876,C_4000,2010,2011,8.53267047205e-05,0,0,0.2,0.0167332757264,2026-09-08T22:18:53.221714+00:00,study3b_fifo_runtime_v1
38932,C_4008,2010,2011,0.000243590096943,0,0,0.2,0.0167332757264,2026-09-08T22:18:53.221714+00:00,study3b_fifo_runtime_v1
38948,C_4009,2010,2011,3.38320569426e-05,0,0,0.2,0.0167332757264,2026-09-08T22:18:53.221714+00:00,study3b_fifo_runtime_v1
38971,C_4012,2010,2011,0.000168875834788,0,0,0.2,0.0167332757264,2026-09-08T22:18:53.221714+00:00,study3b_fifo_runtime_v1
39035,C_4021,2010,2011,0.00396732566878,0,0,0.2,0.0167332757264,2026-09-08T22:18:53.221714+00:00,study3b_fifo_runtime_v1
39071,C_4027,2010,2011,0.000581743719522,0,0,0.2,0.0167332757264,2026-09-08T22:18:53.221714+00:00,study3b_fifo_runtime_v1
39103,C_4033,2010,2011,0.000106083549326,0,0,0.2,0.0167332757264,2026-09-08T22:18:53.221714+00:00,study3b_fifo_runtime_v1
39141,C_4037,2010,2011,0.00122825417202,0,0,0.2,0.0167332757264,2026-09-08T22:18:53.221714+00:00,study3b_fifo_runtime_v1
39177,C_4044,2010,2011,4.53484572063e-05,0,0,0.2,0.0167332757264,2026-09-08T22:18:53.221714+00:00,study3b_fifo_runtime_v1
39196,C_4045,2010,2011,8.1730331658e-06,0,0,0.2,0.0167332757264,2026-09-08T22:18:53.221714+00:00,study3b_fifo_runtime_v1
39220,C_4047,2010,2011,0.000472956948215,0,0,0.2,0.0167332757264,2026-09-08T22:18:53.221714+00:00,study3b_fifo_runtime_v1
39284,C_4056,2010,2011,0.000666054256726,0,0,0.2,0.0167332757264,2026-09-08T22:18:53.221714+00:00,study3b_fifo_runtime_v1
39304,C_4057,2010,2011,0.000130234257085,0,0,0.2,0.0167332757264,2026-09-08T22:18:53.221714+00:00,study3b_fifo_runtime_v1
39323,C_4058,2010,2011,4.68033540528e-05,0,0,0.2,0.0167332757264,2026-09-08T22:18:53.221714+00:00,study3b_fifo_runtime_v1
39353,C_4063,2010,2011,0.00189681665506,0,0,0.2,0.0167332757264,2026-09-08T22:18:53.221714+00:00,study3b_fifo_runtime_v1
39373,C_4065,2010,2011,4.5091361244e-05,0,0,0.2,0.0167332757264,2026-09-08T22:18:53.221714+00:00,study3b_fifo_runtime_v1
39403,C_4068,2010,2011,4.93786828883e-05,0,0,0.2,0.0167332757264,2026-09-08T22:18:53.221714+00:00,study3b_fifo_runtime_v1
39434,C_4070,2010,2011,0.000777975656092,0,0,0.2,0.0167332757264,2026-09-08T22:18:53.221714+00:00,study3b_fifo_runtime_v1
39446,C_4071,2010,2011,0.000165177276358,0,0,0.2,0.0167332757264,2026-09-08T22:18:53.221714+00:00,study3b_fifo_runtime_v1
39468,C_4074,2010,2011,0.000348118221154,0,0,0.2,0.0167332757264,2026-09-08T22:18:53.221714+00:00,study3b_fifo_runtime_v1
39506,C_4079,2010,2011,0.000333293486619,0,0,0.2,0.0167332757264,2026-09-08T22:18:53.221714+00:00,study3b_fifo_runtime_v1
39530,C_4081,2010,2011,2.81629104393e-06,0,0,0.2,0.0167332757264,2026-09-08T22:18:53.221714+00:00,study3b_fifo_runtime_v1
39562,C_4086,2010,2011,1.09423635877e-05,0,0,0.2,0.0167332757264,2026-09-08T22:18:53.221714+00:00,study3b_fifo_runtime_v1
39582,C_4087,2010,2011,3.55020129064e-05,0,0,0.2,0.0167332757264,2026-09-08T22:18:53.221714+00:00,study3b_fifo_runtime_v1
39633,C_4094,2010,2011,0.0357326380908,0,1,0.2,0.0167332757264,2026-09-08T22:18:53.221714+00:00,study3b_fifo_runtime_v1
39660,C_4096,2010,2011,0.0117780650035,0,0,0.2,0.0167332757264,2026-09-08T22:18:53.221714+00:00,study3b_fifo_runtime_v1
39679,C_4097,2010,2011,5.28786949872e-05,0,0,0.2,0.0167332757264,2026-09-08T22:18:53.221714+00:00,study3b_fifo_runtime_v1
39709,C_4100,2010,2011,8.83971588337e-05,0,0,0.2,0.0167332757264,2026-09-08T22:18:53.221714+00:00,study3b_fifo_runtime_v1
39729,C_4102,2010,2011,5.82630082135e-06,0,0,0.2,0.0167332757264,2026-09-08T22:18:53.221714+00:00,study3b_fifo_runtime_v1
39789,C_4112,2010,2011,0.000567877199501,0,0,0.2,0.0167332757264,2026-09-08T22:18:53.221714+00:00,study3b_fifo_runtime_v1
39810,C_4114,2010,2011,0.0177268590778,0,1,0.2,0.0167332757264,2026-09-08T22:18:53.221714+00:00,study3b_fifo_runtime_v1
39824,C_4115,2010,2011,0.00154502980877,0,0,0.2,0.0167332757264,2026-09-08T22:18:53.221714+00:00,study3b_fifo_runtime_v1
39841,C_4117,2010,2011,0.00050600344548,0,0,0.2,0.0167332757264,2026-09-08T22:18:53.221714+00:00,study3b_fifo_runtime_v1
39864,C_4119,2010,2011,8.83512329892e-05,0,0,0.2,0.0167332757264,2026-09-08T22:18:53.221714+00:00,study3b_fifo_runtime_v1
39896,C_4123,2010,2011,0.000145267302287,0,0,0.2,0.0167332757264,2026-09-08T22:18:53.221714+00:00,study3b_fifo_runtime_v1
39916,C_4124,2010,2011,0.000866753223818,0,0,0.2,0.0167332757264,2026-09-08T22:18:53.221714+00:00,study3b_fifo_runtime_v1
39940,C_4127,2010,2011,0.00806728750467,0,0,0.2,0.0167332757264,2026-09-08T22:18:53.221714+00:00,study3b_fifo_runtime_v1
40016,C_4139,2010,2011,0.000133956884383,0,0,0.2,0.0167332757264,2026-09-08T22:18:53.221714+00:00,study3b_fifo_runtime_v1
40027,C_4140,2010,2011,0.000518850865774,0,0,0.2,0.0167332757264,2026-09-08T22:18:53.221714+00:00,study3b_fifo_runtime_v1
40071,C_4145,2010,2011,0.000210090409382,0,0,0.2,0.0167332757264,2026-09-08T22:18:53.221714+00:00,study3b_fifo_runtime_v1
40093,C_4147,2010,2011,0.000275776750641,0,0,0.2,0.0167332757264,2026-09-08T22:18:53.221714+00:00,study3b_fifo_runtime_v1
40111,C_4148,2010,2011,0.000412288034568,0,0,0.2,0.0167332757264,2026-09-08T22:18:53.221714+00:00,study3b_fifo_runtime_v1
40131,C_4149,2010,2011,0.00263911462389,0,0,0.2,0.0167332757264,2026-09-08T22:18:53.221714+00:00,study3b_fifo_runtime_v1
40151,C_4150,2010,2011,3.60964550055e-05,0,0,0.2,0.0167332757264,2026-09-08T22:18:53.221714+00:00,study3b_fifo_runtime_v1
40176,C_4153,2010,2011,4.49036888313e-05,0,0,0.2,0.0167332757264,2026-09-08T22:18:53.221714+00:00,study3b_fifo_runtime_v1
40191,C_4155,2010,2011,0.000121830380522,0,0,0.2,0.0167332757264,2026-09-08T22:18:53.221714+00:00,study3b_fifo_runtime_v1
40211,C_4156,2010,2011,2.86384602077e-05,0,0,0.2,0.0167332757264,2026-09-08T22:18:53.221714+00:00,study3b_fifo_runtime_v1
40233,C_4158,2010,2011,5.98184597038e-05,0,0,0.2,0.0167332757264,2026-09-08T22:18:53.221714+00:00,study3b_fifo_runtime_v1
40253,C_4159,2010,2011,0.00200118497014,0,0,0.2,0.0167332757264,2026-09-08T22:18:53.221714+00:00,study3b_fifo_runtime_v1
40268,C_4160,2010,2011,0.00531925121322,0,0,0.2,0.0167332757264,2026-09-08T22:18:53.221714+00:00,study3b_fifo_runtime_v1
40288,C_4161,2010,2011,0.000181328272447,0,0,0.2,0.0167332757264,2026-09-08T22:18:53.221714+00:00,study3b_fifo_runtime_v1
40303,C_4163,2010,2011,0.00250338902697,0,0,0.2,0.0167332757264,2026-09-08T22:18:53.221714+00:00,study3b_fifo_runtime_v1
40315,C_4164,2010,2011,6.74249240546e-05,0,0,0.2,0.0167332757264,2026-09-08T22:18:53.221714+00:00,study3b_fifo_runtime_v1
40336,C_4166,2010,2011,3.21151710523e-05,0,0,0.2,0.0167332757264,2026-09-08T22:18:53.221714+00:00,study3b_fifo_runtime_v1
40359,C_4169,2010,2011,0.00105820072349,0,0,0.2,0.0167332757264,2026-09-08T22:18:53.221714+00:00,study3b_fifo_runtime_v1
40397,C_4175,2010,2011,0.00109813921154,0,0,0.2,0.0167332757264,2026-09-08T22:18:53.221714+00:00,study3b_fifo_runtime_v1
40410,C_4176,2010,2011,0.00202737702057,0,0,0.2,0.0167332757264,2026-09-08T22:18:53.221714+00:00,study3b_fifo_runtime_v1
40428,C_4177,2010,2011,0.000222676913836,0,0,0.2,0.0167332757264,2026-09-08T22:18:53.221714+00:00,study3b_fifo_runtime_v1
40442,C_4179,2010,2011,5.99400118517e-06,0,0,0.2,0.0167332757264,2026-09-08T22:18:53.221714+00:00,study3b_fifo_runtime_v1
40467,C_4183,2010,2011,0.000256071361946,0,0,0.2,0.0167332757264,2026-09-08T22:18:53.221714+00:00,study3b_fifo_runtime_v1
40482,C_4184,2010,2011,0.00604485766962,0,0,0.2,0.0167332757264,2026-09-08T22:18:53.221714+00:00,study3b_fifo_runtime_v1
40497,C_4186,2010,2011,0.00766518665478,0,0,0.2,0.0167332757264,2026-09-08T22:18:53.221714+00:00,study3b_fifo_runtime_v1
40517,C_4188,2010,2011,0.0546212680638,0,1,0.2,0.0167332757264,2026-09-08T22:18:53.221714+00:00,study3b_fifo_runtime_v1
40561,C_4193,2010,2011,0.00180735439062,0,0,0.2,0.0167332757264,2026-09-08T22:18:53.221714+00:00,study3b_fifo_runtime_v1
40594,C_4197,2010,2011,0.0016685599694,0,0,0.2,0.0167332757264,2026-09-08T22:18:53.221714+00:00,study3b_fifo_runtime_v1
40636,C_4204,2010,2011,0.000160231240443,0,0,0.2,0.0167332757264,2026-09-08T22:18:53.221714+00:00,study3b_fifo_runtime_v1
40656,C_4205,2010,2011,2.85910082312e-05,0,0,0.2,0.0167332757264,2026-09-08T22:18:53.221714+00:00,study3b_fifo_runtime_v1
40676,C_4208,2010,2011,0.000479895621538,0,0,0.2,0.0167332757264,2026-09-08T22:18:53.221714+00:00,study3b_fifo_runtime_v1
40715,C_4215,2010,2011,0.00082257023314,0,0,0.2,0.0167332757264,2026-09-08T22:18:53.221714+00:00,study3b_fifo_runtime_v1
40734,C_4217,2010,2011,0.00191706267651,0,0,0.2,0.0167332757264,2026-09-08T22:18:53.221714+00:00,study3b_fifo_runtime_v1
40754,C_4220,2010,2011,9.26510474528e-05,0,0,0.2,0.0167332757264,2026-09-08T22:18:53.221714+00:00,study3b_fifo_runtime_v1
40776,C_4222,2010,2011,0.00115020887461,0,0,0.2,0.0167332757264,2026-09-08T22:18:53.221714+00:00,study3b_fifo_runtime_v1
40828,C_4228,2010,2011,0.000393177382648,0,0,0.2,0.0167332757264,2026-09-08T22:18:53.221714+00:00,study3b_fifo_runtime_v1
40844,C_4229,2010,2011,0.00048432443873,0,0,0.2,0.0167332757264,2026-09-08T22:18:53.221714+00:00,study3b_fifo_runtime_v1
40870,C_4233,2010,2011,0.000428912549978,0,0,0.2,0.0167332757264,2026-09-08T22:18:53.221714+00:00,study3b_fifo_runtime_v1
40891,C_4236,2010,2011,0.000671773450449,0,0,0.2,0.0167332757264,2026-09-08T22:18:53.221714+00:00,study3b_fifo_runtime_v1
40907,C_4237,2010,2011,3.04939167108e-05,0,0,0.2,0.0167332757264,2026-09-08T22:18:53.221714+00:00,study3b_fifo_runtime_v1
40927,C_4238,2010,2011,0.000132542860229,0,0,0.2,0.0167332757264,2026-09-08T22:18:53.221714+00:00,study3b_fifo_runtime_v1
40945,C_4239,2010,2011,0.000771365535911,0,0,0.2,0.0167332757264,2026-09-08T22:18:53.221714+00:00,study3b_fifo_runtime_v1
40960,C_4240,2010,2011,0.000457245361758,0,0,0.2,0.0167332757264,2026-09-08T22:18:53.221714+00:00,study3b_fifo_runtime_v1
40982,C_4242,2010,2011,0.000527064839844,0,0,0.2,0.0167332757264,2026-09-08T22:18:53.221714+00:00,study3b_fifo_runtime_v1
41001,C_4244,2010,2011,4.26572551078e-05,0,0,0.2,0.0167332757264,2026-09-08T22:18:53.221714+00:00,study3b_fifo_runtime_v1
41021,C_4248,2010,2011,1.49320521814e-05,0,0,0.2,0.0167332757264,2026-09-08T22:18:53.221714+00:00,study3b_fifo_runtime_v1
41088,C_4261,2010,2011,0.000753455969971,0,0,0.2,0.0167332757264,2026-09-08T22:18:53.221714+00:00,study3b_fifo_runtime_v1
41108,C_4263,2010,2011,0.000137373397592,0,0,0.2,0.0167332757264,2026-09-08T22:18:53.221714+00:00,study3b_fifo_runtime_v1
41150,C_4266,2010,2011,8.63964305609e-05,0,0,0.2,0.0167332757264,2026-09-08T22:18:53.221714+00:00,study3b_fifo_runtime_v1
41184,C_4269,2010,2011,3.57625358447e-05,0,0,0.2,0.0167332757264,2026-09-08T22:18:53.221714+00:00,study3b_fifo_runtime_v1
41204,C_4270,2010,2011,0.00288142426871,0,0,0.2,0.0167332757264,2026-09-08T22:18:53.221714+00:00,study3b_fifo_runtime_v1
41234,C_4272,2010,2011,0.00342726591043,0,0,0.2,0.0167332757264,2026-09-08T22:18:53.221714+00:00,study3b_fifo_runtime_v1
41248,C_4273,2010,2011,0.000196044027689,0,0,0.2,0.0167332757264,2026-09-08T22:18:53.221714+00:00,study3b_fifo_runtime_v1
41279,C_4275,2010,2011,0.00584936328232,0,0,0.2,0.0167332757264,2026-09-08T22:18:53.221714+00:00,study3b_fifo_runtime_v1
41301,C_4277,2010,2011,0.000155717600137,0,0,0.2,0.0167332757264,2026-09-08T22:18:53.221714+00:00,study3b_fifo_runtime_v1
41317,C_4280,2010,2011,0.00143894378562,0,0,0.2,0.0167332757264,2026-09-08T22:18:53.221714+00:00,study3b_fifo_runtime_v1
41356,C_4287,2010,2011,3.51907547156e-05,0,0,0.2,0.0167332757264,2026-09-08T22:18:53.221714+00:00,study3b_fifo_runtime_v1
41370,C_4289,2010,2011,5.32419981027e-05,0,0,0.2,0.0167332757264,2026-09-08T22:18:53.221714+00:00,study3b_fifo_runtime_v1
41404,C_4292,2010,2011,0.000331692834152,0,0,0.2,0.0167332757264,2026-09-08T22:18:53.221714+00:00,study3b_fifo_runtime_v1
41438,C_4298,2010,2011,0.000736257061362,0,0,0.2,0.0167332757264,2026-09-08T22:18:53.221714+00:00,study3b_fifo_runtime_v1
41455,C_4299,2010,2011,0.00027227945975,0,0,0.2,0.0167332757264,2026-09-08T22:18:53.221714+00:00,study3b_fifo_runtime_v1
41475,C_4300,2010,2011,0.00182546593715,0,0,0.2,0.0167332757264,2026-09-08T22:18:53.221714+00:00,study3b_fifo_runtime_v1
41517,C_4304,2010,2011,0.000519057211932,0,0,0.2,0.0167332757264,2026-09-08T22:18:53.221714+00:00,study3b_fifo_runtime_v1
41542,C_4307,2010,2011,0.000346347078448,0,0,0.2,0.0167332757264,2026-09-08T22:18:53.221714+00:00,study3b_fifo_runtime_v1
41561,C_4308,2010,2011,0.00233603618108,0,0,0.2,0.0167332757264,2026-09-08T22:18:53.221714+00:00,study3b_fifo_runtime_v1
41592,C_4310,2010,2011,0.000143079509144,0,0,0.2,0.0167332757264,2026-09-08T22:18:53.221714+00:00,study3b_fifo_runtime_v1
41618,C_4314,2010,2011,0.000378870492568,0,0,0.2,0.0167332757264,2026-09-08T22:18:53.221714+00:00,study3b_fifo_runtime_v1
41629,C_4315,2010,2011,9.96668532025e-05,0,0,0.2,0.0167332757264,2026-09-08T22:18:53.221714+00:00,study3b_fifo_runtime_v1
41650,C_4317,2010,2011,3.76205607608e-05,0,0,0.2,0.0167332757264,2026-09-08T22:18:53.221714+00:00,study3b_fifo_runtime_v1
41670,C_4318,2010,2011,0.00849610567093,0,0,0.2,0.0167332757264,2026-09-08T22:18:53.221714+00:00,study3b_fifo_runtime_v1
41699,C_4320,2010,2011,0.0516162030399,0,1,0.2,0.0167332757264,2026-09-08T22:18:53.221714+00:00,study3b_fifo_runtime_v1
41714,C_4321,2010,2011,2.45777773671e-05,0,0,0.2,0.0167332757264,2026-09-08T22:18:53.221714+00:00,study3b_fifo_runtime_v1
41762,C_4325,2010,2011,0.000902727479115,0,0,0.2,0.0167332757264,2026-09-08T22:18:53.221714+00:00,study3b_fifo_runtime_v1
41776,C_4327,2010,2011,3.67242209904e-05,0,0,0.2,0.0167332757264,2026-09-08T22:18:53.221714+00:00,study3b_fifo_runtime_v1
41795,C_4329,2010,2011,0.00250297179446,0,0,0.2,0.0167332757264,2026-09-08T22:18:53.221714+00:00,study3b_fifo_runtime_v1
41819,C_4331,2010,2011,0.000283118657535,0,0,0.2,0.0167332757264,2026-09-08T22:18:53.221714+00:00,study3b_fifo_runtime_v1
41884,C_4344,2010,2011,0.00214566662908,0,0,0.2,0.0167332757264,2026-09-08T22:18:53.221714+00:00,study3b_fifo_runtime_v1
41904,C_4345,2010,2011,4.54717337561e-05,0,0,0.2,0.0167332757264,2026-09-08T22:18:53.221714+00:00,study3b_fifo_runtime_v1
41931,C_4348,2010,2011,1.26131917568e-05,0,0,0.2,0.0167332757264,2026-09-08T22:18:53.221714+00:00,study3b_fifo_runtime_v1
41952,C_4350,2010,2011,0.261428147554,1,1,0.2,0.0167332757264,2026-09-08T22:18:53.221714+00:00,study3b_fifo_runtime_v1
41966,C_4351,2010,2011,0.000414747075411,0,0,0.2,0.0167332757264,2026-09-08T22:18:53.221714+00:00,study3b_fifo_runtime_v1
41986,C_4352,2010,2011,0.00165290432051,0,0,0.2,0.0167332757264,2026-09-08T22:18:53.221714+00:00,study3b_fifo_runtime_v1
42039,C_4358,2010,2011,0.000278684281511,0,0,0.2,0.0167332757264,2026-09-08T22:18:53.221714+00:00,study3b_fifo_runtime_v1
42056,C_4359,2010,2011,0.0195638593286,0,1,0.2,0.0167332757264,2026-09-08T22:18:53.221714+00:00,study3b_fifo_runtime_v1
42076,C_4361,2010,2011,8.3941151388e-05,0,0,0.2,0.0167332757264,2026-09-08T22:18:53.221714+00:00,study3b_fifo_runtime_v1
42092,C_4362,2010,2011,0.000338930782164,0,0,0.2,0.0167332757264,2026-09-08T22:18:53.221714+00:00,study3b_fifo_runtime_v1
42138,C_4367,2010,2011,0.000704494363163,0,0,0.2,0.0167332757264,2026-09-08T22:18:53.221714+00:00,study3b_fifo_runtime_v1
42168,C_4372,2010,2011,0.00013652384223,0,0,0.2,0.0167332757264,2026-09-08T22:18:53.221714+00:00,study3b_fifo_runtime_v1
42184,C_4373,2010,2011,0.00018786941655,0,0,0.2,0.0167332757264,2026-09-08T22:18:53.221714+00:00,study3b_fifo_runtime_v1
42204,C_4374,2010,2011,0.000667906773742,0,0,0.2,0.0167332757264,2026-09-08T22:18:53.221714+00:00,study3b_fifo_runtime_v1
42226,C_4377,2010,2011,0.000200655733352,0,0,0.2,0.0167332757264,2026-09-08T22:18:53.221714+00:00,study3b_fifo_runtime_v1
42243,C_4378,2010,2011,0.000258571788436,0,0,0.2,0.0167332757264,2026-09-08T22:18:53.221714+00:00,study3b_fifo_runtime_v1
42272,C_4382,2010,2011,0.000152994893142,0,0,0.2,0.0167332757264,2026-09-08T22:18:53.221714+00:00,study3b_fifo_runtime_v1
42281,C_4386,2010,2011,0.00332293496467,0,0,0.2,0.0167332757264,2026-09-08T22:18:53.221714+00:00,study3b_fifo_runtime_v1
42313,C_4392,2010,2011,9.65697690845e-05,0,0,0.2,0.0167332757264,2026-09-08T22:18:53.221714+00:00,study3b_fifo_runtime_v1
42333,C_4393,2010,2011,0.000615543161985,0,0,0.2,0.0167332757264,2026-09-08T22:18:53.221714+00:00,study3b_fifo_runtime_v1
42359,C_4399,2010,2011,6.56593547319e-05,0,0,0.2,0.0167332757264,2026-09-08T22:18:53.221714+00:00,study3b_fifo_runtime_v1
42383,C_4401,2010,2011,0.0018779305974,0,0,0.2,0.0167332757264,2026-09-08T22:18:53.221714+00:00,study3b_fifo_runtime_v1
42393,C_4403,2010,2011,0.00133952731267,0,0,0.2,0.0167332757264,2026-09-08T22:18:53.221714+00:00,study3b_fifo_runtime_v1
42410,C_4404,2010,2011,3.32745694323e-05,0,0,0.2,0.0167332757264,2026-09-08T22:18:53.221714+00:00,study3b_fifo_runtime_v1
42430,C_4407,2010,2011,1.19928690765e-05,0,0,0.2,0.0167332757264,2026-09-08T22:18:53.221714+00:00,study3b_fifo_runtime_v1
42451,C_4409,2010,2011,0.000213286359212,0,0,0.2,0.0167332757264,2026-09-08T22:18:53.221714+00:00,study3b_fifo_runtime_v1
42469,C_4412,2010,2011,0.00166856928263,0,0,0.2,0.0167332757264,2026-09-08T22:18:53.221714+00:00,study3b_fifo_runtime_v1
42504,C_4416,2010,2011,3.97800431529e-05,0,0,0.2,0.0167332757264,2026-09-08T22:18:53.221714+00:00,study3b_fifo_runtime_v1
42552,C_4424,2010,2011,0.000110815220978,0,0,0.2,0.0167332757264,2026-09-08T22:18:53.221714+00:00,study3b_fifo_runtime_v1
42572,C_4425,2010,2011,0.00391590222716,0,0,0.2,0.0167332757264,2026-09-08T22:18:53.221714+00:00,study3b_fifo_runtime_v1
42591,C_4426,2010,2011,6.39988184048e-06,0,0,0.2,0.0167332757264,2026-09-08T22:18:53.221714+00:00,study3b_fifo_runtime_v1
42602,C_4429,2010,2011,0.00135352194775,0,0,0.2,0.0167332757264,2026-09-08T22:18:53.221714+00:00,study3b_fifo_runtime_v1
42613,C_4431,2010,2011,0.000198729001568,0,0,0.2,0.0167332757264,2026-09-08T22:18:53.221714+00:00,study3b_fifo_runtime_v1
42629,C_4432,2010,2011,2.05989927053e-05,0,0,0.2,0.0167332757264,2026-09-08T22:18:53.221714+00:00,study3b_fifo_runtime_v1
42648,C_4434,2010,2011,0.000304479151964,0,0,0.2,0.0167332757264,2026-09-08T22:18:53.221714+00:00,study3b_fifo_runtime_v1
42668,C_4435,2010,2011,0.00052945362404,0,0,0.2,0.0167332757264,2026-09-08T22:18:53.221714+00:00,study3b_fifo_runtime_v1
42688,C_4436,2010,2011,0.000162754658959,0,0,0.2,0.0167332757264,2026-09-08T22:18:53.221714+00:00,study3b_fifo_runtime_v1
42740,C_4442,2010,2011,0.000258052692516,0,0,0.2,0.0167332757264,2026-09-08T22:18:53.221714+00:00,study3b_fifo_runtime_v1
42765,C_4444,2010,2011,0.000196846362087,0,0,0.2,0.0167332757264,2026-09-08T22:18:53.221714+00:00,study3b_fifo_runtime_v1
42782,C_4445,2010,2011,0.00217725033872,0,0,0.2,0.0167332757264,2026-09-08T22:18:53.221714+00:00,study3b_fifo_runtime_v1
42837,C_4452,2010,2011,2.37774238485e-05,0,0,0.2,0.0167332757264,2026-09-08T22:18:53.221714+00:00,study3b_fifo_runtime_v1
42878,C_4457,2010,2011,0.00877340976149,0,0,0.2,0.0167332757264,2026-09-08T22:18:53.221714+00:00,study3b_fifo_runtime_v1
42931,C_4468,2010,2011,0.000136357513838,0,0,0.2,0.0167332757264,2026-09-08T22:18:53.221714+00:00,study3b_fifo_runtime_v1
42951,C_4469,2010,2011,9.13745388971e-05,0,0,0.2,0.0167332757264,2026-09-08T22:18:53.221714+00:00,study3b_fifo_runtime_v1
42984,C_4473,2010,2011,0.00025467024534,0,0,0.2,0.0167332757264,2026-09-08T22:18:53.221714+00:00,study3b_fifo_runtime_v1
43014,C_4478,2010,2011,0.000260653265286,0,0,0.2,0.0167332757264,2026-09-08T22:18:53.221714+00:00,study3b_fifo_runtime_v1
43028,C_4479,2010,2011,0.00465363962576,0,0,0.2,0.0167332757264,2026-09-08T22:18:53.221714+00:00,study3b_fifo_runtime_v1
43071,C_4484,2010,2011,0.0328189358115,0,1,0.2,0.0167332757264,2026-09-08T22:18:53.221714+00:00,study3b_fifo_runtime_v1
43139,C_4496,2010,2011,0.000168058089912,0,0,0.2,0.0167332757264,2026-09-08T22:18:53.221714+00:00,study3b_fifo_runtime_v1
43158,C_4499,2010,2011,0.00151984021068,0,0,0.2,0.0167332757264,2026-09-08T22:18:53.221714+00:00,study3b_fifo_runtime_v1
43175,C_4501,2010,2011,6.72634851071e-05,0,0,0.2,0.0167332757264,2026-09-08T22:18:53.221714+00:00,study3b_fifo_runtime_v1
43190,C_4503,2010,2011,2.59005664702e-05,0,0,0.2,0.0167332757264,2026-09-08T22:18:53.221714+00:00,study3b_fifo_runtime_v1
43225,C_4507,2010,2011,0.00021624553483,0,0,0.2,0.0167332757264,2026-09-08T22:18:53.221714+00:00,study3b_fifo_runtime_v1
43242,C_4509,2010,2011,0.00256268936209,0,0,0.2,0.0167332757264,2026-09-08T22:18:53.221714+00:00,study3b_fifo_runtime_v1
43271,C_4512,2010,2011,0.00282576400787,0,0,0.2,0.0167332757264,2026-09-08T22:18:53.221714+00:00,study3b_fifo_runtime_v1
43291,C_4513,2010,2011,0.000350594840711,0,0,0.2,0.0167332757264,2026-09-08T22:18:53.221714+00:00,study3b_fifo_runtime_v1
43308,C_4514,2010,2011,0.000364426727174,0,0,0.2,0.0167332757264,2026-09-08T22:18:53.221714+00:00,study3b_fifo_runtime_v1
43334,C_4517,2010,2011,0.000317865371471,0,0,0.2,0.0167332757264,2026-09-08T22:18:53.221714+00:00,study3b_fifo_runtime_v1
43353,C_4519,2010,2011,2.89617837552e-05,0,0,0.2,0.0167332757264,2026-09-08T22:18:53.221714+00:00,study3b_fifo_runtime_v1
43378,C_4521,2010,2011,0.000102271063952,0,0,0.2,0.0167332757264,2026-09-08T22:18:53.221714+00:00,study3b_fifo_runtime_v1
43392,C_4522,2010,2011,3.24209795508e-05,0,0,0.2,0.0167332757264,2026-09-08T22:18:53.221714+00:00,study3b_fifo_runtime_v1
43411,C_4523,2010,2011,0.000343207037076,0,0,0.2,0.0167332757264,2026-09-08T22:18:53.221714+00:00,study3b_fifo_runtime_v1
43428,C_4524,2010,2011,0.00202096113935,0,0,0.2,0.0167332757264,2026-09-08T22:18:53.221714+00:00,study3b_fifo_runtime_v1
43443,C_4526,2010,2011,0.0347448438406,0,1,0.2,0.0167332757264,2026-09-08T22:18:53.221714+00:00,study3b_fifo_runtime_v1
43448,C_4527,2010,2011,0.0713703110814,0,1,0.2,0.0167332757264,2026-09-08T22:18:53.221714+00:00,study3b_fifo_runtime_v1
43467,C_4528,2010,2011,0.000785613199696,0,0,0.2,0.0167332757264,2026-09-08T22:18:53.221714+00:00,study3b_fifo_runtime_v1
43475,C_4529,2010,2011,0.000635107455309,0,0,0.2,0.0167332757264,2026-09-08T22:18:53.221714+00:00,study3b_fifo_runtime_v1
43482,C_4533,2010,2011,9.54366987571e-05,0,0,0.2,0.0167332757264,2026-09-08T22:18:53.221714+00:00,study3b_fifo_runtime_v1
43494,C_4534,2010,2011,0.000203797535505,0,0,0.2,0.0167332757264,2026-09-08T22:18:53.221714+00:00,study3b_fifo_runtime_v1
43508,C_4536,2010,2011,0.000230072182603,0,0,0.2,0.0167332757264,2026-09-08T22:18:53.221714+00:00,study3b_fifo_runtime_v1
43514,C_4537,2010,2011,0.000193626692635,0,0,0.2,0.0167332757264,2026-09-08T22:18:53.221714+00:00,study3b_fifo_runtime_v1
43537,C_4539,2010,2011,0.000299823557725,0,0,0.2,0.0167332757264,2026-09-08T22:18:53.221714+00:00,study3b_fifo_runtime_v1
43555,C_4540,2010,2011,0.00047298159916,0,0,0.2,0.0167332757264,2026-09-08T22:18:53.221714+00:00,study3b_fifo_runtime_v1
43576,C_4543,2010,2011,7.07846411387e-05,0,0,0.2,0.0167332757264,2026-09-08T22:18:53.221714+00:00,study3b_fifo_runtime_v1
43615,C_4549,2010,2011,9.29353045649e-05,0,0,0.2,0.0167332757264,2026-09-08T22:18:53.221714+00:00,study3b_fifo_runtime_v1
43659,C_4553,2010,2011,3.26917324855e-05,0,0,0.2,0.0167332757264,2026-09-08T22:18:53.221714+00:00,study3b_fifo_runtime_v1
43680,C_4557,2010,2011,0.00150486326311,0,0,0.2,0.0167332757264,2026-09-08T22:18:53.221714+00:00,study3b_fifo_runtime_v1
43697,C_4558,2010,2011,0.000665715138894,0,0,0.2,0.0167332757264,2026-09-08T22:18:53.221714+00:00,study3b_fifo_runtime_v1
43751,C_4567,2010,2011,0.000322259467794,0,0,0.2,0.0167332757264,2026-09-08T22:18:53.221714+00:00,study3b_fifo_runtime_v1
43774,C_4569,2010,2011,0.000112896152132,0,0,0.2,0.0167332757264,2026-09-08T22:18:53.221714+00:00,study3b_fifo_runtime_v1
43794,C_4570,2010,2011,2.23015686061e-05,0,0,0.2,0.0167332757264,2026-09-08T22:18:53.221714+00:00,study3b_fifo_runtime_v1
43822,C_4573,2010,2011,0.000192552965018,0,0,0.2,0.0167332757264,2026-09-08T22:18:53.221714+00:00,study3b_fifo_runtime_v1
43858,C_4578,2010,2011,0.000714520225301,0,0,0.2,0.0167332757264,2026-09-08T22:18:53.221714+00:00,study3b_fifo_runtime_v1
43883,C_4580,2010,2011,7.04025369487e-05,0,0,0.2,0.0167332757264,2026-09-08T22:18:53.221714+00:00,study3b_fifo_runtime_v1
43904,C_4584,2010,2011,0.000440647971118,0,0,0.2,0.0167332757264,2026-09-08T22:18:53.221714+00:00,study3b_fifo_runtime_v1
43921,C_4585,2010,2011,0.000189210506505,0,0,0.2,0.0167332757264,2026-09-08T22:18:53.221714+00:00,study3b_fifo_runtime_v1
43963,C_4590,2010,2011,0.00107231736183,0,0,0.2,0.0167332757264,2026-09-08T22:18:53.221714+00:00,study3b_fifo_runtime_v1
43983,C_4591,2010,2011,0.000206035678275,0,0,0.2,0.0167332757264,2026-09-08T22:18:53.221714+00:00,study3b_fifo_runtime_v1
44035,C_4600,2010,2011,0.000335708522471,0,0,0.2,0.0167332757264,2026-09-08T22:18:53.221714+00:00,study3b_fifo_runtime_v1
44055,C_4601,2010,2011,9.60300749284e-05,0,0,0.2,0.0167332757264,2026-09-08T22:18:53.221714+00:00,study3b_fifo_runtime_v1
44074,C_4603,2010,2011,0.0010075410828,0,0,0.2,0.0167332757264,2026-09-08T22:18:53.221714+00:00,study3b_fifo_runtime_v1
44081,C_4604,2010,2011,4.14732385252e-05,0,0,0.2,0.0167332757264,2026-09-08T22:18:53.221714+00:00,study3b_fifo_runtime_v1
44094,C_4605,2010,2011,0.000855286431033,0,0,0.2,0.0167332757264,2026-09-08T22:18:53.221714+00:00,study3b_fifo_runtime_v1
44131,C_4610,2010,2011,1.60464151122e-05,0,0,0.2,0.0167332757264,2026-09-08T22:18:53.221714+00:00,study3b_fifo_runtime_v1
44164,C_4614,2010,2011,0.000486937729875,0,0,0.2,0.0167332757264,2026-09-08T22:18:53.221714+00:00,study3b_fifo_runtime_v1
44184,C_4615,2010,2011,0.000266370014288,0,0,0.2,0.0167332757264,2026-09-08T22:18:53.221714+00:00,study3b_fifo_runtime_v1
44204,C_4616,2010,2011,0.000693897716701,0,0,0.2,0.0167332757264,2026-09-08T22:18:53.221714+00:00,study3b_fifo_runtime_v1
44217,C_4618,2010,2011,6.09074959357e-05,0,0,0.2,0.0167332757264,2026-09-08T22:18:53.221714+00:00,study3b_fifo_runtime_v1
44234,C_4619,2010,2011,2.38972224906e-05,0,0,0.2,0.0167332757264,2026-09-08T22:18:53.221714+00:00,study3b_fifo_runtime_v1
44325,C_4660,2010,2011,4.87446959596e-05,0,0,0.2,0.0167332757264,2026-09-08T22:18:53.221714+00:00,study3b_fifo_runtime_v1
44345,C_4661,2010,2011,0.00421010935679,0,0,0.2,0.0167332757264,2026-09-08T22:18:53.221714+00:00,study3b_fifo_runtime_v1
44389,C_4666,2010,2011,0.000123262885609,0,0,0.2,0.0167332757264,2026-09-08T22:18:53.221714+00:00,study3b_fifo_runtime_v1
44430,C_4673,2010,2011,9.1799411166e-05,0,0,0.2,0.0167332757264,2026-09-08T22:18:53.221714+00:00,study3b_fifo_runtime_v1
44442,C_4674,2010,2011,0.000507324177306,0,0,0.2,0.0167332757264,2026-09-08T22:18:53.221714+00:00,study3b_fifo_runtime_v1
44472,C_4676,2010,2011,4.82558825752e-05,0,0,0.2,0.0167332757264,2026-09-08T22:18:53.221714+00:00,study3b_fifo_runtime_v1
44495,C_4679,2010,2011,0.000446090329206,0,0,0.2,0.0167332757264,2026-09-08T22:18:53.221714+00:00,study3b_fifo_runtime_v1
44517,C_4681,2010,2011,0.000541226298083,0,0,0.2,0.0167332757264,2026-09-08T22:18:53.221714+00:00,study3b_fifo_runtime_v1
44540,C_4683,2010,2011,0.127363488078,0,1,0.2,0.0167332757264,2026-09-08T22:18:53.221714+00:00,study3b_fifo_runtime_v1
44572,C_4686,2010,2011,0.000303562177578,0,0,0.2,0.0167332757264,2026-09-08T22:18:53.221714+00:00,study3b_fifo_runtime_v1
44599,C_4689,2010,2011,0.00017126428429,0,0,0.2,0.0167332757264,2026-09-08T22:18:53.221714+00:00,study3b_fifo_runtime_v1
44625,C_4693,2010,2011,0.000123665828141,0,0,0.2,0.0167332757264,2026-09-08T22:18:53.221714+00:00,study3b_fifo_runtime_v1
44655,C_4698,2010,2011,8.45350368763e-05,0,0,0.2,0.0167332757264,2026-09-08T22:18:53.221714+00:00,study3b_fifo_runtime_v1
44675,C_4699,2010,2011,7.66192679293e-05,0,0,0.2,0.0167332757264,2026-09-08T22:18:53.221714+00:00,study3b_fifo_runtime_v1
44692,C_4701,2010,2011,6.73064050716e-06,0,0,0.2,0.0167332757264,2026-09-08T22:18:53.221714+00:00,study3b_fifo_runtime_v1
44706,C_4702,2010,2011,0.0945166870952,0,1,0.2,0.0167332757264,2026-09-08T22:18:53.221714+00:00,study3b_fifo_runtime_v1
44726,C_4705,2010,2011,6.30605863989e-05,0,0,0.2,0.0167332757264,2026-09-08T22:18:53.221714+00:00,study3b_fifo_runtime_v1
44744,C_4707,2010,2011,0.0056276046671,0,0,0.2,0.0167332757264,2026-09-08T22:18:53.221714+00:00,study3b_fifo_runtime_v1
44781,C_4712,2010,2011,7.41803232813e-05,0,0,0.2,0.0167332757264,2026-09-08T22:18:53.221714+00:00,study3b_fifo_runtime_v1
44793,C_4713,2010,2011,0.00182002596557,0,0,0.2,0.0167332757264,2026-09-08T22:18:53.221714+00:00,study3b_fifo_runtime_v1
44813,C_4714,2010,2011,8.5612940893e-05,0,0,0.2,0.0167332757264,2026-09-08T22:18:53.221714+00:00,study3b_fifo_runtime_v1
44833,C_4715,2010,2011,3.46849519701e-05,0,0,0.2,0.0167332757264,2026-09-08T22:18:53.221714+00:00,study3b_fifo_runtime_v1
44873,C_4723,2010,2011,0.475788742304,1,1,0.2,0.0167332757264,2026-09-08T22:18:53.221714+00:00,study3b_fifo_runtime_v1
44885,C_4724,2010,2011,0.00206304690801,0,0,0.2,0.0167332757264,2026-09-08T22:18:53.221714+00:00,study3b_fifo_runtime_v1
44926,C_4728,2010,2011,0.000483797863126,0,0,0.2,0.0167332757264,2026-09-08T22:18:53.221714+00:00,study3b_fifo_runtime_v1
44938,C_4729,2010,2011,0.00057230796665,0,0,0.2,0.0167332757264,2026-09-08T22:18:53.221714+00:00,study3b_fifo_runtime_v1
44958,C_4731,2010,2011,3.48514331563e-05,0,0,0.2,0.0167332757264,2026-09-08T22:18:53.221714+00:00,study3b_fifo_runtime_v1
44972,C_4732,2010,2011,3.66714339179e-05,0,0,0.2,0.0167332757264,2026-09-08T22:18:53.221714+00:00,study3b_fifo_runtime_v1
45017,C_4738,2010,2011,6.57980854157e-05,0,0,0.2,0.0167332757264,2026-09-08T22:18:53.221714+00:00,study3b_fifo_runtime_v1
45037,C_4739,2010,2011,2.75627735391e-05,0,0,0.2,0.0167332757264,2026-09-08T22:18:53.221714+00:00,study3b_fifo_runtime_v1
45057,C_4740,2010,2011,2.63995225396e-05,0,0,0.2,0.0167332757264,2026-09-08T22:18:53.221714+00:00,study3b_fifo_runtime_v1
45076,C_4742,2010,2011,0.000657527707517,0,0,0.2,0.0167332757264,2026-09-08T22:18:53.221714+00:00,study3b_fifo_runtime_v1
45100,C_4745,2010,2011,0.00357442349195,0,0,0.2,0.0167332757264,2026-09-08T22:18:53.221714+00:00,study3b_fifo_runtime_v1
45134,C_4753,2010,2011,3.20024046232e-05,0,0,0.2,0.0167332757264,2026-09-08T22:18:53.221714+00:00,study3b_fifo_runtime_v1
45151,C_4756,2010,2011,0.000120466902445,0,0,0.2,0.0167332757264,2026-09-08T22:18:53.221714+00:00,study3b_fifo_runtime_v1
45187,C_4760,2010,2011,1.88087669812e-05,0,0,0.2,0.0167332757264,2026-09-08T22:18:53.221714+00:00,study3b_fifo_runtime_v1
45207,C_4761,2010,2011,6.75196642987e-05,0,0,0.2,0.0167332757264,2026-09-08T22:18:53.221714+00:00,study3b_fifo_runtime_v1
45235,C_4764,2010,2011,0.00223475904204,0,0,0.2,0.0167332757264,2026-09-08T22:18:53.221714+00:00,study3b_fifo_runtime_v1
45266,C_4767,2010,2011,0.000957299955189,0,0,0.2,0.0167332757264,2026-09-08T22:18:53.221714+00:00,study3b_fifo_runtime_v1
45326,C_4775,2010,2011,0.000445554876933,0,0,0.2,0.0167332757264,2026-09-08T22:18:53.221714+00:00,study3b_fifo_runtime_v1
45362,C_4779,2010,2011,0.00260826852173,0,0,0.2,0.0167332757264,2026-09-08T22:18:53.221714+00:00,study3b_fifo_runtime_v1
45375,C_4780,2010,2011,2.83230565401e-05,0,0,0.2,0.0167332757264,2026-09-08T22:18:53.221714+00:00,study3b_fifo_runtime_v1
45395,C_4781,2010,2011,0.000606949441135,0,0,0.2,0.0167332757264,2026-09-08T22:18:53.221714+00:00,study3b_fifo_runtime_v1
45447,C_4787,2010,2011,5.29454300704e-05,0,0,0.2,0.0167332757264,2026-09-08T22:18:53.221714+00:00,study3b_fifo_runtime_v1
45459,C_4788,2010,2011,0.000184031479876,0,0,0.2,0.0167332757264,2026-09-08T22:18:53.221714+00:00,study3b_fifo_runtime_v1
45483,C_4791,2010,2011,5.39998982276e-05,0,0,0.2,0.0167332757264,2026-09-08T22:18:53.221714+00:00,study3b_fifo_runtime_v1
45503,C_4792,2010,2011,2.27771324717e-05,0,0,0.2,0.0167332757264,2026-09-08T22:18:53.221714+00:00,study3b_fifo_runtime_v1
45549,C_4798,2010,2011,0.000165077784914,0,0,0.2,0.0167332757264,2026-09-08T22:18:53.221714+00:00,study3b_fifo_runtime_v1
45577,C_4803,2010,2011,4.19100942963e-05,0,0,0.2,0.0167332757264,2026-09-08T22:18:53.221714+00:00,study3b_fifo_runtime_v1
45609,C_4808,2010,2011,0.000169018647284,0,0,0.2,0.0167332757264,2026-09-08T22:18:53.221714+00:00,study3b_fifo_runtime_v1
45632,C_4810,2010,2011,0.00146852468606,0,0,0.2,0.0167332757264,2026-09-08T22:18:53.221714+00:00,study3b_fifo_runtime_v1
45641,C_4811,2010,2011,6.45399923087e-05,0,0,0.2,0.0167332757264,2026-09-08T22:18:53.221714+00:00,study3b_fifo_runtime_v1
45661,C_4812,2010,2011,0.000215911481064,0,0,0.2,0.0167332757264,2026-09-08T22:18:53.221714+00:00,study3b_fifo_runtime_v1
45681,C_4813,2010,2011,3.92376387026e-05,0,0,0.2,0.0167332757264,2026-09-08T22:18:53.221714+00:00,study3b_fifo_runtime_v1
45710,C_4817,2010,2011,1.94911863218e-05,0,0,0.2,0.0167332757264,2026-09-08T22:18:53.221714+00:00,study3b_fifo_runtime_v1
45727,C_4818,2010,2011,0.000388231012039,0,0,0.2,0.0167332757264,2026-09-08T22:18:53.221714+00:00,study3b_fifo_runtime_v1
45787,C_4826,2010,2011,0.000753244559746,0,0,0.2,0.0167332757264,2026-09-08T22:18:53.221714+00:00,study3b_fifo_runtime_v1
45810,C_4829,2010,2011,6.69195069349e-05,0,0,0.2,0.0167332757264,2026-09-08T22:18:53.221714+00:00,study3b_fifo_runtime_v1
45838,C_4832,2010,2011,0.000256450410234,0,0,0.2,0.0167332757264,2026-09-08T22:18:53.221714+00:00,study3b_fifo_runtime_v1
45864,C_4834,2010,2011,0.000233815560932,0,0,0.2,0.0167332757264,2026-09-08T22:18:53.221714+00:00,study3b_fifo_runtime_v1
45885,C_4837,2010,2011,4.79821937915e-05,0,0,0.2,0.0167332757264,2026-09-08T22:18:53.221714+00:00,study3b_fifo_runtime_v1
45900,C_4839,2010,2011,4.73275349577e-06,0,0,0.2,0.0167332757264,2026-09-08T22:18:53.221714+00:00,study3b_fifo_runtime_v1
45927,C_4841,2010,2011,0.000476110639283,0,0,0.2,0.0167332757264,2026-09-08T22:18:53.221714+00:00,study3b_fifo_runtime_v1
45945,C_4842,2010,2011,0.000482881703647,0,0,0.2,0.0167332757264,2026-09-08T22:18:53.221714+00:00,study3b_fifo_runtime_v1
45970,C_4844,2010,2011,0.00327360536903,0,0,0.2,0.0167332757264,2026-09-08T22:18:53.221714+00:00,study3b_fifo_runtime_v1
45985,C_4845,2010,2011,0.000696445582435,0,0,0.2,0.0167332757264,2026-09-08T22:18:53.221714+00:00,study3b_fifo_runtime_v1
46005,C_4846,2010,2011,0.000258304498857,0,0,0.2,0.0167332757264,2026-09-08T22:18:53.221714+00:00,study3b_fifo_runtime_v1
46033,C_4848,2010,2011,2.5464594728e-05,0,0,0.2,0.0167332757264,2026-09-08T22:18:53.221714+00:00,study3b_fifo_runtime_v1
46048,C_4849,2010,2011,1.70616076502e-05,0,0,0.2,0.0167332757264,2026-09-08T22:18:53.221714+00:00,study3b_fifo_runtime_v1
46067,C_4851,2010,2011,0.000678847078234,0,0,0.2,0.0167332757264,2026-09-08T22:18:53.221714+00:00,study3b_fifo_runtime_v1
46081,C_4853,2010,2011,0.00399521319196,0,0,0.2,0.0167332757264,2026-09-08T22:18:53.221714+00:00,study3b_fifo_runtime_v1
46122,C_4859,2010,2011,0.0044987029396,0,0,0.2,0.0167332757264,2026-09-08T22:18:53.221714+00:00,study3b_fifo_runtime_v1
46147,C_4862,2010,2011,0.00037234093179,0,0,0.2,0.0167332757264,2026-09-08T22:18:53.221714+00:00,study3b_fifo_runtime_v1
46164,C_4863,2010,2011,3.80210731237e-05,0,0,0.2,0.0167332757264,2026-09-08T22:18:53.221714+00:00,study3b_fifo_runtime_v1
46179,C_4864,2010,2011,2.61465302174e-05,0,0,0.2,0.0167332757264,2026-09-08T22:18:53.221714+00:00,study3b_fifo_runtime_v1
46207,C_4866,2010,2011,0.000863237772137,0,0,0.2,0.0167332757264,2026-09-08T22:18:53.221714+00:00,study3b_fifo_runtime_v1
46223,C_4867,2010,2011,2.69817755907e-05,0,0,0.2,0.0167332757264,2026-09-08T22:18:53.221714+00:00,study3b_fifo_runtime_v1
46244,C_4869,2010,2011,0.000447826139862,0,0,0.2,0.0167332757264,2026-09-08T22:18:53.221714+00:00,study3b_fifo_runtime_v1
46297,C_4876,2010,2011,0.000471444916911,0,0,0.2,0.0167332757264,2026-09-08T22:18:53.221714+00:00,study3b_fifo_runtime_v1
46318,C_4878,2010,2011,0.00136993732303,0,0,0.2,0.0167332757264,2026-09-08T22:18:53.221714+00:00,study3b_fifo_runtime_v1
46349,C_4880,2010,2011,0.000738109694794,0,0,0.2,0.0167332757264,2026-09-08T22:18:53.221714+00:00,study3b_fifo_runtime_v1
46397,C_4886,2010,2011,1.07550813482e-05,0,0,0.2,0.0167332757264,2026-09-08T22:18:53.221714+00:00,study3b_fifo_runtime_v1
46407,C_4887,2010,2011,0.000102667901956,0,0,0.2,0.0167332757264,2026-09-08T22:18:53.221714+00:00,study3b_fifo_runtime_v1
46427,C_4889,2010,2011,8.33945232444e-05,0,0,0.2,0.0167332757264,2026-09-08T22:18:53.221714+00:00,study3b_fifo_runtime_v1
46444,C_4891,2010,2011,0.000288292794721,0,0,0.2,0.0167332757264,2026-09-08T22:18:53.221714+00:00,study3b_fifo_runtime_v1
46455,C_4893,2010,2011,3.62986902473e-05,0,0,0.2,0.0167332757264,2026-09-08T22:18:53.221714+00:00,study3b_fifo_runtime_v1
46509,C_4898,2010,2011,0.00059023295762,0,0,0.2,0.0167332757264,2026-09-08T22:18:53.221714+00:00,study3b_fifo_runtime_v1
46521,C_4899,2010,2011,0.0107699772343,0,0,0.2,0.0167332757264,2026-09-08T22:18:53.221714+00:00,study3b_fifo_runtime_v1
46543,C_4901,2010,2011,5.30078386873e-06,0,0,0.2,0.0167332757264,2026-09-08T22:18:53.221714+00:00,study3b_fifo_runtime_v1
46564,C_4903,2010,2011,0.000610653427429,0,0,0.2,0.0167332757264,2026-09-08T22:18:53.221714+00:00,study3b_fifo_runtime_v1
46587,C_4905,2010,2011,0.000433937966591,0,0,0.2,0.0167332757264,2026-09-08T22:18:53.221714+00:00,study3b_fifo_runtime_v1
46620,C_4909,2010,2011,0.000232315273024,0,0,0.2,0.0167332757264,2026-09-08T22:18:53.221714+00:00,study3b_fifo_runtime_v1
46632,C_4910,2010,2011,0.00103791616857,0,0,0.2,0.0167332757264,2026-09-08T22:18:53.221714+00:00,study3b_fifo_runtime_v1
46652,C_4911,2010,2011,0.000600315746851,0,0,0.2,0.0167332757264,2026-09-08T22:18:53.221714+00:00,study3b_fifo_runtime_v1
46673,C_4914,2010,2011,0.000205372882192,0,0,0.2,0.0167332757264,2026-09-08T22:18:53.221714+00:00,study3b_fifo_runtime_v1
46693,C_4915,2010,2011,3.47870700352e-05,0,0,0.2,0.0167332757264,2026-09-08T22:18:53.221714+00:00,study3b_fifo_runtime_v1
46717,C_4919,2010,2011,0.0070397593081,0,0,0.2,0.0167332757264,2026-09-08T22:18:53.221714+00:00,study3b_fifo_runtime_v1
46737,C_4920,2010,2011,0.00223130476661,0,0,0.2,0.0167332757264,2026-09-08T22:18:53.221714+00:00,study3b_fifo_runtime_v1
46749,C_4921,2010,2011,0.000287196453428,0,0,0.2,0.0167332757264,2026-09-08T22:18:53.221714+00:00,study3b_fifo_runtime_v1
46764,C_4922,2010,2011,0.0100779188797,0,0,0.2,0.0167332757264,2026-09-08T22:18:53.221714+00:00,study3b_fifo_runtime_v1
46781,C_4925,2010,2011,1.90891423699e-05,0,0,0.2,0.0167332757264,2026-09-08T22:18:53.221714+00:00,study3b_fifo_runtime_v1
46794,C_4926,2010,2011,0.0176934376359,0,1,0.2,0.0167332757264,2026-09-08T22:18:53.221714+00:00,study3b_fifo_runtime_v1
46817,C_4928,2010,2011,0.000412100343965,0,0,0.2,0.0167332757264,2026-09-08T22:18:53.221714+00:00,study3b_fifo_runtime_v1
46841,C_4930,2010,2011,0.0171848852187,0,1,0.2,0.0167332757264,2026-09-08T22:18:53.221714+00:00,study3b_fifo_runtime_v1
46869,C_4932,2010,2011,5.32722042408e-05,0,0,0.2,0.0167332757264,2026-09-08T22:18:53.221714+00:00,study3b_fifo_runtime_v1
46889,C_4935,2010,2011,5.84954577789e-05,0,0,0.2,0.0167332757264,2026-09-08T22:18:53.221714+00:00,study3b_fifo_runtime_v1
46908,C_4937,2010,2011,8.61063817865e-05,0,0,0.2,0.0167332757264,2026-09-08T22:18:53.221714+00:00,study3b_fifo_runtime_v1
46944,C_4943,2010,2011,0.00200775708072,0,0,0.2,0.0167332757264,2026-09-08T22:18:53.221714+00:00,study3b_fifo_runtime_v1
46956,C_4944,2010,2011,2.81534448732e-05,0,0,0.2,0.0167332757264,2026-09-08T22:18:53.221714+00:00,study3b_fifo_runtime_v1
46998,C_4948,2010,2011,4.53866923635e-05,0,0,0.2,0.0167332757264,2026-09-08T22:18:53.221714+00:00,study3b_fifo_runtime_v1
47032,C_4951,2010,2011,0.000275252154097,0,0,0.2,0.0167332757264,2026-09-08T22:18:53.221714+00:00,study3b_fifo_runtime_v1
47061,C_4954,2010,2011,0.00158630369697,0,0,0.2,0.0167332757264,2026-09-08T22:18:53.221714+00:00,study3b_fifo_runtime_v1
47073,C_4955,2010,2011,0.00155951734632,0,0,0.2,0.0167332757264,2026-09-08T22:18:53.221714+00:00,study3b_fifo_runtime_v1
47137,C_4967,2010,2011,0.000116018192784,0,0,0.2,0.0167332757264,2026-09-08T22:18:53.221714+00:00,study3b_fifo_runtime_v1
47157,C_4968,2010,2011,6.79346048855e-05,0,0,0.2,0.0167332757264,2026-09-08T22:18:53.221714+00:00,study3b_fifo_runtime_v1
47184,C_4970,2010,2011,0.00635030446574,0,0,0.2,0.0167332757264,2026-09-08T22:18:53.221714+00:00,study3b_fifo_runtime_v1
47232,C_4974,2010,2011,0.00590383633971,0,0,0.2,0.0167332757264,2026-09-08T22:18:53.221714+00:00,study3b_fifo_runtime_v1
47250,C_4975,2010,2011,0.000713013112545,0,0,0.2,0.0167332757264,2026-09-08T22:18:53.221714+00:00,study3b_fifo_runtime_v1
47273,C_4977,2010,2011,0.00288011110388,0,0,0.2,0.0167332757264,2026-09-08T22:18:53.221714+00:00,study3b_fifo_runtime_v1
47293,C_4978,2010,2011,0.000887535512447,0,0,0.2,0.0167332757264,2026-09-08T22:18:53.221714+00:00,study3b_fifo_runtime_v1
47320,C_4981,2010,2011,5.63648318348e-05,0,0,0.2,0.0167332757264,2026-09-08T22:18:53.221714+00:00,study3b_fifo_runtime_v1
47363,C_4986,2010,2011,0.000483909534523,0,0,0.2,0.0167332757264,2026-09-08T22:18:53.221714+00:00,study3b_fifo_runtime_v1
47383,C_4987,2010,2011,0.000101769990579,0,0,0.2,0.0167332757264,2026-09-08T22:18:53.221714+00:00,study3b_fifo_runtime_v1
47403,C_4988,2010,2011,0.000120728676848,0,0,0.2,0.0167332757264,2026-09-08T22:18:53.221714+00:00,study3b_fifo_runtime_v1
47423,C_4989,2010,2011,0.00040757341776,0,0,0.2,0.0167332757264,2026-09-08T22:18:53.221714+00:00,study3b_fifo_runtime_v1
47456,C_4994,2010,2011,0.000396301504225,0,0,0.2,0.0167332757264,2026-09-08T22:18:53.221714+00:00,study3b_fifo_runtime_v1
47468,C_4995,2010,2011,0.000180283634108,0,0,0.2,0.0167332757264,2026-09-08T22:18:53.221714+00:00,study3b_fifo_runtime_v1
47488,C_4996,2010,2011,0.000729690713342,0,0,0.2,0.0167332757264,2026-09-08T22:18:53.221714+00:00,study3b_fifo_runtime_v1
47517,C_4998,2010,2011,0.000234888240811,0,0,0.2,0.0167332757264,2026-09-08T22:18:53.221714+00:00,study3b_fifo_runtime_v1
47533,C_4999,2010,2011,0.000373871996999,0,0,0.2,0.0167332757264,2026-09-08T22:18:53.221714+00:00,study3b_fifo_runtime_v1
47544,C_5000,2010,2011,4.38223360106e-05,0,0,0.2,0.0167332757264,2026-09-08T22:18:53.221714+00:00,study3b_fifo_runtime_v1
47572,C_5003,2010,2011,2.4910636057e-05,0,0,0.2,0.0167332757264,2026-09-08T22:18:53.221714+00:00,study3b_fifo_runtime_v1
47586,C_5004,2010,2011,0.000184410208021,0,0,0.2,0.0167332757264,2026-09-08T22:18:53.221714+00:00,study3b_fifo_runtime_v1
47599,C_5005,2010,2011,0.00318503752351,0,0,0.2,0.0167332757264,2026-09-08T22:18:53.221714+00:00,study3b_fifo_runtime_v1
47630,C_5011,2010,2011,0.000225311508984,0,0,0.2,0.0167332757264,2026-09-08T22:18:53.221714+00:00,study3b_fifo_runtime_v1
47651,C_5013,2010,2011,0.000672007736284,0,0,0.2,0.0167332757264,2026-09-08T22:18:53.221714+00:00,study3b_fifo_runtime_v1
47671,C_5014,2010,2011,0.00102789618541,0,0,0.2,0.0167332757264,2026-09-08T22:18:53.221714+00:00,study3b_fifo_runtime_v1
47685,C_5015,2010,2011,0.000581700995099,0,0,0.2,0.0167332757264,2026-09-08T22:18:53.221714+00:00,study3b_fifo_runtime_v1
47697,C_5016,2010,2011,0.000124269994558,0,0,0.2,0.0167332757264,2026-09-08T22:18:53.221714+00:00,study3b_fifo_runtime_v1
47719,C_5018,2010,2011,0.000743245880585,0,0,0.2,0.0167332757264,2026-09-08T22:18:53.221714+00:00,study3b_fifo_runtime_v1
47739,C_5019,2010,2011,1.12339430416e-05,0,0,0.2,0.0167332757264,2026-09-08T22:18:53.221714+00:00,study3b_fifo_runtime_v1
47766,C_5025,2010,2011,0.00206395960413,0,0,0.2,0.0167332757264,2026-09-08T22:18:53.221714+00:00,study3b_fifo_runtime_v1
47791,C_5028,2010,2011,0.00426522875205,0,0,0.2,0.0167332757264,2026-09-08T22:18:53.221714+00:00,study3b_fifo_runtime_v1
47823,C_5032,2010,2011,4.2097424739e-05,0,0,0.2,0.0167332757264,2026-09-08T22:18:53.221714+00:00,study3b_fifo_runtime_v1
47864,C_5039,2010,2011,6.0221489548e-05,0,0,0.2,0.0167332757264,2026-09-08T22:18:53.221714+00:00,study3b_fifo_runtime_v1
47885,C_5041,2010,2011,0.00420926976949,0,0,0.2,0.0167332757264,2026-09-08T22:18:53.221714+00:00,study3b_fifo_runtime_v1
47908,C_5043,2010,2011,0.000228422519285,0,0,0.2,0.0167332757264,2026-09-08T22:18:53.221714+00:00,study3b_fifo_runtime_v1
47929,C_5045,2010,2011,0.00950295105577,0,0,0.2,0.0167332757264,2026-09-08T22:18:53.221714+00:00,study3b_fifo_runtime_v1
47980,C_5052,2010,2011,0.0974383428693,0,1,0.2,0.0167332757264,2026-09-08T22:18:53.221714+00:00,study3b_fifo_runtime_v1
47999,C_5053,2010,2011,0.00147405813914,0,0,0.2,0.0167332757264,2026-09-08T22:18:53.221714+00:00,study3b_fifo_runtime_v1
48004,C_5055,2010,2011,6.87857027515e-05,0,0,0.2,0.0167332757264,2026-09-08T22:18:53.221714+00:00,study3b_fifo_runtime_v1
48023,C_5056,2010,2011,0.00119387649465,0,0,0.2,0.0167332757264,2026-09-08T22:18:53.221714+00:00,study3b_fifo_runtime_v1
48043,C_5059,2010,2011,1.00872312032e-05,0,0,0.2,0.0167332757264,2026-09-08T22:18:53.221714+00:00,study3b_fifo_runtime_v1
48058,C_5060,2010,2011,0.0069755599834,0,0,0.2,0.0167332757264,2026-09-08T22:18:53.221714+00:00,study3b_fifo_runtime_v1
48072,C_5061,2010,2011,1.13788273666e-05,0,0,0.2,0.0167332757264,2026-09-08T22:18:53.221714+00:00,study3b_fifo_runtime_v1
48087,C_5062,2010,2011,6.37256671325e-05,0,0,0.2,0.0167332757264,2026-09-08T22:18:53.221714+00:00,study3b_fifo_runtime_v1
48127,C_5065,2010,2011,0.000357209384674,0,0,0.2,0.0167332757264,2026-09-08T22:18:53.221714+00:00,study3b_fifo_runtime_v1
48152,C_5069,2010,2011,0.000217741820961,0,0,0.2,0.0167332757264,2026-09-08T22:18:53.221714+00:00,study3b_fifo_runtime_v1
48178,C_5071,2010,2011,0.000664511288051,0,0,0.2,0.0167332757264,2026-09-08T22:18:53.221714+00:00,study3b_fifo_runtime_v1
48198,C_5072,2010,2011,0.000204578100238,0,0,0.2,0.0167332757264,2026-09-08T22:18:53.221714+00:00,study3b_fifo_runtime_v1
48221,C_5076,2010,2011,8.77681304701e-05,0,0,0.2,0.0167332757264,2026-09-08T22:18:53.221714+00:00,study3b_fifo_runtime_v1
48257,C_5081,2010,2011,0.00459196744487,0,0,0.2,0.0167332757264,2026-09-08T22:18:53.221714+00:00,study3b_fifo_runtime_v1
48306,C_5087,2010,2011,0.000430154730566,0,0,0.2,0.0167332757264,2026-09-08T22:18:53.221714+00:00,study3b_fifo_runtime_v1
48332,C_5089,2010,2011,3.86223837268e-05,0,0,0.2,0.0167332757264,2026-09-08T22:18:53.221714+00:00,study3b_fifo_runtime_v1
48360,C_5092,2010,2011,1.58337970788e-05,0,0,0.2,0.0167332757264,2026-09-08T22:18:53.221714+00:00,study3b_fifo_runtime_v1
48377,C_5093,2010,2011,6.63767277729e-05,0,0,0.2,0.0167332757264,2026-09-08T22:18:53.221714+00:00,study3b_fifo_runtime_v1
48415,C_5098,2010,2011,6.41751830699e-06,0,0,0.2,0.0167332757264,2026-09-08T22:18:53.221714+00:00,study3b_fifo_runtime_v1
48448,C_5103,2010,2011,0.000608582282439,0,0,0.2,0.0167332757264,2026-09-08T22:18:53.221714+00:00,study3b_fifo_runtime_v1
48469,C_5105,2010,2011,0.0285402461886,0,1,0.2,0.0167332757264,2026-09-08T22:18:53.221714+00:00,study3b_fifo_runtime_v1
48502,C_5109,2010,2011,0.000257616426097,0,0,0.2,0.0167332757264,2026-09-08T22:18:53.221714+00:00,study3b_fifo_runtime_v1
48533,C_5112,2010,2011,6.86698258505e-05,0,0,0.2,0.0167332757264,2026-09-08T22:18:53.221714+00:00,study3b_fifo_runtime_v1
48551,C_5113,2010,2011,2.67951927526e-05,0,0,0.2,0.0167332757264,2026-09-08T22:18:53.221714+00:00,study3b_fifo_runtime_v1
48565,C_5114,2010,2011,0.141633450985,0,1,0.2,0.0167332757264,2026-09-08T22:18:53.221714+00:00,study3b_fifo_runtime_v1
48638,C_5126,2010,2011,0.00129940314218,0,0,0.2,0.0167332757264,2026-09-08T22:18:53.221714+00:00,study3b_fifo_runtime_v1
48683,C_5132,2010,2011,0.00473255803809,0,0,0.2,0.0167332757264,2026-09-08T22:18:53.221714+00:00,study3b_fifo_runtime_v1
48700,C_5133,2010,2011,2.37729382206e-05,0,0,0.2,0.0167332757264,2026-09-08T22:18:53.221714+00:00,study3b_fifo_runtime_v1
48731,C_5139,2010,2011,0.000549237185623,0,0,0.2,0.0167332757264,2026-09-08T22:18:53.221714+00:00,study3b_fifo_runtime_v1
48749,C_5140,2010,2011,0.000445841433248,0,0,0.2,0.0167332757264,2026-09-08T22:18:53.221714+00:00,study3b_fifo_runtime_v1
48774,C_5142,2010,2011,0.00136234925594,0,0,0.2,0.0167332757264,2026-09-08T22:18:53.221714+00:00,study3b_fifo_runtime_v1
48784,C_5144,2010,2011,3.21254010487e-05,0,0,0.2,0.0167332757264,2026-09-08T22:18:53.221714+00:00,study3b_fifo_runtime_v1
48806,C_5146,2010,2011,3.47075074387e-05,0,0,0.2,0.0167332757264,2026-09-08T22:18:53.221714+00:00,study3b_fifo_runtime_v1
48818,C_5147,2010,2011,0.00185901310761,0,0,0.2,0.0167332757264,2026-09-08T22:18:53.221714+00:00,study3b_fifo_runtime_v1
48844,C_5150,2010,2011,0.00122993520927,0,0,0.2,0.0167332757264,2026-09-08T22:18:53.221714+00:00,study3b_fifo_runtime_v1
48859,C_5151,2010,2011,0.000726461119484,0,0,0.2,0.0167332757264,2026-09-08T22:18:53.221714+00:00,study3b_fifo_runtime_v1
48872,C_5152,2010,2011,0.000104899867438,0,0,0.2,0.0167332757264,2026-09-08T22:18:53.221714+00:00,study3b_fifo_runtime_v1
48896,C_5155,2010,2011,0.000600892759394,0,0,0.2,0.0167332757264,2026-09-08T22:18:53.221714+00:00,study3b_fifo_runtime_v1
48924,C_5158,2010,2011,0.00174299255013,0,0,0.2,0.0167332757264,2026-09-08T22:18:53.221714+00:00,study3b_fifo_runtime_v1
48943,C_5159,2010,2011,0.000246514799073,0,0,0.2,0.0167332757264,2026-09-08T22:18:53.221714+00:00,study3b_fifo_runtime_v1
48995,C_5167,2010,2011,0.000357524637366,0,0,0.2,0.0167332757264,2026-09-08T22:18:53.221714+00:00,study3b_fifo_runtime_v1
49023,C_5171,2010,2011,2.06927525142e-05,0,0,0.2,0.0167332757264,2026-09-08T22:18:53.221714+00:00,study3b_fifo_runtime_v1
49043,C_5172,2010,2011,0.0192206073552,0,1,0.2,0.0167332757264,2026-09-08T22:18:53.221714+00:00,study3b_fifo_runtime_v1
49064,C_5174,2010,2011,1.76321991603e-05,0,0,0.2,0.0167332757264,2026-09-08T22:18:53.221714+00:00,study3b_fifo_runtime_v1
49096,C_5178,2010,2011,0.000214612620766,0,0,0.2,0.0167332757264,2026-09-08T22:18:53.221714+00:00,study3b_fifo_runtime_v1
49139,C_5182,2010,2011,0.000216434811591,0,0,0.2,0.0167332757264,2026-09-08T22:18:53.221714+00:00,study3b_fifo_runtime_v1
49158,C_5183,2010,2011,7.38329981687e-05,0,0,0.2,0.0167332757264,2026-09-08T22:18:53.221714+00:00,study3b_fifo_runtime_v1
49178,C_5184,2010,2011,0.00602826057002,0,0,0.2,0.0167332757264,2026-09-08T22:18:53.221714+00:00,study3b_fifo_runtime_v1
49241,C_5191,2010,2011,0.000132519155159,0,0,0.2,0.0167332757264,2026-09-08T22:18:53.221714+00:00,study3b_fifo_runtime_v1
49336,C_5208,2010,2011,0.000107766361907,0,0,0.2,0.0167332757264,2026-09-08T22:18:53.221714+00:00,study3b_fifo_runtime_v1
49349,C_5210,2010,2011,7.37019872759e-05,0,0,0.2,0.0167332757264,2026-09-08T22:18:53.221714+00:00,study3b_fifo_runtime_v1
49363,C_5212,2010,2011,7.26232538e-05,0,0,0.2,0.0167332757264,2026-09-08T22:18:53.221714+00:00,study3b_fifo_runtime_v1
49378,C_5215,2010,2011,0.000209912497667,0,0,0.2,0.0167332757264,2026-09-08T22:18:53.221714+00:00,study3b_fifo_runtime_v1
49387,C_5218,2010,2011,0.00229988782667,0,0,0.2,0.0167332757264,2026-09-08T22:18:53.221714+00:00,study3b_fifo_runtime_v1
49401,C_5219,2010,2011,0.0227145012468,0,1,0.2,0.0167332757264,2026-09-08T22:18:53.221714+00:00,study3b_fifo_runtime_v1
49421,C_5220,2010,2011,2.25385228987e-05,0,0,0.2,0.0167332757264,2026-09-08T22:18:53.221714+00:00,study3b_fifo_runtime_v1
49446,C_5222,2010,2011,0.00124550936744,0,0,0.2,0.0167332757264,2026-09-08T22:18:53.221714+00:00,study3b_fifo_runtime_v1
49476,C_5226,2010,2011,0.000117874842545,0,0,0.2,0.0167332757264,2026-09-08T22:18:53.221714+00:00,study3b_fifo_runtime_v1
49497,C_5228,2010,2011,0.000235230894759,0,0,0.2,0.0167332757264,2026-09-08T22:18:53.221714+00:00,study3b_fifo_runtime_v1
49519,C_5231,2010,2011,1.61147090694e-05,0,0,0.2,0.0167332757264,2026-09-08T22:18:53.221714+00:00,study3b_fifo_runtime_v1
49539,C_5232,2010,2011,0.0013704932062,0,0,0.2,0.0167332757264,2026-09-08T22:18:53.221714+00:00,study3b_fifo_runtime_v1
49554,C_5234,2010,2011,0.000237195694353,0,0,0.2,0.0167332757264,2026-09-08T22:18:53.221714+00:00,study3b_fifo_runtime_v1
49574,C_5235,2010,2011,0.000104609141999,0,0,0.2,0.0167332757264,2026-09-08T22:18:53.221714+00:00,study3b_fifo_runtime_v1
49603,C_5240,2010,2011,0.00105359824374,0,0,0.2,0.0167332757264,2026-09-08T22:18:53.221714+00:00,study3b_fifo_runtime_v1
49617,C_5241,2010,2011,4.19989228249e-05,0,0,0.2,0.0167332757264,2026-09-08T22:18:53.221714+00:00,study3b_fifo_runtime_v1
49637,C_5242,2010,2011,0.00041558034718,0,0,0.2,0.0167332757264,2026-09-08T22:18:53.221714+00:00,study3b_fifo_runtime_v1
49660,C_5244,2010,2011,5.39425418538e-05,0,0,0.2,0.0167332757264,2026-09-08T22:18:53.221714+00:00,study3b_fifo_runtime_v1
49698,C_5248,2010,2011,1.65512265085e-05,0,0,0.2,0.0167332757264,2026-09-08T22:18:53.221714+00:00,study3b_fifo_runtime_v1
49711,C_5249,2010,2011,0.0015872787917,0,0,0.2,0.0167332757264,2026-09-08T22:18:53.221714+00:00,study3b_fifo_runtime_v1
49747,C_5254,2010,2011,0.000125597522128,0,0,0.2,0.0167332757264,2026-09-08T22:18:53.221714+00:00,study3b_fifo_runtime_v1
49769,C_5256,2010,2011,0.000799669651315,0,0,0.2,0.0167332757264,2026-09-08T22:18:53.221714+00:00,study3b_fifo_runtime_v1
49796,C_5261,2010,2011,3.49778601958e-05,0,0,0.2,0.0167332757264,2026-09-08T22:18:53.221714+00:00,study3b_fifo_runtime_v1
49814,C_5262,2010,2011,5.86772694078e-05,0,0,0.2,0.0167332757264,2026-09-08T22:18:53.221714+00:00,study3b_fifo_runtime_v1
49843,C_5264,2010,2011,7.56890513003e-05,0,0,0.2,0.0167332757264,2026-09-08T22:18:53.221714+00:00,study3b_fifo_runtime_v1
49862,C_5265,2010,2011,0.00293534155935,0,0,0.2,0.0167332757264,2026-09-08T22:18:53.221714+00:00,study3b_fifo_runtime_v1
49901,C_5270,2010,2011,0.000636950135231,0,0,0.2,0.0167332757264,2026-09-08T22:18:53.221714+00:00,study3b_fifo_runtime_v1
49921,C_5272,2010,2011,9.44193525356e-05,0,0,0.2,0.0167332757264,2026-09-08T22:18:53.221714+00:00,study3b_fifo_runtime_v1
49973,C_5279,2010,2011,0.000635054719169,0,0,0.2,0.0167332757264,2026-09-08T22:18:53.221714+00:00,study3b_fifo_runtime_v1
50005,C_5283,2010,2011,0.000353185692802,0,0,0.2,0.0167332757264,2026-09-08T22:18:53.221714+00:00,study3b_fifo_runtime_v1
50020,C_5284,2010,2011,0.000102897145553,0,0,0.2,0.0167332757264,2026-09-08T22:18:53.221714+00:00,study3b_fifo_runtime_v1
50045,C_5286,2010,2011,0.000263316353085,0,0,0.2,0.0167332757264,2026-09-08T22:18:53.221714+00:00,study3b_fifo_runtime_v1
50066,C_5288,2010,2011,0.000233764600125,0,0,0.2,0.0167332757264,2026-09-08T22:18:53.221714+00:00,study3b_fifo_runtime_v1
50086,C_5289,2010,2011,0.000134247922688,0,0,0.2,0.0167332757264,2026-09-08T22:18:53.221714+00:00,study3b_fifo_runtime_v1
50136,C_5296,2010,2011,0.000548024254385,0,0,0.2,0.0167332757264,2026-09-08T22:18:53.221714+00:00,study3b_fifo_runtime_v1
50194,C_5303,2010,2011,0.00424965424463,0,0,0.2,0.0167332757264,2026-09-08T22:18:53.221714+00:00,study3b_fifo_runtime_v1
50212,C_5304,2010,2011,0.00151017203461,0,0,0.2,0.0167332757264,2026-09-08T22:18:53.221714+00:00,study3b_fifo_runtime_v1
50243,C_5306,2010,2011,0.00845246668905,0,0,0.2,0.0167332757264,2026-09-08T22:18:53.221714+00:00,study3b_fifo_runtime_v1
50269,C_5308,2010,2011,4.7219076805e-05,0,0,0.2,0.0167332757264,2026-09-08T22:18:53.221714+00:00,study3b_fifo_runtime_v1
50298,C_5311,2010,2011,0.00130752974655,0,0,0.2,0.0167332757264,2026-09-08T22:18:53.221714+00:00,study3b_fifo_runtime_v1
50326,C_5315,2010,2011,0.00120985449757,0,0,0.2,0.0167332757264,2026-09-08T22:18:53.221714+00:00,study3b_fifo_runtime_v1
50364,C_5319,2010,2011,3.45370244759e-05,0,0,0.2,0.0167332757264,2026-09-08T22:18:53.221714+00:00,study3b_fifo_runtime_v1
50410,C_5325,2010,2011,0.000458287540823,0,0,0.2,0.0167332757264,2026-09-08T22:18:53.221714+00:00,study3b_fifo_runtime_v1
50428,C_5326,2010,2011,0.000820538960397,0,0,0.2,0.0167332757264,2026-09-08T22:18:53.221714+00:00,study3b_fifo_runtime_v1
50493,C_5335,2010,2011,4.32873493992e-05,0,0,0.2,0.0167332757264,2026-09-08T22:18:53.221714+00:00,study3b_fifo_runtime_v1
50536,C_5339,2010,2011,0.000405418075388,0,0,0.2,0.0167332757264,2026-09-08T22:18:53.221714+00:00,study3b_fifo_runtime_v1
50556,C_5340,2010,2011,1.55549059855e-05,0,0,0.2,0.0167332757264,2026-09-08T22:18:53.221714+00:00,study3b_fifo_runtime_v1
50571,C_5341,2010,2011,6.107979425e-05,0,0,0.2,0.0167332757264,2026-09-08T22:18:53.221714+00:00,study3b_fifo_runtime_v1
50597,C_5343,2010,2011,0.000232073012739,0,0,0.2,0.0167332757264,2026-09-08T22:18:53.221714+00:00,study3b_fifo_runtime_v1
50630,C_5350,2010,2011,0.000143806028063,0,0,0.2,0.0167332757264,2026-09-08T22:18:53.221714+00:00,study3b_fifo_runtime_v1
50655,C_5352,2010,2011,0.000812072772533,0,0,0.2,0.0167332757264,2026-09-08T22:18:53.221714+00:00,study3b_fifo_runtime_v1
50677,C_5354,2010,2011,0.000201898728847,0,0,0.2,0.0167332757264,2026-09-08T22:18:53.221714+00:00,study3b_fifo_runtime_v1
50693,C_5355,2010,2011,0.000438317540102,0,0,0.2,0.0167332757264,2026-09-08T22:18:53.221714+00:00,study3b_fifo_runtime_v1
50708,C_5356,2010,2011,0.000755278102588,0,0,0.2,0.0167332757264,2026-09-08T22:18:53.221714+00:00,study3b_fifo_runtime_v1
50722,C_5358,2010,2011,9.96971430141e-05,0,0,0.2,0.0167332757264,2026-09-08T22:18:53.221714+00:00,study3b_fifo_runtime_v1
50740,C_5360,2010,2011,5.9139852965e-05,0,0,0.2,0.0167332757264,2026-09-08T22:18:53.221714+00:00,study3b_fifo_runtime_v1
50760,C_5361,2010,2011,0.00151802657638,0,0,0.2,0.0167332757264,2026-09-08T22:18:53.221714+00:00,study3b_fifo_runtime_v1
50772,C_5362,2010,2011,0.00126444583293,0,0,0.2,0.0167332757264,2026-09-08T22:18:53.221714+00:00,study3b_fifo_runtime_v1
50794,C_5364,2010,2011,4.89814265165e-05,0,0,0.2,0.0167332757264,2026-09-08T22:18:53.221714+00:00,study3b_fifo_runtime_v1
50846,C_5372,2010,2011,0.000493226572871,0,0,0.2,0.0167332757264,2026-09-08T22:18:53.221714+00:00,study3b_fifo_runtime_v1
50863,C_5375,2010,2011,8.31176512293e-05,0,0,0.2,0.0167332757264,2026-09-08T22:18:53.221714+00:00,study3b_fifo_runtime_v1
50919,C_5385,2010,2011,3.52661936631e-06,0,0,0.2,0.0167332757264,2026-09-08T22:18:53.221714+00:00,study3b_fifo_runtime_v1
50953,C_5391,2010,2011,0.00034656850039,0,0,0.2,0.0167332757264,2026-09-08T22:18:53.221714+00:00,study3b_fifo_runtime_v1
50973,C_5392,2010,2011,1.06825382318e-05,0,0,0.2,0.0167332757264,2026-09-08T22:18:53.221714+00:00,study3b_fifo_runtime_v1
50998,C_5394,2010,2011,0.009297166951,0,0,0.2,0.0167332757264,2026-09-08T22:18:53.221714+00:00,study3b_fifo_runtime_v1
51018,C_5395,2010,2011,0.0195399541408,0,1,0.2,0.0167332757264,2026-09-08T22:18:53.221714+00:00,study3b_fifo_runtime_v1
51080,C_5403,2010,2011,4.46582162112e-05,0,0,0.2,0.0167332757264,2026-09-08T22:18:53.221714+00:00,study3b_fifo_runtime_v1
51116,C_5406,2010,2011,1.5538333173e-05,0,0,0.2,0.0167332757264,2026-09-08T22:18:53.221714+00:00,study3b_fifo_runtime_v1
51145,C_5409,2010,2011,0.000147487968206,0,0,0.2,0.0167332757264,2026-09-08T22:18:53.221714+00:00,study3b_fifo_runtime_v1
51163,C_5410,2010,2011,0.000124094731291,0,0,0.2,0.0167332757264,2026-09-08T22:18:53.221714+00:00,study3b_fifo_runtime_v1
51183,C_5414,2010,2011,0.000439127907157,0,0,0.2,0.0167332757264,2026-09-08T22:18:53.221714+00:00,study3b_fifo_runtime_v1
51194,C_5415,2010,2011,0.00938748009503,0,0,0.2,0.0167332757264,2026-09-08T22:18:53.221714+00:00,study3b_fifo_runtime_v1
51207,C_5416,2010,2011,9.22738690861e-05,0,0,0.2,0.0167332757264,2026-09-08T22:18:53.221714+00:00,study3b_fifo_runtime_v1
51241,C_5421,2010,2011,0.000112281653855,0,0,0.2,0.0167332757264,2026-09-08T22:18:53.221714+00:00,study3b_fifo_runtime_v1
51270,C_5424,2010,2011,4.15240174334e-05,0,0,0.2,0.0167332757264,2026-09-08T22:18:53.221714+00:00,study3b_fifo_runtime_v1
51286,C_5425,2010,2011,0.00251522124745,0,0,0.2,0.0167332757264,2026-09-08T22:18:53.221714+00:00,study3b_fifo_runtime_v1
51306,C_5426,2010,2011,6.90684028086e-05,0,0,0.2,0.0167332757264,2026-09-08T22:18:53.221714+00:00,study3b_fifo_runtime_v1
51322,C_5427,2010,2011,4.09266540373e-05,0,0,0.2,0.0167332757264,2026-09-08T22:18:53.221714+00:00,study3b_fifo_runtime_v1
51347,C_5431,2010,2011,0.000312212592689,0,0,0.2,0.0167332757264,2026-09-08T22:18:53.221714+00:00,study3b_fifo_runtime_v1
51396,C_5438,2010,2011,3.28811329382e-05,0,0,0.2,0.0167332757264,2026-09-08T22:18:53.221714+00:00,study3b_fifo_runtime_v1
51416,C_5439,2010,2011,7.88661127444e-05,0,0,0.2,0.0167332757264,2026-09-08T22:18:53.221714+00:00,study3b_fifo_runtime_v1
51438,C_5441,2010,2011,0.000274416059256,0,0,0.2,0.0167332757264,2026-09-08T22:18:53.221714+00:00,study3b_fifo_runtime_v1
51478,C_5446,2010,2011,8.87025726115e-06,0,0,0.2,0.0167332757264,2026-09-08T22:18:53.221714+00:00,study3b_fifo_runtime_v1
51498,C_5447,2010,2011,0.00526561029255,0,0,0.2,0.0167332757264,2026-09-08T22:18:53.221714+00:00,study3b_fifo_runtime_v1
51536,C_5453,2010,2011,0.00199304404669,0,0,0.2,0.0167332757264,2026-09-08T22:18:53.221714+00:00,study3b_fifo_runtime_v1
51550,C_5454,2010,2011,0.00061987520894,0,0,0.2,0.0167332757264,2026-09-08T22:18:53.221714+00:00,study3b_fifo_runtime_v1
51574,C_5456,2010,2011,0.00226747035049,0,0,0.2,0.0167332757264,2026-09-08T22:18:53.221714+00:00,study3b_fifo_runtime_v1
51592,C_5457,2010,2011,4.38527167717e-05,0,0,0.2,0.0167332757264,2026-09-08T22:18:53.221714+00:00,study3b_fifo_runtime_v1
51605,C_5458,2010,2011,5.41190383956e-05,0,0,0.2,0.0167332757264,2026-09-08T22:18:53.221714+00:00,study3b_fifo_runtime_v1
51626,C_5460,2010,2011,0.00042571593076,0,0,0.2,0.0167332757264,2026-09-08T22:18:53.221714+00:00,study3b_fifo_runtime_v1
51653,C_5462,2010,2011,0.0243538022041,0,1,0.2,0.0167332757264,2026-09-08T22:18:53.221714+00:00,study3b_fifo_runtime_v1
51682,C_5465,2010,2011,0.00913057103753,0,0,0.2,0.0167332757264,2026-09-08T22:18:53.221714+00:00,study3b_fifo_runtime_v1
51710,C_5469,2010,2011,0.000120673859783,0,0,0.2,0.0167332757264,2026-09-08T22:18:53.221714+00:00,study3b_fifo_runtime_v1
51726,C_5471,2010,2011,0.000106848950963,0,0,0.2,0.0167332757264,2026-09-08T22:18:53.221714+00:00,study3b_fifo_runtime_v1
51764,C_5474,2010,2011,9.16298959055e-05,0,0,0.2,0.0167332757264,2026-09-08T22:18:53.221714+00:00,study3b_fifo_runtime_v1
51777,C_5475,2010,2011,0.0271417275071,0,1,0.2,0.0167332757264,2026-09-08T22:18:53.221714+00:00,study3b_fifo_runtime_v1
51790,C_5476,2010,2011,0.00211228337139,0,0,0.2,0.0167332757264,2026-09-08T22:18:53.221714+00:00,study3b_fifo_runtime_v1
51822,C_5480,2010,2011,7.07953222445e-05,0,0,0.2,0.0167332757264,2026-09-08T22:18:53.221714+00:00,study3b_fifo_runtime_v1
51835,C_5481,2010,2011,0.00124873640016,0,0,0.2,0.0167332757264,2026-09-08T22:18:53.221714+00:00,study3b_fifo_runtime_v1
51869,C_5484,2010,2011,0.000462077994598,0,0,0.2,0.0167332757264,2026-09-08T22:18:53.221714+00:00,study3b_fifo_runtime_v1
51922,C_5491,2010,2011,0.000131099906866,0,0,0.2,0.0167332757264,2026-09-08T22:18:53.221714+00:00,study3b_fifo_runtime_v1
51941,C_5492,2010,2011,0.00218258029781,0,0,0.2,0.0167332757264,2026-09-08T22:18:53.221714+00:00,study3b_fifo_runtime_v1
51999,C_5502,2010,2011,7.65868971939e-05,0,0,0.2,0.0167332757264,2026-09-08T22:18:53.221714+00:00,study3b_fifo_runtime_v1
52016,C_5503,2010,2011,0.00154210638721,0,0,0.2,0.0167332757264,2026-09-08T22:18:53.221714+00:00,study3b_fifo_runtime_v1
52033,C_5505,2010,2011,9.64525388554e-05,0,0,0.2,0.0167332757264,2026-09-08T22:18:53.221714+00:00,study3b_fifo_runtime_v1
52053,C_5506,2010,2011,0.00102538103238,0,0,0.2,0.0167332757264,2026-09-08T22:18:53.221714+00:00,study3b_fifo_runtime_v1
52102,C_5513,2010,2011,0.00240432121791,0,0,0.2,0.0167332757264,2026-09-08T22:18:53.221714+00:00,study3b_fifo_runtime_v1
52116,C_5514,2010,2011,3.69528388546e-05,0,0,0.2,0.0167332757264,2026-09-08T22:18:53.221714+00:00,study3b_fifo_runtime_v1
52131,C_5515,2010,2011,0.000230451332754,0,0,0.2,0.0167332757264,2026-09-08T22:18:53.221714+00:00,study3b_fifo_runtime_v1
52152,C_5517,2010,2011,0.00512952590361,0,0,0.2,0.0167332757264,2026-09-08T22:18:53.221714+00:00,study3b_fifo_runtime_v1
52180,C_5521,2010,2011,7.93510116637e-05,0,0,0.2,0.0167332757264,2026-09-08T22:18:53.221714+00:00,study3b_fifo_runtime_v1
52196,C_5523,2010,2011,0.000721329415683,0,0,0.2,0.0167332757264,2026-09-08T22:18:53.221714+00:00,study3b_fifo_runtime_v1
52227,C_5526,2010,2011,0.0107244998217,0,0,0.2,0.0167332757264,2026-09-08T22:18:53.221714+00:00,study3b_fifo_runtime_v1
52251,C_5531,2010,2011,0.00515577988699,0,0,0.2,0.0167332757264,2026-09-08T22:18:53.221714+00:00,study3b_fifo_runtime_v1
52273,C_5533,2010,2011,0.00030969051295,0,0,0.2,0.0167332757264,2026-09-08T22:18:53.221714+00:00,study3b_fifo_runtime_v1
52293,C_5534,2010,2011,0.000118514617498,0,0,0.2,0.0167332757264,2026-09-08T22:18:53.221714+00:00,study3b_fifo_runtime_v1
52302,C_5537,2010,2011,0.000188717080164,0,0,0.2,0.0167332757264,2026-09-08T22:18:53.221714+00:00,study3b_fifo_runtime_v1
52338,C_5542,2010,2011,0.000364432838978,0,0,0.2,0.0167332757264,2026-09-08T22:18:53.221714+00:00,study3b_fifo_runtime_v1
52345,C_5543,2010,2011,2.37071599258e-05,0,0,0.2,0.0167332757264,2026-09-08T22:18:53.221714+00:00,study3b_fifo_runtime_v1
52375,C_5545,2010,2011,5.81080421398e-05,0,0,0.2,0.0167332757264,2026-09-08T22:18:53.221714+00:00,study3b_fifo_runtime_v1
52395,C_5546,2010,2011,3.8626454625e-05,0,0,0.2,0.0167332757264,2026-09-08T22:18:53.221714+00:00,study3b_fifo_runtime_v1
52401,C_5547,2010,2011,0.000248783791903,0,0,0.2,0.0167332757264,2026-09-08T22:18:53.221714+00:00,study3b_fifo_runtime_v1
52462,C_5559,2010,2011,0.000495052954648,0,0,0.2,0.0167332757264,2026-09-08T22:18:53.221714+00:00,study3b_fifo_runtime_v1
52472,C_5560,2010,2011,1.79556664079e-05,0,0,0.2,0.0167332757264,2026-09-08T22:18:53.221714+00:00,study3b_fifo_runtime_v1
52491,C_5561,2010,2011,0.0174160525203,0,1,0.2,0.0167332757264,2026-09-08T22:18:53.221714+00:00,study3b_fifo_runtime_v1
52505,C_5562,2010,2011,2.80873355223e-05,0,0,0.2,0.0167332757264,2026-09-08T22:18:53.221714+00:00,study3b_fifo_runtime_v1
52525,C_5563,2010,2011,0.000328880181769,0,0,0.2,0.0167332757264,2026-09-08T22:18:53.221714+00:00,study3b_fifo_runtime_v1
52567,C_5569,2010,2011,0.000354022136889,0,0,0.2,0.0167332757264,2026-09-08T22:18:53.221714+00:00,study3b_fifo_runtime_v1
52586,C_5573,2010,2011,6.82186582708e-05,0,0,0.2,0.0167332757264,2026-09-08T22:18:53.221714+00:00,study3b_fifo_runtime_v1
52606,C_5574,2010,2011,2.84232373815e-05,0,0,0.2,0.0167332757264,2026-09-08T22:18:53.221714+00:00,study3b_fifo_runtime_v1
52620,C_5577,2010,2011,6.0116090026e-06,0,0,0.2,0.0167332757264,2026-09-08T22:18:53.221714+00:00,study3b_fifo_runtime_v1
52650,C_5580,2010,2011,0.00101368094329,0,0,0.2,0.0167332757264,2026-09-08T22:18:53.221714+00:00,study3b_fifo_runtime_v1
52670,C_5581,2010,2011,0.000416661176132,0,0,0.2,0.0167332757264,2026-09-08T22:18:53.221714+00:00,study3b_fifo_runtime_v1
52699,C_5586,2010,2011,0.000382780563086,0,0,0.2,0.0167332757264,2026-09-08T22:18:53.221714+00:00,study3b_fifo_runtime_v1
52772,C_5602,2010,2011,1.62722735695e-05,0,0,0.2,0.0167332757264,2026-09-08T22:18:53.221714+00:00,study3b_fifo_runtime_v1
52794,C_5604,2010,2011,0.100621789694,0,1,0.2,0.0167332757264,2026-09-08T22:18:53.221714+00:00,study3b_fifo_runtime_v1
52813,C_5605,2010,2011,0.00231172400527,0,0,0.2,0.0167332757264,2026-09-08T22:18:53.221714+00:00,study3b_fifo_runtime_v1
52833,C_5606,2010,2011,0.000464694807306,0,0,0.2,0.0167332757264,2026-09-08T22:18:53.221714+00:00,study3b_fifo_runtime_v1
52853,C_5607,2010,2011,0.000164229350048,0,0,0.2,0.0167332757264,2026-09-08T22:18:53.221714+00:00,study3b_fifo_runtime_v1
52867,C_5608,2010,2011,0.000353679992259,0,0,0.2,0.0167332757264,2026-09-08T22:18:53.221714+00:00,study3b_fifo_runtime_v1
52888,C_5610,2010,2011,0.000743269862141,0,0,0.2,0.0167332757264,2026-09-08T22:18:53.221714+00:00,study3b_fifo_runtime_v1
52910,C_5612,2010,2011,4.93751758768e-06,0,0,0.2,0.0167332757264,2026-09-08T22:18:53.221714+00:00,study3b_fifo_runtime_v1
52938,C_5617,2010,2011,0.000109879118099,0,0,0.2,0.0167332757264,2026-09-08T22:18:53.221714+00:00,study3b_fifo_runtime_v1
52969,C_5619,2010,2011,0.000134560497827,0,0,0.2,0.0167332757264,2026-09-08T22:18:53.221714+00:00,study3b_fifo_runtime_v1
53012,C_5626,2010,2011,0.000115152543003,0,0,0.2,0.0167332757264,2026-09-08T22:18:53.221714+00:00,study3b_fifo_runtime_v1
53043,C_5629,2010,2011,0.000105252525827,0,0,0.2,0.0167332757264,2026-09-08T22:18:53.221714+00:00,study3b_fifo_runtime_v1
53100,C_5640,2010,2011,0.00106097897515,0,0,0.2,0.0167332757264,2026-09-08T22:18:53.221714+00:00,study3b_fifo_runtime_v1
53156,C_5651,2010,2011,0.000180274204467,0,0,0.2,0.0167332757264,2026-09-08T22:18:53.221714+00:00,study3b_fifo_runtime_v1
53175,C_5652,2010,2011,0.000242563241045,0,0,0.2,0.0167332757264,2026-09-08T22:18:53.221714+00:00,study3b_fifo_runtime_v1
53195,C_5653,2010,2011,0.00153086532373,0,0,0.2,0.0167332757264,2026-09-08T22:18:53.221714+00:00,study3b_fifo_runtime_v1
53209,C_5654,2010,2011,7.29455932742e-05,0,0,0.2,0.0167332757264,2026-09-08T22:18:53.221714+00:00,study3b_fifo_runtime_v1
53238,C_5657,2010,2011,0.000118192459922,0,0,0.2,0.0167332757264,2026-09-08T22:18:53.221714+00:00,study3b_fifo_runtime_v1
53253,C_5658,2010,2011,0.000568994961213,0,0,0.2,0.0167332757264,2026-09-08T22:18:53.221714+00:00,study3b_fifo_runtime_v1
53282,C_5661,2010,2011,7.3620591138e-05,0,0,0.2,0.0167332757264,2026-09-08T22:18:53.221714+00:00,study3b_fifo_runtime_v1
53316,C_5663,2010,2011,0.0160820242018,0,0,0.2,0.0167332757264,2026-09-08T22:18:53.221714+00:00,study3b_fifo_runtime_v1
53337,C_5665,2010,2011,0.000355191732524,0,0,0.2,0.0167332757264,2026-09-08T22:18:53.221714+00:00,study3b_fifo_runtime_v1
53358,C_5667,2010,2011,0.000677989271935,0,0,0.2,0.0167332757264,2026-09-08T22:18:53.221714+00:00,study3b_fifo_runtime_v1
53371,C_5670,2010,2011,0.000420332682552,0,0,0.2,0.0167332757264,2026-09-08T22:18:53.221714+00:00,study3b_fifo_runtime_v1
53390,C_5673,2010,2011,0.000905743625481,0,0,0.2,0.0167332757264,2026-09-08T22:18:53.221714+00:00,study3b_fifo_runtime_v1
53402,C_5674,2010,2011,8.81656305864e-05,0,0,0.2,0.0167332757264,2026-09-08T22:18:53.221714+00:00,study3b_fifo_runtime_v1
53414,C_5675,2010,2011,3.53324612661e-05,0,0,0.2,0.0167332757264,2026-09-08T22:18:53.221714+00:00,study3b_fifo_runtime_v1
53439,C_5677,2010,2011,0.000191602564882,0,0,0.2,0.0167332757264,2026-09-08T22:18:53.221714+00:00,study3b_fifo_runtime_v1
53459,C_5680,2010,2011,0.0050783525221,0,0,0.2,0.0167332757264,2026-09-08T22:18:53.221714+00:00,study3b_fifo_runtime_v1
53479,C_5681,2010,2011,0.000482908217236,0,0,0.2,0.0167332757264,2026-09-08T22:18:53.221714+00:00,study3b_fifo_runtime_v1
53500,C_5684,2010,2011,0.00156346836593,0,0,0.2,0.0167332757264,2026-09-08T22:18:53.221714+00:00,study3b_fifo_runtime_v1
53512,C_5685,2010,2011,0.000206852331758,0,0,0.2,0.0167332757264,2026-09-08T22:18:53.221714+00:00,study3b_fifo_runtime_v1
53539,C_5687,2010,2011,4.55519038951e-05,0,0,0.2,0.0167332757264,2026-09-08T22:18:53.221714+00:00,study3b_fifo_runtime_v1
53559,C_5688,2010,2011,0.000223789771553,0,0,0.2,0.0167332757264,2026-09-08T22:18:53.221714+00:00,study3b_fifo_runtime_v1
53575,C_5689,2010,2011,0.000321021914715,0,0,0.2,0.0167332757264,2026-09-08T22:18:53.221714+00:00,study3b_fifo_runtime_v1
53595,C_5691,2010,2011,0.000372800423065,0,0,0.2,0.0167332757264,2026-09-08T22:18:53.221714+00:00,study3b_fifo_runtime_v1
53616,C_5693,2010,2011,3.25442379108e-05,0,0,0.2,0.0167332757264,2026-09-08T22:18:53.221714+00:00,study3b_fifo_runtime_v1
53663,C_5700,2010,2011,0.0014440700179,0,0,0.2,0.0167332757264,2026-09-08T22:18:53.221714+00:00,study3b_fifo_runtime_v1
53686,C_5702,2010,2011,0.000354786257958,0,0,0.2,0.0167332757264,2026-09-08T22:18:53.221714+00:00,study3b_fifo_runtime_v1
53708,C_5704,2010,2011,0.00103982130531,0,0,0.2,0.0167332757264,2026-09-08T22:18:53.221714+00:00,study3b_fifo_runtime_v1
53742,C_5709,2010,2011,0.000112745707156,0,0,0.2,0.0167332757264,2026-09-08T22:18:53.221714+00:00,study3b_fifo_runtime_v1
53755,C_5711,2010,2011,0.00180504715536,0,0,0.2,0.0167332757264,2026-09-08T22:18:53.221714+00:00,study3b_fifo_runtime_v1
53776,C_5714,2010,2011,0.0609674341977,0,1,0.2,0.0167332757264,2026-09-08T22:18:53.221714+00:00,study3b_fifo_runtime_v1
53788,C_5715,2010,2011,2.59790849668e-05,0,0,0.2,0.0167332757264,2026-09-08T22:18:53.221714+00:00,study3b_fifo_runtime_v1
53812,C_5719,2010,2011,2.39246965066e-05,0,0,0.2,0.0167332757264,2026-09-08T22:18:53.221714+00:00,study3b_fifo_runtime_v1
53837,C_5722,2010,2011,0.00108892610297,0,0,0.2,0.0167332757264,2026-09-08T22:18:53.221714+00:00,study3b_fifo_runtime_v1
53857,C_5723,2010,2011,0.000922364648432,0,0,0.2,0.0167332757264,2026-09-08T22:18:53.221714+00:00,study3b_fifo_runtime_v1
53879,C_5725,2010,2011,0.0508800931275,0,1,0.2,0.0167332757264,2026-09-08T22:18:53.221714+00:00,study3b_fifo_runtime_v1
53909,C_5730,2010,2011,4.66487790618e-06,0,0,0.2,0.0167332757264,2026-09-08T22:18:53.221714+00:00,study3b_fifo_runtime_v1
53929,C_5731,2010,2011,0.00159153295681,0,0,0.2,0.0167332757264,2026-09-08T22:18:53.221714+00:00,study3b_fifo_runtime_v1
53953,C_5735,2010,2011,1.72135860339e-05,0,0,0.2,0.0167332757264,2026-09-08T22:18:53.221714+00:00,study3b_fifo_runtime_v1
53973,C_5736,2010,2011,2.01411767193e-05,0,0,0.2,0.0167332757264,2026-09-08T22:18:53.221714+00:00,study3b_fifo_runtime_v1
53996,C_5738,2010,2011,6.51464370094e-06,0,0,0.2,0.0167332757264,2026-09-08T22:18:53.221714+00:00,study3b_fifo_runtime_v1
54026,C_5741,2010,2011,8.73304670677e-05,0,0,0.2,0.0167332757264,2026-09-08T22:18:53.221714+00:00,study3b_fifo_runtime_v1
54039,C_5742,2010,2011,0.000230875230045,0,0,0.2,0.0167332757264,2026-09-08T22:18:53.221714+00:00,study3b_fifo_runtime_v1
54083,C_5748,2010,2011,0.000100432720501,0,0,0.2,0.0167332757264,2026-09-08T22:18:53.221714+00:00,study3b_fifo_runtime_v1
54093,C_5749,2010,2011,0.00506420852616,0,0,0.2,0.0167332757264,2026-09-08T22:18:53.221714+00:00,study3b_fifo_runtime_v1
54113,C_5750,2010,2011,4.09295425925e-05,0,0,0.2,0.0167332757264,2026-09-08T22:18:53.221714+00:00,study3b_fifo_runtime_v1
54159,C_5756,2010,2011,0.00269691087306,0,0,0.2,0.0167332757264,2026-09-08T22:18:53.221714+00:00,study3b_fifo_runtime_v1
54184,C_5759,2010,2011,0.000444123521447,0,0,0.2,0.0167332757264,2026-09-08T22:18:53.221714+00:00,study3b_fifo_runtime_v1
54204,C_5760,2010,2011,0.000644244195428,0,0,0.2,0.0167332757264,2026-09-08T22:18:53.221714+00:00,study3b_fifo_runtime_v1
54212,C_5762,2010,2011,8.12625803519e-05,0,0,0.2,0.0167332757264,2026-09-08T22:18:53.221714+00:00,study3b_fifo_runtime_v1
54233,C_5766,2010,2011,0.000379101169528,0,0,0.2,0.0167332757264,2026-09-08T22:18:53.221714+00:00,study3b_fifo_runtime_v1
54261,C_5771,2010,2011,0.000235536295804,0,0,0.2,0.0167332757264,2026-09-08T22:18:53.221714+00:00,study3b_fifo_runtime_v1
54286,C_5773,2010,2011,0.000114449860121,0,0,0.2,0.0167332757264,2026-09-08T22:18:53.221714+00:00,study3b_fifo_runtime_v1
54300,C_5775,2010,2011,0.00707522919402,0,0,0.2,0.0167332757264,2026-09-08T22:18:53.221714+00:00,study3b_fifo_runtime_v1
54313,C_5776,2010,2011,0.000135847076308,0,0,0.2,0.0167332757264,2026-09-08T22:18:53.221714+00:00,study3b_fifo_runtime_v1
54333,C_5777,2010,2011,0.00051567517221,0,0,0.2,0.0167332757264,2026-09-08T22:18:53.221714+00:00,study3b_fifo_runtime_v1
54346,C_5778,2010,2011,0.000233197511989,0,0,0.2,0.0167332757264,2026-09-08T22:18:53.221714+00:00,study3b_fifo_runtime_v1
54375,C_5781,2010,2011,0.00157456111629,0,0,0.2,0.0167332757264,2026-09-08T22:18:53.221714+00:00,study3b_fifo_runtime_v1
54397,C_5785,2010,2011,0.00389006640762,0,0,0.2,0.0167332757264,2026-09-08T22:18:53.221714+00:00,study3b_fifo_runtime_v1
54426,C_5788,2010,2011,0.000165861754795,0,0,0.2,0.0167332757264,2026-09-08T22:18:53.221714+00:00,study3b_fifo_runtime_v1
54452,C_5792,2010,2011,0.00186280359048,0,0,0.2,0.0167332757264,2026-09-08T22:18:53.221714+00:00,study3b_fifo_runtime_v1
54484,C_5796,2010,2011,0.000154495050083,0,0,0.2,0.0167332757264,2026-09-08T22:18:53.221714+00:00,study3b_fifo_runtime_v1
54509,C_5801,2010,2011,0.000188228892512,0,0,0.2,0.0167332757264,2026-09-08T22:18:53.221714+00:00,study3b_fifo_runtime_v1
54529,C_5802,2010,2011,0.00116642855573,0,0,0.2,0.0167332757264,2026-09-08T22:18:53.221714+00:00,study3b_fifo_runtime_v1
54569,C_5807,2010,2011,1.8157874365e-05,0,0,0.2,0.0167332757264,2026-09-08T22:18:53.221714+00:00,study3b_fifo_runtime_v1
54600,C_5809,2010,2011,5.62117238587e-05,0,0,0.2,0.0167332757264,2026-09-08T22:18:53.221714+00:00,study3b_fifo_runtime_v1
54622,C_5811,2010,2011,5.1970462664e-05,0,0,0.2,0.0167332757264,2026-09-08T22:18:53.221714+00:00,study3b_fifo_runtime_v1
54639,C_5812,2010,2011,0.00299130380154,0,0,0.2,0.0167332757264,2026-09-08T22:18:53.221714+00:00,study3b_fifo_runtime_v1
54668,C_5814,2010,2011,0.0519930608571,0,1,0.2,0.0167332757264,2026-09-08T22:18:53.221714+00:00,study3b_fifo_runtime_v1
54695,C_5820,2010,2011,0.0163063947111,0,0,0.2,0.0167332757264,2026-09-08T22:18:53.221714+00:00,study3b_fifo_runtime_v1
54713,C_5821,2010,2011,0.00119081209414,0,0,0.2,0.0167332757264,2026-09-08T22:18:53.221714+00:00,study3b_fifo_runtime_v1
54733,C_5822,2010,2011,0.000303411943605,0,0,0.2,0.0167332757264,2026-09-08T22:18:53.221714+00:00,study3b_fifo_runtime_v1
54765,C_5825,2010,2011,4.60234987258e-05,0,0,0.2,0.0167332757264,2026-09-08T22:18:53.221714+00:00,study3b_fifo_runtime_v1
54791,C_5828,2010,2011,0.000482699921122,0,0,0.2,0.0167332757264,2026-09-08T22:18:53.221714+00:00,study3b_fifo_runtime_v1
54818,C_5830,2010,2011,0.000304775196128,0,0,0.2,0.0167332757264,2026-09-08T22:18:53.221714+00:00,study3b_fifo_runtime_v1
54837,C_5831,2010,2011,0.00193494872656,0,0,0.2,0.0167332757264,2026-09-08T22:18:53.221714+00:00,study3b_fifo_runtime_v1
54850,C_5834,2010,2011,0.000975923379883,0,0,0.2,0.0167332757264,2026-09-08T22:18:53.221714+00:00,study3b_fifo_runtime_v1
54866,C_5835,2010,2011,0.000612791918684,0,0,0.2,0.0167332757264,2026-09-08T22:18:53.221714+00:00,study3b_fifo_runtime_v1
54914,C_5842,2010,2011,0.000143764729728,0,0,0.2,0.0167332757264,2026-09-08T22:18:53.221714+00:00,study3b_fifo_runtime_v1
54926,C_5843,2010,2011,0.47130766511,1,1,0.2,0.0167332757264,2026-09-08T22:18:53.221714+00:00,study3b_fifo_runtime_v1
54940,C_5845,2010,2011,0.00605251686648,0,0,0.2,0.0167332757264,2026-09-08T22:18:53.221714+00:00,study3b_fifo_runtime_v1
54964,C_5847,2010,2011,0.000334803713486,0,0,0.2,0.0167332757264,2026-09-08T22:18:53.221714+00:00,study3b_fifo_runtime_v1
54980,C_5849,2010,2011,0.000660729187075,0,0,0.2,0.0167332757264,2026-09-08T22:18:53.221714+00:00,study3b_fifo_runtime_v1
55003,C_5853,2010,2011,0.00066619849531,0,0,0.2,0.0167332757264,2026-09-08T22:18:53.221714+00:00,study3b_fifo_runtime_v1
55046,C_5860,2010,2011,0.000974727154244,0,0,0.2,0.0167332757264,2026-09-08T22:18:53.221714+00:00,study3b_fifo_runtime_v1
55055,C_5863,2010,2011,0.000570325006265,0,0,0.2,0.0167332757264,2026-09-08T22:18:53.221714+00:00,study3b_fifo_runtime_v1
55072,C_5864,2010,2011,0.0185931101441,0,1,0.2,0.0167332757264,2026-09-08T22:18:53.221714+00:00,study3b_fifo_runtime_v1
55089,C_5866,2010,2011,0.000364310486475,0,0,0.2,0.0167332757264,2026-09-08T22:18:53.221714+00:00,study3b_fifo_runtime_v1
55130,C_5870,2010,2011,0.000530567776877,0,0,0.2,0.0167332757264,2026-09-08T22:18:53.221714+00:00,study3b_fifo_runtime_v1
55154,C_5873,2010,2011,3.38247336913e-05,0,0,0.2,0.0167332757264,2026-09-08T22:18:53.221714+00:00,study3b_fifo_runtime_v1
55181,C_5877,2010,2011,0.00746915861964,0,0,0.2,0.0167332757264,2026-09-08T22:18:53.221714+00:00,study3b_fifo_runtime_v1
55199,C_5878,2010,2011,0.00102673715446,0,0,0.2,0.0167332757264,2026-09-08T22:18:53.221714+00:00,study3b_fifo_runtime_v1
55222,C_5880,2010,2011,0.000210954865906,0,0,0.2,0.0167332757264,2026-09-08T22:18:53.221714+00:00,study3b_fifo_runtime_v1
55248,C_5882,2010,2011,0.000148595790961,0,0,0.2,0.0167332757264,2026-09-08T22:18:53.221714+00:00,study3b_fifo_runtime_v1
55280,C_5885,2010,2011,0.0002120367717,0,0,0.2,0.0167332757264,2026-09-08T22:18:53.221714+00:00,study3b_fifo_runtime_v1
55339,C_5895,2010,2011,0.00279312231578,0,0,0.2,0.0167332757264,2026-09-08T22:18:53.221714+00:00,study3b_fifo_runtime_v1
55363,C_5898,2010,2011,0.00034709656029,0,0,0.2,0.0167332757264,2026-09-08T22:18:53.221714+00:00,study3b_fifo_runtime_v1
55389,C_5900,2010,2011,0.00102464889642,0,0,0.2,0.0167332757264,2026-09-08T22:18:53.221714+00:00,study3b_fifo_runtime_v1
55452,C_5911,2010,2011,0.000660168181639,0,0,0.2,0.0167332757264,2026-09-08T22:18:53.221714+00:00,study3b_fifo_runtime_v1
55517,C_5920,2010,2011,0.00157656834926,0,0,0.2,0.0167332757264,2026-09-08T22:18:53.221714+00:00,study3b_fifo_runtime_v1
55537,C_5921,2010,2011,2.23744373216e-05,0,0,0.2,0.0167332757264,2026-09-08T22:18:53.221714+00:00,study3b_fifo_runtime_v1
55549,C_5922,2010,2011,0.00147495174315,0,0,0.2,0.0167332757264,2026-09-08T22:18:53.221714+00:00,study3b_fifo_runtime_v1
55565,C_5923,2010,2011,1.32142367875e-05,0,0,0.2,0.0167332757264,2026-09-08T22:18:53.221714+00:00,study3b_fifo_runtime_v1
55585,C_5924,2010,2011,3.69820518245e-05,0,0,0.2,0.0167332757264,2026-09-08T22:18:53.221714+00:00,study3b_fifo_runtime_v1
55611,C_5927,2010,2011,0.000284079898847,0,0,0.2,0.0167332757264,2026-09-08T22:18:53.221714+00:00,study3b_fifo_runtime_v1
55657,C_5935,2010,2011,0.014189761132,0,0,0.2,0.0167332757264,2026-09-08T22:18:53.221714+00:00,study3b_fifo_runtime_v1
55679,C_5938,2010,2011,0.00256939581595,0,0,0.2,0.0167332757264,2026-09-08T22:18:53.221714+00:00,study3b_fifo_runtime_v1
55697,C_5940,2010,2011,1.91091676243e-05,0,0,0.2,0.0167332757264,2026-09-08T22:18:53.221714+00:00,study3b_fifo_runtime_v1
55724,C_5942,2010,2011,1.40947167893e-05,0,0,0.2,0.0167332757264,2026-09-08T22:18:53.221714+00:00,study3b_fifo_runtime_v1
55736,C_5943,2010,2011,0.000361185317161,0,0,0.2,0.0167332757264,2026-09-08T22:18:53.221714+00:00,study3b_fifo_runtime_v1
55766,C_5945,2010,2011,0.00111090473365,0,0,0.2,0.0167332757264,2026-09-08T22:18:53.221714+00:00,study3b_fifo_runtime_v1
55800,C_5949,2010,2011,5.46812370885e-05,0,0,0.2,0.0167332757264,2026-09-08T22:18:53.221714+00:00,study3b_fifo_runtime_v1
55827,C_5954,2010,2011,4.07758598158e-05,0,0,0.2,0.0167332757264,2026-09-08T22:18:53.221714+00:00,study3b_fifo_runtime_v1
55853,C_5956,2010,2011,0.0010177224176,0,0,0.2,0.0167332757264,2026-09-08T22:18:53.221714+00:00,study3b_fifo_runtime_v1
55865,C_5958,2010,2011,0.000363209517673,0,0,0.2,0.0167332757264,2026-09-08T22:18:53.221714+00:00,study3b_fifo_runtime_v1
55880,C_5959,2010,2011,0.105384111404,0,1,0.2,0.0167332757264,2026-09-08T22:18:53.221714+00:00,study3b_fifo_runtime_v1
55894,C_5960,2010,2011,4.96425091114e-05,0,0,0.2,0.0167332757264,2026-09-08T22:18:53.221714+00:00,study3b_fifo_runtime_v1
55912,C_5964,2010,2011,0.00222944142297,0,0,0.2,0.0167332757264,2026-09-08T22:18:53.221714+00:00,study3b_fifo_runtime_v1
55934,C_5967,2010,2011,0.000366728985682,0,0,0.2,0.0167332757264,2026-09-08T22:18:53.221714+00:00,study3b_fifo_runtime_v1
55963,C_5970,2010,2011,0.139769092202,0,1,0.2,0.0167332757264,2026-09-08T22:18:53.221714+00:00,study3b_fifo_runtime_v1
55992,C_5974,2010,2011,0.004548817873,0,0,0.2,0.0167332757264,2026-09-08T22:18:53.221714+00:00,study3b_fifo_runtime_v1
56009,C_5975,2010,2011,0.003150672419,0,0,0.2,0.0167332757264,2026-09-08T22:18:53.221714+00:00,study3b_fifo_runtime_v1
56031,C_5977,2010,2011,0.000185584227438,0,0,0.2,0.0167332757264,2026-09-08T22:18:53.221714+00:00,study3b_fifo_runtime_v1
56047,C_5979,2010,2011,0.000122799989185,0,0,0.2,0.0167332757264,2026-09-08T22:18:53.221714+00:00,study3b_fifo_runtime_v1
56085,C_5985,2010,2011,0.00475909095258,0,0,0.2,0.0167332757264,2026-09-08T22:18:53.221714+00:00,study3b_fifo_runtime_v1
56099,C_5986,2010,2011,0.000240153283812,0,0,0.2,0.0167332757264,2026-09-08T22:18:53.221714+00:00,study3b_fifo_runtime_v1
56109,C_5987,2010,2011,0.00145148206502,0,0,0.2,0.0167332757264,2026-09-08T22:18:53.221714+00:00,study3b_fifo_runtime_v1
56143,C_5992,2010,2011,0.00315991905518,0,0,0.2,0.0167332757264,2026-09-08T22:18:53.221714+00:00,study3b_fifo_runtime_v1
56171,C_5996,2010,2011,0.000549993303139,0,0,0.2,0.0167332757264,2026-09-08T22:18:53.221714+00:00,study3b_fifo_runtime_v1
56206,C_6001,2010,2011,0.000281512533547,0,0,0.2,0.0167332757264,2026-09-08T22:18:53.221714+00:00,study3b_fifo_runtime_v1
56244,C_6008,2010,2011,0.0349728427827,0,1,0.2,0.0167332757264,2026-09-08T22:18:53.221714+00:00,study3b_fifo_runtime_v1
56264,C_6010,2010,2011,0.00228877761401,0,0,0.2,0.0167332757264,2026-09-08T22:18:53.221714+00:00,study3b_fifo_runtime_v1
56284,C_6011,2010,2011,0.000270246906439,0,0,0.2,0.0167332757264,2026-09-08T22:18:53.221714+00:00,study3b_fifo_runtime_v1
56299,C_6013,2010,2011,0.000253166130278,0,0,0.2,0.0167332757264,2026-09-08T22:18:53.221714+00:00,study3b_fifo_runtime_v1
56324,C_6016,2010,2011,0.0019583303947,0,0,0.2,0.0167332757264,2026-09-08T22:18:53.221714+00:00,study3b_fifo_runtime_v1
56336,C_6017,2010,2011,6.57701966702e-05,0,0,0.2,0.0167332757264,2026-09-08T22:18:53.221714+00:00,study3b_fifo_runtime_v1
56356,C_6018,2010,2011,0.000695477880072,0,0,0.2,0.0167332757264,2026-09-08T22:18:53.221714+00:00,study3b_fifo_runtime_v1
56361,C_6019,2010,2011,3.76295138267e-05,0,0,0.2,0.0167332757264,2026-09-08T22:18:53.221714+00:00,study3b_fifo_runtime_v1
56373,C_6020,2010,2011,0.0178524758667,0,1,0.2,0.0167332757264,2026-09-08T22:18:53.221714+00:00,study3b_fifo_runtime_v1
56410,C_6026,2010,2011,0.000851792457979,0,0,0.2,0.0167332757264,2026-09-08T22:18:53.221714+00:00,study3b_fifo_runtime_v1
56429,C_6027,2010,2011,0.00106876704376,0,0,0.2,0.0167332757264,2026-09-08T22:18:53.221714+00:00,study3b_fifo_runtime_v1
56451,C_6030,2010,2011,0.0368615835905,0,1,0.2,0.0167332757264,2026-09-08T22:18:53.221714+00:00,study3b_fifo_runtime_v1
56495,C_6035,2010,2011,9.84635771601e-05,0,0,0.2,0.0167332757264,2026-09-08T22:18:53.221714+00:00,study3b_fifo_runtime_v1
56522,C_6040,2010,2011,9.41322559811e-06,0,0,0.2,0.0167332757264,2026-09-08T22:18:53.221714+00:00,study3b_fifo_runtime_v1
56542,C_6041,2010,2011,7.19593117537e-06,0,0,0.2,0.0167332757264,2026-09-08T22:18:53.221714+00:00,study3b_fifo_runtime_v1
56563,C_6043,2010,2011,0.00153217872139,0,0,0.2,0.0167332757264,2026-09-08T22:18:53.221714+00:00,study3b_fifo_runtime_v1
56583,C_6046,2010,2011,0.00350437243469,0,0,0.2,0.0167332757264,2026-09-08T22:18:53.221714+00:00,study3b_fifo_runtime_v1
56597,C_6047,2010,2011,0.00018209272821,0,0,0.2,0.0167332757264,2026-09-08T22:18:53.221714+00:00,study3b_fifo_runtime_v1
56648,C_6056,2010,2011,0.000523956958205,0,0,0.2,0.0167332757264,2026-09-08T22:18:53.221714+00:00,study3b_fifo_runtime_v1
56676,C_6059,2010,2011,0.000372512149625,0,0,0.2,0.0167332757264,2026-09-08T22:18:53.221714+00:00,study3b_fifo_runtime_v1
56696,C_6060,2010,2011,5.46024639334e-05,0,0,0.2,0.0167332757264,2026-09-08T22:18:53.221714+00:00,study3b_fifo_runtime_v1
56712,C_6063,2010,2011,0.000144134974107,0,0,0.2,0.0167332757264,2026-09-08T22:18:53.221714+00:00,study3b_fifo_runtime_v1
56759,C_6070,2010,2011,7.9412748164e-05,0,0,0.2,0.0167332757264,2026-09-08T22:18:53.221714+00:00,study3b_fifo_runtime_v1
56789,C_6073,2010,2011,1.32595596369e-05,0,0,0.2,0.0167332757264,2026-09-08T22:18:53.221714+00:00,study3b_fifo_runtime_v1
56810,C_6075,2010,2011,0.000134670073749,0,0,0.2,0.0167332757264,2026-09-08T22:18:53.221714+00:00,study3b_fifo_runtime_v1
56830,C_6076,2010,2011,0.000346161890775,0,0,0.2,0.0167332757264,2026-09-08T22:18:53.221714+00:00,study3b_fifo_runtime_v1
56862,C_6080,2010,2011,0.000188854872249,0,0,0.2,0.0167332757264,2026-09-08T22:18:53.221714+00:00,study3b_fifo_runtime_v1
56874,C_6081,2010,2011,0.00122247997206,0,0,0.2,0.0167332757264,2026-09-08T22:18:53.221714+00:00,study3b_fifo_runtime_v1
56886,C_6082,2010,2011,0.000103223756014,0,0,0.2,0.0167332757264,2026-09-08T22:18:53.221714+00:00,study3b_fifo_runtime_v1
56905,C_6084,2010,2011,0.00738174607977,0,0,0.2,0.0167332757264,2026-09-08T22:18:53.221714+00:00,study3b_fifo_runtime_v1
56919,C_6085,2010,2011,7.28670784156e-05,0,0,0.2,0.0167332757264,2026-09-08T22:18:53.221714+00:00,study3b_fifo_runtime_v1
56939,C_6086,2010,2011,0.0127312503755,0,0,0.2,0.0167332757264,2026-09-08T22:18:53.221714+00:00,study3b_fifo_runtime_v1
56961,C_6088,2010,2011,2.8436539651e-05,0,0,0.2,0.0167332757264,2026-09-08T22:18:53.221714+00:00,study3b_fifo_runtime_v1
56980,C_6090,2010,2011,5.98922779318e-05,0,0,0.2,0.0167332757264,2026-09-08T22:18:53.221714+00:00,study3b_fifo_runtime_v1
57008,C_6093,2010,2011,0.00238836207427,0,0,0.2,0.0167332757264,2026-09-08T22:18:53.221714+00:00,study3b_fifo_runtime_v1
57034,C_6098,2010,2011,0.000584130233619,0,0,0.2,0.0167332757264,2026-09-08T22:18:53.221714+00:00,study3b_fifo_runtime_v1
57061,C_6101,2010,2011,0.00756551139057,0,0,0.2,0.0167332757264,2026-09-08T22:18:53.221714+00:00,study3b_fifo_runtime_v1
57076,C_6102,2010,2011,1.20675131257e-05,0,0,0.2,0.0167332757264,2026-09-08T22:18:53.221714+00:00,study3b_fifo_runtime_v1
57088,C_6103,2010,2011,0.000414787093177,0,0,0.2,0.0167332757264,2026-09-08T22:18:53.221714+00:00,study3b_fifo_runtime_v1
57116,C_6105,2010,2011,0.000101266312413,0,0,0.2,0.0167332757264,2026-09-08T22:18:53.221714+00:00,study3b_fifo_runtime_v1
57128,C_6106,2010,2011,5.42167290405e-05,0,0,0.2,0.0167332757264,2026-09-08T22:18:53.221714+00:00,study3b_fifo_runtime_v1
57148,C_6107,2010,2011,6.29818096058e-05,0,0,0.2,0.0167332757264,2026-09-08T22:18:53.221714+00:00,study3b_fifo_runtime_v1
57162,C_6108,2010,2011,8.06699026725e-05,0,0,0.2,0.0167332757264,2026-09-08T22:18:53.221714+00:00,study3b_fifo_runtime_v1
57207,C_6114,2010,2011,0.000702381425072,0,0,0.2,0.0167332757264,2026-09-08T22:18:53.221714+00:00,study3b_fifo_runtime_v1
57255,C_6120,2010,2011,0.000152575827087,0,0,0.2,0.0167332757264,2026-09-08T22:18:53.221714+00:00,study3b_fifo_runtime_v1
57268,C_6121,2010,2011,0.00193096371368,0,0,0.2,0.0167332757264,2026-09-08T22:18:53.221714+00:00,study3b_fifo_runtime_v1
57311,C_6125,2010,2011,7.43874843465e-05,0,0,0.2,0.0167332757264,2026-09-08T22:18:53.221714+00:00,study3b_fifo_runtime_v1
57340,C_6127,2010,2011,0.000447827653261,0,0,0.2,0.0167332757264,2026-09-08T22:18:53.221714+00:00,study3b_fifo_runtime_v1
57366,C_6131,2010,2011,1.04321798062e-05,0,0,0.2,0.0167332757264,2026-09-08T22:18:53.221714+00:00,study3b_fifo_runtime_v1
57380,C_6132,2010,2011,1.53751989274e-05,0,0,0.2,0.0167332757264,2026-09-08T22:18:53.221714+00:00,study3b_fifo_runtime_v1
57400,C_6133,2010,2011,0.000104494429252,0,0,0.2,0.0167332757264,2026-09-08T22:18:53.221714+00:00,study3b_fifo_runtime_v1
57444,C_6139,2010,2011,0.000145440397318,0,0,0.2,0.0167332757264,2026-09-08T22:18:53.221714+00:00,study3b_fifo_runtime_v1
57475,C_6143,2010,2011,1.29414047478e-05,0,0,0.2,0.0167332757264,2026-09-08T22:18:53.221714+00:00,study3b_fifo_runtime_v1
57508,C_6147,2010,2011,0.000804932031315,0,0,0.2,0.0167332757264,2026-09-08T22:18:53.221714+00:00,study3b_fifo_runtime_v1
57524,C_6148,2010,2011,0.000183011055924,0,0,0.2,0.0167332757264,2026-09-08T22:18:53.221714+00:00,study3b_fifo_runtime_v1
57539,C_6149,2010,2011,0.000170326922671,0,0,0.2,0.0167332757264,2026-09-08T22:18:53.221714+00:00,study3b_fifo_runtime_v1
57559,C_6152,2010,2011,6.5832551627e-05,0,0,0.2,0.0167332757264,2026-09-08T22:18:53.221714+00:00,study3b_fifo_runtime_v1
57597,C_6156,2010,2011,0.00464212382212,0,0,0.2,0.0167332757264,2026-09-08T22:18:53.221714+00:00,study3b_fifo_runtime_v1
57625,C_6163,2010,2011,0.00472049647942,0,0,0.2,0.0167332757264,2026-09-08T22:18:53.221714+00:00,study3b_fifo_runtime_v1
57634,C_6164,2010,2011,6.41909718979e-05,0,0,0.2,0.0167332757264,2026-09-08T22:18:53.221714+00:00,study3b_fifo_runtime_v1
57649,C_6165,2010,2011,0.000114235102956,0,0,0.2,0.0167332757264,2026-09-08T22:18:53.221714+00:00,study3b_fifo_runtime_v1
57668,C_6168,2010,2011,0.000181144219823,0,0,0.2,0.0167332757264,2026-09-08T22:18:53.221714+00:00,study3b_fifo_runtime_v1
57726,C_6174,2010,2011,0.000958015967626,0,0,0.2,0.0167332757264,2026-09-08T22:18:53.221714+00:00,study3b_fifo_runtime_v1
57747,C_6177,2010,2011,0.000212355691474,0,0,0.2,0.0167332757264,2026-09-08T22:18:53.221714+00:00,study3b_fifo_runtime_v1
57769,C_6179,2010,2011,0.00158933550119,0,0,0.2,0.0167332757264,2026-09-08T22:18:53.221714+00:00,study3b_fifo_runtime_v1
57822,C_6185,2010,2011,5.42739289813e-05,0,0,0.2,0.0167332757264,2026-09-08T22:18:53.221714+00:00,study3b_fifo_runtime_v1
57841,C_6186,2010,2011,0.000627230387181,0,0,0.2,0.0167332757264,2026-09-08T22:18:53.221714+00:00,study3b_fifo_runtime_v1
57860,C_6188,2010,2011,0.000324617984006,0,0,0.2,0.0167332757264,2026-09-08T22:18:53.221714+00:00,study3b_fifo_runtime_v1
57922,C_6197,2010,2011,0.000307296548272,0,0,0.2,0.0167332757264,2026-09-08T22:18:53.221714+00:00,study3b_fifo_runtime_v1
57942,C_6198,2010,2011,0.00101920531597,0,0,0.2,0.0167332757264,2026-09-08T22:18:53.221714+00:00,study3b_fifo_runtime_v1
57961,C_6201,2010,2011,4.68415819341e-05,0,0,0.2,0.0167332757264,2026-09-08T22:18:53.221714+00:00,study3b_fifo_runtime_v1
57974,C_6202,2010,2011,0.0925428569317,0,1,0.2,0.0167332757264,2026-09-08T22:18:53.221714+00:00,study3b_fifo_runtime_v1
57992,C_6204,2010,2011,2.07503780985e-05,0,0,0.2,0.0167332757264,2026-09-08T22:18:53.221714+00:00,study3b_fifo_runtime_v1
58004,C_6205,2010,2011,0.0169752668589,0,1,0.2,0.0167332757264,2026-09-08T22:18:53.221714+00:00,study3b_fifo_runtime_v1
58021,C_6207,2010,2011,6.3492465415e-05,0,0,0.2,0.0167332757264,2026-09-08T22:18:53.221714+00:00,study3b_fifo_runtime_v1
58038,C_6208,2010,2011,3.11712938128e-05,0,0,0.2,0.0167332757264,2026-09-08T22:18:53.221714+00:00,study3b_fifo_runtime_v1
58056,C_6209,2010,2011,0.000723223260138,0,0,0.2,0.0167332757264,2026-09-08T22:18:53.221714+00:00,study3b_fifo_runtime_v1
58095,C_6214,2010,2011,0.000133943889523,0,0,0.2,0.0167332757264,2026-09-08T22:18:53.221714+00:00,study3b_fifo_runtime_v1
58115,C_6216,2010,2011,0.000207999139093,0,0,0.2,0.0167332757264,2026-09-08T22:18:53.221714+00:00,study3b_fifo_runtime_v1
58163,C_6225,2010,2011,0.000265844049864,0,0,0.2,0.0167332757264,2026-09-08T22:18:53.221714+00:00,study3b_fifo_runtime_v1
58180,C_6226,2010,2011,0.000104719809315,0,0,0.2,0.0167332757264,2026-09-08T22:18:53.221714+00:00,study3b_fifo_runtime_v1
58224,C_6233,2010,2011,0.00091669842368,0,0,0.2,0.0167332757264,2026-09-08T22:18:53.221714+00:00,study3b_fifo_runtime_v1
58242,C_6235,2010,2011,4.85524178657e-05,0,0,0.2,0.0167332757264,2026-09-08T22:18:53.221714+00:00,study3b_fifo_runtime_v1
58258,C_6237,2010,2011,0.000282495107967,0,0,0.2,0.0167332757264,2026-09-08T22:18:53.221714+00:00,study3b_fifo_runtime_v1
58274,C_6239,2010,2011,0.00381279434077,0,0,0.2,0.0167332757264,2026-09-08T22:18:53.221714+00:00,study3b_fifo_runtime_v1
58284,C_6240,2010,2011,0.000110411805508,0,0,0.2,0.0167332757264,2026-09-08T22:18:53.221714+00:00,study3b_fifo_runtime_v1
58304,C_6241,2010,2011,0.000219226931222,0,0,0.2,0.0167332757264,2026-09-08T22:18:53.221714+00:00,study3b_fifo_runtime_v1
58316,C_6242,2010,2011,0.00123181997333,0,0,0.2,0.0167332757264,2026-09-08T22:18:53.221714+00:00,study3b_fifo_runtime_v1
58323,C_6244,2010,2011,0.000125528531498,0,0,0.2,0.0167332757264,2026-09-08T22:18:53.221714+00:00,study3b_fifo_runtime_v1
58353,C_6248,2010,2011,0.000305890716845,0,0,0.2,0.0167332757264,2026-09-08T22:18:53.221714+00:00,study3b_fifo_runtime_v1
58366,C_6249,2010,2011,1.31883398353e-05,0,0,0.2,0.0167332757264,2026-09-08T22:18:53.221714+00:00,study3b_fifo_runtime_v1
58386,C_6251,2010,2011,0.000172521875356,0,0,0.2,0.0167332757264,2026-09-08T22:18:53.221714+00:00,study3b_fifo_runtime_v1
58404,C_6255,2010,2011,0.00114462268539,0,0,0.2,0.0167332757264,2026-09-08T22:18:53.221714+00:00,study3b_fifo_runtime_v1
58430,C_6257,2010,2011,6.96575807524e-05,0,0,0.2,0.0167332757264,2026-09-08T22:18:53.221714+00:00,study3b_fifo_runtime_v1
58452,C_6259,2010,2011,7.41088297218e-06,0,0,0.2,0.0167332757264,2026-09-08T22:18:53.221714+00:00,study3b_fifo_runtime_v1
58470,C_6261,2010,2011,5.59985346626e-05,0,0,0.2,0.0167332757264,2026-09-08T22:18:53.221714+00:00,study3b_fifo_runtime_v1
58489,C_6264,2010,2011,0.000668608874548,0,0,0.2,0.0167332757264,2026-09-08T22:18:53.221714+00:00,study3b_fifo_runtime_v1
58516,C_6267,2010,2011,0.000123802616145,0,0,0.2,0.0167332757264,2026-09-08T22:18:53.221714+00:00,study3b_fifo_runtime_v1
58528,C_6268,2010,2011,0.000182726609637,0,0,0.2,0.0167332757264,2026-09-08T22:18:53.221714+00:00,study3b_fifo_runtime_v1
58545,C_6270,2010,2011,1.41584059747e-05,0,0,0.2,0.0167332757264,2026-09-08T22:18:53.221714+00:00,study3b_fifo_runtime_v1
58565,C_6271,2010,2011,0.000190330436453,0,0,0.2,0.0167332757264,2026-09-08T22:18:53.221714+00:00,study3b_fifo_runtime_v1
58584,C_6272,2010,2011,0.0097581287846,0,0,0.2,0.0167332757264,2026-09-08T22:18:53.221714+00:00,study3b_fifo_runtime_v1
58596,C_6273,2010,2011,0.0021501891315,0,0,0.2,0.0167332757264,2026-09-08T22:18:53.221714+00:00,study3b_fifo_runtime_v1
58607,C_6274,2010,2011,0.000508907658514,0,0,0.2,0.0167332757264,2026-09-08T22:18:53.221714+00:00,study3b_fifo_runtime_v1
58634,C_6278,2010,2011,0.000157390299137,0,0,0.2,0.0167332757264,2026-09-08T22:18:53.221714+00:00,study3b_fifo_runtime_v1
58660,C_6280,2010,2011,0.000110080931336,0,0,0.2,0.0167332757264,2026-09-08T22:18:53.221714+00:00,study3b_fifo_runtime_v1
58680,C_6281,2010,2011,0.000262385961832,0,0,0.2,0.0167332757264,2026-09-08T22:18:53.221714+00:00,study3b_fifo_runtime_v1
58692,C_6282,2010,2011,0.000147303377162,0,0,0.2,0.0167332757264,2026-09-08T22:18:53.221714+00:00,study3b_fifo_runtime_v1
58715,C_6285,2010,2011,0.000125985199702,0,0,0.2,0.0167332757264,2026-09-08T22:18:53.221714+00:00,study3b_fifo_runtime_v1
58741,C_6287,2010,2011,0.000695706170518,0,0,0.2,0.0167332757264,2026-09-08T22:18:53.221714+00:00,study3b_fifo_runtime_v1
58764,C_6289,2010,2011,4.80518210679e-05,0,0,0.2,0.0167332757264,2026-09-08T22:18:53.221714+00:00,study3b_fifo_runtime_v1
58799,C_6292,2010,2011,7.58976893849e-05,0,0,0.2,0.0167332757264,2026-09-08T22:18:53.221714+00:00,study3b_fifo_runtime_v1
58828,C_6295,2010,2011,0.00241614342667,0,0,0.2,0.0167332757264,2026-09-08T22:18:53.221714+00:00,study3b_fifo_runtime_v1
58851,C_6297,2010,2011,0.000249581091339,0,0,0.2,0.0167332757264,2026-09-08T22:18:53.221714+00:00,study3b_fifo_runtime_v1
58906,C_6304,2010,2011,2.78265579254e-05,0,0,0.2,0.0167332757264,2026-09-08T22:18:53.221714+00:00,study3b_fifo_runtime_v1
58953,C_6309,2010,2011,2.66567058134e-05,0,0,0.2,0.0167332757264,2026-09-08T22:18:53.221714+00:00,study3b_fifo_runtime_v1
58993,C_6315,2010,2011,0.000132768400363,0,0,0.2,0.0167332757264,2026-09-08T22:18:53.221714+00:00,study3b_fifo_runtime_v1
59026,C_6322,2010,2011,0.00248296977952,0,0,0.2,0.0167332757264,2026-09-08T22:18:53.221714+00:00,study3b_fifo_runtime_v1
59047,C_6324,2010,2011,0.0142611339688,0,0,0.2,0.0167332757264,2026-09-08T22:18:53.221714+00:00,study3b_fifo_runtime_v1
59061,C_6326,2010,2011,0.000298756582197,0,0,0.2,0.0167332757264,2026-09-08T22:18:53.221714+00:00,study3b_fifo_runtime_v1
59082,C_6328,2010,2011,1.74861979758e-05,0,0,0.2,0.0167332757264,2026-09-08T22:18:53.221714+00:00,study3b_fifo_runtime_v1
59103,C_6330,2010,2011,2.49568329309e-05,0,0,0.2,0.0167332757264,2026-09-08T22:18:53.221714+00:00,study3b_fifo_runtime_v1
59125,C_6332,2010,2011,1.32134364321e-05,0,0,0.2,0.0167332757264,2026-09-08T22:18:53.221714+00:00,study3b_fifo_runtime_v1
59145,C_6333,2010,2011,0.000539363303687,0,0,0.2,0.0167332757264,2026-09-08T22:18:53.221714+00:00,study3b_fifo_runtime_v1
59174,C_6335,2010,2011,0.0136010078713,0,0,0.2,0.0167332757264,2026-09-08T22:18:53.221714+00:00,study3b_fifo_runtime_v1
59191,C_6337,2010,2011,0.000484193471493,0,0,0.2,0.0167332757264,2026-09-08T22:18:53.221714+00:00,study3b_fifo_runtime_v1
59211,C_6340,2010,2011,0.000430264655733,0,0,0.2,0.0167332757264,2026-09-08T22:18:53.221714+00:00,study3b_fifo_runtime_v1
59237,C_6343,2010,2011,0.00215148110874,0,0,0.2,0.0167332757264,2026-09-08T22:18:53.221714+00:00,study3b_fifo_runtime_v1
59277,C_6349,2010,2011,9.20731763472e-05,0,0,0.2,0.0167332757264,2026-09-08T22:18:53.221714+00:00,study3b_fifo_runtime_v1
59311,C_6353,2010,2011,0.000765070086345,0,0,0.2,0.0167332757264,2026-09-08T22:18:53.221714+00:00,study3b_fifo_runtime_v1
59330,C_6354,2010,2011,0.000352744245902,0,0,0.2,0.0167332757264,2026-09-08T22:18:53.221714+00:00,study3b_fifo_runtime_v1
59343,C_6355,2010,2011,3.20667677443e-05,0,0,0.2,0.0167332757264,2026-09-08T22:18:53.221714+00:00,study3b_fifo_runtime_v1
59371,C_6359,2010,2011,0.000159785777214,0,0,0.2,0.0167332757264,2026-09-08T22:18:53.221714+00:00,study3b_fifo_runtime_v1
59396,C_6361,2010,2011,0.00546780833974,0,0,0.2,0.0167332757264,2026-09-08T22:18:53.221714+00:00,study3b_fifo_runtime_v1
59429,C_6365,2010,2011,0.000122522047604,0,0,0.2,0.0167332757264,2026-09-08T22:18:53.221714+00:00,study3b_fifo_runtime_v1
59449,C_6366,2010,2011,0.000133074543555,0,0,0.2,0.0167332757264,2026-09-08T22:18:53.221714+00:00,study3b_fifo_runtime_v1
59467,C_6368,2010,2011,1.47052478496e-05,0,0,0.2,0.0167332757264,2026-09-08T22:18:53.221714+00:00,study3b_fifo_runtime_v1
59493,C_6370,2010,2011,0.000576713529881,0,0,0.2,0.0167332757264,2026-09-08T22:18:53.221714+00:00,study3b_fifo_runtime_v1
59561,C_6380,2010,2011,0.00143843924161,0,0,0.2,0.0167332757264,2026-09-08T22:18:53.221714+00:00,study3b_fifo_runtime_v1
59591,C_6384,2010,2011,4.14217538491e-05,0,0,0.2,0.0167332757264,2026-09-08T22:18:53.221714+00:00,study3b_fifo_runtime_v1
59609,C_6385,2010,2011,0.000125902355649,0,0,0.2,0.0167332757264,2026-09-08T22:18:53.221714+00:00,study3b_fifo_runtime_v1
59665,C_6393,2010,2011,0.000284663721686,0,0,0.2,0.0167332757264,2026-09-08T22:18:53.221714+00:00,study3b_fifo_runtime_v1
59688,C_6396,2010,2011,0.000867352762725,0,0,0.2,0.0167332757264,2026-09-08T22:18:53.221714+00:00,study3b_fifo_runtime_v1
59700,C_6397,2010,2011,0.00105547951534,0,0,0.2,0.0167332757264,2026-09-08T22:18:53.221714+00:00,study3b_fifo_runtime_v1
59723,C_6399,2010,2011,9.35254720389e-05,0,0,0.2,0.0167332757264,2026-09-08T22:18:53.221714+00:00,study3b_fifo_runtime_v1
59751,C_6403,2010,2011,6.67458807584e-05,0,0,0.2,0.0167332757264,2026-09-08T22:18:53.221714+00:00,study3b_fifo_runtime_v1
59771,C_6404,2010,2011,0.156149655581,0,1,0.2,0.0167332757264,2026-09-08T22:18:53.221714+00:00,study3b_fifo_runtime_v1
59784,C_6406,2010,2011,0.00187439937145,0,0,0.2,0.0167332757264,2026-09-08T22:18:53.221714+00:00,study3b_fifo_runtime_v1
59808,C_6408,2010,2011,0.000381724181352,0,0,0.2,0.0167332757264,2026-09-08T22:18:53.221714+00:00,study3b_fifo_runtime_v1
59827,C_6409,2010,2011,0.00617440557107,0,0,0.2,0.0167332757264,2026-09-08T22:18:53.221714+00:00,study3b_fifo_runtime_v1
59842,C_6411,2010,2011,0.00100649974775,0,0,0.2,0.0167332757264,2026-09-08T22:18:53.221714+00:00,study3b_fifo_runtime_v1
59862,C_6413,2010,2011,0.00305650080554,0,0,0.2,0.0167332757264,2026-09-08T22:18:53.221714+00:00,study3b_fifo_runtime_v1
59898,C_6417,2010,2011,6.12805815763e-05,0,0,0.2,0.0167332757264,2026-09-08T22:18:53.221714+00:00,study3b_fifo_runtime_v1
59918,C_6418,2010,2011,0.0948563441634,0,1,0.2,0.0167332757264,2026-09-08T22:18:53.221714+00:00,study3b_fifo_runtime_v1
59937,C_6419,2010,2011,1.22883329823e-05,0,0,0.2,0.0167332757264,2026-09-08T22:18:53.221714+00:00,study3b_fifo_runtime_v1
59960,C_6421,2010,2011,0.000499364163261,0,0,0.2,0.0167332757264,2026-09-08T22:18:53.221714+00:00,study3b_fifo_runtime_v1
59992,C_6425,2010,2011,3.89130509575e-05,0,0,0.2,0.0167332757264,2026-09-08T22:18:53.221714+00:00,study3b_fifo_runtime_v1
60012,C_6426,2010,2011,7.73684660089e-05,0,0,0.2,0.0167332757264,2026-09-08T22:18:53.221714+00:00,study3b_fifo_runtime_v1
60036,C_6428,2010,2011,0.000317960977554,0,0,0.2,0.0167332757264,2026-09-08T22:18:53.221714+00:00,study3b_fifo_runtime_v1
60052,C_6429,2010,2011,0.00137584086042,0,0,0.2,0.0167332757264,2026-09-08T22:18:53.221714+00:00,study3b_fifo_runtime_v1
60090,C_6435,2010,2011,0.00612802803516,0,0,0.2,0.0167332757264,2026-09-08T22:18:53.221714+00:00,study3b_fifo_runtime_v1
60115,C_6437,2010,2011,0.000616239092778,0,0,0.2,0.0167332757264,2026-09-08T22:18:53.221714+00:00,study3b_fifo_runtime_v1
60133,C_6438,2010,2011,0.000536788313184,0,0,0.2,0.0167332757264,2026-09-08T22:18:53.221714+00:00,study3b_fifo_runtime_v1
60153,C_6441,2010,2011,0.00031506785308,0,0,0.2,0.0167332757264,2026-09-08T22:18:53.221714+00:00,study3b_fifo_runtime_v1
60178,C_6444,2010,2011,0.00503321783617,0,0,0.2,0.0167332757264,2026-09-08T22:18:53.221714+00:00,study3b_fifo_runtime_v1
60202,C_6447,2010,2011,0.000282831402728,0,0,0.2,0.0167332757264,2026-09-08T22:18:53.221714+00:00,study3b_fifo_runtime_v1
60221,C_6450,2010,2011,6.60613886794e-06,0,0,0.2,0.0167332757264,2026-09-08T22:18:53.221714+00:00,study3b_fifo_runtime_v1
60310,C_6464,2010,2011,1.34667934617e-05,0,0,0.2,0.0167332757264,2026-09-08T22:18:53.221714+00:00,study3b_fifo_runtime_v1
60332,C_6466,2010,2011,0.000120550343127,0,0,0.2,0.0167332757264,2026-09-08T22:18:53.221714+00:00,study3b_fifo_runtime_v1
60350,C_6468,2010,2011,0.000539843924344,0,0,0.2,0.0167332757264,2026-09-08T22:18:53.221714+00:00,study3b_fifo_runtime_v1
60361,C_6469,2010,2011,0.000453681655927,0,0,0.2,0.0167332757264,2026-09-08T22:18:53.221714+00:00,study3b_fifo_runtime_v1
60380,C_6470,2010,2011,0.000495405227412,0,0,0.2,0.0167332757264,2026-09-08T22:18:53.221714+00:00,study3b_fifo_runtime_v1
60408,C_6472,2010,2011,0.0003820770944,0,0,0.2,0.0167332757264,2026-09-08T22:18:53.221714+00:00,study3b_fifo_runtime_v1
60428,C_6473,2010,2011,0.000223231400014,0,0,0.2,0.0167332757264,2026-09-08T22:18:53.221714+00:00,study3b_fifo_runtime_v1
60433,C_6474,2010,2011,0.000405972707085,0,0,0.2,0.0167332757264,2026-09-08T22:18:53.221714+00:00,study3b_fifo_runtime_v1
60443,C_6475,2010,2011,0.00311490241438,0,0,0.2,0.0167332757264,2026-09-08T22:18:53.221714+00:00,study3b_fifo_runtime_v1
60473,C_6479,2010,2011,0.000991820590571,0,0,0.2,0.0167332757264,2026-09-08T22:18:53.221714+00:00,study3b_fifo_runtime_v1
60514,C_6486,2010,2011,0.000444178818725,0,0,0.2,0.0167332757264,2026-09-08T22:18:53.221714+00:00,study3b_fifo_runtime_v1
60534,C_6487,2010,2011,4.30897307524e-05,0,0,0.2,0.0167332757264,2026-09-08T22:18:53.221714+00:00,study3b_fifo_runtime_v1
60589,C_6495,2010,2011,0.00108845240902,0,0,0.2,0.0167332757264,2026-09-08T22:18:53.221714+00:00,study3b_fifo_runtime_v1
60622,C_6498,2010,2011,0.000653377908748,0,0,0.2,0.0167332757264,2026-09-08T22:18:53.221714+00:00,study3b_fifo_runtime_v1
60638,C_6499,2010,2011,8.52890880196e-05,0,0,0.2,0.0167332757264,2026-09-08T22:18:53.221714+00:00,study3b_fifo_runtime_v1
60658,C_6502,2010,2011,0.000270365271717,0,0,0.2,0.0167332757264,2026-09-08T22:18:53.221714+00:00,study3b_fifo_runtime_v1
60705,C_6510,2010,2011,0.000245686824201,0,0,0.2,0.0167332757264,2026-09-08T22:18:53.221714+00:00,study3b_fifo_runtime_v1
60734,C_6513,2010,2011,9.55634914135e-06,0,0,0.2,0.0167332757264,2026-09-08T22:18:53.221714+00:00,study3b_fifo_runtime_v1
60755,C_6515,2010,2011,0.0021870713681,0,0,0.2,0.0167332757264,2026-09-08T22:18:53.221714+00:00,study3b_fifo_runtime_v1
60773,C_6517,2010,2011,7.58252508604e-06,0,0,0.2,0.0167332757264,2026-09-08T22:18:53.221714+00:00,study3b_fifo_runtime_v1
60792,C_6520,2010,2011,3.2474326872e-05,0,0,0.2,0.0167332757264,2026-09-08T22:18:53.221714+00:00,study3b_fifo_runtime_v1
60809,C_6521,2010,2011,0.00062982889358,0,0,0.2,0.0167332757264,2026-09-08T22:18:53.221714+00:00,study3b_fifo_runtime_v1
60836,C_6527,2010,2011,0.0193454083055,0,1,0.2,0.0167332757264,2026-09-08T22:18:53.221714+00:00,study3b_fifo_runtime_v1
60854,C_6528,2010,2011,0.000233187733102,0,0,0.2,0.0167332757264,2026-09-08T22:18:53.221714+00:00,study3b_fifo_runtime_v1
60925,C_6538,2010,2011,0.00928664207458,0,0,0.2,0.0167332757264,2026-09-08T22:18:53.221714+00:00,study3b_fifo_runtime_v1
60945,C_6539,2010,2011,0.000201109869522,0,0,0.2,0.0167332757264,2026-09-08T22:18:53.221714+00:00,study3b_fifo_runtime_v1
60968,C_6542,2010,2011,0.00037822581362,0,0,0.2,0.0167332757264,2026-09-08T22:18:53.221714+00:00,study3b_fifo_runtime_v1
60981,C_6543,2010,2011,0.000167289734236,0,0,0.2,0.0167332757264,2026-09-08T22:18:53.221714+00:00,study3b_fifo_runtime_v1
61001,C_6545,2010,2011,0.000217194654397,0,0,0.2,0.0167332757264,2026-09-08T22:18:53.221714+00:00,study3b_fifo_runtime_v1
61066,C_6555,2010,2011,0.000610403774772,0,0,0.2,0.0167332757264,2026-09-08T22:18:53.221714+00:00,study3b_fifo_runtime_v1
61086,C_6556,2010,2011,4.3888361688e-05,0,0,0.2,0.0167332757264,2026-09-08T22:18:53.221714+00:00,study3b_fifo_runtime_v1
61115,C_6559,2010,2011,0.0213484093547,0,1,0.2,0.0167332757264,2026-09-08T22:18:53.221714+00:00,study3b_fifo_runtime_v1
61128,C_6560,2010,2011,0.00430733943358,0,0,0.2,0.0167332757264,2026-09-08T22:18:53.221714+00:00,study3b_fifo_runtime_v1
61181,C_6568,2010,2011,0.000359485246008,0,0,0.2,0.0167332757264,2026-09-08T22:18:53.221714+00:00,study3b_fifo_runtime_v1
61196,C_6570,2010,2011,0.000176068977453,0,0,0.2,0.0167332757264,2026-09-08T22:18:53.221714+00:00,study3b_fifo_runtime_v1
61246,C_6579,2010,2011,6.1559745518e-05,0,0,0.2,0.0167332757264,2026-09-08T22:18:53.221714+00:00,study3b_fifo_runtime_v1
61275,C_6583,2010,2011,0.000428363069659,0,0,0.2,0.0167332757264,2026-09-08T22:18:53.221714+00:00,study3b_fifo_runtime_v1
61292,C_6584,2010,2011,0.000437816226622,0,0,0.2,0.0167332757264,2026-09-08T22:18:53.221714+00:00,study3b_fifo_runtime_v1
61312,C_6585,2010,2011,0.00334786134772,0,0,0.2,0.0167332757264,2026-09-08T22:18:53.221714+00:00,study3b_fifo_runtime_v1
61327,C_6586,2010,2011,2.20849760808e-05,0,0,0.2,0.0167332757264,2026-09-08T22:18:53.221714+00:00,study3b_fifo_runtime_v1
61347,C_6587,2010,2011,0.000411371147493,0,0,0.2,0.0167332757264,2026-09-08T22:18:53.221714+00:00,study3b_fifo_runtime_v1
61399,C_6594,2010,2011,0.00276986672543,0,0,0.2,0.0167332757264,2026-09-08T22:18:53.221714+00:00,study3b_fifo_runtime_v1
61410,C_6595,2010,2011,3.78581025871e-05,0,0,0.2,0.0167332757264,2026-09-08T22:18:53.221714+00:00,study3b_fifo_runtime_v1
61462,C_6604,2010,2011,7.69952894188e-05,0,0,0.2,0.0167332757264,2026-09-08T22:18:53.221714+00:00,study3b_fifo_runtime_v1
61478,C_6605,2010,2011,0.0451610684395,0,1,0.2,0.0167332757264,2026-09-08T22:18:53.221714+00:00,study3b_fifo_runtime_v1
61498,C_6606,2010,2011,9.39653837122e-05,0,0,0.2,0.0167332757264,2026-09-08T22:18:53.221714+00:00,study3b_fifo_runtime_v1
61518,C_6607,2010,2011,0.00711334683001,0,0,0.2,0.0167332757264,2026-09-08T22:18:53.221714+00:00,study3b_fifo_runtime_v1
61536,C_6608,2010,2011,8.78821811057e-05,0,0,0.2,0.0167332757264,2026-09-08T22:18:53.221714+00:00,study3b_fifo_runtime_v1
61565,C_6611,2010,2011,0.000486534932861,0,0,0.2,0.0167332757264,2026-09-08T22:18:53.221714+00:00,study3b_fifo_runtime_v1
61584,C_6614,2010,2011,0.0506256185472,0,1,0.2,0.0167332757264,2026-09-08T22:18:53.221714+00:00,study3b_fifo_runtime_v1
61595,C_6615,2010,2011,8.48894196679e-05,0,0,0.2,0.0167332757264,2026-09-08T22:18:53.221714+00:00,study3b_fifo_runtime_v1
61615,C_6616,2010,2011,0.00128430651966,0,0,0.2,0.0167332757264,2026-09-08T22:18:53.221714+00:00,study3b_fifo_runtime_v1
61638,C_6618,2010,2011,0.00260319001973,0,0,0.2,0.0167332757264,2026-09-08T22:18:53.221714+00:00,study3b_fifo_runtime_v1
61659,C_6620,2010,2011,0.000101092045952,0,0,0.2,0.0167332757264,2026-09-08T22:18:53.221714+00:00,study3b_fifo_runtime_v1
61692,C_6624,2010,2011,0.00126324675512,0,0,0.2,0.0167332757264,2026-09-08T22:18:53.221714+00:00,study3b_fifo_runtime_v1
61715,C_6626,2010,2011,0.00154045165982,0,0,0.2,0.0167332757264,2026-09-08T22:18:53.221714+00:00,study3b_fifo_runtime_v1
61735,C_6627,2010,2011,0.00023528165184,0,0,0.2,0.0167332757264,2026-09-08T22:18:53.221714+00:00,study3b_fifo_runtime_v1
61768,C_6630,2010,2011,0.00042294265586,0,0,0.2,0.0167332757264,2026-09-08T22:18:53.221714+00:00,study3b_fifo_runtime_v1
61788,C_6631,2010,2011,5.5639360653e-05,0,0,0.2,0.0167332757264,2026-09-08T22:18:53.221714+00:00,study3b_fifo_runtime_v1
61815,C_6633,2010,2011,0.00792198907584,0,0,0.2,0.0167332757264,2026-09-08T22:18:53.221714+00:00,study3b_fifo_runtime_v1
61824,C_6635,2010,2011,0.00158333906438,0,0,0.2,0.0167332757264,2026-09-08T22:18:53.221714+00:00,study3b_fifo_runtime_v1
61840,C_6637,2010,2011,0.000428528088378,0,0,0.2,0.0167332757264,2026-09-08T22:18:53.221714+00:00,study3b_fifo_runtime_v1
61860,C_6639,2010,2011,0.000160596842761,0,0,0.2,0.0167332757264,2026-09-08T22:18:53.221714+00:00,study3b_fifo_runtime_v1
61880,C_6640,2010,2011,7.3385250289e-05,0,0,0.2,0.0167332757264,2026-09-08T22:18:53.221714+00:00,study3b_fifo_runtime_v1
61907,C_6643,2010,2011,4.15750546381e-05,0,0,0.2,0.0167332757264,2026-09-08T22:18:53.221714+00:00,study3b_fifo_runtime_v1
61948,C_6650,2010,2011,0.00701957941055,0,0,0.2,0.0167332757264,2026-09-08T22:18:53.221714+00:00,study3b_fifo_runtime_v1
61964,C_6651,2010,2011,0.0779423937201,0,1,0.2,0.0167332757264,2026-09-08T22:18:53.221714+00:00,study3b_fifo_runtime_v1
61984,C_6652,2010,2011,0.000569278083276,0,0,0.2,0.0167332757264,2026-09-08T22:18:53.221714+00:00,study3b_fifo_runtime_v1
62014,C_6655,2010,2011,6.7821914854e-05,0,0,0.2,0.0167332757264,2026-09-08T22:18:53.221714+00:00,study3b_fifo_runtime_v1
62026,C_6656,2010,2011,0.0406501553953,0,1,0.2,0.0167332757264,2026-09-08T22:18:53.221714+00:00,study3b_fifo_runtime_v1
62070,C_6662,2010,2011,0.000363381492207,0,0,0.2,0.0167332757264,2026-09-08T22:18:53.221714+00:00,study3b_fifo_runtime_v1
62096,C_6664,2010,2011,0.0071287821047,0,0,0.2,0.0167332757264,2026-09-08T22:18:53.221714+00:00,study3b_fifo_runtime_v1
62107,C_6665,2010,2011,0.000319954095175,0,0,0.2,0.0167332757264,2026-09-08T22:18:53.221714+00:00,study3b_fifo_runtime_v1
62114,C_6667,2010,2011,5.631415479e-05,0,0,0.2,0.0167332757264,2026-09-08T22:18:53.221714+00:00,study3b_fifo_runtime_v1
62136,C_6671,2010,2011,9.33956471272e-05,0,0,0.2,0.0167332757264,2026-09-08T22:18:53.221714+00:00,study3b_fifo_runtime_v1
62190,C_6680,2010,2011,2.45884493779e-05,0,0,0.2,0.0167332757264,2026-09-08T22:18:53.221714+00:00,study3b_fifo_runtime_v1
62203,C_6681,2010,2011,8.7901869847e-05,0,0,0.2,0.0167332757264,2026-09-08T22:18:53.221714+00:00,study3b_fifo_runtime_v1
62228,C_6684,2010,2011,0.000310425210046,0,0,0.2,0.0167332757264,2026-09-08T22:18:53.221714+00:00,study3b_fifo_runtime_v1
62252,C_6687,2010,2011,0.000443232915131,0,0,0.2,0.0167332757264,2026-09-08T22:18:53.221714+00:00,study3b_fifo_runtime_v1
62270,C_6691,2010,2011,0.00966546032578,0,0,0.2,0.0167332757264,2026-09-08T22:18:53.221714+00:00,study3b_fifo_runtime_v1
62282,C_6692,2010,2011,0.000611994357314,0,0,0.2,0.0167332757264,2026-09-08T22:18:53.221714+00:00,study3b_fifo_runtime_v1
62292,C_6693,2010,2011,0.000232657999732,0,0,0.2,0.0167332757264,2026-09-08T22:18:53.221714+00:00,study3b_fifo_runtime_v1
62329,C_6699,2010,2011,0.000684504571836,0,0,0.2,0.0167332757264,2026-09-08T22:18:53.221714+00:00,study3b_fifo_runtime_v1
62365,C_6704,2010,2011,1.10251849037e-05,0,0,0.2,0.0167332757264,2026-09-08T22:18:53.221714+00:00,study3b_fifo_runtime_v1
62412,C_6711,2010,2011,0.000245740171522,0,0,0.2,0.0167332757264,2026-09-08T22:18:53.221714+00:00,study3b_fifo_runtime_v1
62426,C_6713,2010,2011,2.80279073195e-05,0,0,0.2,0.0167332757264,2026-09-08T22:18:53.221714+00:00,study3b_fifo_runtime_v1
62452,C_6715,2010,2011,0.000543189467862,0,0,0.2,0.0167332757264,2026-09-08T22:18:53.221714+00:00,study3b_fifo_runtime_v1
62514,C_6726,2010,2011,6.90680244588e-05,0,0,0.2,0.0167332757264,2026-09-08T22:18:53.221714+00:00,study3b_fifo_runtime_v1
62588,C_6734,2010,2011,0.000142209522892,0,0,0.2,0.0167332757264,2026-09-08T22:18:53.221714+00:00,study3b_fifo_runtime_v1
62616,C_6738,2010,2011,3.00782685372e-05,0,0,0.2,0.0167332757264,2026-09-08T22:18:53.221714+00:00,study3b_fifo_runtime_v1
62630,C_6739,2010,2011,0.104432880878,0,1,0.2,0.0167332757264,2026-09-08T22:18:53.221714+00:00,study3b_fifo_runtime_v1
62647,C_6741,2010,2011,0.000129429987282,0,0,0.2,0.0167332757264,2026-09-08T22:18:53.221714+00:00,study3b_fifo_runtime_v1
62676,C_6746,2010,2011,3.46911292581e-05,0,0,0.2,0.0167332757264,2026-09-08T22:18:53.221714+00:00,study3b_fifo_runtime_v1
62733,C_6755,2010,2011,0.000488536607008,0,0,0.2,0.0167332757264,2026-09-08T22:18:53.221714+00:00,study3b_fifo_runtime_v1
62764,C_6758,2010,2011,8.32894602354e-06,0,0,0.2,0.0167332757264,2026-09-08T22:18:53.221714+00:00,study3b_fifo_runtime_v1
62782,C_6760,2010,2011,0.000829613010865,0,0,0.2,0.0167332757264,2026-09-08T22:18:53.221714+00:00,study3b_fifo_runtime_v1
62807,C_6762,2010,2011,0.00508477399126,0,0,0.2,0.0167332757264,2026-09-08T22:18:53.221714+00:00,study3b_fifo_runtime_v1
62835,C_6767,2010,2011,0.00529191829264,0,0,0.2,0.0167332757264,2026-09-08T22:18:53.221714+00:00,study3b_fifo_runtime_v1
62855,C_6769,2010,2011,2.73507339443e-05,0,0,0.2,0.0167332757264,2026-09-08T22:18:53.221714+00:00,study3b_fifo_runtime_v1
62864,C_6770,2010,2011,0.0470341928303,0,1,0.2,0.0167332757264,2026-09-08T22:18:53.221714+00:00,study3b_fifo_runtime_v1
62885,C_6773,2010,2011,0.000825302209705,0,0,0.2,0.0167332757264,2026-09-08T22:18:53.221714+00:00,study3b_fifo_runtime_v1
62918,C_6779,2010,2011,0.00133308034856,0,0,0.2,0.0167332757264,2026-09-08T22:18:53.221714+00:00,study3b_fifo_runtime_v1
62923,C_6780,2010,2011,0.000200261420105,0,0,0.2,0.0167332757264,2026-09-08T22:18:53.221714+00:00,study3b_fifo_runtime_v1
62949,C_6784,2010,2011,0.000332540716045,0,0,0.2,0.0167332757264,2026-09-08T22:18:53.221714+00:00,study3b_fifo_runtime_v1
62963,C_6785,2010,2011,1.78018126462e-05,0,0,0.2,0.0167332757264,2026-09-08T22:18:53.221714+00:00,study3b_fifo_runtime_v1
62975,C_6786,2010,2011,7.1519469202e-05,0,0,0.2,0.0167332757264,2026-09-08T22:18:53.221714+00:00,study3b_fifo_runtime_v1
62979,C_6787,2010,2011,0.000143520024722,0,0,0.2,0.0167332757264,2026-09-08T22:18:53.221714+00:00,study3b_fifo_runtime_v1
62994,C_6788,2010,2011,0.00253585237078,0,0,0.2,0.0167332757264,2026-09-08T22:18:53.221714+00:00,study3b_fifo_runtime_v1
63013,C_6789,2010,2011,6.15340104559e-05,0,0,0.2,0.0167332757264,2026-09-08T22:18:53.221714+00:00,study3b_fifo_runtime_v1
63027,C_6791,2010,2011,0.000658333243337,0,0,0.2,0.0167332757264,2026-09-08T22:18:53.221714+00:00,study3b_fifo_runtime_v1
63051,C_6794,2010,2011,0.000125563819893,0,0,0.2,0.0167332757264,2026-09-08T22:18:53.221714+00:00,study3b_fifo_runtime_v1
63065,C_6796,2010,2011,0.000507744669449,0,0,0.2,0.0167332757264,2026-09-08T22:18:53.221714+00:00,study3b_fifo_runtime_v1
63084,C_6797,2010,2011,3.42500752595e-05,0,0,0.2,0.0167332757264,2026-09-08T22:18:53.221714+00:00,study3b_fifo_runtime_v1
63103,C_6798,2010,2011,2.55416398431e-05,0,0,0.2,0.0167332757264,2026-09-08T22:18:53.221714+00:00,study3b_fifo_runtime_v1
63117,C_6799,2010,2011,0.00376917445101,0,0,0.2,0.0167332757264,2026-09-08T22:18:53.221714+00:00,study3b_fifo_runtime_v1
63128,C_6800,2010,2011,3.48537541868e-05,0,0,0.2,0.0167332757264,2026-09-08T22:18:53.221714+00:00,study3b_fifo_runtime_v1
63175,C_6805,2010,2011,0.000158541995916,0,0,0.2,0.0167332757264,2026-09-08T22:18:53.221714+00:00,study3b_fifo_runtime_v1
63194,C_6806,2010,2011,0.000875504920259,0,0,0.2,0.0167332757264,2026-09-08T22:18:53.221714+00:00,study3b_fifo_runtime_v1
63217,C_6808,2010,2011,1.43537372423e-05,0,0,0.2,0.0167332757264,2026-09-08T22:18:53.221714+00:00,study3b_fifo_runtime_v1
63235,C_6809,2010,2011,0.000845746078994,0,0,0.2,0.0167332757264,2026-09-08T22:18:53.221714+00:00,study3b_fifo_runtime_v1
63267,C_6812,2010,2011,0.00113903300371,0,0,0.2,0.0167332757264,2026-09-08T22:18:53.221714+00:00,study3b_fifo_runtime_v1
63286,C_6813,2010,2011,7.70742099121e-06,0,0,0.2,0.0167332757264,2026-09-08T22:18:53.221714+00:00,study3b_fifo_runtime_v1
63305,C_6814,2010,2011,0.000329040136421,0,0,0.2,0.0167332757264,2026-09-08T22:18:53.221714+00:00,study3b_fifo_runtime_v1
63324,C_6815,2010,2011,0.000666468869895,0,0,0.2,0.0167332757264,2026-09-08T22:18:53.221714+00:00,study3b_fifo_runtime_v1
63346,C_6817,2010,2011,0.000121845609101,0,0,0.2,0.0167332757264,2026-09-08T22:18:53.221714+00:00,study3b_fifo_runtime_v1
63356,C_6818,2010,2011,0.000122756173369,0,0,0.2,0.0167332757264,2026-09-08T22:18:53.221714+00:00,study3b_fifo_runtime_v1
63375,C_6819,2010,2011,1.01820041891e-05,0,0,0.2,0.0167332757264,2026-09-08T22:18:53.221714+00:00,study3b_fifo_runtime_v1
63387,C_6820,2010,2011,0.000588562397752,0,0,0.2,0.0167332757264,2026-09-08T22:18:53.221714+00:00,study3b_fifo_runtime_v1
63423,C_6824,2010,2011,6.41379665467e-05,0,0,0.2,0.0167332757264,2026-09-08T22:18:53.221714+00:00,study3b_fifo_runtime_v1
63444,C_6826,2010,2011,0.000247239455348,0,0,0.2,0.0167332757264,2026-09-08T22:18:53.221714+00:00,study3b_fifo_runtime_v1
63492,C_6831,2010,2011,2.53719754255e-05,0,0,0.2,0.0167332757264,2026-09-08T22:18:53.221714+00:00,study3b_fifo_runtime_v1
63514,C_6835,2010,2011,6.91604873282e-05,0,0,0.2,0.0167332757264,2026-09-08T22:18:53.221714+00:00,study3b_fifo_runtime_v1
63549,C_6842,2010,2011,0.000550365948584,0,0,0.2,0.0167332757264,2026-09-08T22:18:53.221714+00:00,study3b_fifo_runtime_v1
63571,C_6844,2010,2011,0.00104315869976,0,0,0.2,0.0167332757264,2026-09-08T22:18:53.221714+00:00,study3b_fifo_runtime_v1
63582,C_6845,2010,2011,0.000291602074867,0,0,0.2,0.0167332757264,2026-09-08T22:18:53.221714+00:00,study3b_fifo_runtime_v1
63623,C_6849,2010,2011,0.000207462857361,0,0,0.2,0.0167332757264,2026-09-08T22:18:53.221714+00:00,study3b_fifo_runtime_v1
63642,C_6850,2010,2011,0.000357607117621,0,0,0.2,0.0167332757264,2026-09-08T22:18:53.221714+00:00,study3b_fifo_runtime_v1
63661,C_6853,2010,2011,1.28446527015e-05,0,0,0.2,0.0167332757264,2026-09-08T22:18:53.221714+00:00,study3b_fifo_runtime_v1
63693,C_6856,2010,2011,9.324788698e-05,0,0,0.2,0.0167332757264,2026-09-08T22:18:53.221714+00:00,study3b_fifo_runtime_v1
63754,C_6864,2010,2011,0.000534430670086,0,0,0.2,0.0167332757264,2026-09-08T22:18:53.221714+00:00,study3b_fifo_runtime_v1
63773,C_6865,2010,2011,5.02357033838e-05,0,0,0.2,0.0167332757264,2026-09-08T22:18:53.221714+00:00,study3b_fifo_runtime_v1
63806,C_6870,2010,2011,0.0141024934128,0,0,0.2,0.0167332757264,2026-09-08T22:18:53.221714+00:00,study3b_fifo_runtime_v1
63836,C_6873,2010,2011,0.000246957904892,0,0,0.2,0.0167332757264,2026-09-08T22:18:53.221714+00:00,study3b_fifo_runtime_v1
63855,C_6874,2010,2011,0.000348633620888,0,0,0.2,0.0167332757264,2026-09-08T22:18:53.221714+00:00,study3b_fifo_runtime_v1
63893,C_6879,2010,2011,0.000133005596581,0,0,0.2,0.0167332757264,2026-09-08T22:18:53.221714+00:00,study3b_fifo_runtime_v1
63902,C_6880,2010,2011,0.000193850501091,0,0,0.2,0.0167332757264,2026-09-08T22:18:53.221714+00:00,study3b_fifo_runtime_v1
63931,C_6883,2010,2011,5.23345579495e-06,0,0,0.2,0.0167332757264,2026-09-08T22:18:53.221714+00:00,study3b_fifo_runtime_v1
63956,C_6885,2010,2011,1.89641850739e-05,0,0,0.2,0.0167332757264,2026-09-08T22:18:53.221714+00:00,study3b_fifo_runtime_v1
63975,C_6886,2010,2011,0.00106549391057,0,0,0.2,0.0167332757264,2026-09-08T22:18:53.221714+00:00,study3b_fifo_runtime_v1
64006,C_6890,2010,2011,0.000358530203812,0,0,0.2,0.0167332757264,2026-09-08T22:18:53.221714+00:00,study3b_fifo_runtime_v1
64020,C_6892,2010,2011,7.10821987013e-05,0,0,0.2,0.0167332757264,2026-09-08T22:18:53.221714+00:00,study3b_fifo_runtime_v1
64036,C_6893,2010,2011,0.00040115849697,0,0,0.2,0.0167332757264,2026-09-08T22:18:53.221714+00:00,study3b_fifo_runtime_v1
64058,C_6895,2010,2011,0.00799167063087,0,0,0.2,0.0167332757264,2026-09-08T22:18:53.221714+00:00,study3b_fifo_runtime_v1
64071,C_6897,2010,2011,0.00613628933206,0,0,0.2,0.0167332757264,2026-09-08T22:18:53.221714+00:00,study3b_fifo_runtime_v1
64090,C_6898,2010,2011,5.64181063964e-05,0,0,0.2,0.0167332757264,2026-09-08T22:18:53.221714+00:00,study3b_fifo_runtime_v1
64112,C_6902,2010,2011,2.4640447009e-05,0,0,0.2,0.0167332757264,2026-09-08T22:18:53.221714+00:00,study3b_fifo_runtime_v1
64131,C_6903,2010,2011,0.00247713760473,0,0,0.2,0.0167332757264,2026-09-08T22:18:53.221714+00:00,study3b_fifo_runtime_v1
64150,C_6904,2010,2011,0.000196741879336,0,0,0.2,0.0167332757264,2026-09-08T22:18:53.221714+00:00,study3b_fifo_runtime_v1
64156,C_6905,2010,2011,3.2723590266e-05,0,0,0.2,0.0167332757264,2026-09-08T22:18:53.221714+00:00,study3b_fifo_runtime_v1
64179,C_6907,2010,2011,0.000559404492378,0,0,0.2,0.0167332757264,2026-09-08T22:18:53.221714+00:00,study3b_fifo_runtime_v1
64192,C_6909,2010,2011,4.7150501814e-06,0,0,0.2,0.0167332757264,2026-09-08T22:18:53.221714+00:00,study3b_fifo_runtime_v1
64238,C_6915,2010,2011,0.000657845579553,0,0,0.2,0.0167332757264,2026-09-08T22:18:53.221714+00:00,study3b_fifo_runtime_v1
64265,C_6918,2010,2011,0.00955688487738,0,0,0.2,0.0167332757264,2026-09-08T22:18:53.221714+00:00,study3b_fifo_runtime_v1
64279,C_6919,2010,2011,6.79926233715e-05,0,0,0.2,0.0167332757264,2026-09-08T22:18:53.221714+00:00,study3b_fifo_runtime_v1
64312,C_6925,2010,2011,0.000424595695222,0,0,0.2,0.0167332757264,2026-09-08T22:18:53.221714+00:00,study3b_fifo_runtime_v1
64361,C_6931,2010,2011,0.000314842443913,0,0,0.2,0.0167332757264,2026-09-08T22:18:53.221714+00:00,study3b_fifo_runtime_v1
64389,C_6934,2010,2011,0.00305314431898,0,0,0.2,0.0167332757264,2026-09-08T22:18:53.221714+00:00,study3b_fifo_runtime_v1
64400,C_6935,2010,2011,8.05186209618e-05,0,0,0.2,0.0167332757264,2026-09-08T22:18:53.221714+00:00,study3b_fifo_runtime_v1
64419,C_6936,2010,2011,0.000336763769155,0,0,0.2,0.0167332757264,2026-09-08T22:18:53.221714+00:00,study3b_fifo_runtime_v1
64457,C_6941,2010,2011,6.74439652357e-05,0,0,0.2,0.0167332757264,2026-09-08T22:18:53.221714+00:00,study3b_fifo_runtime_v1
64477,C_6944,2010,2011,0.000246159441303,0,0,0.2,0.0167332757264,2026-09-08T22:18:53.221714+00:00,study3b_fifo_runtime_v1
64487,C_6945,2010,2011,0.00110945745837,0,0,0.2,0.0167332757264,2026-09-08T22:18:53.221714+00:00,study3b_fifo_runtime_v1
64512,C_6948,2010,2011,0.00824856199324,0,0,0.2,0.0167332757264,2026-09-08T22:18:53.221714+00:00,study3b_fifo_runtime_v1
64538,C_6952,2010,2011,0.00133136054501,0,0,0.2,0.0167332757264,2026-09-08T22:18:53.221714+00:00,study3b_fifo_runtime_v1
64565,C_6956,2010,2011,4.16654256696e-05,0,0,0.2,0.0167332757264,2026-09-08T22:18:53.221714+00:00,study3b_fifo_runtime_v1
64610,C_6961,2010,2011,4.82264294988e-05,0,0,0.2,0.0167332757264,2026-09-08T22:18:53.221714+00:00,study3b_fifo_runtime_v1
64625,C_6962,2010,2011,0.00342287495732,0,0,0.2,0.0167332757264,2026-09-08T22:18:53.221714+00:00,study3b_fifo_runtime_v1
64638,C_6964,2010,2011,0.000831944867969,0,0,0.2,0.0167332757264,2026-09-08T22:18:53.221714+00:00,study3b_fifo_runtime_v1
64656,C_6967,2010,2011,1.52227157741e-05,0,0,0.2,0.0167332757264,2026-09-08T22:18:53.221714+00:00,study3b_fifo_runtime_v1
64667,C_6968,2010,2011,0.00113819993567,0,0,0.2,0.0167332757264,2026-09-08T22:18:53.221714+00:00,study3b_fifo_runtime_v1
64694,C_6971,2010,2011,0.000236323743593,0,0,0.2,0.0167332757264,2026-09-08T22:18:53.221714+00:00,study3b_fifo_runtime_v1
64723,C_6973,2010,2011,0.0068650408648,0,0,0.2,0.0167332757264,2026-09-08T22:18:53.221714+00:00,study3b_fifo_runtime_v1
64742,C_6977,2010,2011,0.0102948639542,0,0,0.2,0.0167332757264,2026-09-08T22:18:53.221714+00:00,study3b_fifo_runtime_v1
64764,C_6979,2010,2011,0.00857424270362,0,0,0.2,0.0167332757264,2026-09-08T22:18:53.221714+00:00,study3b_fifo_runtime_v1
64784,C_6981,2010,2011,0.000203552262974,0,0,0.2,0.0167332757264,2026-09-08T22:18:53.221714+00:00,study3b_fifo_runtime_v1
64798,C_6982,2010,2011,0.206515848637,1,1,0.2,0.0167332757264,2026-09-08T22:18:53.221714+00:00,study3b_fifo_runtime_v1
64812,C_6983,2010,2011,2.52296158578e-05,0,0,0.2,0.0167332757264,2026-09-08T22:18:53.221714+00:00,study3b_fifo_runtime_v1
64865,C_6989,2010,2011,6.44881292828e-05,0,0,0.2,0.0167332757264,2026-09-08T22:18:53.221714+00:00,study3b_fifo_runtime_v1
64878,C_6990,2010,2011,0.00118092412595,0,0,0.2,0.0167332757264,2026-09-08T22:18:53.221714+00:00,study3b_fifo_runtime_v1
64898,C_6992,2010,2011,0.000837025407236,0,0,0.2,0.0167332757264,2026-09-08T22:18:53.221714+00:00,study3b_fifo_runtime_v1
64937,C_6998,2010,2011,1.20368758871e-05,0,0,0.2,0.0167332757264,2026-09-08T22:18:53.221714+00:00,study3b_fifo_runtime_v1
64950,C_6999,2010,2011,3.0891445931e-05,0,0,0.2,0.0167332757264,2026-09-08T22:18:53.221714+00:00,study3b_fifo_runtime_v1
64971,C_7003,2010,2011,0.000536888546776,0,0,0.2,0.0167332757264,2026-09-08T22:18:53.221714+00:00,study3b_fifo_runtime_v1
64983,C_7004,2010,2011,5.31920522917e-05,0,0,0.2,0.0167332757264,2026-09-08T22:18:53.221714+00:00,study3b_fifo_runtime_v1
64999,C_7005,2010,2011,0.000202452923986,0,0,0.2,0.0167332757264,2026-09-08T22:18:53.221714+00:00,study3b_fifo_runtime_v1
65023,C_7007,2010,2011,0.000418849987909,0,0,0.2,0.0167332757264,2026-09-08T22:18:53.221714+00:00,study3b_fifo_runtime_v1
65049,C_7009,2010,2011,0.00626114243641,0,0,0.2,0.0167332757264,2026-09-08T22:18:53.221714+00:00,study3b_fifo_runtime_v1
65067,C_7011,2010,2011,2.46879062615e-05,0,0,0.2,0.0167332757264,2026-09-08T22:18:53.221714+00:00,study3b_fifo_runtime_v1
65084,C_7012,2010,2011,9.6991621831e-05,0,0,0.2,0.0167332757264,2026-09-08T22:18:53.221714+00:00,study3b_fifo_runtime_v1
65095,C_7013,2010,2011,0.00232378765941,0,0,0.2,0.0167332757264,2026-09-08T22:18:53.221714+00:00,study3b_fifo_runtime_v1
65110,C_7015,2010,2011,3.80937526643e-05,0,0,0.2,0.0167332757264,2026-09-08T22:18:53.221714+00:00,study3b_fifo_runtime_v1
65123,C_7017,2010,2011,0.000174875414814,0,0,0.2,0.0167332757264,2026-09-08T22:18:53.221714+00:00,study3b_fifo_runtime_v1
65142,C_7018,2010,2011,0.00114841118921,0,0,0.2,0.0167332757264,2026-09-08T22:18:53.221714+00:00,study3b_fifo_runtime_v1
65168,C_7022,2010,2011,3.77598880732e-05,0,0,0.2,0.0167332757264,2026-09-08T22:18:53.221714+00:00,study3b_fifo_runtime_v1
65191,C_7024,2010,2011,1.5525458366e-05,0,0,0.2,0.0167332757264,2026-09-08T22:18:53.221714+00:00,study3b_fifo_runtime_v1
65204,C_7025,2010,2011,0.000299501291011,0,0,0.2,0.0167332757264,2026-09-08T22:18:53.221714+00:00,study3b_fifo_runtime_v1
65249,C_7032,2010,2011,0.000713898509275,0,0,0.2,0.0167332757264,2026-09-08T22:18:53.221714+00:00,study3b_fifo_runtime_v1
65272,C_7034,2010,2011,0.00103304430377,0,0,0.2,0.0167332757264,2026-09-08T22:18:53.221714+00:00,study3b_fifo_runtime_v1
65283,C_7035,2010,2011,0.000331724062562,0,0,0.2,0.0167332757264,2026-09-08T22:18:53.221714+00:00,study3b_fifo_runtime_v1
65310,C_7038,2010,2011,0.000246292387601,0,0,0.2,0.0167332757264,2026-09-08T22:18:53.221714+00:00,study3b_fifo_runtime_v1
65327,C_7039,2010,2011,6.10380084254e-05,0,0,0.2,0.0167332757264,2026-09-08T22:18:53.221714+00:00,study3b_fifo_runtime_v1
65345,C_7041,2010,2011,0.000499718997162,0,0,0.2,0.0167332757264,2026-09-08T22:18:53.221714+00:00,study3b_fifo_runtime_v1
65357,C_7042,2010,2011,8.8958600827e-05,0,0,0.2,0.0167332757264,2026-09-08T22:18:53.221714+00:00,study3b_fifo_runtime_v1
65386,C_7046,2010,2011,4.71262792416e-05,0,0,0.2,0.0167332757264,2026-09-08T22:18:53.221714+00:00,study3b_fifo_runtime_v1
65401,C_7047,2010,2011,4.44592478743e-05,0,0,0.2,0.0167332757264,2026-09-08T22:18:53.221714+00:00,study3b_fifo_runtime_v1
65422,C_7049,2010,2011,0.00108552048914,0,0,0.2,0.0167332757264,2026-09-08T22:18:53.221714+00:00,study3b_fifo_runtime_v1
65442,C_7051,2010,2011,0.00018003063451,0,0,0.2,0.0167332757264,2026-09-08T22:18:53.221714+00:00,study3b_fifo_runtime_v1
65460,C_7052,2010,2011,1.92980605789e-05,0,0,0.2,0.0167332757264,2026-09-08T22:18:53.221714+00:00,study3b_fifo_runtime_v1
65478,C_7053,2010,2011,0.00226256414317,0,0,0.2,0.0167332757264,2026-09-08T22:18:53.221714+00:00,study3b_fifo_runtime_v1
65480,C_7054,2010,2011,0.00434330618009,0,0,0.2,0.0167332757264,2026-09-08T22:18:53.221714+00:00,study3b_fifo_runtime_v1
65494,C_7056,2010,2011,0.0224341750145,0,1,0.2,0.0167332757264,2026-09-08T22:18:53.221714+00:00,study3b_fifo_runtime_v1
65509,C_7057,2010,2011,0.00046681551612,0,0,0.2,0.0167332757264,2026-09-08T22:18:53.221714+00:00,study3b_fifo_runtime_v1
65521,C_7058,2010,2011,6.7559791205e-05,0,0,0.2,0.0167332757264,2026-09-08T22:18:53.221714+00:00,study3b_fifo_runtime_v1
65534,C_7060,2010,2011,0.000472520274343,0,0,0.2,0.0167332757264,2026-09-08T22:18:53.221714+00:00,study3b_fifo_runtime_v1
65568,C_7064,2010,2011,0.450610905886,1,1,0.2,0.0167332757264,2026-09-08T22:18:53.221714+00:00,study3b_fifo_runtime_v1
65578,C_7065,2010,2011,0.000539228029083,0,0,0.2,0.0167332757264,2026-09-08T22:18:53.221714+00:00,study3b_fifo_runtime_v1
65595,C_7066,2010,2011,8.00593479653e-05,0,0,0.2,0.0167332757264,2026-09-08T22:18:53.221714+00:00,study3b_fifo_runtime_v1
65604,C_7067,2010,2011,0.000497858040035,0,0,0.2,0.0167332757264,2026-09-08T22:18:53.221714+00:00,study3b_fifo_runtime_v1
65621,C_7069,2010,2011,0.000806653115433,0,0,0.2,0.0167332757264,2026-09-08T22:18:53.221714+00:00,study3b_fifo_runtime_v1
65649,C_7073,2010,2011,0.000104086539068,0,0,0.2,0.0167332757264,2026-09-08T22:18:53.221714+00:00,study3b_fifo_runtime_v1
65667,C_7075,2010,2011,0.000777320063207,0,0,0.2,0.0167332757264,2026-09-08T22:18:53.221714+00:00,study3b_fifo_runtime_v1
65682,C_7077,2010,2011,2.65984799626e-05,0,0,0.2,0.0167332757264,2026-09-08T22:18:53.221714+00:00,study3b_fifo_runtime_v1
65693,C_7078,2010,2011,3.1485396903e-05,0,0,0.2,0.0167332757264,2026-09-08T22:18:53.221714+00:00,study3b_fifo_runtime_v1
65715,C_7082,2010,2011,0.000113675872853,0,0,0.2,0.0167332757264,2026-09-08T22:18:53.221714+00:00,study3b_fifo_runtime_v1
65735,C_7084,2010,2011,6.17681289441e-05,0,0,0.2,0.0167332757264,2026-09-08T22:18:53.221714+00:00,study3b_fifo_runtime_v1
65755,C_7086,2010,2011,0.00167672580574,0,0,0.2,0.0167332757264,2026-09-08T22:18:53.221714+00:00,study3b_fifo_runtime_v1
65770,C_7087,2010,2011,0.000712577719241,0,0,0.2,0.0167332757264,2026-09-08T22:18:53.221714+00:00,study3b_fifo_runtime_v1
65787,C_7088,2010,2011,0.00295453402214,0,0,0.2,0.0167332757264,2026-09-08T22:18:53.221714+00:00,study3b_fifo_runtime_v1
65810,C_7091,2010,2011,0.000546794035472,0,0,0.2,0.0167332757264,2026-09-08T22:18:53.221714+00:00,study3b_fifo_runtime_v1
65822,C_7092,2010,2011,0.000411517656175,0,0,0.2,0.0167332757264,2026-09-08T22:18:53.221714+00:00,study3b_fifo_runtime_v1
65838,C_7093,2010,2011,4.73668296763e-05,0,0,0.2,0.0167332757264,2026-09-08T22:18:53.221714+00:00,study3b_fifo_runtime_v1
65872,C_7097,2010,2011,0.000271603203146,0,0,0.2,0.0167332757264,2026-09-08T22:18:53.221714+00:00,study3b_fifo_runtime_v1
65890,C_7098,2010,2011,1.04990094769e-05,0,0,0.2,0.0167332757264,2026-09-08T22:18:53.221714+00:00,study3b_fifo_runtime_v1
65908,C_7100,2010,2011,0.00055146223167,0,0,0.2,0.0167332757264,2026-09-08T22:18:53.221714+00:00,study3b_fifo_runtime_v1
65926,C_7102,2010,2011,2.11889255297e-05,0,0,0.2,0.0167332757264,2026-09-08T22:18:53.221714+00:00,study3b_fifo_runtime_v1
65945,C_7104,2010,2011,2.5999303034e-05,0,0,0.2,0.0167332757264,2026-09-08T22:18:53.221714+00:00,study3b_fifo_runtime_v1
65972,C_7108,2010,2011,0.000142905861139,0,0,0.2,0.0167332757264,2026-09-08T22:18:53.221714+00:00,study3b_fifo_runtime_v1
66002,C_7111,2010,2011,0.00030747774872,0,0,0.2,0.0167332757264,2026-09-08T22:18:53.221714+00:00,study3b_fifo_runtime_v1
66012,C_7112,2010,2011,0.000163022181368,0,0,0.2,0.0167332757264,2026-09-08T22:18:53.221714+00:00,study3b_fifo_runtime_v1
66027,C_7115,2010,2011,0.000249792734394,0,0,0.2,0.0167332757264,2026-09-08T22:18:53.221714+00:00,study3b_fifo_runtime_v1
66045,C_7116,2010,2011,0.00140427611768,0,0,0.2,0.0167332757264,2026-09-08T22:18:53.221714+00:00,study3b_fifo_runtime_v1
66069,C_7120,2010,2011,0.000351039459929,0,0,0.2,0.0167332757264,2026-09-08T22:18:53.221714+00:00,study3b_fifo_runtime_v1
66087,C_7121,2010,2011,0.000993843539618,0,0,0.2,0.0167332757264,2026-09-08T22:18:53.221714+00:00,study3b_fifo_runtime_v1
66099,C_7123,2010,2011,0.000112237139547,0,0,0.2,0.0167332757264,2026-09-08T22:18:53.221714+00:00,study3b_fifo_runtime_v1
66113,C_7124,2010,2011,0.0141440331936,0,0,0.2,0.0167332757264,2026-09-08T22:18:53.221714+00:00,study3b_fifo_runtime_v1
66127,C_7126,2010,2011,0.000216266722418,0,0,0.2,0.0167332757264,2026-09-08T22:18:53.221714+00:00,study3b_fifo_runtime_v1
66142,C_7127,2010,2011,0.000810985919088,0,0,0.2,0.0167332757264,2026-09-08T22:18:53.221714+00:00,study3b_fifo_runtime_v1
66152,C_7128,2010,2011,0.000175704059075,0,0,0.2,0.0167332757264,2026-09-08T22:18:53.221714+00:00,study3b_fifo_runtime_v1
66187,C_7133,2010,2011,0.00100962922443,0,0,0.2,0.0167332757264,2026-09-08T22:18:53.221714+00:00,study3b_fifo_runtime_v1
66207,C_7135,2010,2011,5.92964752286e-05,0,0,0.2,0.0167332757264,2026-09-08T22:18:53.221714+00:00,study3b_fifo_runtime_v1
66220,C_7137,2010,2011,0.000194983134861,0,0,0.2,0.0167332757264,2026-09-08T22:18:53.221714+00:00,study3b_fifo_runtime_v1
66233,C_7138,2010,2011,0.000158625116455,0,0,0.2,0.0167332757264,2026-09-08T22:18:53.221714+00:00,study3b_fifo_runtime_v1
66251,C_7139,2010,2011,0.000205848249607,0,0,0.2,0.0167332757264,2026-09-08T22:18:53.221714+00:00,study3b_fifo_runtime_v1
66269,C_7140,2010,2011,0.000123016172438,0,0,0.2,0.0167332757264,2026-09-08T22:18:53.221714+00:00,study3b_fifo_runtime_v1
66287,C_7141,2010,2011,6.79347613186e-06,0,0,0.2,0.0167332757264,2026-09-08T22:18:53.221714+00:00,study3b_fifo_runtime_v1
66310,C_7143,2010,2011,0.0014912285842,0,0,0.2,0.0167332757264,2026-09-08T22:18:53.221714+00:00,study3b_fifo_runtime_v1
66328,C_7144,2010,2011,0.000518401444424,0,0,0.2,0.0167332757264,2026-09-08T22:18:53.221714+00:00,study3b_fifo_runtime_v1
66345,C_7145,2010,2011,0.000348351866705,0,0,0.2,0.0167332757264,2026-09-08T22:18:53.221714+00:00,study3b_fifo_runtime_v1
66363,C_7146,2010,2011,0.00713755981997,0,0,0.2,0.0167332757264,2026-09-08T22:18:53.221714+00:00,study3b_fifo_runtime_v1
66369,C_7147,2010,2011,0.00253998860717,0,0,0.2,0.0167332757264,2026-09-08T22:18:53.221714+00:00,study3b_fifo_runtime_v1
66381,C_7149,2010,2011,0.0386927649379,0,1,0.2,0.0167332757264,2026-09-08T22:18:53.221714+00:00,study3b_fifo_runtime_v1
66400,C_7151,2010,2011,0.000132993911393,0,0,0.2,0.0167332757264,2026-09-08T22:18:53.221714+00:00,study3b_fifo_runtime_v1
66418,C_7153,2010,2011,4.35559668404e-05,0,0,0.2,0.0167332757264,2026-09-08T22:18:53.221714+00:00,study3b_fifo_runtime_v1
66436,C_7154,2010,2011,0.00012659287313,0,0,0.2,0.0167332757264,2026-09-08T22:18:53.221714+00:00,study3b_fifo_runtime_v1
66451,C_7155,2010,2011,5.60863009014e-05,0,0,0.2,0.0167332757264,2026-09-08T22:18:53.221714+00:00,study3b_fifo_runtime_v1
66466,C_7156,2010,2011,0.00100394838955,0,0,0.2,0.0167332757264,2026-09-08T22:18:53.221714+00:00,study3b_fifo_runtime_v1
66484,C_7157,2010,2011,0.000132747401949,0,0,0.2,0.0167332757264,2026-09-08T22:18:53.221714+00:00,study3b_fifo_runtime_v1
66502,C_7161,2010,2011,0.000704550708178,0,0,0.2,0.0167332757264,2026-09-08T22:18:53.221714+00:00,study3b_fifo_runtime_v1
66527,C_7163,2010,2011,0.00783544592559,0,0,0.2,0.0167332757264,2026-09-08T22:18:53.221714+00:00,study3b_fifo_runtime_v1
66536,C_7164,2010,2011,0.00413339072838,0,0,0.2,0.0167332757264,2026-09-08T22:18:53.221714+00:00,study3b_fifo_runtime_v1
66544,C_7165,2010,2011,0.0132730379701,0,0,0.2,0.0167332757264,2026-09-08T22:18:53.221714+00:00,study3b_fifo_runtime_v1
66571,C_7169,2010,2011,0.00169383978937,0,0,0.2,0.0167332757264,2026-09-08T22:18:53.221714+00:00,study3b_fifo_runtime_v1
66591,C_7172,2010,2011,0.00649150041863,0,0,0.2,0.0167332757264,2026-09-08T22:18:53.221714+00:00,study3b_fifo_runtime_v1
66643,C_7180,2010,2011,8.67763228598e-05,0,0,0.2,0.0167332757264,2026-09-08T22:18:53.221714+00:00,study3b_fifo_runtime_v1
66664,C_7182,2010,2011,0.00234888750128,0,0,0.2,0.0167332757264,2026-09-08T22:18:53.221714+00:00,study3b_fifo_runtime_v1
66697,C_7186,2010,2011,0.000131836437504,0,0,0.2,0.0167332757264,2026-09-08T22:18:53.221714+00:00,study3b_fifo_runtime_v1
66708,C_7187,2010,2011,0.00130440003704,0,0,0.2,0.0167332757264,2026-09-08T22:18:53.221714+00:00,study3b_fifo_runtime_v1
66725,C_7188,2010,2011,0.000381672172807,0,0,0.2,0.0167332757264,2026-09-08T22:18:53.221714+00:00,study3b_fifo_runtime_v1
66738,C_7189,2010,2011,0.000181946539669,0,0,0.2,0.0167332757264,2026-09-08T22:18:53.221714+00:00,study3b_fifo_runtime_v1
66765,C_7192,2010,2011,0.00169603677932,0,0,0.2,0.0167332757264,2026-09-08T22:18:53.221714+00:00,study3b_fifo_runtime_v1
66775,C_7193,2010,2011,0.000113755224447,0,0,0.2,0.0167332757264,2026-09-08T22:18:53.221714+00:00,study3b_fifo_runtime_v1
66787,C_7194,2010,2011,0.000527299242094,0,0,0.2,0.0167332757264,2026-09-08T22:18:53.221714+00:00,study3b_fifo_runtime_v1
66811,C_7197,2010,2011,9.4043010904e-05,0,0,0.2,0.0167332757264,2026-09-08T22:18:53.221714+00:00,study3b_fifo_runtime_v1
66826,C_7198,2010,2011,6.33716581433e-06,0,0,0.2,0.0167332757264,2026-09-08T22:18:53.221714+00:00,study3b_fifo_runtime_v1
66835,C_7199,2010,2011,7.37661976018e-05,0,0,0.2,0.0167332757264,2026-09-08T22:18:53.221714+00:00,study3b_fifo_runtime_v1
66851,C_7203,2010,2011,0.00164711277466,0,0,0.2,0.0167332757264,2026-09-08T22:18:53.221714+00:00,study3b_fifo_runtime_v1
66864,C_7204,2010,2011,0.0198816098273,0,1,0.2,0.0167332757264,2026-09-08T22:18:53.221714+00:00,study3b_fifo_runtime_v1
66868,C_7205,2010,2011,0.000948304252233,0,0,0.2,0.0167332757264,2026-09-08T22:18:53.221714+00:00,study3b_fifo_runtime_v1
66901,C_7209,2010,2011,1.18205161925e-05,0,0,0.2,0.0167332757264,2026-09-08T22:18:53.221714+00:00,study3b_fifo_runtime_v1
66918,C_7210,2010,2011,4.36374102719e-05,0,0,0.2,0.0167332757264,2026-09-08T22:18:53.221714+00:00,study3b_fifo_runtime_v1
66934,C_7211,2010,2011,0.000221389112994,0,0,0.2,0.0167332757264,2026-09-08T22:18:53.221714+00:00,study3b_fifo_runtime_v1
66958,C_7213,2010,2011,0.000695882132277,0,0,0.2,0.0167332757264,2026-09-08T22:18:53.221714+00:00,study3b_fifo_runtime_v1
66975,C_7215,2010,2011,0.000582159264013,0,0,0.2,0.0167332757264,2026-09-08T22:18:53.221714+00:00,study3b_fifo_runtime_v1
66992,C_7216,2010,2011,0.000214535029954,0,0,0.2,0.0167332757264,2026-09-08T22:18:53.221714+00:00,study3b_fifo_runtime_v1
67005,C_7217,2010,2011,9.95574519038e-05,0,0,0.2,0.0167332757264,2026-09-08T22:18:53.221714+00:00,study3b_fifo_runtime_v1
67014,C_7218,2010,2011,3.01561085507e-05,0,0,0.2,0.0167332757264,2026-09-08T22:18:53.221714+00:00,study3b_fifo_runtime_v1
67029,C_7220,2010,2011,0.00279671442695,0,0,0.2,0.0167332757264,2026-09-08T22:18:53.221714+00:00,study3b_fifo_runtime_v1
67031,C_7221,2010,2011,0.000195049506146,0,0,0.2,0.0167332757264,2026-09-08T22:18:53.221714+00:00,study3b_fifo_runtime_v1
67053,C_7224,2010,2011,0.000129617343191,0,0,0.2,0.0167332757264,2026-09-08T22:18:53.221714+00:00,study3b_fifo_runtime_v1
67071,C_7227,2010,2011,0.000273696758086,0,0,0.2,0.0167332757264,2026-09-08T22:18:53.221714+00:00,study3b_fifo_runtime_v1
67082,C_7228,2010,2011,0.00016719737323,0,0,0.2,0.0167332757264,2026-09-08T22:18:53.221714+00:00,study3b_fifo_runtime_v1
67093,C_7229,2010,2011,0.000497800356243,0,0,0.2,0.0167332757264,2026-09-08T22:18:53.221714+00:00,study3b_fifo_runtime_v1
67112,C_7231,2010,2011,0.000145423226058,0,0,0.2,0.0167332757264,2026-09-08T22:18:53.221714+00:00,study3b_fifo_runtime_v1
67126,C_7232,2010,2011,0.00227730744518,0,0,0.2,0.0167332757264,2026-09-08T22:18:53.221714+00:00,study3b_fifo_runtime_v1
67145,C_7234,2010,2011,0.000581543310545,0,0,0.2,0.0167332757264,2026-09-08T22:18:53.221714+00:00,study3b_fifo_runtime_v1
67170,C_7236,2010,2011,0.00039910513442,0,0,0.2,0.0167332757264,2026-09-08T22:18:53.221714+00:00,study3b_fifo_runtime_v1
67179,C_7237,2010,2011,0.00156863837037,0,0,0.2,0.0167332757264,2026-09-08T22:18:53.221714+00:00,study3b_fifo_runtime_v1
67193,C_7238,2010,2011,0.000291429489153,0,0,0.2,0.0167332757264,2026-09-08T22:18:53.221714+00:00,study3b_fifo_runtime_v1
67210,C_7239,2010,2011,0.00223651644774,0,0,0.2,0.0167332757264,2026-09-08T22:18:53.221714+00:00,study3b_fifo_runtime_v1
67229,C_7241,2010,2011,1.19624701256e-05,0,0,0.2,0.0167332757264,2026-09-08T22:18:53.221714+00:00,study3b_fifo_runtime_v1
67246,C_7242,2010,2011,0.000469461461762,0,0,0.2,0.0167332757264,2026-09-08T22:18:53.221714+00:00,study3b_fifo_runtime_v1
67261,C_7245,2010,2011,2.12002978515e-05,0,0,0.2,0.0167332757264,2026-09-08T22:18:53.221714+00:00,study3b_fifo_runtime_v1
67265,C_7246,2010,2011,1.53339369717e-05,0,0,0.2,0.0167332757264,2026-09-08T22:18:53.221714+00:00,study3b_fifo_runtime_v1
67288,C_7251,2010,2011,0.000430867774412,0,0,0.2,0.0167332757264,2026-09-08T22:18:53.221714+00:00,study3b_fifo_runtime_v1
67299,C_7252,2010,2011,0.00031729217153,0,0,0.2,0.0167332757264,2026-09-08T22:18:53.221714+00:00,study3b_fifo_runtime_v1
67320,C_7254,2010,2011,0.000312058487907,0,0,0.2,0.0167332757264,2026-09-08T22:18:53.221714+00:00,study3b_fifo_runtime_v1
67329,C_7255,2010,2011,0.000451620289823,0,0,0.2,0.0167332757264,2026-09-08T22:18:53.221714+00:00,study3b_fifo_runtime_v1
67334,C_7256,2010,2011,5.56642953597e-05,0,0,0.2,0.0167332757264,2026-09-08T22:18:53.221714+00:00,study3b_fifo_runtime_v1
67349,C_7257,2010,2011,0.0196965970099,0,1,0.2,0.0167332757264,2026-09-08T22:18:53.221714+00:00,study3b_fifo_runtime_v1
67359,C_7258,2010,2011,0.0579910129309,0,1,0.2,0.0167332757264,2026-09-08T22:18:53.221714+00:00,study3b_fifo_runtime_v1
67363,C_7259,2010,2011,0.000117215444334,0,0,0.2,0.0167332757264,2026-09-08T22:18:53.221714+00:00,study3b_fifo_runtime_v1
67397,C_7263,2010,2011,0.000129289925098,0,0,0.2,0.0167332757264,2026-09-08T22:18:53.221714+00:00,study3b_fifo_runtime_v1
67406,C_7264,2010,2011,7.78074609116e-05,0,0,0.2,0.0167332757264,2026-09-08T22:18:53.221714+00:00,study3b_fifo_runtime_v1
67418,C_7265,2010,2011,0.391363829374,1,1,0.2,0.0167332757264,2026-09-08T22:18:53.221714+00:00,study3b_fifo_runtime_v1
67437,C_7267,2010,2011,0.00156992534176,0,0,0.2,0.0167332757264,2026-09-08T22:18:53.221714+00:00,study3b_fifo_runtime_v1
67454,C_7268,2010,2011,0.00840481836349,0,0,0.2,0.0167332757264,2026-09-08T22:18:53.221714+00:00,study3b_fifo_runtime_v1
67478,C_7270,2010,2011,0.000490275502671,0,0,0.2,0.0167332757264,2026-09-08T22:18:53.221714+00:00,study3b_fifo_runtime_v1
67491,C_7271,2010,2011,0.00154551968444,0,0,0.2,0.0167332757264,2026-09-08T22:18:53.221714+00:00,study3b_fifo_runtime_v1
67512,C_7273,2010,2011,9.39961828408e-05,0,0,0.2,0.0167332757264,2026-09-08T22:18:53.221714+00:00,study3b_fifo_runtime_v1
67534,C_7276,2010,2011,0.000108444946818,0,0,0.2,0.0167332757264,2026-09-08T22:18:53.221714+00:00,study3b_fifo_runtime_v1
67545,C_7277,2010,2011,0.000530541874468,0,0,0.2,0.0167332757264,2026-09-08T22:18:53.221714+00:00,study3b_fifo_runtime_v1
67573,C_7281,2010,2011,0.000261283566942,0,0,0.2,0.0167332757264,2026-09-08T22:18:53.221714+00:00,study3b_fifo_runtime_v1
67609,C_7287,2010,2011,0.000140487434692,0,0,0.2,0.0167332757264,2026-09-08T22:18:53.221714+00:00,study3b_fifo_runtime_v1
67624,C_7289,2010,2011,0.173919543624,0,1,0.2,0.0167332757264,2026-09-08T22:18:53.221714+00:00,study3b_fifo_runtime_v1
67635,C_7291,2010,2011,1.72653108166e-05,0,0,0.2,0.0167332757264,2026-09-08T22:18:53.221714+00:00,study3b_fifo_runtime_v1
67646,C_7292,2010,2011,0.000364298583008,0,0,0.2,0.0167332757264,2026-09-08T22:18:53.221714+00:00,study3b_fifo_runtime_v1
67660,C_7293,2010,2011,0.000139273630339,0,0,0.2,0.0167332757264,2026-09-08T22:18:53.221714+00:00,study3b_fifo_runtime_v1
67673,C_7294,2010,2011,0.00149970070925,0,0,0.2,0.0167332757264,2026-09-08T22:18:53.221714+00:00,study3b_fifo_runtime_v1
67685,C_7296,2010,2011,0.0497663617134,0,1,0.2,0.0167332757264,2026-09-08T22:18:53.221714+00:00,study3b_fifo_runtime_v1
67698,C_7297,2010,2011,0.0142338834703,0,0,0.2,0.0167332757264,2026-09-08T22:18:53.221714+00:00,study3b_fifo_runtime_v1
67707,C_7298,2010,2011,0.000742298492696,0,0,0.2,0.0167332757264,2026-09-08T22:18:53.221714+00:00,study3b_fifo_runtime_v1
67724,C_7299,2010,2011,3.45347070834e-05,0,0,0.2,0.0167332757264,2026-09-08T22:18:53.221714+00:00,study3b_fifo_runtime_v1
67737,C_7300,2010,2011,5.52485689695e-05,0,0,0.2,0.0167332757264,2026-09-08T22:18:53.221714+00:00,study3b_fifo_runtime_v1
67742,C_7301,2010,2011,2.39269738813e-05,0,0,0.2,0.0167332757264,2026-09-08T22:18:53.221714+00:00,study3b_fifo_runtime_v1
67765,C_7303,2010,2011,0.00012770415924,0,0,0.2,0.0167332757264,2026-09-08T22:18:53.221714+00:00,study3b_fifo_runtime_v1
67776,C_7304,2010,2011,4.53727225249e-05,0,0,0.2,0.0167332757264,2026-09-08T22:18:53.221714+00:00,study3b_fifo_runtime_v1
67785,C_7305,2010,2011,0.000986158964224,0,0,0.2,0.0167332757264,2026-09-08T22:18:53.221714+00:00,study3b_fifo_runtime_v1
67802,C_7306,2010,2011,0.000154157925863,0,0,0.2,0.0167332757264,2026-09-08T22:18:53.221714+00:00,study3b_fifo_runtime_v1
67813,C_7308,2010,2011,0.0019522132352,0,0,0.2,0.0167332757264,2026-09-08T22:18:53.221714+00:00,study3b_fifo_runtime_v1
67820,C_7310,2010,2011,0.000328016583808,0,0,0.2,0.0167332757264,2026-09-08T22:18:53.221714+00:00,study3b_fifo_runtime_v1
67831,C_7311,2010,2011,1.58195871336e-05,0,0,0.2,0.0167332757264,2026-09-08T22:18:53.221714+00:00,study3b_fifo_runtime_v1
67847,C_7312,2010,2011,3.68127475667e-05,0,0,0.2,0.0167332757264,2026-09-08T22:18:53.221714+00:00,study3b_fifo_runtime_v1
67870,C_7315,2010,2011,0.000554122729227,0,0,0.2,0.0167332757264,2026-09-08T22:18:53.221714+00:00,study3b_fifo_runtime_v1
67888,C_7318,2010,2011,4.84263400722e-05,0,0,0.2,0.0167332757264,2026-09-08T22:18:53.221714+00:00,study3b_fifo_runtime_v1
67902,C_7319,2010,2011,0.00116078101564,0,0,0.2,0.0167332757264,2026-09-08T22:18:53.221714+00:00,study3b_fifo_runtime_v1
67915,C_7320,2010,2011,0.000217429769691,0,0,0.2,0.0167332757264,2026-09-08T22:18:53.221714+00:00,study3b_fifo_runtime_v1
67926,C_7321,2010,2011,0.000109430635348,0,0,0.2,0.0167332757264,2026-09-08T22:18:53.221714+00:00,study3b_fifo_runtime_v1
67935,C_7322,2010,2011,0.0104102445766,0,0,0.2,0.0167332757264,2026-09-08T22:18:53.221714+00:00,study3b_fifo_runtime_v1
67946,C_7323,2010,2011,0.000197004977963,0,0,0.2,0.0167332757264,2026-09-08T22:18:53.221714+00:00,study3b_fifo_runtime_v1
67961,C_7324,2010,2011,0.00314400461502,0,0,0.2,0.0167332757264,2026-09-08T22:18:53.221714+00:00,study3b_fifo_runtime_v1
67982,C_7326,2010,2011,0.000402607605793,0,0,0.2,0.0167332757264,2026-09-08T22:18:53.221714+00:00,study3b_fifo_runtime_v1
67999,C_7329,2010,2011,0.000284912181087,0,0,0.2,0.0167332757264,2026-09-08T22:18:53.221714+00:00,study3b_fifo_runtime_v1
68003,C_7330,2010,2011,4.32396045653e-05,0,0,0.2,0.0167332757264,2026-09-08T22:18:53.221714+00:00,study3b_fifo_runtime_v1
68014,C_7332,2010,2011,0.00519896345213,0,0,0.2,0.0167332757264,2026-09-08T22:18:53.221714+00:00,study3b_fifo_runtime_v1
68031,C_7333,2010,2011,0.0664004907012,0,1,0.2,0.0167332757264,2026-09-08T22:18:53.221714+00:00,study3b_fifo_runtime_v1
68038,C_7334,2010,2011,0.000597390870098,0,0,0.2,0.0167332757264,2026-09-08T22:18:53.221714+00:00,study3b_fifo_runtime_v1
68053,C_7335,2010,2011,3.63162289432e-05,0,0,0.2,0.0167332757264,2026-09-08T22:18:53.221714+00:00,study3b_fifo_runtime_v1
68071,C_7338,2010,2011,0.000547618314158,0,0,0.2,0.0167332757264,2026-09-08T22:18:53.221714+00:00,study3b_fifo_runtime_v1
68091,C_7341,2010,2011,0.00752067379653,0,0,0.2,0.0167332757264,2026-09-08T22:18:53.221714+00:00,study3b_fifo_runtime_v1
68094,C_7342,2010,2011,2.33905793721e-05,0,0,0.2,0.0167332757264,2026-09-08T22:18:53.221714+00:00,study3b_fifo_runtime_v1
68120,C_7345,2010,2011,0.00178340694401,0,0,0.2,0.0167332757264,2026-09-08T22:18:53.221714+00:00,study3b_fifo_runtime_v1
68138,C_7349,2010,2011,2.58957206825e-05,0,0,0.2,0.0167332757264,2026-09-08T22:18:53.221714+00:00,study3b_fifo_runtime_v1
68148,C_7350,2010,2011,1.90734135685e-05,0,0,0.2,0.0167332757264,2026-09-08T22:18:53.221714+00:00,study3b_fifo_runtime_v1
68157,C_7351,2010,2011,0.000201213930268,0,0,0.2,0.0167332757264,2026-09-08T22:18:53.221714+00:00,study3b_fifo_runtime_v1
68169,C_7352,2010,2011,8.45385657158e-05,0,0,0.2,0.0167332757264,2026-09-08T22:18:53.221714+00:00,study3b_fifo_runtime_v1
68179,C_7354,2010,2011,0.000355303898687,0,0,0.2,0.0167332757264,2026-09-08T22:18:53.221714+00:00,study3b_fifo_runtime_v1
68189,C_7355,2010,2011,0.000405425118515,0,0,0.2,0.0167332757264,2026-09-08T22:18:53.221714+00:00,study3b_fifo_runtime_v1
68204,C_7356,2010,2011,9.15184227779e-06,0,0,0.2,0.0167332757264,2026-09-08T22:18:53.221714+00:00,study3b_fifo_runtime_v1
68217,C_7357,2010,2011,2.93071698252e-05,0,0,0.2,0.0167332757264,2026-09-08T22:18:53.221714+00:00,study3b_fifo_runtime_v1
68233,C_7358,2010,2011,0.000102379162854,0,0,0.2,0.0167332757264,2026-09-08T22:18:53.221714+00:00,study3b_fifo_runtime_v1
68242,C_7360,2010,2011,0.000686952844262,0,0,0.2,0.0167332757264,2026-09-08T22:18:53.221714+00:00,study3b_fifo_runtime_v1
68256,C_7362,2010,2011,8.51916338434e-05,0,0,0.2,0.0167332757264,2026-09-08T22:18:53.221714+00:00,study3b_fifo_runtime_v1
68265,C_7363,2010,2011,0.000276741600828,0,0,0.2,0.0167332757264,2026-09-08T22:18:53.221714+00:00,study3b_fifo_runtime_v1
68276,C_7364,2010,2011,0.000554466678295,0,0,0.2,0.0167332757264,2026-09-08T22:18:53.221714+00:00,study3b_fifo_runtime_v1
68282,C_7365,2010,2011,0.0077261175029,0,0,0.2,0.0167332757264,2026-09-08T22:18:53.221714+00:00,study3b_fifo_runtime_v1
68314,C_7369,2010,2011,0.000549206684809,0,0,0.2,0.0167332757264,2026-09-08T22:18:53.221714+00:00,study3b_fifo_runtime_v1
68323,C_7370,2010,2011,0.00315621122718,0,0,0.2,0.0167332757264,2026-09-08T22:18:53.221714+00:00,study3b_fifo_runtime_v1
68339,C_7371,2010,2011,0.000146014543134,0,0,0.2,0.0167332757264,2026-09-08T22:18:53.221714+00:00,study3b_fifo_runtime_v1
68355,C_7372,2010,2011,4.16486727772e-05,0,0,0.2,0.0167332757264,2026-09-08T22:18:53.221714+00:00,study3b_fifo_runtime_v1
68380,C_7375,2010,2011,0.0085599925369,0,0,0.2,0.0167332757264,2026-09-08T22:18:53.221714+00:00,study3b_fifo_runtime_v1
68401,C_7378,2010,2011,0.00128711981233,0,0,0.2,0.0167332757264,2026-09-08T22:18:53.221714+00:00,study3b_fifo_runtime_v1
68414,C_7379,2010,2011,0.000203473551665,0,0,0.2,0.0167332757264,2026-09-08T22:18:53.221714+00:00,study3b_fifo_runtime_v1
68439,C_7383,2010,2011,0.000535796454642,0,0,0.2,0.0167332757264,2026-09-08T22:18:53.221714+00:00,study3b_fifo_runtime_v1
68454,C_7386,2010,2011,0.000383947888622,0,0,0.2,0.0167332757264,2026-09-08T22:18:53.221714+00:00,study3b_fifo_runtime_v1
68470,C_7387,2010,2011,9.27089513425e-06,0,0,0.2,0.0167332757264,2026-09-08T22:18:53.221714+00:00,study3b_fifo_runtime_v1
68488,C_7391,2010,2011,0.00136424228549,0,0,0.2,0.0167332757264,2026-09-08T22:18:53.221714+00:00,study3b_fifo_runtime_v1
68506,C_7393,2010,2011,0.000637131277472,0,0,0.2,0.0167332757264,2026-09-08T22:18:53.221714+00:00,study3b_fifo_runtime_v1
68521,C_7394,2010,2011,0.000846843875479,0,0,0.2,0.0167332757264,2026-09-08T22:18:53.221714+00:00,study3b_fifo_runtime_v1
68539,C_7396,2010,2011,0.000569592986722,0,0,0.2,0.0167332757264,2026-09-08T22:18:53.221714+00:00,study3b_fifo_runtime_v1
68554,C_7397,2010,2011,6.73021131661e-05,0,0,0.2,0.0167332757264,2026-09-08T22:18:53.221714+00:00,study3b_fifo_runtime_v1
68573,C_7399,2010,2011,5.79271691095e-05,0,0,0.2,0.0167332757264,2026-09-08T22:18:53.221714+00:00,study3b_fifo_runtime_v1
68585,C_7401,2010,2011,0.000261398876319,0,0,0.2,0.0167332757264,2026-09-08T22:18:53.221714+00:00,study3b_fifo_runtime_v1
68600,C_7402,2010,2011,1.55828547577e-05,0,0,0.2,0.0167332757264,2026-09-08T22:18:53.221714+00:00,study3b_fifo_runtime_v1
68613,C_7406,2010,2011,0.000658276025206,0,0,0.2,0.0167332757264,2026-09-08T22:18:53.221714+00:00,study3b_fifo_runtime_v1
68622,C_7407,2010,2011,0.0407386794686,0,1,0.2,0.0167332757264,2026-09-08T22:18:53.221714+00:00,study3b_fifo_runtime_v1
68631,C_7408,2010,2011,0.00384144554846,0,0,0.2,0.0167332757264,2026-09-08T22:18:53.221714+00:00,study3b_fifo_runtime_v1
68656,C_7411,2010,2011,5.00083006045e-05,0,0,0.2,0.0167332757264,2026-09-08T22:18:53.221714+00:00,study3b_fifo_runtime_v1
68670,C_7412,2010,2011,0.00063355959719,0,0,0.2,0.0167332757264,2026-09-08T22:18:53.221714+00:00,study3b_fifo_runtime_v1
68692,C_7415,2010,2011,0.000900569080841,0,0,0.2,0.0167332757264,2026-09-08T22:18:53.221714+00:00,study3b_fifo_runtime_v1
68707,C_7417,2010,2011,0.000754001142923,0,0,0.2,0.0167332757264,2026-09-08T22:18:53.221714+00:00,study3b_fifo_runtime_v1
68715,C_7418,2010,2011,9.77203235379e-05,0,0,0.2,0.0167332757264,2026-09-08T22:18:53.221714+00:00,study3b_fifo_runtime_v1
68725,C_7420,2010,2011,3.87845393561e-05,0,0,0.2,0.0167332757264,2026-09-08T22:18:53.221714+00:00,study3b_fifo_runtime_v1
68744,C_7422,2010,2011,4.31390908489e-05,0,0,0.2,0.0167332757264,2026-09-08T22:18:53.221714+00:00,study3b_fifo_runtime_v1
68760,C_7424,2010,2011,1.33445500978e-05,0,0,0.2,0.0167332757264,2026-09-08T22:18:53.221714+00:00,study3b_fifo_runtime_v1
68776,C_7427,2010,2011,0.00119495985564,0,0,0.2,0.0167332757264,2026-09-08T22:18:53.221714+00:00,study3b_fifo_runtime_v1
68790,C_7428,2010,2011,0.00140012195334,0,0,0.2,0.0167332757264,2026-09-08T22:18:53.221714+00:00,study3b_fifo_runtime_v1
68805,C_7431,2010,2011,7.32019252609e-05,0,0,0.2,0.0167332757264,2026-09-08T22:18:53.221714+00:00,study3b_fifo_runtime_v1
68824,C_7434,2010,2011,3.55937081622e-05,0,0,0.2,0.0167332757264,2026-09-08T22:18:53.221714+00:00,study3b_fifo_runtime_v1
68863,C_7440,2010,2011,3.9805261622e-05,0,0,0.2,0.0167332757264,2026-09-08T22:18:53.221714+00:00,study3b_fifo_runtime_v1
68882,C_7442,2010,2011,0.000617113662884,0,0,0.2,0.0167332757264,2026-09-08T22:18:53.221714+00:00,study3b_fifo_runtime_v1
68895,C_7444,2010,2011,0.00544376531616,0,0,0.2,0.0167332757264,2026-09-08T22:18:53.221714+00:00,study3b_fifo_runtime_v1
68903,C_7445,2010,2011,0.000155221976456,0,0,0.2,0.0167332757264,2026-09-08T22:18:53.221714+00:00,study3b_fifo_runtime_v1
68911,C_7446,2010,2011,3.45377811755e-05,0,0,0.2,0.0167332757264,2026-09-08T22:18:53.221714+00:00,study3b_fifo_runtime_v1
68936,C_7450,2010,2011,0.000297334481729,0,0,0.2,0.0167332757264,2026-09-08T22:18:53.221714+00:00,study3b_fifo_runtime_v1
68949,C_7451,2010,2011,0.000101175894088,0,0,0.2,0.0167332757264,2026-09-08T22:18:53.221714+00:00,study3b_fifo_runtime_v1
68959,C_7452,2010,2011,0.000589842034969,0,0,0.2,0.0167332757264,2026-09-08T22:18:53.221714+00:00,study3b_fifo_runtime_v1
68965,C_7453,2010,2011,6.21646540822e-05,0,0,0.2,0.0167332757264,2026-09-08T22:18:53.221714+00:00,study3b_fifo_runtime_v1
68979,C_7455,2010,2011,1.26194381664e-05,0,0,0.2,0.0167332757264,2026-09-08T22:18:53.221714+00:00,study3b_fifo_runtime_v1
68996,C_7458,2010,2011,0.000651946582366,0,0,0.2,0.0167332757264,2026-09-08T22:18:53.221714+00:00,study3b_fifo_runtime_v1
69011,C_7460,2010,2011,0.00062892207643,0,0,0.2,0.0167332757264,2026-09-08T22:18:53.221714+00:00,study3b_fifo_runtime_v1
69028,C_7463,2010,2011,2.25167113967e-05,0,0,0.2,0.0167332757264,2026-09-08T22:18:53.221714+00:00,study3b_fifo_runtime_v1
69048,C_7466,2010,2011,0.000286255031824,0,0,0.2,0.0167332757264,2026-09-08T22:18:53.221714+00:00,study3b_fifo_runtime_v1
69052,C_7467,2010,2011,3.11415460601e-05,0,0,0.2,0.0167332757264,2026-09-08T22:18:53.221714+00:00,study3b_fifo_runtime_v1
69063,C_7468,2010,2011,5.07583608851e-05,0,0,0.2,0.0167332757264,2026-09-08T22:18:53.221714+00:00,study3b_fifo_runtime_v1
69081,C_7470,2010,2011,0.000118024872791,0,0,0.2,0.0167332757264,2026-09-08T22:18:53.221714+00:00,study3b_fifo_runtime_v1
69093,C_7471,2010,2011,0.00513613317162,0,0,0.2,0.0167332757264,2026-09-08T22:18:53.221714+00:00,study3b_fifo_runtime_v1
69107,C_7473,2010,2011,0.000721787393559,0,0,0.2,0.0167332757264,2026-09-08T22:18:53.221714+00:00,study3b_fifo_runtime_v1
69123,C_7475,2010,2011,0.000260620523477,0,0,0.2,0.0167332757264,2026-09-08T22:18:53.221714+00:00,study3b_fifo_runtime_v1
69138,C_7476,2010,2011,0.00466694356874,0,0,0.2,0.0167332757264,2026-09-08T22:18:53.221714+00:00,study3b_fifo_runtime_v1
69157,C_7478,2010,2011,2.72746783594e-05,0,0,0.2,0.0167332757264,2026-09-08T22:18:53.221714+00:00,study3b_fifo_runtime_v1
69164,C_7479,2010,2011,4.77018184029e-05,0,0,0.2,0.0167332757264,2026-09-08T22:18:53.221714+00:00,study3b_fifo_runtime_v1
69168,C_7480,2010,2011,0.000553032907192,0,0,0.2,0.0167332757264,2026-09-08T22:18:53.221714+00:00,study3b_fifo_runtime_v1
69180,C_7482,2010,2011,3.96929972339e-05,0,0,0.2,0.0167332757264,2026-09-08T22:18:53.221714+00:00,study3b_fifo_runtime_v1
69190,C_7483,2010,2011,0.00064605276566,0,0,0.2,0.0167332757264,2026-09-08T22:18:53.221714+00:00,study3b_fifo_runtime_v1
69201,C_7484,2010,2011,0.00117484957445,0,0,0.2,0.0167332757264,2026-09-08T22:18:53.221714+00:00,study3b_fifo_runtime_v1
69220,C_7486,2010,2011,5.57757221031e-06,0,0,0.2,0.0167332757264,2026-09-08T22:18:53.221714+00:00,study3b_fifo_runtime_v1
69229,C_7487,2010,2011,0.00513686938211,0,0,0.2,0.0167332757264,2026-09-08T22:18:53.221714+00:00,study3b_fifo_runtime_v1
69250,C_7489,2010,2011,0.000134532689117,0,0,0.2,0.0167332757264,2026-09-08T22:18:53.221714+00:00,study3b_fifo_runtime_v1
69265,C_7490,2010,2011,0.00142205227166,0,0,0.2,0.0167332757264,2026-09-08T22:18:53.221714+00:00,study3b_fifo_runtime_v1
69276,C_7491,2010,2011,0.000294718891382,0,0,0.2,0.0167332757264,2026-09-08T22:18:53.221714+00:00,study3b_fifo_runtime_v1
69280,C_7492,2010,2011,0.00255303899758,0,0,0.2,0.0167332757264,2026-09-08T22:18:53.221714+00:00,study3b_fifo_runtime_v1
69298,C_7494,2010,2011,1.0977495549e-05,0,0,0.2,0.0167332757264,2026-09-08T22:18:53.221714+00:00,study3b_fifo_runtime_v1
69313,C_7495,2010,2011,0.000158277907758,0,0,0.2,0.0167332757264,2026-09-08T22:18:53.221714+00:00,study3b_fifo_runtime_v1
69330,C_7498,2010,2011,0.00141704303678,0,0,0.2,0.0167332757264,2026-09-08T22:18:53.221714+00:00,study3b_fifo_runtime_v1
69342,C_7499,2010,2011,2.40015069721e-05,0,0,0.2,0.0167332757264,2026-09-08T22:18:53.221714+00:00,study3b_fifo_runtime_v1
69353,C_7500,2010,2011,0.000606466899626,0,0,0.2,0.0167332757264,2026-09-08T22:18:53.221714+00:00,study3b_fifo_runtime_v1
69378,C_7503,2010,2011,0.000127597348182,0,0,0.2,0.0167332757264,2026-09-08T22:18:53.221714+00:00,study3b_fifo_runtime_v1
69392,C_7504,2010,2011,6.12591975369e-05,0,0,0.2,0.0167332757264,2026-09-08T22:18:53.221714+00:00,study3b_fifo_runtime_v1
69401,C_7505,2010,2011,0.00244471686892,0,0,0.2,0.0167332757264,2026-09-08T22:18:53.221714+00:00,study3b_fifo_runtime_v1
69413,C_7506,2010,2011,0.0398128964007,0,1,0.2,0.0167332757264,2026-09-08T22:18:53.221714+00:00,study3b_fifo_runtime_v1
69426,C_7508,2010,2011,8.9627217676e-05,0,0,0.2,0.0167332757264,2026-09-08T22:18:53.221714+00:00,study3b_fifo_runtime_v1
69440,C_7509,2010,2011,0.000521320442203,0,0,0.2,0.0167332757264,2026-09-08T22:18:53.221714+00:00,study3b_fifo_runtime_v1
69451,C_7510,2010,2011,1.09326174424e-05,0,0,0.2,0.0167332757264,2026-09-08T22:18:53.221714+00:00,study3b_fifo_runtime_v1
69460,C_7511,2010,2011,9.54978095251e-05,0,0,0.2,0.0167332757264,2026-09-08T22:18:53.221714+00:00,study3b_fifo_runtime_v1
69479,C_7513,2010,2011,0.000275818252703,0,0,0.2,0.0167332757264,2026-09-08T22:18:53.221714+00:00,study3b_fifo_runtime_v1
69488,C_7515,2010,2011,0.000952467788011,0,0,0.2,0.0167332757264,2026-09-08T22:18:53.221714+00:00,study3b_fifo_runtime_v1
69499,C_7516,2010,2011,6.65533661959e-06,0,0,0.2,0.0167332757264,2026-09-08T22:18:53.221714+00:00,study3b_fifo_runtime_v1
69521,C_7519,2010,2011,1.51363046825e-05,0,0,0.2,0.0167332757264,2026-09-08T22:18:53.221714+00:00,study3b_fifo_runtime_v1
69536,C_7520,2010,2011,7.18530573067e-05,0,0,0.2,0.0167332757264,2026-09-08T22:18:53.221714+00:00,study3b_fifo_runtime_v1
69558,C_7525,2010,2011,0.0030744720716,0,0,0.2,0.0167332757264,2026-09-08T22:18:53.221714+00:00,study3b_fifo_runtime_v1
69582,C_7530,2010,2011,0.00275226891972,0,0,0.2,0.0167332757264,2026-09-08T22:18:53.221714+00:00,study3b_fifo_runtime_v1
69597,C_7531,2010,2011,0.0423554070294,0,1,0.2,0.0167332757264,2026-09-08T22:18:53.221714+00:00,study3b_fifo_runtime_v1
69611,C_7533,2010,2011,0.011536818929,0,0,0.2,0.0167332757264,2026-09-08T22:18:53.221714+00:00,study3b_fifo_runtime_v1
69631,C_7537,2010,2011,0.00200044247322,0,0,0.2,0.0167332757264,2026-09-08T22:18:53.221714+00:00,study3b_fifo_runtime_v1
69639,C_7538,2010,2011,0.000138828530908,0,0,0.2,0.0167332757264,2026-09-08T22:18:53.221714+00:00,study3b_fifo_runtime_v1
69654,C_7539,2010,2011,0.000230248595471,0,0,0.2,0.0167332757264,2026-09-08T22:18:53.221714+00:00,study3b_fifo_runtime_v1
69661,C_7540,2010,2011,0.0256874263287,0,1,0.2,0.0167332757264,2026-09-08T22:18:53.221714+00:00,study3b_fifo_runtime_v1
69676,C_7541,2010,2011,6.02612017246e-05,0,0,0.2,0.0167332757264,2026-09-08T22:18:53.221714+00:00,study3b_fifo_runtime_v1
69689,C_7543,2010,2011,0.000588539463934,0,0,0.2,0.0167332757264,2026-09-08T22:18:53.221714+00:00,study3b_fifo_runtime_v1
69704,C_7544,2010,2011,0.000346452696249,0,0,0.2,0.0167332757264,2026-09-08T22:18:53.221714+00:00,study3b_fifo_runtime_v1
69719,C_7545,2010,2011,0.000912900781259,0,0,0.2,0.0167332757264,2026-09-08T22:18:53.221714+00:00,study3b_fifo_runtime_v1
69726,C_7547,2010,2011,4.0972536226e-05,0,0,0.2,0.0167332757264,2026-09-08T22:18:53.221714+00:00,study3b_fifo_runtime_v1
69735,C_7548,2010,2011,0.000655535783153,0,0,0.2,0.0167332757264,2026-09-08T22:18:53.221714+00:00,study3b_fifo_runtime_v1
69765,C_7554,2010,2011,2.78468141914e-05,0,0,0.2,0.0167332757264,2026-09-08T22:18:53.221714+00:00,study3b_fifo_runtime_v1
69780,C_7556,2010,2011,0.001146336901,0,0,0.2,0.0167332757264,2026-09-08T22:18:53.221714+00:00,study3b_fifo_runtime_v1
69786,C_7557,2010,2011,0.00152717216406,0,0,0.2,0.0167332757264,2026-09-08T22:18:53.221714+00:00,study3b_fifo_runtime_v1
69802,C_7559,2010,2011,4.46484518761e-05,0,0,0.2,0.0167332757264,2026-09-08T22:18:53.221714+00:00,study3b_fifo_runtime_v1
69817,C_7560,2010,2011,0.000154824243509,0,0,0.2,0.0167332757264,2026-09-08T22:18:53.221714+00:00,study3b_fifo_runtime_v1
69829,C_7561,2010,2011,0.00014071816986,0,0,0.2,0.0167332757264,2026-09-08T22:18:53.221714+00:00,study3b_fifo_runtime_v1
69851,C_7565,2010,2011,0.00499027781188,0,0,0.2,0.0167332757264,2026-09-08T22:18:53.221714+00:00,study3b_fifo_runtime_v1
69868,C_7567,2010,2011,0.000755827466492,0,0,0.2,0.0167332757264,2026-09-08T22:18:53.221714+00:00,study3b_fifo_runtime_v1
69883,C_7568,2010,2011,3.51940107066e-05,0,0,0.2,0.0167332757264,2026-09-08T22:18:53.221714+00:00,study3b_fifo_runtime_v1
69897,C_7569,2010,2011,7.37247819416e-06,0,0,0.2,0.0167332757264,2026-09-08T22:18:53.221714+00:00,study3b_fifo_runtime_v1
69900,C_7570,2010,2011,0.0132916616276,0,0,0.2,0.0167332757264,2026-09-08T22:18:53.221714+00:00,study3b_fifo_runtime_v1
69914,C_7573,2010,2011,1.21999009934e-05,0,0,0.2,0.0167332757264,2026-09-08T22:18:53.221714+00:00,study3b_fifo_runtime_v1
69934,C_7575,2010,2011,0.000187535930309,0,0,0.2,0.0167332757264,2026-09-08T22:18:53.221714+00:00,study3b_fifo_runtime_v1
69956,C_7577,2010,2011,9.38919038163e-06,0,0,0.2,0.0167332757264,2026-09-08T22:18:53.221714+00:00,study3b_fifo_runtime_v1
69982,C_7581,2010,2011,0.000319040584145,0,0,0.2,0.0167332757264,2026-09-08T22:18:53.221714+00:00,study3b_fifo_runtime_v1
69998,C_7583,2010,2011,0.000235681582126,0,0,0.2,0.0167332757264,2026-09-08T22:18:53.221714+00:00,study3b_fifo_runtime_v1
70015,C_7585,2010,2011,0.000122773344629,0,0,0.2,0.0167332757264,2026-09-08T22:18:53.221714+00:00,study3b_fifo_runtime_v1
70029,C_7586,2010,2011,0.000249701959547,0,0,0.2,0.0167332757264,2026-09-08T22:18:53.221714+00:00,study3b_fifo_runtime_v1
70038,C_7587,2010,2011,0.000201346338145,0,0,0.2,0.0167332757264,2026-09-08T22:18:53.221714+00:00,study3b_fifo_runtime_v1
70060,C_7589,2010,2011,0.000247117044637,0,0,0.2,0.0167332757264,2026-09-08T22:18:53.221714+00:00,study3b_fifo_runtime_v1
70066,C_7590,2010,2011,5.21137408214e-05,0,0,0.2,0.0167332757264,2026-09-08T22:18:53.221714+00:00,study3b_fifo_runtime_v1
70074,C_7591,2010,2011,0.000660007586703,0,0,0.2,0.0167332757264,2026-09-08T22:18:53.221714+00:00,study3b_fifo_runtime_v1
70088,C_7592,2010,2011,0.00028336813557,0,0,0.2,0.0167332757264,2026-09-08T22:18:53.221714+00:00,study3b_fifo_runtime_v1
70092,C_7593,2010,2011,0.00236103869975,0,0,0.2,0.0167332757264,2026-09-08T22:18:53.221714+00:00,study3b_fifo_runtime_v1
70105,C_7595,2010,2011,0.000357039069058,0,0,0.2,0.0167332757264,2026-09-08T22:18:53.221714+00:00,study3b_fifo_runtime_v1
70120,C_7597,2010,2011,0.00162117322907,0,0,0.2,0.0167332757264,2026-09-08T22:18:53.221714+00:00,study3b_fifo_runtime_v1
70134,C_7598,2010,2011,3.99660675612e-05,0,0,0.2,0.0167332757264,2026-09-08T22:18:53.221714+00:00,study3b_fifo_runtime_v1
70153,C_7602,2010,2011,0.00059381959727,0,0,0.2,0.0167332757264,2026-09-08T22:18:53.221714+00:00,study3b_fifo_runtime_v1
70166,C_7603,2010,2011,0.000230045057833,0,0,0.2,0.0167332757264,2026-09-08T22:18:53.221714+00:00,study3b_fifo_runtime_v1
70188,C_7606,2010,2011,2.98290033243e-05,0,0,0.2,0.0167332757264,2026-09-08T22:18:53.221714+00:00,study3b_fifo_runtime_v1
70202,C_7607,2010,2011,0.00757304020226,0,0,0.2,0.0167332757264,2026-09-08T22:18:53.221714+00:00,study3b_fifo_runtime_v1
70212,C_7608,2010,2011,8.68407296366e-05,0,0,0.2,0.0167332757264,2026-09-08T22:18:53.221714+00:00,study3b_fifo_runtime_v1
70217,C_7609,2010,2011,0.000291838630801,0,0,0.2,0.0167332757264,2026-09-08T22:18:53.221714+00:00,study3b_fifo_runtime_v1
70230,C_7610,2010,2011,1.54190129251e-05,0,0,0.2,0.0167332757264,2026-09-08T22:18:53.221714+00:00,study3b_fifo_runtime_v1
70237,C_7611,2010,2011,0.0217102523893,0,1,0.2,0.0167332757264,2026-09-08T22:18:53.221714+00:00,study3b_fifo_runtime_v1
70245,C_7612,2010,2011,0.00106420915108,0,0,0.2,0.0167332757264,2026-09-08T22:18:53.221714+00:00,study3b_fifo_runtime_v1
70254,C_7613,2010,2011,0.000115943134006,0,0,0.2,0.0167332757264,2026-09-08T22:18:53.221714+00:00,study3b_fifo_runtime_v1
70263,C_7614,2010,2011,0.000604390806984,0,0,0.2,0.0167332757264,2026-09-08T22:18:53.221714+00:00,study3b_fifo_runtime_v1
70282,C_7616,2010,2011,0.00203522108495,0,0,0.2,0.0167332757264,2026-09-08T22:18:53.221714+00:00,study3b_fifo_runtime_v1
70294,C_7617,2010,2011,0.00943725276738,0,0,0.2,0.0167332757264,2026-09-08T22:18:53.221714+00:00,study3b_fifo_runtime_v1
70302,C_7618,2010,2011,0.00130578421522,0,0,0.2,0.0167332757264,2026-09-08T22:18:53.221714+00:00,study3b_fifo_runtime_v1
70316,C_7620,2010,2011,0.000537364918273,0,0,0.2,0.0167332757264,2026-09-08T22:18:53.221714+00:00,study3b_fifo_runtime_v1
70326,C_7622,2010,2011,0.000453138723969,0,0,0.2,0.0167332757264,2026-09-08T22:18:53.221714+00:00,study3b_fifo_runtime_v1
70340,C_7623,2010,2011,0.000750262755901,0,0,0.2,0.0167332757264,2026-09-08T22:18:53.221714+00:00,study3b_fifo_runtime_v1
70346,C_7625,2010,2011,0.00807632226497,0,0,0.2,0.0167332757264,2026-09-08T22:18:53.221714+00:00,study3b_fifo_runtime_v1
70352,C_7626,2010,2011,0.00121566932648,0,0,0.2,0.0167332757264,2026-09-08T22:18:53.221714+00:00,study3b_fifo_runtime_v1
70362,C_7627,2010,2011,0.0516268648207,0,1,0.2,0.0167332757264,2026-09-08T22:18:53.221714+00:00,study3b_fifo_runtime_v1
70368,C_7628,2010,2011,0.0438682436943,0,1,0.2,0.0167332757264,2026-09-08T22:18:53.221714+00:00,study3b_fifo_runtime_v1
70381,C_7629,2010,2011,0.00018575838476,0,0,0.2,0.0167332757264,2026-09-08T22:18:53.221714+00:00,study3b_fifo_runtime_v1
70394,C_7630,2010,2011,5.60468943149e-05,0,0,0.2,0.0167332757264,2026-09-08T22:18:53.221714+00:00,study3b_fifo_runtime_v1
70407,C_7632,2010,2011,2.68646599579e-05,0,0,0.2,0.0167332757264,2026-09-08T22:18:53.221714+00:00,study3b_fifo_runtime_v1
70423,C_7634,2010,2011,6.31567891105e-05,0,0,0.2,0.0167332757264,2026-09-08T22:18:53.221714+00:00,study3b_fifo_runtime_v1
70437,C_7635,2010,2011,0.000104959763121,0,0,0.2,0.0167332757264,2026-09-08T22:18:53.221714+00:00,study3b_fifo_runtime_v1
70450,C_7637,2010,2011,7.03479090589e-05,0,0,0.2,0.0167332757264,2026-09-08T22:18:53.221714+00:00,study3b_fifo_runtime_v1
70456,C_7638,2010,2011,0.00030081224395,0,0,0.2,0.0167332757264,2026-09-08T22:18:53.221714+00:00,study3b_fifo_runtime_v1
70468,C_7641,2010,2011,0.00335137103684,0,0,0.2,0.0167332757264,2026-09-08T22:18:53.221714+00:00,study3b_fifo_runtime_v1
70479,C_7642,2010,2011,0.00106035836507,0,0,0.2,0.0167332757264,2026-09-08T22:18:53.221714+00:00,study3b_fifo_runtime_v1
70493,C_7643,2010,2011,0.000184051124961,0,0,0.2,0.0167332757264,2026-09-08T22:18:53.221714+00:00,study3b_fifo_runtime_v1
70500,C_7644,2010,2011,6.19588099653e-05,0,0,0.2,0.0167332757264,2026-09-08T22:18:53.221714+00:00,study3b_fifo_runtime_v1
70519,C_7647,2010,2011,0.000124917118228,0,0,0.2,0.0167332757264,2026-09-08T22:18:53.221714+00:00,study3b_fifo_runtime_v1
70532,C_7650,2010,2011,0.0104889012873,0,0,0.2,0.0167332757264,2026-09-08T22:18:53.221714+00:00,study3b_fifo_runtime_v1
70541,C_7651,2010,2011,2.74753165286e-06,0,0,0.2,0.0167332757264,2026-09-08T22:18:53.221714+00:00,study3b_fifo_runtime_v1
70554,C_7652,2010,2011,5.87880685998e-06,0,0,0.2,0.0167332757264,2026-09-08T22:18:53.221714+00:00,study3b_fifo_runtime_v1
70562,C_7653,2010,2011,2.73991736321e-05,0,0,0.2,0.0167332757264,2026-09-08T22:18:53.221714+00:00,study3b_fifo_runtime_v1
70578,C_7655,2010,2011,0.0022742850706,0,0,0.2,0.0167332757264,2026-09-08T22:18:53.221714+00:00,study3b_fifo_runtime_v1
70592,C_7656,2010,2011,0.00231989473104,0,0,0.2,0.0167332757264,2026-09-08T22:18:53.221714+00:00,study3b_fifo_runtime_v1
70606,C_7657,2010,2011,4.9547990784e-05,0,0,0.2,0.0167332757264,2026-09-08T22:18:53.221714+00:00,study3b_fifo_runtime_v1
70621,C_7659,2010,2011,0.000891160045285,0,0,0.2,0.0167332757264,2026-09-08T22:18:53.221714+00:00,study3b_fifo_runtime_v1
70633,C_7660,2010,2011,0.0155363529921,0,0,0.2,0.0167332757264,2026-09-08T22:18:53.221714+00:00,study3b_fifo_runtime_v1
70646,C_7663,2010,2011,6.45205864203e-06,0,0,0.2,0.0167332757264,2026-09-08T22:18:53.221714+00:00,study3b_fifo_runtime_v1
70660,C_7665,2010,2011,0.000224520554184,0,0,0.2,0.0167332757264,2026-09-08T22:18:53.221714+00:00,study3b_fifo_runtime_v1
70668,C_7666,2010,2011,0.000221300448175,0,0,0.2,0.0167332757264,2026-09-08T22:18:53.221714+00:00,study3b_fifo_runtime_v1
70674,C_7667,2010,2011,0.000516760919709,0,0,0.2,0.0167332757264,2026-09-08T22:18:53.221714+00:00,study3b_fifo_runtime_v1
70681,C_7668,2010,2011,0.0614556968212,0,1,0.2,0.0167332757264,2026-09-08T22:18:53.221714+00:00,study3b_fifo_runtime_v1
70693,C_7669,2010,2011,0.00268241320737,0,0,0.2,0.0167332757264,2026-09-08T22:18:53.221714+00:00,study3b_fifo_runtime_v1
70707,C_7670,2010,2011,0.000564399000723,0,0,0.2,0.0167332757264,2026-09-08T22:18:53.221714+00:00,study3b_fifo_runtime_v1
70712,C_7671,2010,2011,0.00165055843536,0,0,0.2,0.0167332757264,2026-09-08T22:18:53.221714+00:00,study3b_fifo_runtime_v1
70730,C_7673,2010,2011,0.00470876740292,0,0,0.2,0.0167332757264,2026-09-08T22:18:53.221714+00:00,study3b_fifo_runtime_v1
70736,C_7674,2010,2011,5.33041347808e-05,0,0,0.2,0.0167332757264,2026-09-08T22:18:53.221714+00:00,study3b_fifo_runtime_v1
70742,C_7675,2010,2011,1.52295833686e-05,0,0,0.2,0.0167332757264,2026-09-08T22:18:53.221714+00:00,study3b_fifo_runtime_v1
70756,C_7676,2010,2011,0.000157177331857,0,0,0.2,0.0167332757264,2026-09-08T22:18:53.221714+00:00,study3b_fifo_runtime_v1
70769,C_7679,2010,2011,3.64718252968e-05,0,0,0.2,0.0167332757264,2026-09-08T22:18:53.221714+00:00,study3b_fifo_runtime_v1
70786,C_7681,2010,2011,0.000558458443265,0,0,0.2,0.0167332757264,2026-09-08T22:18:53.221714+00:00,study3b_fifo_runtime_v1
70791,C_7682,2010,2011,4.7015495511e-05,0,0,0.2,0.0167332757264,2026-09-08T22:18:53.221714+00:00,study3b_fifo_runtime_v1
70802,C_7683,2010,2011,6.94762420608e-05,0,0,0.2,0.0167332757264,2026-09-08T22:18:53.221714+00:00,study3b_fifo_runtime_v1
70813,C_7684,2010,2011,3.24597531289e-05,0,0,0.2,0.0167332757264,2026-09-08T22:18:53.221714+00:00,study3b_fifo_runtime_v1
70830,C_7686,2010,2011,0.00132843537722,0,0,0.2,0.0167332757264,2026-09-08T22:18:53.221714+00:00,study3b_fifo_runtime_v1
70840,C_7687,2010,2011,1.64656921697e-05,0,0,0.2,0.0167332757264,2026-09-08T22:18:53.221714+00:00,study3b_fifo_runtime_v1
70851,C_7688,2010,2011,0.00734132202342,0,0,0.2,0.0167332757264,2026-09-08T22:18:53.221714+00:00,study3b_fifo_runtime_v1
70853,C_7689,2010,2011,0.000139477939229,0,0,0.2,0.0167332757264,2026-09-08T22:18:53.221714+00:00,study3b_fifo_runtime_v1
70859,C_7690,2010,2011,0.00119819410611,0,0,0.2,0.0167332757264,2026-09-08T22:18:53.221714+00:00,study3b_fifo_runtime_v1
70869,C_7691,2010,2011,0.000768023368437,0,0,0.2,0.0167332757264,2026-09-08T22:18:53.221714+00:00,study3b_fifo_runtime_v1
70893,C_7694,2010,2011,0.00117326749023,0,0,0.2,0.0167332757264,2026-09-08T22:18:53.221714+00:00,study3b_fifo_runtime_v1
70906,C_7695,2010,2011,5.89429109823e-05,0,0,0.2,0.0167332757264,2026-09-08T22:18:53.221714+00:00,study3b_fifo_runtime_v1
70912,C_7696,2010,2011,0.00125991634559,0,0,0.2,0.0167332757264,2026-09-08T22:18:53.221714+00:00,study3b_fifo_runtime_v1
70926,C_7697,2010,2011,1.17464323921e-05,0,0,0.2,0.0167332757264,2026-09-08T22:18:53.221714+00:00,study3b_fifo_runtime_v1
70931,C_7698,2010,2011,0.000162924246979,0,0,0.2,0.0167332757264,2026-09-08T22:18:53.221714+00:00,study3b_fifo_runtime_v1
70934,C_7699,2010,2011,0.00071562390076,0,0,0.2,0.0167332757264,2026-09-08T22:18:53.221714+00:00,study3b_fifo_runtime_v1
70945,C_7701,2010,2011,0.000255956692854,0,0,0.2,0.0167332757264,2026-09-08T22:18:53.221714+00:00,study3b_fifo_runtime_v1
70950,C_7702,2010,2011,0.000281817279756,0,0,0.2,0.0167332757264,2026-09-08T22:18:53.221714+00:00,study3b_fifo_runtime_v1
70960,C_7703,2010,2011,0.000952001428232,0,0,0.2,0.0167332757264,2026-09-08T22:18:53.221714+00:00,study3b_fifo_runtime_v1
70971,C_7704,2010,2011,1.83601969184e-05,0,0,0.2,0.0167332757264,2026-09-08T22:18:53.221714+00:00,study3b_fifo_runtime_v1
70985,C_7705,2010,2011,8.32422883832e-05,0,0,0.2,0.0167332757264,2026-09-08T22:18:53.221714+00:00,study3b_fifo_runtime_v1
70995,C_7706,2010,2011,0.000514382496476,0,0,0.2,0.0167332757264,2026-09-08T22:18:53.221714+00:00,study3b_fifo_runtime_v1
71008,C_7708,2010,2011,0.00105569942389,0,0,0.2,0.0167332757264,2026-09-08T22:18:53.221714+00:00,study3b_fifo_runtime_v1
71020,C_7709,2010,2011,0.000747782934923,0,0,0.2,0.0167332757264,2026-09-08T22:18:53.221714+00:00,study3b_fifo_runtime_v1
71034,C_7710,2010,2011,0.00101242691744,0,0,0.2,0.0167332757264,2026-09-08T22:18:53.221714+00:00,study3b_fifo_runtime_v1
71044,C_7711,2010,2011,0.00412491196766,0,0,0.2,0.0167332757264,2026-09-08T22:18:53.221714+00:00,study3b_fifo_runtime_v1
71052,C_7713,2010,2011,0.000161871677847,0,0,0.2,0.0167332757264,2026-09-08T22:18:53.221714+00:00,study3b_fifo_runtime_v1
71057,C_7714,2010,2011,0.00159112073015,0,0,0.2,0.0167332757264,2026-09-08T22:18:53.221714+00:00,study3b_fifo_runtime_v1
71063,C_7715,2010,2011,0.000981397344731,0,0,0.2,0.0167332757264,2026-09-08T22:18:53.221714+00:00,study3b_fifo_runtime_v1
71077,C_7716,2010,2011,9.63658167166e-05,0,0,0.2,0.0167332757264,2026-09-08T22:18:53.221714+00:00,study3b_fifo_runtime_v1
71086,C_7718,2010,2011,0.000531468715053,0,0,0.2,0.0167332757264,2026-09-08T22:18:53.221714+00:00,study3b_fifo_runtime_v1
71100,C_7719,2010,2011,0.00014072949125,0,0,0.2,0.0167332757264,2026-09-08T22:18:53.221714+00:00,study3b_fifo_runtime_v1
71110,C_7720,2010,2011,1.66071677086e-05,0,0,0.2,0.0167332757264,2026-09-08T22:18:53.221714+00:00,study3b_fifo_runtime_v1
71126,C_7722,2010,2011,0.000456360518001,0,0,0.2,0.0167332757264,2026-09-08T22:18:53.221714+00:00,study3b_fifo_runtime_v1
71133,C_7723,2010,2011,0.000558622239623,0,0,0.2,0.0167332757264,2026-09-08T22:18:53.221714+00:00,study3b_fifo_runtime_v1
71147,C_7725,2010,2011,0.000610546558164,0,0,0.2,0.0167332757264,2026-09-08T22:18:53.221714+00:00,study3b_fifo_runtime_v1
71160,C_7727,2010,2011,0.000379024626454,0,0,0.2,0.0167332757264,2026-09-08T22:18:53.221714+00:00,study3b_fifo_runtime_v1
71174,C_7728,2010,2011,0.0237443204969,0,1,0.2,0.0167332757264,2026-09-08T22:18:53.221714+00:00,study3b_fifo_runtime_v1
71188,C_7729,2010,2011,0.000718555878848,0,0,0.2,0.0167332757264,2026-09-08T22:18:53.221714+00:00,study3b_fifo_runtime_v1
71205,C_7732,2010,2011,0.000136630129418,0,0,0.2,0.0167332757264,2026-09-08T22:18:53.221714+00:00,study3b_fifo_runtime_v1
71214,C_7733,2010,2011,3.63034159818e-05,0,0,0.2,0.0167332757264,2026-09-08T22:18:53.221714+00:00,study3b_fifo_runtime_v1
71217,C_7734,2010,2011,0.000377118471079,0,0,0.2,0.0167332757264,2026-09-08T22:18:53.221714+00:00,study3b_fifo_runtime_v1
71229,C_7735,2010,2011,1.11550189104e-05,0,0,0.2,0.0167332757264,2026-09-08T22:18:53.221714+00:00,study3b_fifo_runtime_v1
71246,C_7737,2010,2011,8.08658951428e-05,0,0,0.2,0.0167332757264,2026-09-08T22:18:53.221714+00:00,study3b_fifo_runtime_v1
71260,C_7738,2010,2011,0.000113222347863,0,0,0.2,0.0167332757264,2026-09-08T22:18:53.221714+00:00,study3b_fifo_runtime_v1
71274,C_7739,2010,2011,0.0086944848299,0,0,0.2,0.0167332757264,2026-09-08T22:18:53.221714+00:00,study3b_fifo_runtime_v1
71284,C_7741,2010,2011,0.000918820209336,0,0,0.2,0.0167332757264,2026-09-08T22:18:53.221714+00:00,study3b_fifo_runtime_v1
71297,C_7742,2010,2011,0.0143543602899,0,0,0.2,0.0167332757264,2026-09-08T22:18:53.221714+00:00,study3b_fifo_runtime_v1
71315,C_7745,2010,2011,0.000464562792331,0,0,0.2,0.0167332757264,2026-09-08T22:18:53.221714+00:00,study3b_fifo_runtime_v1
71334,C_7747,2010,2011,1.66891932167e-05,0,0,0.2,0.0167332757264,2026-09-08T22:18:53.221714+00:00,study3b_fifo_runtime_v1
71339,C_7748,2010,2011,0.0135381259024,0,0,0.2,0.0167332757264,2026-09-08T22:18:53.221714+00:00,study3b_fifo_runtime_v1
71345,C_7749,2010,2011,9.31709437282e-05,0,0,0.2,0.0167332757264,2026-09-08T22:18:53.221714+00:00,study3b_fifo_runtime_v1
71356,C_7750,2010,2011,0.000493490428198,0,0,0.2,0.0167332757264,2026-09-08T22:18:53.221714+00:00,study3b_fifo_runtime_v1
71362,C_7751,2010,2011,0.000675973657053,0,0,0.2,0.0167332757264,2026-09-08T22:18:53.221714+00:00,study3b_fifo_runtime_v1
71369,C_7752,2010,2011,0.000330027542077,0,0,0.2,0.0167332757264,2026-09-08T22:18:53.221714+00:00,study3b_fifo_runtime_v1
71380,C_7754,2010,2011,0.000152623935719,0,0,0.2,0.0167332757264,2026-09-08T22:18:53.221714+00:00,study3b_fifo_runtime_v1
71384,C_7755,2010,2011,0.000470642233267,0,0,0.2,0.0167332757264,2026-09-08T22:18:53.221714+00:00,study3b_fifo_runtime_v1
71397,C_7758,2010,2011,0.000126193655888,0,0,0.2,0.0167332757264,2026-09-08T22:18:53.221714+00:00,study3b_fifo_runtime_v1
71406,C_7760,2010,2011,0.000672628870234,0,0,0.2,0.0167332757264,2026-09-08T22:18:53.221714+00:00,study3b_fifo_runtime_v1
71426,C_7764,2010,2011,0.000151930304128,0,0,0.2,0.0167332757264,2026-09-08T22:18:53.221714+00:00,study3b_fifo_runtime_v1
71435,C_7765,2010,2011,0.00418178131804,0,0,0.2,0.0167332757264,2026-09-08T22:18:53.221714+00:00,study3b_fifo_runtime_v1
71448,C_7766,2010,2011,0.000213897365029,0,0,0.2,0.0167332757264,2026-09-08T22:18:53.221714+00:00,study3b_fifo_runtime_v1
71454,C_7767,2010,2011,0.00793719850481,0,0,0.2,0.0167332757264,2026-09-08T22:18:53.221714+00:00,study3b_fifo_runtime_v1
71461,C_7768,2010,2011,0.00089955405565,0,0,0.2,0.0167332757264,2026-09-08T22:18:53.221714+00:00,study3b_fifo_runtime_v1
71475,C_7771,2010,2011,0.000184692049515,0,0,0.2,0.0167332757264,2026-09-08T22:18:53.221714+00:00,study3b_fifo_runtime_v1
71485,C_7773,2010,2011,0.00278016855009,0,0,0.2,0.0167332757264,2026-09-08T22:18:53.221714+00:00,study3b_fifo_runtime_v1
71494,C_7774,2010,2011,0.000321610394167,0,0,0.2,0.0167332757264,2026-09-08T22:18:53.221714+00:00,study3b_fifo_runtime_v1
71505,C_7776,2010,2011,9.52756672632e-05,0,0,0.2,0.0167332757264,2026-09-08T22:18:53.221714+00:00,study3b_fifo_runtime_v1
71522,C_7780,2010,2011,0.00053254381055,0,0,0.2,0.0167332757264,2026-09-08T22:18:53.221714+00:00,study3b_fifo_runtime_v1
71533,C_7783,2010,2011,0.000333418254741,0,0,0.2,0.0167332757264,2026-09-08T22:18:53.221714+00:00,study3b_fifo_runtime_v1
71551,C_7786,2010,2011,0.00180315412581,0,0,0.2,0.0167332757264,2026-09-08T22:18:53.221714+00:00,study3b_fifo_runtime_v1
71562,C_7787,2010,2011,0.0012387635652,0,0,0.2,0.0167332757264,2026-09-08T22:18:53.221714+00:00,study3b_fifo_runtime_v1
71565,C_7788,2010,2011,0.0698540732265,0,1,0.2,0.0167332757264,2026-09-08T22:18:53.221714+00:00,study3b_fifo_runtime_v1
71578,C_7789,2010,2011,0.000240767098148,0,0,0.2,0.0167332757264,2026-09-08T22:18:53.221714+00:00,study3b_fifo_runtime_v1
71585,C_7790,2010,2011,0.00034494837746,0,0,0.2,0.0167332757264,2026-09-08T22:18:53.221714+00:00,study3b_fifo_runtime_v1
71592,C_7791,2010,2011,0.0475406832993,0,1,0.2,0.0167332757264,2026-09-08T22:18:53.221714+00:00,study3b_fifo_runtime_v1
71609,C_7793,2010,2011,2.34036651818e-05,0,0,0.2,0.0167332757264,2026-09-08T22:18:53.221714+00:00,study3b_fifo_runtime_v1
71615,C_7794,2010,2011,4.35494112025e-05,0,0,0.2,0.0167332757264,2026-09-08T22:18:53.221714+00:00,study3b_fifo_runtime_v1
71628,C_7795,2010,2011,8.81371597643e-05,0,0,0.2,0.0167332757264,2026-09-08T22:18:53.221714+00:00,study3b_fifo_runtime_v1
71633,C_7796,2010,2011,2.10081416299e-05,0,0,0.2,0.0167332757264,2026-09-08T22:18:53.221714+00:00,study3b_fifo_runtime_v1
71648,C_7798,2010,2011,0.000649240275379,0,0,0.2,0.0167332757264,2026-09-08T22:18:53.221714+00:00,study3b_fifo_runtime_v1
71656,C_7800,2010,2011,5.60139778827e-05,0,0,0.2,0.0167332757264,2026-09-08T22:18:53.221714+00:00,study3b_fifo_runtime_v1
71661,C_7801,2010,2011,1.15736720545e-05,0,0,0.2,0.0167332757264,2026-09-08T22:18:53.221714+00:00,study3b_fifo_runtime_v1
71674,C_7803,2010,2011,1.18856696645e-05,0,0,0.2,0.0167332757264,2026-09-08T22:18:53.221714+00:00,study3b_fifo_runtime_v1
71690,C_7806,2010,2011,8.04232913652e-05,0,0,0.2,0.0167332757264,2026-09-08T22:18:53.221714+00:00,study3b_fifo_runtime_v1
71698,C_7807,2010,2011,8.00009656814e-05,0,0,0.2,0.0167332757264,2026-09-08T22:18:53.221714+00:00,study3b_fifo_runtime_v1
71703,C_7808,2010,2011,0.000370614783606,0,0,0.2,0.0167332757264,2026-09-08T22:18:53.221714+00:00,study3b_fifo_runtime_v1
71709,C_7809,2010,2011,0.000911962066311,0,0,0.2,0.0167332757264,2026-09-08T22:18:53.221714+00:00,study3b_fifo_runtime_v1
71722,C_7810,2010,2011,0.000100713696156,0,0,0.2,0.0167332757264,2026-09-08T22:18:53.221714+00:00,study3b_fifo_runtime_v1
71731,C_7812,2010,2011,2.48866435868e-05,0,0,0.2,0.0167332757264,2026-09-08T22:18:53.221714+00:00,study3b_fifo_runtime_v1
71743,C_7813,2010,2011,0.000172045780346,0,0,0.2,0.0167332757264,2026-09-08T22:18:53.221714+00:00,study3b_fifo_runtime_v1
71756,C_7816,2010,2011,0.000313780998113,0,0,0.2,0.0167332757264,2026-09-08T22:18:53.221714+00:00,study3b_fifo_runtime_v1
71769,C_7817,2010,2011,0.00231062970124,0,0,0.2,0.0167332757264,2026-09-08T22:18:53.221714+00:00,study3b_fifo_runtime_v1
71781,C_7818,2010,2011,0.000628893089015,0,0,0.2,0.0167332757264,2026-09-08T22:18:53.221714+00:00,study3b_fifo_runtime_v1
71794,C_7820,2010,2011,0.000310518895276,0,0,0.2,0.0167332757264,2026-09-08T22:18:53.221714+00:00,study3b_fifo_runtime_v1
71807,C_7821,2010,2011,0.000380876124837,0,0,0.2,0.0167332757264,2026-09-08T22:18:53.221714+00:00,study3b_fifo_runtime_v1
71820,C_7822,2010,2011,0.00637298682705,0,0,0.2,0.0167332757264,2026-09-08T22:18:53.221714+00:00,study3b_fifo_runtime_v1
71828,C_7823,2010,2011,0.00195848685689,0,0,0.2,0.0167332757264,2026-09-08T22:18:53.221714+00:00,study3b_fifo_runtime_v1
71834,C_7824,2010,2011,0.00142314087134,0,0,0.2,0.0167332757264,2026-09-08T22:18:53.221714+00:00,study3b_fifo_runtime_v1
71850,C_7826,2010,2011,0.000464602286229,0,0,0.2,0.0167332757264,2026-09-08T22:18:53.221714+00:00,study3b_fifo_runtime_v1
71863,C_7827,2010,2011,2.30030909734e-05,0,0,0.2,0.0167332757264,2026-09-08T22:18:53.221714+00:00,study3b_fifo_runtime_v1
71878,C_7829,2010,2011,6.77816715324e-05,0,0,0.2,0.0167332757264,2026-09-08T22:18:53.221714+00:00,study3b_fifo_runtime_v1
71887,C_7830,2010,2011,0.000200822178158,0,0,0.2,0.0167332757264,2026-09-08T22:18:53.221714+00:00,study3b_fifo_runtime_v1
71893,C_7831,2010,2011,0.00458457879722,0,0,0.2,0.0167332757264,2026-09-08T22:18:53.221714+00:00,study3b_fifo_runtime_v1
71905,C_7832,2010,2011,0.00173277559225,0,0,0.2,0.0167332757264,2026-09-08T22:18:53.221714+00:00,study3b_fifo_runtime_v1
71909,C_7833,2010,2011,0.00509582227096,0,0,0.2,0.0167332757264,2026-09-08T22:18:53.221714+00:00,study3b_fifo_runtime_v1
71920,C_7834,2010,2011,0.00345579325221,0,0,0.2,0.0167332757264,2026-09-08T22:18:53.221714+00:00,study3b_fifo_runtime_v1
72270,C_7912,2010,2011,0.000266630639089,0,0,0.2,0.0167332757264,2026-09-08T22:18:53.221714+00:00,study3b_fifo_runtime_v1
72285,C_7914,2010,2011,0.00163261045236,0,0,0.2,0.0167332757264,2026-09-08T22:18:53.221714+00:00,study3b_fifo_runtime_v1
72294,C_7916,2010,2011,2.24181840167e-05,0,0,0.2,0.0167332757264,2026-09-08T22:18:53.221714+00:00,study3b_fifo_runtime_v1
72307,C_7917,2010,2011,4.46693629783e-05,0,0,0.2,0.0167332757264,2026-09-08T22:18:53.221714+00:00,study3b_fifo_runtime_v1
72315,C_7918,2010,2011,0.000741447613109,0,0,0.2,0.0167332757264,2026-09-08T22:18:53.221714+00:00,study3b_fifo_runtime_v1
72337,C_7921,2010,2011,0.0001354804117,0,0,0.2,0.0167332757264,2026-09-08T22:18:53.221714+00:00,study3b_fifo_runtime_v1
72347,C_7923,2010,2011,3.10983705276e-05,0,0,0.2,0.0167332757264,2026-09-08T22:18:53.221714+00:00,study3b_fifo_runtime_v1
72353,C_7924,2010,2011,0.000462480616989,0,0,0.2,0.0167332757264,2026-09-08T22:18:53.221714+00:00,study3b_fifo_runtime_v1
72360,C_7925,2010,2011,2.76226037386e-05,0,0,0.2,0.0167332757264,2026-09-08T22:18:53.221714+00:00,study3b_fifo_runtime_v1
72371,C_7926,2010,2011,0.000361327518476,0,0,0.2,0.0167332757264,2026-09-08T22:18:53.221714+00:00,study3b_fifo_runtime_v1
72384,C_7927,2010,2011,0.000124544851133,0,0,0.2,0.0167332757264,2026-09-08T22:18:53.221714+00:00,study3b_fifo_runtime_v1
72397,C_7928,2010,2011,0.00114674959332,0,0,0.2,0.0167332757264,2026-09-08T22:18:53.221714+00:00,study3b_fifo_runtime_v1
72404,C_7929,2010,2011,8.95231860341e-05,0,0,0.2,0.0167332757264,2026-09-08T22:18:53.221714+00:00,study3b_fifo_runtime_v1
72412,C_7931,2010,2011,3.29173744831e-05,0,0,0.2,0.0167332757264,2026-09-08T22:18:53.221714+00:00,study3b_fifo_runtime_v1
72418,C_7932,2010,2011,0.000162353477208,0,0,0.2,0.0167332757264,2026-09-08T22:18:53.221714+00:00,study3b_fifo_runtime_v1
72431,C_7933,2010,2011,0.0125072002411,0,0,0.2,0.0167332757264,2026-09-08T22:18:53.221714+00:00,study3b_fifo_runtime_v1
72438,C_7934,2010,2011,0.000784414063673,0,0,0.2,0.0167332757264,2026-09-08T22:18:53.221714+00:00,study3b_fifo_runtime_v1
72454,C_7937,2010,2011,0.00071171898162,0,0,0.2,0.0167332757264,2026-09-08T22:18:53.221714+00:00,study3b_fifo_runtime_v1
72460,C_7938,2010,2011,0.00258772238158,0,0,0.2,0.0167332757264,2026-09-08T22:18:53.221714+00:00,study3b_fifo_runtime_v1
72472,C_7939,2010,2011,0.000155599511345,0,0,0.2,0.0167332757264,2026-09-08T22:18:53.221714+00:00,study3b_fifo_runtime_v1
72475,C_7940,2010,2011,0.000352310715243,0,0,0.2,0.0167332757264,2026-09-08T22:18:53.221714+00:00,study3b_fifo_runtime_v1
72487,C_7941,2010,2011,0.000191561470274,0,0,0.2,0.0167332757264,2026-09-08T22:18:53.221714+00:00,study3b_fifo_runtime_v1
72499,C_7942,2010,2011,9.18389778235e-05,0,0,0.2,0.0167332757264,2026-09-08T22:18:53.221714+00:00,study3b_fifo_runtime_v1
72512,C_7943,2010,2011,3.04005825456e-05,0,0,0.2,0.0167332757264,2026-09-08T22:18:53.221714+00:00,study3b_fifo_runtime_v1
72525,C_7944,2010,2011,7.44591816328e-05,0,0,0.2,0.0167332757264,2026-09-08T22:18:53.221714+00:00,study3b_fifo_runtime_v1
72544,C_7947,2010,2011,0.0145799135789,0,0,0.2,0.0167332757264,2026-09-08T22:18:53.221714+00:00,study3b_fifo_runtime_v1
72554,C_7950,2010,2011,3.54116236849e-05,0,0,0.2,0.0167332757264,2026-09-08T22:18:53.221714+00:00,study3b_fifo_runtime_v1
72564,C_7951,2010,2011,0.000398012896767,0,0,0.2,0.0167332757264,2026-09-08T22:18:53.221714+00:00,study3b_fifo_runtime_v1
72577,C_7953,2010,2011,0.00167644524481,0,0,0.2,0.0167332757264,2026-09-08T22:18:53.221714+00:00,study3b_fifo_runtime_v1
72590,C_7954,2010,2011,6.53827664792e-05,0,0,0.2,0.0167332757264,2026-09-08T22:18:53.221714+00:00,study3b_fifo_runtime_v1
72602,C_7955,2010,2011,0.00365836475976,0,0,0.2,0.0167332757264,2026-09-08T22:18:53.221714+00:00,study3b_fifo_runtime_v1
72615,C_7957,2010,2011,0.000572576362174,0,0,0.2,0.0167332757264,2026-09-08T22:18:53.221714+00:00,study3b_fifo_runtime_v1
72630,C_7960,2010,2011,0.000298097613268,0,0,0.2,0.0167332757264,2026-09-08T22:18:53.221714+00:00,study3b_fifo_runtime_v1
72645,C_7963,2010,2011,0.000442247226601,0,0,0.2,0.0167332757264,2026-09-08T22:18:53.221714+00:00,study3b_fifo_runtime_v1
72652,C_7964,2010,2011,4.42470336566e-05,0,0,0.2,0.0167332757264,2026-09-08T22:18:53.221714+00:00,study3b_fifo_runtime_v1
72663,C_7966,2010,2011,0.00243337708525,0,0,0.2,0.0167332757264,2026-09-08T22:18:53.221714+00:00,study3b_fifo_runtime_v1
72666,C_7967,2010,2011,0.000160243667779,0,0,0.2,0.0167332757264,2026-09-08T22:18:53.221714+00:00,study3b_fifo_runtime_v1
72671,C_7968,2010,2011,0.00139140884858,0,0,0.2,0.0167332757264,2026-09-08T22:18:53.221714+00:00,study3b_fifo_runtime_v1
72683,C_7970,2010,2011,0.000613877084106,0,0,0.2,0.0167332757264,2026-09-08T22:18:53.221714+00:00,study3b_fifo_runtime_v1
72691,C_7971,2010,2011,0.00064092176035,0,0,0.2,0.0167332757264,2026-09-08T22:18:53.221714+00:00,study3b_fifo_runtime_v1
72705,C_7973,2010,2011,0.000368287466699,0,0,0.2,0.0167332757264,2026-09-08T22:18:53.221714+00:00,study3b_fifo_runtime_v1
72717,C_7974,2010,2011,2.6968154998e-05,0,0,0.2,0.0167332757264,2026-09-08T22:18:53.221714+00:00,study3b_fifo_runtime_v1
72733,C_7976,2010,2011,0.00110004702583,0,0,0.2,0.0167332757264,2026-09-08T22:18:53.221714+00:00,study3b_fifo_runtime_v1
72739,C_7977,2010,2011,0.000124580794363,0,0,0.2,0.0167332757264,2026-09-08T22:18:53.221714+00:00,study3b_fifo_runtime_v1
72752,C_7978,2010,2011,0.00408543506637,0,0,0.2,0.0167332757264,2026-09-08T22:18:53.221714+00:00,study3b_fifo_runtime_v1
72764,C_7979,2010,2011,0.000552335986868,0,0,0.2,0.0167332757264,2026-09-08T22:18:53.221714+00:00,study3b_fifo_runtime_v1
72765,C_7980,2010,2011,5.13320846949e-05,0,0,0.2,0.0167332757264,2026-09-08T22:18:53.221714+00:00,study3b_fifo_runtime_v1
72779,C_7984,2010,2011,9.87850125966e-06,0,0,0.2,0.0167332757264,2026-09-08T22:18:53.221714+00:00,study3b_fifo_runtime_v1
72788,C_7985,2010,2011,4.62819189124e-05,0,0,0.2,0.0167332757264,2026-09-08T22:18:53.221714+00:00,study3b_fifo_runtime_v1
72800,C_7986,2010,2011,0.000360338832252,0,0,0.2,0.0167332757264,2026-09-08T22:18:53.221714+00:00,study3b_fifo_runtime_v1
72813,C_7987,2010,2011,0.00207268702798,0,0,0.2,0.0167332757264,2026-09-08T22:18:53.221714+00:00,study3b_fifo_runtime_v1
72835,C_7990,2010,2011,3.98803567805e-05,0,0,0.2,0.0167332757264,2026-09-08T22:18:53.221714+00:00,study3b_fifo_runtime_v1
72846,C_7991,2010,2011,6.97469949955e-05,0,0,0.2,0.0167332757264,2026-09-08T22:18:53.221714+00:00,study3b_fifo_runtime_v1
72865,C_7994,2010,2011,0.000428143073805,0,0,0.2,0.0167332757264,2026-09-08T22:18:53.221714+00:00,study3b_fifo_runtime_v1
72876,C_7995,2010,2011,0.000860012893099,0,0,0.2,0.0167332757264,2026-09-08T22:18:53.221714+00:00,study3b_fifo_runtime_v1
72889,C_7996,2010,2011,0.000333989592036,0,0,0.2,0.0167332757264,2026-09-08T22:18:53.221714+00:00,study3b_fifo_runtime_v1
72899,C_7997,2010,2011,0.0272135213017,0,1,0.2,0.0167332757264,2026-09-08T22:18:53.221714+00:00,study3b_fifo_runtime_v1
72903,C_7999,2010,2011,0.000871740980074,0,0,0.2,0.0167332757264,2026-09-08T22:18:53.221714+00:00,study3b_fifo_runtime_v1
72917,C_8002,2010,2011,0.166183397174,0,1,0.2,0.0167332757264,2026-09-08T22:18:53.221714+00:00,study3b_fifo_runtime_v1
72923,C_8003,2010,2011,0.00117226142902,0,0,0.2,0.0167332757264,2026-09-08T22:18:53.221714+00:00,study3b_fifo_runtime_v1
72933,C_8004,2010,2011,7.4666684668e-05,0,0,0.2,0.0167332757264,2026-09-08T22:18:53.221714+00:00,study3b_fifo_runtime_v1
72945,C_8006,2010,2011,0.000161394505994,0,0,0.2,0.0167332757264,2026-09-08T22:18:53.221714+00:00,study3b_fifo_runtime_v1
72955,C_8008,2010,2011,4.76091327073e-06,0,0,0.2,0.0167332757264,2026-09-08T22:18:53.221714+00:00,study3b_fifo_runtime_v1
72964,C_8009,2010,2011,0.000234581064433,0,0,0.2,0.0167332757264,2026-09-08T22:18:53.221714+00:00,study3b_fifo_runtime_v1
72969,C_8010,2010,2011,0.00324153783731,0,0,0.2,0.0167332757264,2026-09-08T22:18:53.221714+00:00,study3b_fifo_runtime_v1
72979,C_8011,2010,2011,0.000763241201639,0,0,0.2,0.0167332757264,2026-09-08T22:18:53.221714+00:00,study3b_fifo_runtime_v1
72981,C_8012,2010,2011,0.000793812330812,0,0,0.2,0.0167332757264,2026-09-08T22:18:53.221714+00:00,study3b_fifo_runtime_v1
72991,C_8013,2010,2011,1.16826222438e-05,0,0,0.2,0.0167332757264,2026-09-08T22:18:53.221714+00:00,study3b_fifo_runtime_v1
72995,C_8014,2010,2011,0.00094602041645,0,0,0.2,0.0167332757264,2026-09-08T22:18:53.221714+00:00,study3b_fifo_runtime_v1
73008,C_8015,2010,2011,5.4742256907e-05,0,0,0.2,0.0167332757264,2026-09-08T22:18:53.221714+00:00,study3b_fifo_runtime_v1
73021,C_8016,2010,2011,0.025992622599,0,1,0.2,0.0167332757264,2026-09-08T22:18:53.221714+00:00,study3b_fifo_runtime_v1
73035,C_8018,2010,2011,0.000376923562726,0,0,0.2,0.0167332757264,2026-09-08T22:18:53.221714+00:00,study3b_fifo_runtime_v1
73043,C_8019,2010,2011,0.000135399197461,0,0,0.2,0.0167332757264,2026-09-08T22:18:53.221714+00:00,study3b_fifo_runtime_v1
73048,C_8020,2010,2011,0.000326710724039,0,0,0.2,0.0167332757264,2026-09-08T22:18:53.221714+00:00,study3b_fifo_runtime_v1
73061,C_8021,2010,2011,0.180125117302,0,1,0.2,0.0167332757264,2026-09-08T22:18:53.221714+00:00,study3b_fifo_runtime_v1
73078,C_8025,2010,2011,0.000107540392492,0,0,0.2,0.0167332757264,2026-09-08T22:18:53.221714+00:00,study3b_fifo_runtime_v1
73090,C_8026,2010,2011,0.000200026013772,0,0,0.2,0.0167332757264,2026-09-08T22:18:53.221714+00:00,study3b_fifo_runtime_v1
73111,C_8029,2010,2011,0.00960428453982,0,0,0.2,0.0167332757264,2026-09-08T22:18:53.221714+00:00,study3b_fifo_runtime_v1
73124,C_8030,2010,2011,0.000129696651129,0,0,0.2,0.0167332757264,2026-09-08T22:18:53.221714+00:00,study3b_fifo_runtime_v1
73130,C_8031,2010,2011,0.000901674793568,0,0,0.2,0.0167332757264,2026-09-08T22:18:53.221714+00:00,study3b_fifo_runtime_v1
73138,C_8032,2010,2011,0.000273215555353,0,0,0.2,0.0167332757264,2026-09-08T22:18:53.221714+00:00,study3b_fifo_runtime_v1
73150,C_8034,2010,2011,1.80330407602e-05,0,0,0.2,0.0167332757264,2026-09-08T22:18:53.221714+00:00,study3b_fifo_runtime_v1
73163,C_8035,2010,2011,0.000881429936271,0,0,0.2,0.0167332757264,2026-09-08T22:18:53.221714+00:00,study3b_fifo_runtime_v1
73175,C_8036,2010,2011,0.00034587807022,0,0,0.2,0.0167332757264,2026-09-08T22:18:53.221714+00:00,study3b_fifo_runtime_v1
73184,C_8037,2010,2011,0.00116871448699,0,0,0.2,0.0167332757264,2026-09-08T22:18:53.221714+00:00,study3b_fifo_runtime_v1
73195,C_8038,2010,2011,0.000198692490812,0,0,0.2,0.0167332757264,2026-09-08T22:18:53.221714+00:00,study3b_fifo_runtime_v1
73205,C_8040,2010,2011,0.00195822492242,0,0,0.2,0.0167332757264,2026-09-08T22:18:53.221714+00:00,study3b_fifo_runtime_v1
73215,C_8041,2010,2011,0.00206554075703,0,0,0.2,0.0167332757264,2026-09-08T22:18:53.221714+00:00,study3b_fifo_runtime_v1
73220,C_8042,2010,2011,0.000135660389788,0,0,0.2,0.0167332757264,2026-09-08T22:18:53.221714+00:00,study3b_fifo_runtime_v1
73231,C_8044,2010,2011,0.000915073149372,0,0,0.2,0.0167332757264,2026-09-08T22:18:53.221714+00:00,study3b_fifo_runtime_v1
73253,C_8047,2010,2011,0.00285813095979,0,0,0.2,0.0167332757264,2026-09-08T22:18:53.221714+00:00,study3b_fifo_runtime_v1
73258,C_8048,2010,2011,2.73657351499e-05,0,0,0.2,0.0167332757264,2026-09-08T22:18:53.221714+00:00,study3b_fifo_runtime_v1
73270,C_8049,2010,2011,8.65351557877e-06,0,0,0.2,0.0167332757264,2026-09-08T22:18:53.221714+00:00,study3b_fifo_runtime_v1
73282,C_8050,2010,2011,6.78313444951e-05,0,0,0.2,0.0167332757264,2026-09-08T22:18:53.221714+00:00,study3b_fifo_runtime_v1
73291,C_8051,2010,2011,0.000644296698738,0,0,0.2,0.0167332757264,2026-09-08T22:18:53.221714+00:00,study3b_fifo_runtime_v1
73303,C_8052,2010,2011,0.000168652448338,0,0,0.2,0.0167332757264,2026-09-08T22:18:53.221714+00:00,study3b_fifo_runtime_v1
73314,C_8055,2010,2011,0.00114114535972,0,0,0.2,0.0167332757264,2026-09-08T22:18:53.221714+00:00,study3b_fifo_runtime_v1
73324,C_8056,2010,2011,0.000115403840027,0,0,0.2,0.0167332757264,2026-09-08T22:18:53.221714+00:00,study3b_fifo_runtime_v1
73333,C_8057,2010,2011,0.00165143015329,0,0,0.2,0.0167332757264,2026-09-08T22:18:53.221714+00:00,study3b_fifo_runtime_v1
73342,C_8058,2010,2011,2.14785977732e-05,0,0,0.2,0.0167332757264,2026-09-08T22:18:53.221714+00:00,study3b_fifo_runtime_v1
73349,C_8059,2010,2011,0.0177890453488,0,1,0.2,0.0167332757264,2026-09-08T22:18:53.221714+00:00,study3b_fifo_runtime_v1
73354,C_8060,2010,2011,0.000117352719826,0,0,0.2,0.0167332757264,2026-09-08T22:18:53.221714+00:00,study3b_fifo_runtime_v1
73365,C_8061,2010,2011,0.00195252522826,0,0,0.2,0.0167332757264,2026-09-08T22:18:53.221714+00:00,study3b_fifo_runtime_v1
73377,C_8062,2010,2011,0.00139294110704,0,0,0.2,0.0167332757264,2026-09-08T22:18:53.221714+00:00,study3b_fifo_runtime_v1
73389,C_8063,2010,2011,0.00385495647788,0,0,0.2,0.0167332757264,2026-09-08T22:18:53.221714+00:00,study3b_fifo_runtime_v1
73402,C_8065,2010,2011,3.3076696127e-05,0,0,0.2,0.0167332757264,2026-09-08T22:18:53.221714+00:00,study3b_fifo_runtime_v1
73410,C_8066,2010,2011,0.0025429467205,0,0,0.2,0.0167332757264,2026-09-08T22:18:53.221714+00:00,study3b_fifo_runtime_v1
73426,C_8069,2010,2011,0.000294588884572,0,0,0.2,0.0167332757264,2026-09-08T22:18:53.221714+00:00,study3b_fifo_runtime_v1
73439,C_8071,2010,2011,0.000440226780483,0,0,0.2,0.0167332757264,2026-09-08T22:18:53.221714+00:00,study3b_fifo_runtime_v1
73447,C_8072,2010,2011,6.81913734297e-05,0,0,0.2,0.0167332757264,2026-09-08T22:18:53.221714+00:00,study3b_fifo_runtime_v1
73460,C_8075,2010,2011,9.79215328698e-05,0,0,0.2,0.0167332757264,2026-09-08T22:18:53.221714+00:00,study3b_fifo_runtime_v1
73466,C_8076,2010,2011,0.000152715321747,0,0,0.2,0.0167332757264,2026-09-08T22:18:53.221714+00:00,study3b_fifo_runtime_v1
73478,C_8077,2010,2011,0.000393656344386,0,0,0.2,0.0167332757264,2026-09-08T22:18:53.221714+00:00,study3b_fifo_runtime_v1
73490,C_8078,2010,2011,0.000129440202727,0,0,0.2,0.0167332757264,2026-09-08T22:18:53.221714+00:00,study3b_fifo_runtime_v1
73498,C_8079,2010,2011,0.0207629278302,0,1,0.2,0.0167332757264,2026-09-08T22:18:53.221714+00:00,study3b_fifo_runtime_v1
73510,C_8080,2010,2011,0.000271178898402,0,0,0.2,0.0167332757264,2026-09-08T22:18:53.221714+00:00,study3b_fifo_runtime_v1
73511,C_8081,2010,2011,0.00183356797788,0,0,0.2,0.0167332757264,2026-09-08T22:18:53.221714+00:00,study3b_fifo_runtime_v1
73523,C_8082,2010,2011,0.000237256244873,0,0,0.2,0.0167332757264,2026-09-08T22:18:53.221714+00:00,study3b_fifo_runtime_v1
73536,C_8084,2010,2011,0.000159923234605,0,0,0.2,0.0167332757264,2026-09-08T22:18:53.221714+00:00,study3b_fifo_runtime_v1
73540,C_8085,2010,2011,0.000168006052263,0,0,0.2,0.0167332757264,2026-09-08T22:18:53.221714+00:00,study3b_fifo_runtime_v1
73555,C_8087,2010,2011,5.98017650191e-05,0,0,0.2,0.0167332757264,2026-09-08T22:18:53.221714+00:00,study3b_fifo_runtime_v1
73565,C_8088,2010,2011,0.000305083929561,0,0,0.2,0.0167332757264,2026-09-08T22:18:53.221714+00:00,study3b_fifo_runtime_v1
73577,C_8089,2010,2011,0.00110632332508,0,0,0.2,0.0167332757264,2026-09-08T22:18:53.221714+00:00,study3b_fifo_runtime_v1
73584,C_8090,2010,2011,0.00400275737047,0,0,0.2,0.0167332757264,2026-09-08T22:18:53.221714+00:00,study3b_fifo_runtime_v1
73596,C_8092,2010,2011,0.000243145550485,0,0,0.2,0.0167332757264,2026-09-08T22:18:53.221714+00:00,study3b_fifo_runtime_v1
73606,C_8093,2010,2011,0.000467538484372,0,0,0.2,0.0167332757264,2026-09-08T22:18:53.221714+00:00,study3b_fifo_runtime_v1
73611,C_8094,2010,2011,0.000390316243283,0,0,0.2,0.0167332757264,2026-09-08T22:18:53.221714+00:00,study3b_fifo_runtime_v1
73618,C_8095,2010,2011,0.00019101765065,0,0,0.2,0.0167332757264,2026-09-08T22:18:53.221714+00:00,study3b_fifo_runtime_v1
73624,C_8096,2010,2011,0.00030745335971,0,0,0.2,0.0167332757264,2026-09-08T22:18:53.221714+00:00,study3b_fifo_runtime_v1
73635,C_8097,2010,2011,0.000108558429929,0,0,0.2,0.0167332757264,2026-09-08T22:18:53.221714+00:00,study3b_fifo_runtime_v1
73647,C_8098,2010,2011,3.96579962398e-05,0,0,0.2,0.0167332757264,2026-09-08T22:18:53.221714+00:00,study3b_fifo_runtime_v1
73659,C_8099,2010,2011,0.000121311568364,0,0,0.2,0.0167332757264,2026-09-08T22:18:53.221714+00:00,study3b_fifo_runtime_v1
73669,C_8100,2010,2011,0.000453730579466,0,0,0.2,0.0167332757264,2026-09-08T22:18:53.221714+00:00,study3b_fifo_runtime_v1
73674,C_8101,2010,2011,2.7050720746e-05,0,0,0.2,0.0167332757264,2026-09-08T22:18:53.221714+00:00,study3b_fifo_runtime_v1
73686,C_8102,2010,2011,0.00460839085281,0,0,0.2,0.0167332757264,2026-09-08T22:18:53.221714+00:00,study3b_fifo_runtime_v1
73689,C_8103,2010,2011,0.000522835587617,0,0,0.2,0.0167332757264,2026-09-08T22:18:53.221714+00:00,study3b_fifo_runtime_v1
73712,C_8107,2010,2011,0.000106373343442,0,0,0.2,0.0167332757264,2026-09-08T22:18:53.221714+00:00,study3b_fifo_runtime_v1
73714,C_8108,2010,2011,0.00201668636873,0,0,0.2,0.0167332757264,2026-09-08T22:18:53.221714+00:00,study3b_fifo_runtime_v1
73719,C_8109,2010,2011,0.000408336782129,0,0,0.2,0.0167332757264,2026-09-08T22:18:53.221714+00:00,study3b_fifo_runtime_v1
73729,C_8110,2010,2011,0.0238261818886,0,1,0.2,0.0167332757264,2026-09-08T22:18:53.221714+00:00,study3b_fifo_runtime_v1
73741,C_8111,2010,2011,0.000882950203959,0,0,0.2,0.0167332757264,2026-09-08T22:18:53.221714+00:00,study3b_fifo_runtime_v1
73753,C_8112,2010,2011,0.000355465483153,0,0,0.2,0.0167332757264,2026-09-08T22:18:53.221714+00:00,study3b_fifo_runtime_v1
73765,C_8113,2010,2011,8.73472090461e-05,0,0,0.2,0.0167332757264,2026-09-08T22:18:53.221714+00:00,study3b_fifo_runtime_v1
73775,C_8114,2010,2011,0.000759689603001,0,0,0.2,0.0167332757264,2026-09-08T22:18:53.221714+00:00,study3b_fifo_runtime_v1
73787,C_8115,2010,2011,0.000100263801869,0,0,0.2,0.0167332757264,2026-09-08T22:18:53.221714+00:00,study3b_fifo_runtime_v1
73795,C_8116,2010,2011,0.00219581252895,0,0,0.2,0.0167332757264,2026-09-08T22:18:53.221714+00:00,study3b_fifo_runtime_v1
73813,C_8118,2010,2011,0.0150216370821,0,0,0.2,0.0167332757264,2026-09-08T22:18:53.221714+00:00,study3b_fifo_runtime_v1
73820,C_8120,2010,2011,1.57073282026e-05,0,0,0.2,0.0167332757264,2026-09-08T22:18:53.221714+00:00,study3b_fifo_runtime_v1
73832,C_8122,2010,2011,0.00013224943541,0,0,0.2,0.0167332757264,2026-09-08T22:18:53.221714+00:00,study3b_fifo_runtime_v1
73844,C_8124,2010,2011,9.38312732615e-05,0,0,0.2,0.0167332757264,2026-09-08T22:18:53.221714+00:00,study3b_fifo_runtime_v1
73853,C_8125,2010,2011,0.00118277489673,0,0,0.2,0.0167332757264,2026-09-08T22:18:53.221714+00:00,study3b_fifo_runtime_v1
73863,C_8126,2010,2011,0.00154190231115,0,0,0.2,0.0167332757264,2026-09-08T22:18:53.221714+00:00,study3b_fifo_runtime_v1
73871,C_8127,2010,2011,0.000156236201292,0,0,0.2,0.0167332757264,2026-09-08T22:18:53.221714+00:00,study3b_fifo_runtime_v1
73880,C_8128,2010,2011,0.000682063400745,0,0,0.2,0.0167332757264,2026-09-08T22:18:53.221714+00:00,study3b_fifo_runtime_v1
73897,C_8131,2010,2011,0.000132238012156,0,0,0.2,0.0167332757264,2026-09-08T22:18:53.221714+00:00,study3b_fifo_runtime_v1
73901,C_8132,2010,2011,0.0159333460033,0,0,0.2,0.0167332757264,2026-09-08T22:18:53.221714+00:00,study3b_fifo_runtime_v1
73908,C_8133,2010,2011,0.000718719616998,0,0,0.2,0.0167332757264,2026-09-08T22:18:53.221714+00:00,study3b_fifo_runtime_v1
73916,C_8134,2010,2011,0.000209438687307,0,0,0.2,0.0167332757264,2026-09-08T22:18:53.221714+00:00,study3b_fifo_runtime_v1
73927,C_8135,2010,2011,0.00633023539558,0,0,0.2,0.0167332757264,2026-09-08T22:18:53.221714+00:00,study3b_fifo_runtime_v1
73931,C_8136,2010,2011,0.000123253950733,0,0,0.2,0.0167332757264,2026-09-08T22:18:53.221714+00:00,study3b_fifo_runtime_v1
73943,C_8138,2010,2011,0.000156593916472,0,0,0.2,0.0167332757264,2026-09-08T22:18:53.221714+00:00,study3b_fifo_runtime_v1
73953,C_8140,2010,2011,0.00017596950056,0,0,0.2,0.0167332757264,2026-09-08T22:18:53.221714+00:00,study3b_fifo_runtime_v1
73962,C_8143,2010,2011,0.000837507483084,0,0,0.2,0.0167332757264,2026-09-08T22:18:53.221714+00:00,study3b_fifo_runtime_v1
73967,C_8144,2010,2011,0.000367640313925,0,0,0.2,0.0167332757264,2026-09-08T22:18:53.221714+00:00,study3b_fifo_runtime_v1
73972,C_8145,2010,2011,1.09693783088e-05,0,0,0.2,0.0167332757264,2026-09-08T22:18:53.221714+00:00,study3b_fifo_runtime_v1
73977,C_8146,2010,2011,0.0058313771151,0,0,0.2,0.0167332757264,2026-09-08T22:18:53.221714+00:00,study3b_fifo_runtime_v1
73981,C_8147,2010,2011,3.88716325688e-05,0,0,0.2,0.0167332757264,2026-09-08T22:18:53.221714+00:00,study3b_fifo_runtime_v1
73995,C_8149,2010,2011,2.92978274956e-05,0,0,0.2,0.0167332757264,2026-09-08T22:18:53.221714+00:00,study3b_fifo_runtime_v1
74005,C_8150,2010,2011,0.000693187874276,0,0,0.2,0.0167332757264,2026-09-08T22:18:53.221714+00:00,study3b_fifo_runtime_v1
74009,C_8151,2010,2011,6.76985728205e-05,0,0,0.2,0.0167332757264,2026-09-08T22:18:53.221714+00:00,study3b_fifo_runtime_v1
74021,C_8152,2010,2011,0.00441524060443,0,0,0.2,0.0167332757264,2026-09-08T22:18:53.221714+00:00,study3b_fifo_runtime_v1
74023,C_8153,2010,2011,0.000210748708923,0,0,0.2,0.0167332757264,2026-09-08T22:18:53.221714+00:00,study3b_fifo_runtime_v1
74026,C_8154,2010,2011,6.26279579592e-05,0,0,0.2,0.0167332757264,2026-09-08T22:18:53.221714+00:00,study3b_fifo_runtime_v1
74038,C_8155,2010,2011,6.38749916106e-05,0,0,0.2,0.0167332757264,2026-09-08T22:18:53.221714+00:00,study3b_fifo_runtime_v1
74046,C_8157,2010,2011,1.15515795187e-05,0,0,0.2,0.0167332757264,2026-09-08T22:18:53.221714+00:00,study3b_fifo_runtime_v1
74058,C_8158,2010,2011,0.000195501823328,0,0,0.2,0.0167332757264,2026-09-08T22:18:53.221714+00:00,study3b_fifo_runtime_v1
74067,C_8159,2010,2011,0.000542041903827,0,0,0.2,0.0167332757264,2026-09-08T22:18:53.221714+00:00,study3b_fifo_runtime_v1
74078,C_8160,2010,2011,1.85749031516e-05,0,0,0.2,0.0167332757264,2026-09-08T22:18:53.221714+00:00,study3b_fifo_runtime_v1
74084,C_8161,2010,2011,0.000116077710118,0,0,0.2,0.0167332757264,2026-09-08T22:18:53.221714+00:00,study3b_fifo_runtime_v1
74092,C_8162,2010,2011,0.000186139470316,0,0,0.2,0.0167332757264,2026-09-08T22:18:53.221714+00:00,study3b_fifo_runtime_v1
74102,C_8163,2010,2011,0.00200065760873,0,0,0.2,0.0167332757264,2026-09-08T22:18:53.221714+00:00,study3b_fifo_runtime_v1
74114,C_8164,2010,2011,2.8272610507e-05,0,0,0.2,0.0167332757264,2026-09-08T22:18:53.221714+00:00,study3b_fifo_runtime_v1
74125,C_8165,2010,2011,0.000127088700538,0,0,0.2,0.0167332757264,2026-09-08T22:18:53.221714+00:00,study3b_fifo_runtime_v1
74141,C_8167,2010,2011,0.000203960298677,0,0,0.2,0.0167332757264,2026-09-08T22:18:53.221714+00:00,study3b_fifo_runtime_v1
74159,C_8170,2010,2011,7.558233483e-05,0,0,0.2,0.0167332757264,2026-09-08T22:18:53.221714+00:00,study3b_fifo_runtime_v1
74176,C_8172,2010,2011,8.98737125681e-05,0,0,0.2,0.0167332757264,2026-09-08T22:18:53.221714+00:00,study3b_fifo_runtime_v1
74182,C_8173,2010,2011,0.000105123734102,0,0,0.2,0.0167332757264,2026-09-08T22:18:53.221714+00:00,study3b_fifo_runtime_v1
74193,C_8174,2010,2011,4.01027973567e-05,0,0,0.2,0.0167332757264,2026-09-08T22:18:53.221714+00:00,study3b_fifo_runtime_v1
74200,C_8175,2010,2011,2.38497304963e-05,0,0,0.2,0.0167332757264,2026-09-08T22:18:53.221714+00:00,study3b_fifo_runtime_v1
74214,C_8178,2010,2011,0.00110725755803,0,0,0.2,0.0167332757264,2026-09-08T22:18:53.221714+00:00,study3b_fifo_runtime_v1
74217,C_8179,2010,2011,0.000390480417991,0,0,0.2,0.0167332757264,2026-09-08T22:18:53.221714+00:00,study3b_fifo_runtime_v1
74219,C_8180,2010,2011,0.0031654604245,0,0,0.2,0.0167332757264,2026-09-08T22:18:53.221714+00:00,study3b_fifo_runtime_v1
74232,C_8182,2010,2011,3.13241289405e-05,0,0,0.2,0.0167332757264,2026-09-08T22:18:53.221714+00:00,study3b_fifo_runtime_v1
74244,C_8183,2010,2011,6.58314311295e-05,0,0,0.2,0.0167332757264,2026-09-08T22:18:53.221714+00:00,study3b_fifo_runtime_v1
74255,C_8184,2010,2011,0.000908421818167,0,0,0.2,0.0167332757264,2026-09-08T22:18:53.221714+00:00,study3b_fifo_runtime_v1
74263,C_8185,2010,2011,0.000115289440146,0,0,0.2,0.0167332757264,2026-09-08T22:18:53.221714+00:00,study3b_fifo_runtime_v1
74275,C_8186,2010,2011,2.92881250061e-05,0,0,0.2,0.0167332757264,2026-09-08T22:18:53.221714+00:00,study3b_fifo_runtime_v1
74282,C_8189,2010,2011,0.00150207430124,0,0,0.2,0.0167332757264,2026-09-08T22:18:53.221714+00:00,study3b_fifo_runtime_v1
74296,C_8191,2010,2011,6.64000181132e-05,0,0,0.2,0.0167332757264,2026-09-08T22:18:53.221714+00:00,study3b_fifo_runtime_v1
74306,C_8192,2010,2011,0.000372752925614,0,0,0.2,0.0167332757264,2026-09-08T22:18:53.221714+00:00,study3b_fifo_runtime_v1
74308,C_8193,2010,2011,0.00241160742007,0,0,0.2,0.0167332757264,2026-09-08T22:18:53.221714+00:00,study3b_fifo_runtime_v1
74320,C_8194,2010,2011,0.000769636360928,0,0,0.2,0.0167332757264,2026-09-08T22:18:53.221714+00:00,study3b_fifo_runtime_v1
74328,C_8197,2010,2011,0.000577750091907,0,0,0.2,0.0167332757264,2026-09-08T22:18:53.221714+00:00,study3b_fifo_runtime_v1
74340,C_8199,2010,2011,0.000357436510967,0,0,0.2,0.0167332757264,2026-09-08T22:18:53.221714+00:00,study3b_fifo_runtime_v1
74355,C_8201,2010,2011,0.00336251780391,0,0,0.2,0.0167332757264,2026-09-08T22:18:53.221714+00:00,study3b_fifo_runtime_v1
74367,C_8202,2010,2011,0.00176460295916,0,0,0.2,0.0167332757264,2026-09-08T22:18:53.221714+00:00,study3b_fifo_runtime_v1
74375,C_8203,2010,2011,0.00137232232373,0,0,0.2,0.0167332757264,2026-09-08T22:18:53.221714+00:00,study3b_fifo_runtime_v1
74387,C_8204,2010,2011,0.010093071498,0,0,0.2,0.0167332757264,2026-09-08T22:18:53.221714+00:00,study3b_fifo_runtime_v1
74399,C_8205,2010,2011,0.0587790161371,0,1,0.2,0.0167332757264,2026-09-08T22:18:53.221714+00:00,study3b_fifo_runtime_v1
74404,C_8207,2010,2011,3.51240596501e-05,0,0,0.2,0.0167332757264,2026-09-08T22:18:53.221714+00:00,study3b_fifo_runtime_v1
74412,C_8208,2010,2011,0.000155865971465,0,0,0.2,0.0167332757264,2026-09-08T22:18:53.221714+00:00,study3b_fifo_runtime_v1
74424,C_8209,2010,2011,0.000128444502479,0,0,0.2,0.0167332757264,2026-09-08T22:18:53.221714+00:00,study3b_fifo_runtime_v1
74437,C_8211,2010,2011,4.88195619255e-05,0,0,0.2,0.0167332757264,2026-09-08T22:18:53.221714+00:00,study3b_fifo_runtime_v1
74453,C_8216,2010,2011,0.000338202895364,0,0,0.2,0.0167332757264,2026-09-08T22:18:53.221714+00:00,study3b_fifo_runtime_v1
74456,C_8217,2010,2011,0.00457869889215,0,0,0.2,0.0167332757264,2026-09-08T22:18:53.221714+00:00,study3b_fifo_runtime_v1
74460,C_8218,2010,2011,0.000347416877048,0,0,0.2,0.0167332757264,2026-09-08T22:18:53.221714+00:00,study3b_fifo_runtime_v1
74466,C_8219,2010,2011,0.00041296807467,0,0,0.2,0.0167332757264,2026-09-08T22:18:53.221714+00:00,study3b_fifo_runtime_v1
74471,C_8220,2010,2011,4.42434356955e-05,0,0,0.2,0.0167332757264,2026-09-08T22:18:53.221714+00:00,study3b_fifo_runtime_v1
74482,C_8221,2010,2011,5.81143140153e-05,0,0,0.2,0.0167332757264,2026-09-08T22:18:53.221714+00:00,study3b_fifo_runtime_v1
74496,C_8223,2010,2011,0.0038232577499,0,0,0.2,0.0167332757264,2026-09-08T22:18:53.221714+00:00,study3b_fifo_runtime_v1
74513,C_8225,2010,2011,0.00010526378901,0,0,0.2,0.0167332757264,2026-09-08T22:18:53.221714+00:00,study3b_fifo_runtime_v1
74533,C_8229,2010,2011,0.000363109866157,0,0,0.2,0.0167332757264,2026-09-08T22:18:53.221714+00:00,study3b_fifo_runtime_v1
74542,C_8230,2010,2011,2.24290615733e-05,0,0,0.2,0.0167332757264,2026-09-08T22:18:53.221714+00:00,study3b_fifo_runtime_v1
74551,C_8231,2010,2011,4.71980274597e-06,0,0,0.2,0.0167332757264,2026-09-08T22:18:53.221714+00:00,study3b_fifo_runtime_v1
74563,C_8232,2010,2011,3.02274947899e-05,0,0,0.2,0.0167332757264,2026-09-08T22:18:53.221714+00:00,study3b_fifo_runtime_v1
74579,C_8235,2010,2011,2.19451667363e-05,0,0,0.2,0.0167332757264,2026-09-08T22:18:53.221714+00:00,study3b_fifo_runtime_v1
74594,C_8237,2010,2011,0.000157504095114,0,0,0.2,0.0167332757264,2026-09-08T22:18:53.221714+00:00,study3b_fifo_runtime_v1
74606,C_8238,2010,2011,0.000586396490689,0,0,0.2,0.0167332757264,2026-09-08T22:18:53.221714+00:00,study3b_fifo_runtime_v1
74618,C_8241,2010,2011,0.000157772927196,0,0,0.2,0.0167332757264,2026-09-08T22:18:53.221714+00:00,study3b_fifo_runtime_v1
74633,C_8244,2010,2011,7.83774376032e-05,0,0,0.2,0.0167332757264,2026-09-08T22:18:53.221714+00:00,study3b_fifo_runtime_v1
74648,C_8246,2010,2011,0.000247153744567,0,0,0.2,0.0167332757264,2026-09-08T22:18:53.221714+00:00,study3b_fifo_runtime_v1
74651,C_8247,2010,2011,0.00192896276712,0,0,0.2,0.0167332757264,2026-09-08T22:18:53.221714+00:00,study3b_fifo_runtime_v1
74664,C_8249,2010,2011,0.000595603545662,0,0,0.2,0.0167332757264,2026-09-08T22:18:53.221714+00:00,study3b_fifo_runtime_v1
74675,C_8251,2010,2011,0.000661290541757,0,0,0.2,0.0167332757264,2026-09-08T22:18:53.221714+00:00,study3b_fifo_runtime_v1
74694,C_8254,2010,2011,0.000923277810216,0,0,0.2,0.0167332757264,2026-09-08T22:18:53.221714+00:00,study3b_fifo_runtime_v1
74704,C_8255,2010,2011,0.000104156315501,0,0,0.2,0.0167332757264,2026-09-08T22:18:53.221714+00:00,study3b_fifo_runtime_v1
74720,C_8258,2010,2011,3.90452805732e-05,0,0,0.2,0.0167332757264,2026-09-08T22:18:53.221714+00:00,study3b_fifo_runtime_v1
74731,C_8259,2010,2011,2.5207105864e-05,0,0,0.2,0.0167332757264,2026-09-08T22:18:53.221714+00:00,study3b_fifo_runtime_v1
74741,C_8260,2010,2011,0.000249807868386,0,0,0.2,0.0167332757264,2026-09-08T22:18:53.221714+00:00,study3b_fifo_runtime_v1
74745,C_8261,2010,2011,0.000227595097385,0,0,0.2,0.0167332757264,2026-09-08T22:18:53.221714+00:00,study3b_fifo_runtime_v1
74756,C_8264,2010,2011,0.000711101631168,0,0,0.2,0.0167332757264,2026-09-08T22:18:53.221714+00:00,study3b_fifo_runtime_v1
74764,C_8265,2010,2011,0.00023903104011,0,0,0.2,0.0167332757264,2026-09-08T22:18:53.221714+00:00,study3b_fifo_runtime_v1
74776,C_8266,2010,2011,6.73027170706e-05,0,0,0.2,0.0167332757264,2026-09-08T22:18:53.221714+00:00,study3b_fifo_runtime_v1
74782,C_8267,2010,2011,0.000694845977705,0,0,0.2,0.0167332757264,2026-09-08T22:18:53.221714+00:00,study3b_fifo_runtime_v1
74798,C_8269,2010,2011,0.00197193189524,0,0,0.2,0.0167332757264,2026-09-08T22:18:53.221714+00:00,study3b_fifo_runtime_v1
74805,C_8270,2010,2011,0.0103895254433,0,0,0.2,0.0167332757264,2026-09-08T22:18:53.221714+00:00,study3b_fifo_runtime_v1
74817,C_8271,2010,2011,7.34766799724e-05,0,0,0.2,0.0167332757264,2026-09-08T22:18:53.221714+00:00,study3b_fifo_runtime_v1
74843,C_8275,2010,2011,0.000380379991839,0,0,0.2,0.0167332757264,2026-09-08T22:18:53.221714+00:00,study3b_fifo_runtime_v1
74868,C_8279,2010,2011,2.25561670959e-05,0,0,0.2,0.0167332757264,2026-09-08T22:18:53.221714+00:00,study3b_fifo_runtime_v1
74879,C_8280,2010,2011,0.00103985914029,0,0,0.2,0.0167332757264,2026-09-08T22:18:53.221714+00:00,study3b_fifo_runtime_v1
74890,C_8283,2010,2011,0.0126550896093,0,0,0.2,0.0167332757264,2026-09-08T22:18:53.221714+00:00,study3b_fifo_runtime_v1
74903,C_8285,2010,2011,7.33499036869e-05,0,0,0.2,0.0167332757264,2026-09-08T22:18:53.221714+00:00,study3b_fifo_runtime_v1
74906,C_8286,2010,2011,0.000524076225702,0,0,0.2,0.0167332757264,2026-09-08T22:18:53.221714+00:00,study3b_fifo_runtime_v1
74917,C_8287,2010,2011,5.48291136511e-05,0,0,0.2,0.0167332757264,2026-09-08T22:18:53.221714+00:00,study3b_fifo_runtime_v1
74927,C_8289,2010,2011,0.0142939127982,0,0,0.2,0.0167332757264,2026-09-08T22:18:53.221714+00:00,study3b_fifo_runtime_v1
74940,C_8293,2010,2011,0.000302585656755,0,0,0.2,0.0167332757264,2026-09-08T22:18:53.221714+00:00,study3b_fifo_runtime_v1
74946,C_8295,2010,2011,0.00204970408231,0,0,0.2,0.0167332757264,2026-09-08T22:18:53.221714+00:00,study3b_fifo_runtime_v1
74950,C_8296,2010,2011,0.0179441887885,0,1,0.2,0.0167332757264,2026-09-08T22:18:53.221714+00:00,study3b_fifo_runtime_v1
74961,C_8297,2010,2011,7.65974109527e-05,0,0,0.2,0.0167332757264,2026-09-08T22:18:53.221714+00:00,study3b_fifo_runtime_v1
74975,C_8299,2010,2011,0.000101371602796,0,0,0.2,0.0167332757264,2026-09-08T22:18:53.221714+00:00,study3b_fifo_runtime_v1
74984,C_8300,2010,2011,0.000293522345601,0,0,0.2,0.0167332757264,2026-09-08T22:18:53.221714+00:00,study3b_fifo_runtime_v1
74992,C_8301,2010,2011,0.00114196445793,0,0,0.2,0.0167332757264,2026-09-08T22:18:53.221714+00:00,study3b_fifo_runtime_v1
75003,C_8302,2010,2011,0.0178740434349,0,1,0.2,0.0167332757264,2026-09-08T22:18:53.221714+00:00,study3b_fifo_runtime_v1
75017,C_8304,2010,2011,6.33094387013e-05,0,0,0.2,0.0167332757264,2026-09-08T22:18:53.221714+00:00,study3b_fifo_runtime_v1
75032,C_8308,2010,2011,0.000168327984284,0,0,0.2,0.0167332757264,2026-09-08T22:18:53.221714+00:00,study3b_fifo_runtime_v1
75036,C_8310,2010,2011,3.75569106836e-05,0,0,0.2,0.0167332757264,2026-09-08T22:18:53.221714+00:00,study3b_fifo_runtime_v1
75045,C_8311,2010,2011,7.68490572227e-05,0,0,0.2,0.0167332757264,2026-09-08T22:18:53.221714+00:00,study3b_fifo_runtime_v1
75056,C_8312,2010,2011,0.00220265681855,0,0,0.2,0.0167332757264,2026-09-08T22:18:53.221714+00:00,study3b_fifo_runtime_v1
75063,C_8313,2010,2011,1.52573493324e-05,0,0,0.2,0.0167332757264,2026-09-08T22:18:53.221714+00:00,study3b_fifo_runtime_v1
75074,C_8314,2010,2011,1.41251193781e-05,0,0,0.2,0.0167332757264,2026-09-08T22:18:53.221714+00:00,study3b_fifo_runtime_v1
75085,C_8315,2010,2011,4.60413975816e-05,0,0,0.2,0.0167332757264,2026-09-08T22:18:53.221714+00:00,study3b_fifo_runtime_v1
75095,C_8316,2010,2011,0.000495587824844,0,0,0.2,0.0167332757264,2026-09-08T22:18:53.221714+00:00,study3b_fifo_runtime_v1
75105,C_8317,2010,2011,0.000264919275651,0,0,0.2,0.0167332757264,2026-09-08T22:18:53.221714+00:00,study3b_fifo_runtime_v1
75114,C_8318,2010,2011,0.000829529948533,0,0,0.2,0.0167332757264,2026-09-08T22:18:53.221714+00:00,study3b_fifo_runtime_v1
75119,C_8320,2010,2011,0.000461190094939,0,0,0.2,0.0167332757264,2026-09-08T22:18:53.221714+00:00,study3b_fifo_runtime_v1
75133,C_8322,2010,2011,0.0072330031544,0,0,0.2,0.0167332757264,2026-09-08T22:18:53.221714+00:00,study3b_fifo_runtime_v1
75141,C_8323,2010,2011,0.0149024641141,0,0,0.2,0.0167332757264,2026-09-08T22:18:53.221714+00:00,study3b_fifo_runtime_v1
75156,C_8326,2010,2011,8.62591623445e-05,0,0,0.2,0.0167332757264,2026-09-08T22:18:53.221714+00:00,study3b_fifo_runtime_v1
75172,C_8329,2010,2011,3.45279731846e-05,0,0,0.2,0.0167332757264,2026-09-08T22:18:53.221714+00:00,study3b_fifo_runtime_v1
75182,C_8330,2010,2011,0.00179213669617,0,0,0.2,0.0167332757264,2026-09-08T22:18:53.221714+00:00,study3b_fifo_runtime_v1
75189,C_8331,2010,2011,0.00031074823346,0,0,0.2,0.0167332757264,2026-09-08T22:18:53.221714+00:00,study3b_fifo_runtime_v1
75195,C_8332,2010,2011,0.00155488168821,0,0,0.2,0.0167332757264,2026-09-08T22:18:53.221714+00:00,study3b_fifo_runtime_v1
75217,C_8335,2010,2011,2.49444183282e-05,0,0,0.2,0.0167332757264,2026-09-08T22:18:53.221714+00:00,study3b_fifo_runtime_v1
75228,C_8336,2010,2011,0.000376153504476,0,0,0.2,0.0167332757264,2026-09-08T22:18:53.221714+00:00,study3b_fifo_runtime_v1
75238,C_8338,2010,2011,0.00166510324925,0,0,0.2,0.0167332757264,2026-09-08T22:18:53.221714+00:00,study3b_fifo_runtime_v1
75245,C_8340,2010,2011,6.19088459644e-05,0,0,0.2,0.0167332757264,2026-09-08T22:18:53.221714+00:00,study3b_fifo_runtime_v1
75252,C_8342,2010,2011,0.000242755093495,0,0,0.2,0.0167332757264,2026-09-08T22:18:53.221714+00:00,study3b_fifo_runtime_v1
75256,C_8343,2010,2011,3.92475012632e-05,0,0,0.2,0.0167332757264,2026-09-08T22:18:53.221714+00:00,study3b_fifo_runtime_v1
75274,C_8346,2010,2011,0.000129136678879,0,0,0.2,0.0167332757264,2026-09-08T22:18:53.221714+00:00,study3b_fifo_runtime_v1
75285,C_8348,2010,2011,3.53471768904e-05,0,0,0.2,0.0167332757264,2026-09-08T22:18:53.221714+00:00,study3b_fifo_runtime_v1
75296,C_8349,2010,2011,0.000225163195864,0,0,0.2,0.0167332757264,2026-09-08T22:18:53.221714+00:00,study3b_fifo_runtime_v1
75320,C_8352,2010,2011,0.00387489213608,0,0,0.2,0.0167332757264,2026-09-08T22:18:53.221714+00:00,study3b_fifo_runtime_v1
75330,C_8354,2010,2011,0.000246915005846,0,0,0.2,0.0167332757264,2026-09-08T22:18:53.221714+00:00,study3b_fifo_runtime_v1
75339,C_8355,2010,2011,0.000348182278685,0,0,0.2,0.0167332757264,2026-09-08T22:18:53.221714+00:00,study3b_fifo_runtime_v1
75350,C_8356,2010,2011,7.63407660997e-05,0,0,0.2,0.0167332757264,2026-09-08T22:18:53.221714+00:00,study3b_fifo_runtime_v1
75353,C_8357,2010,2011,1.98642974283e-05,0,0,0.2,0.0167332757264,2026-09-08T22:18:53.221714+00:00,study3b_fifo_runtime_v1
75371,C_8360,2010,2011,0.00285026407801,0,0,0.2,0.0167332757264,2026-09-08T22:18:53.221714+00:00,study3b_fifo_runtime_v1
75388,C_8362,2010,2011,2.03991512535e-05,0,0,0.2,0.0167332757264,2026-09-08T22:18:53.221714+00:00,study3b_fifo_runtime_v1
75398,C_8363,2010,2011,8.33405574667e-05,0,0,0.2,0.0167332757264,2026-09-08T22:18:53.221714+00:00,study3b_fifo_runtime_v1
75407,C_8364,2010,2011,0.0021841165144,0,0,0.2,0.0167332757264,2026-09-08T22:18:53.221714+00:00,study3b_fifo_runtime_v1
75418,C_8365,2010,2011,0.00077694398351,0,0,0.2,0.0167332757264,2026-09-08T22:18:53.221714+00:00,study3b_fifo_runtime_v1
75428,C_8366,2010,2011,0.00199514557607,0,0,0.2,0.0167332757264,2026-09-08T22:18:53.221714+00:00,study3b_fifo_runtime_v1
75446,C_8369,2010,2011,5.06710193804e-06,0,0,0.2,0.0167332757264,2026-09-08T22:18:53.221714+00:00,study3b_fifo_runtime_v1
75456,C_8370,2010,2011,8.90868068382e-06,0,0,0.2,0.0167332757264,2026-09-08T22:18:53.221714+00:00,study3b_fifo_runtime_v1
75466,C_8371,2010,2011,0.000308808201225,0,0,0.2,0.0167332757264,2026-09-08T22:18:53.221714+00:00,study3b_fifo_runtime_v1
75476,C_8372,2010,2011,0.00224865274504,0,0,0.2,0.0167332757264,2026-09-08T22:18:53.221714+00:00,study3b_fifo_runtime_v1
75480,C_8373,2010,2011,4.33988570876e-05,0,0,0.2,0.0167332757264,2026-09-08T22:18:53.221714+00:00,study3b_fifo_runtime_v1
75494,C_8375,2010,2011,0.000244434166234,0,0,0.2,0.0167332757264,2026-09-08T22:18:53.221714+00:00,study3b_fifo_runtime_v1
75513,C_8378,2010,2011,0.00100392487366,0,0,0.2,0.0167332757264,2026-09-08T22:18:53.221714+00:00,study3b_fifo_runtime_v1
75522,C_8379,2010,2011,0.000658854783978,0,0,0.2,0.0167332757264,2026-09-08T22:18:53.221714+00:00,study3b_fifo_runtime_v1
75541,C_8382,2010,2011,0.0183903258294,0,1,0.2,0.0167332757264,2026-09-08T22:18:53.221714+00:00,study3b_fifo_runtime_v1
75551,C_8384,2010,2011,0.000316667486914,0,0,0.2,0.0167332757264,2026-09-08T22:18:53.221714+00:00,study3b_fifo_runtime_v1
75554,C_8385,2010,2011,0.000415044371039,0,0,0.2,0.0167332757264,2026-09-08T22:18:53.221714+00:00,study3b_fifo_runtime_v1
75565,C_8386,2010,2011,1.06744191726e-05,0,0,0.2,0.0167332757264,2026-09-08T22:18:53.221714+00:00,study3b_fifo_runtime_v1
75575,C_8387,2010,2011,0.000162506476045,0,0,0.2,0.0167332757264,2026-09-08T22:18:53.221714+00:00,study3b_fifo_runtime_v1
75593,C_8390,2010,2011,3.53933864972e-05,0,0,0.2,0.0167332757264,2026-09-08T22:18:53.221714+00:00,study3b_fifo_runtime_v1
75604,C_8391,2010,2011,9.37896620599e-05,0,0,0.2,0.0167332757264,2026-09-08T22:18:53.221714+00:00,study3b_fifo_runtime_v1
75619,C_8393,2010,2011,0.000595559831709,0,0,0.2,0.0167332757264,2026-09-08T22:18:53.221714+00:00,study3b_fifo_runtime_v1
75633,C_8396,2010,2011,3.12487973133e-05,0,0,0.2,0.0167332757264,2026-09-08T22:18:53.221714+00:00,study3b_fifo_runtime_v1
75651,C_8398,2010,2011,0.000164314245922,0,0,0.2,0.0167332757264,2026-09-08T22:18:53.221714+00:00,study3b_fifo_runtime_v1
75662,C_8399,2010,2011,2.56893908954e-05,0,0,0.2,0.0167332757264,2026-09-08T22:18:53.221714+00:00,study3b_fifo_runtime_v1
75679,C_8401,2010,2011,0.000702851160895,0,0,0.2,0.0167332757264,2026-09-08T22:18:53.221714+00:00,study3b_fifo_runtime_v1
75681,C_8402,2010,2011,0.000115277100122,0,0,0.2,0.0167332757264,2026-09-08T22:18:53.221714+00:00,study3b_fifo_runtime_v1
75689,C_8404,2010,2011,0.000202421113499,0,0,0.2,0.0167332757264,2026-09-08T22:18:53.221714+00:00,study3b_fifo_runtime_v1
75694,C_8405,2010,2011,0.000288094161078,0,0,0.2,0.0167332757264,2026-09-08T22:18:53.221714+00:00,study3b_fifo_runtime_v1
75701,C_8406,2010,2011,0.00610190490261,0,0,0.2,0.0167332757264,2026-09-08T22:18:53.221714+00:00,study3b_fifo_runtime_v1
75704,C_8407,2010,2011,0.00153080362361,0,0,0.2,0.0167332757264,2026-09-08T22:18:53.221714+00:00,study3b_fifo_runtime_v1
75709,C_8408,2010,2011,0.000105102109956,0,0,0.2,0.0167332757264,2026-09-08T22:18:53.221714+00:00,study3b_fifo_runtime_v1
75734,C_8412,2010,2011,0.000423177989433,0,0,0.2,0.0167332757264,2026-09-08T22:18:53.221714+00:00,study3b_fifo_runtime_v1
75746,C_8416,2010,2011,0.00248324894346,0,0,0.2,0.0167332757264,2026-09-08T22:18:53.221714+00:00,study3b_fifo_runtime_v1
75759,C_8418,2010,2011,5.75939839109e-06,0,0,0.2,0.0167332757264,2026-09-08T22:18:53.221714+00:00,study3b_fifo_runtime_v1
75768,C_8419,2010,2011,0.00533329695463,0,0,0.2,0.0167332757264,2026-09-08T22:18:53.221714+00:00,study3b_fifo_runtime_v1
75770,C_8420,2010,2011,5.47909694433e-05,0,0,0.2,0.0167332757264,2026-09-08T22:18:53.221714+00:00,study3b_fifo_runtime_v1
75777,C_8422,2010,2011,0.00105219520628,0,0,0.2,0.0167332757264,2026-09-08T22:18:53.221714+00:00,study3b_fifo_runtime_v1
75801,C_8427,2010,2011,0.00014881597599,0,0,0.2,0.0167332757264,2026-09-08T22:18:53.221714+00:00,study3b_fifo_runtime_v1
75806,C_8428,2010,2011,0.00208471924998,0,0,0.2,0.0167332757264,2026-09-08T22:18:53.221714+00:00,study3b_fifo_runtime_v1
75812,C_8430,2010,2011,3.41475206369e-05,0,0,0.2,0.0167332757264,2026-09-08T22:18:53.221714+00:00,study3b_fifo_runtime_v1
75817,C_8431,2010,2011,0.00267586414702,0,0,0.2,0.0167332757264,2026-09-08T22:18:53.221714+00:00,study3b_fifo_runtime_v1
75827,C_8432,2010,2011,0.000193662825041,0,0,0.2,0.0167332757264,2026-09-08T22:18:53.221714+00:00,study3b_fifo_runtime_v1
75845,C_8437,2010,2011,0.000828190008178,0,0,0.2,0.0167332757264,2026-09-08T22:18:53.221714+00:00,study3b_fifo_runtime_v1
75856,C_8440,2010,2011,0.00135015044361,0,0,0.2,0.0167332757264,2026-09-08T22:18:53.221714+00:00,study3b_fifo_runtime_v1
75865,C_8444,2010,2011,0.00020778462931,0,0,0.2,0.0167332757264,2026-09-08T22:18:53.221714+00:00,study3b_fifo_runtime_v1
75877,C_8445,2010,2011,7.30781612219e-05,0,0,0.2,0.0167332757264,2026-09-08T22:18:53.221714+00:00,study3b_fifo_runtime_v1
75882,C_8448,2010,2011,4.24034551543e-05,0,0,0.2,0.0167332757264,2026-09-08T22:18:53.221714+00:00,study3b_fifo_runtime_v1
75892,C_8449,2010,2011,4.52499989478e-05,0,0,0.2,0.0167332757264,2026-09-08T22:18:53.221714+00:00,study3b_fifo_runtime_v1
75893,C_8450,2010,2011,0.000557836901862,0,0,0.2,0.0167332757264,2026-09-08T22:18:53.221714+00:00,study3b_fifo_runtime_v1
75899,C_8451,2010,2011,3.59958758054e-05,0,0,0.2,0.0167332757264,2026-09-08T22:18:53.221714+00:00,study3b_fifo_runtime_v1
75919,C_8454,2010,2011,4.56564484921e-05,0,0,0.2,0.0167332757264,2026-09-08T22:18:53.221714+00:00,study3b_fifo_runtime_v1
75940,C_8457,2010,2011,5.62159766559e-06,0,0,0.2,0.0167332757264,2026-09-08T22:18:53.221714+00:00,study3b_fifo_runtime_v1
75943,C_8458,2010,2011,0.00813087821007,0,0,0.2,0.0167332757264,2026-09-08T22:18:53.221714+00:00,study3b_fifo_runtime_v1
75953,C_8459,2010,2011,0.000150661493535,0,0,0.2,0.0167332757264,2026-09-08T22:18:53.221714+00:00,study3b_fifo_runtime_v1
75963,C_8460,2010,2011,0.000100767232652,0,0,0.2,0.0167332757264,2026-09-08T22:18:53.221714+00:00,study3b_fifo_runtime_v1
75965,C_8461,2010,2011,0.00395146152005,0,0,0.2,0.0167332757264,2026-09-08T22:18:53.221714+00:00,study3b_fifo_runtime_v1
75977,C_8463,2010,2011,0.000307944603264,0,0,0.2,0.0167332757264,2026-09-08T22:18:53.221714+00:00,study3b_fifo_runtime_v1
75982,C_8464,2010,2011,0.00199429714121,0,0,0.2,0.0167332757264,2026-09-08T22:18:53.221714+00:00,study3b_fifo_runtime_v1
75986,C_8465,2010,2011,0.00263759866357,0,0,0.2,0.0167332757264,2026-09-08T22:18:53.221714+00:00,study3b_fifo_runtime_v1
75997,C_8468,2010,2011,0.000101059653389,0,0,0.2,0.0167332757264,2026-09-08T22:18:53.221714+00:00,study3b_fifo_runtime_v1
76002,C_8469,2010,2011,0.000282242457615,0,0,0.2,0.0167332757264,2026-09-08T22:18:53.221714+00:00,study3b_fifo_runtime_v1
76007,C_8470,2010,2011,0.00986178778112,0,0,0.2,0.0167332757264,2026-09-08T22:18:53.221714+00:00,study3b_fifo_runtime_v1
76017,C_8471,2010,2011,0.000138900839374,0,0,0.2,0.0167332757264,2026-09-08T22:18:53.221714+00:00,study3b_fifo_runtime_v1
76020,C_8472,2010,2011,1.31890556077e-05,0,0,0.2,0.0167332757264,2026-09-08T22:18:53.221714+00:00,study3b_fifo_runtime_v1
76022,C_8473,2010,2011,0.00523800449446,0,0,0.2,0.0167332757264,2026-09-08T22:18:53.221714+00:00,study3b_fifo_runtime_v1
76035,C_8476,2010,2011,0.000111135064799,0,0,0.2,0.0167332757264,2026-09-08T22:18:53.221714+00:00,study3b_fifo_runtime_v1
76039,C_8477,2010,2011,0.000346369663021,0,0,0.2,0.0167332757264,2026-09-08T22:18:53.221714+00:00,study3b_fifo_runtime_v1
76048,C_8478,2010,2011,0.000135356545798,0,0,0.2,0.0167332757264,2026-09-08T22:18:53.221714+00:00,study3b_fifo_runtime_v1
76058,C_8479,2010,2011,0.00646698614582,0,0,0.2,0.0167332757264,2026-09-08T22:18:53.221714+00:00,study3b_fifo_runtime_v1
76061,C_8480,2010,2011,0.000131969805807,0,0,0.2,0.0167332757264,2026-09-08T22:18:53.221714+00:00,study3b_fifo_runtime_v1
76071,C_8481,2010,2011,6.32696392131e-05,0,0,0.2,0.0167332757264,2026-09-08T22:18:53.221714+00:00,study3b_fifo_runtime_v1
76088,C_8483,2010,2011,0.000417072413256,0,0,0.2,0.0167332757264,2026-09-08T22:18:53.221714+00:00,study3b_fifo_runtime_v1
76094,C_8484,2010,2011,0.000220232395804,0,0,0.2,0.0167332757264,2026-09-08T22:18:53.221714+00:00,study3b_fifo_runtime_v1
76100,C_8485,2010,2011,0.000672538531944,0,0,0.2,0.0167332757264,2026-09-08T22:18:53.221714+00:00,study3b_fifo_runtime_v1
76110,C_8487,2010,2011,0.00112101668492,0,0,0.2,0.0167332757264,2026-09-08T22:18:53.221714+00:00,study3b_fifo_runtime_v1
76118,C_8489,2010,2011,3.23565873259e-05,0,0,0.2,0.0167332757264,2026-09-08T22:18:53.221714+00:00,study3b_fifo_runtime_v1
76122,C_8490,2010,2011,8.05273593869e-05,0,0,0.2,0.0167332757264,2026-09-08T22:18:53.221714+00:00,study3b_fifo_runtime_v1
76135,C_8492,2010,2011,0.00573039287701,0,0,0.2,0.0167332757264,2026-09-08T22:18:53.221714+00:00,study3b_fifo_runtime_v1
76141,C_8494,2010,2011,4.61733143311e-05,0,0,0.2,0.0167332757264,2026-09-08T22:18:53.221714+00:00,study3b_fifo_runtime_v1
76150,C_8495,2010,2011,0.000375001895009,0,0,0.2,0.0167332757264,2026-09-08T22:18:53.221714+00:00,study3b_fifo_runtime_v1
76159,C_8496,2010,2011,0.000171101259184,0,0,0.2,0.0167332757264,2026-09-08T22:18:53.221714+00:00,study3b_fifo_runtime_v1
76163,C_8497,2010,2011,0.000336570519721,0,0,0.2,0.0167332757264,2026-09-08T22:18:53.221714+00:00,study3b_fifo_runtime_v1
76188,C_8503,2010,2011,0.000399699783884,0,0,0.2,0.0167332757264,2026-09-08T22:18:53.221714+00:00,study3b_fifo_runtime_v1
76197,C_8504,2010,2011,0.00630293041468,0,0,0.2,0.0167332757264,2026-09-08T22:18:53.221714+00:00,study3b_fifo_runtime_v1
76205,C_8506,2010,2011,0.000162203956279,0,0,0.2,0.0167332757264,2026-09-08T22:18:53.221714+00:00,study3b_fifo_runtime_v1
76214,C_8507,2010,2011,9.04465196072e-05,0,0,0.2,0.0167332757264,2026-09-08T22:18:53.221714+00:00,study3b_fifo_runtime_v1
76236,C_8510,2010,2011,1.42992385008e-05,0,0,0.2,0.0167332757264,2026-09-08T22:18:53.221714+00:00,study3b_fifo_runtime_v1
76249,C_8513,2010,2011,0.000755325134378,0,0,0.2,0.0167332757264,2026-09-08T22:18:53.221714+00:00,study3b_fifo_runtime_v1
76259,C_8515,2010,2011,3.86742140108e-05,0,0,0.2,0.0167332757264,2026-09-08T22:18:53.221714+00:00,study3b_fifo_runtime_v1
76262,C_8516,2010,2011,0.000159259958309,0,0,0.2,0.0167332757264,2026-09-08T22:18:53.221714+00:00,study3b_fifo_runtime_v1
76278,C_8518,2010,2011,1.77780511876e-05,0,0,0.2,0.0167332757264,2026-09-08T22:18:53.221714+00:00,study3b_fifo_runtime_v1
76283,C_8519,2010,2011,0.000508308468852,0,0,0.2,0.0167332757264,2026-09-08T22:18:53.221714+00:00,study3b_fifo_runtime_v1
76290,C_8520,2010,2011,0.0218861345202,0,1,0.2,0.0167332757264,2026-09-08T22:18:53.221714+00:00,study3b_fifo_runtime_v1
76306,C_8522,2010,2011,2.84094858216e-05,0,0,0.2,0.0167332757264,2026-09-08T22:18:53.221714+00:00,study3b_fifo_runtime_v1
76315,C_8523,2010,2011,3.92339097743e-05,0,0,0.2,0.0167332757264,2026-09-08T22:18:53.221714+00:00,study3b_fifo_runtime_v1
76325,C_8525,2010,2011,1.33581525006e-05,0,0,0.2,0.0167332757264,2026-09-08T22:18:53.221714+00:00,study3b_fifo_runtime_v1
76328,C_8526,2010,2011,3.78461154469e-05,0,0,0.2,0.0167332757264,2026-09-08T22:18:53.221714+00:00,study3b_fifo_runtime_v1
76338,C_8527,2010,2011,3.8588525058e-05,0,0,0.2,0.0167332757264,2026-09-08T22:18:53.221714+00:00,study3b_fifo_runtime_v1
76346,C_8528,2010,2011,9.68132826529e-06,0,0,0.2,0.0167332757264,2026-09-08T22:18:53.221714+00:00,study3b_fifo_runtime_v1
76358,C_8531,2010,2011,8.85157623998e-06,0,0,0.2,0.0167332757264,2026-09-08T22:18:53.221714+00:00,study3b_fifo_runtime_v1
76360,C_8532,2010,2011,0.00214821333066,0,0,0.2,0.0167332757264,2026-09-08T22:18:53.221714+00:00,study3b_fifo_runtime_v1
76365,C_8534,2010,2011,0.00015376455849,0,0,0.2,0.0167332757264,2026-09-08T22:18:53.221714+00:00,study3b_fifo_runtime_v1
76368,C_8535,2010,2011,0.000191994084162,0,0,0.2,0.0167332757264,2026-09-08T22:18:53.221714+00:00,study3b_fifo_runtime_v1
76373,C_8537,2010,2011,1.26594668473e-05,0,0,0.2,0.0167332757264,2026-09-08T22:18:53.221714+00:00,study3b_fifo_runtime_v1
76382,C_8538,2010,2011,2.8534725061e-05,0,0,0.2,0.0167332757264,2026-09-08T22:18:53.221714+00:00,study3b_fifo_runtime_v1
76391,C_8539,2010,2011,0.001633824897,0,0,0.2,0.0167332757264,2026-09-08T22:18:53.221714+00:00,study3b_fifo_runtime_v1
76402,C_8541,2010,2011,2.78842653643e-05,0,0,0.2,0.0167332757264,2026-09-08T22:18:53.221714+00:00,study3b_fifo_runtime_v1
76411,C_8542,2010,2011,2.43527902057e-05,0,0,0.2,0.0167332757264,2026-09-08T22:18:53.221714+00:00,study3b_fifo_runtime_v1
76427,C_8545,2010,2011,0.00032882753294,0,0,0.2,0.0167332757264,2026-09-08T22:18:53.221714+00:00,study3b_fifo_runtime_v1
76438,C_8547,2010,2011,0.00100236886647,0,0,0.2,0.0167332757264,2026-09-08T22:18:53.221714+00:00,study3b_fifo_runtime_v1
76467,C_8553,2010,2011,9.39605524763e-05,0,0,0.2,0.0167332757264,2026-09-08T22:18:53.221714+00:00,study3b_fifo_runtime_v1
76476,C_8554,2010,2011,1.64085449796e-05,0,0,0.2,0.0167332757264,2026-09-08T22:18:53.221714+00:00,study3b_fifo_runtime_v1
76485,C_8555,2010,2011,0.000547932519112,0,0,0.2,0.0167332757264,2026-09-08T22:18:53.221714+00:00,study3b_fifo_runtime_v1
76492,C_8557,2010,2011,6.52671515127e-05,0,0,0.2,0.0167332757264,2026-09-08T22:18:53.221714+00:00,study3b_fifo_runtime_v1
76496,C_8558,2010,2011,0.000134670714033,0,0,0.2,0.0167332757264,2026-09-08T22:18:53.221714+00:00,study3b_fifo_runtime_v1
76504,C_8559,2010,2011,2.62541743723e-05,0,0,0.2,0.0167332757264,2026-09-08T22:18:53.221714+00:00,study3b_fifo_runtime_v1
76514,C_8561,2010,2011,5.78927756578e-05,0,0,0.2,0.0167332757264,2026-09-08T22:18:53.221714+00:00,study3b_fifo_runtime_v1
76523,C_8562,2010,2011,0.000119739175716,0,0,0.2,0.0167332757264,2026-09-08T22:18:53.221714+00:00,study3b_fifo_runtime_v1
76531,C_8563,2010,2011,0.013438639231,0,0,0.2,0.0167332757264,2026-09-08T22:18:53.221714+00:00,study3b_fifo_runtime_v1
76540,C_8564,2010,2011,0.00278573739342,0,0,0.2,0.0167332757264,2026-09-08T22:18:53.221714+00:00,study3b_fifo_runtime_v1
76550,C_8566,2010,2011,0.000103912047052,0,0,0.2,0.0167332757264,2026-09-08T22:18:53.221714+00:00,study3b_fifo_runtime_v1
76559,C_8567,2010,2011,2.07391422009e-05,0,0,0.2,0.0167332757264,2026-09-08T22:18:53.221714+00:00,study3b_fifo_runtime_v1
76561,C_8568,2010,2011,3.50288391928e-05,0,0,0.2,0.0167332757264,2026-09-08T22:18:53.221714+00:00,study3b_fifo_runtime_v1
76583,C_8571,2010,2011,0.000589104776736,0,0,0.2,0.0167332757264,2026-09-08T22:18:53.221714+00:00,study3b_fifo_runtime_v1
76592,C_8574,2010,2011,3.95197530452e-05,0,0,0.2,0.0167332757264,2026-09-08T22:18:53.221714+00:00,study3b_fifo_runtime_v1
76598,C_8575,2010,2011,0.000107529725938,0,0,0.2,0.0167332757264,2026-09-08T22:18:53.221714+00:00,study3b_fifo_runtime_v1
76607,C_8576,2010,2011,5.07963231939e-05,0,0,0.2,0.0167332757264,2026-09-08T22:18:53.221714+00:00,study3b_fifo_runtime_v1
76618,C_8578,2010,2011,0.000711065426003,0,0,0.2,0.0167332757264,2026-09-08T22:18:53.221714+00:00,study3b_fifo_runtime_v1
76631,C_8581,2010,2011,0.0016985576367,0,0,0.2,0.0167332757264,2026-09-08T22:18:53.221714+00:00,study3b_fifo_runtime_v1
76636,C_8582,2010,2011,6.99954907759e-05,0,0,0.2,0.0167332757264,2026-09-08T22:18:53.221714+00:00,study3b_fifo_runtime_v1
76642,C_8583,2010,2011,0.000238965920289,0,0,0.2,0.0167332757264,2026-09-08T22:18:53.221714+00:00,study3b_fifo_runtime_v1
76648,C_8584,2010,2011,0.000562318775337,0,0,0.2,0.0167332757264,2026-09-08T22:18:53.221714+00:00,study3b_fifo_runtime_v1
76653,C_8585,2010,2011,7.49191240175e-05,0,0,0.2,0.0167332757264,2026-09-08T22:18:53.221714+00:00,study3b_fifo_runtime_v1
76674,C_8588,2010,2011,0.00061232841108,0,0,0.2,0.0167332757264,2026-09-08T22:18:53.221714+00:00,study3b_fifo_runtime_v1
76683,C_8589,2010,2011,0.00292859855108,0,0,0.2,0.0167332757264,2026-09-08T22:18:53.221714+00:00,study3b_fifo_runtime_v1
76684,C_8590,2010,2011,0.000823296664748,0,0,0.2,0.0167332757264,2026-09-08T22:18:53.221714+00:00,study3b_fifo_runtime_v1
76689,C_8591,2010,2011,0.00988526921719,0,0,0.2,0.0167332757264,2026-09-08T22:18:53.221714+00:00,study3b_fifo_runtime_v1
76698,C_8592,2010,2011,9.21432583709e-05,0,0,0.2,0.0167332757264,2026-09-08T22:18:53.221714+00:00,study3b_fifo_runtime_v1
76702,C_8593,2010,2011,0.000419396121288,0,0,0.2,0.0167332757264,2026-09-08T22:18:53.221714+00:00,study3b_fifo_runtime_v1
76713,C_8595,2010,2011,0.000106225081254,0,0,0.2,0.0167332757264,2026-09-08T22:18:53.221714+00:00,study3b_fifo_runtime_v1
76722,C_8596,2010,2011,8.0430705566e-05,0,0,0.2,0.0167332757264,2026-09-08T22:18:53.221714+00:00,study3b_fifo_runtime_v1
76737,C_8600,2010,2011,5.81608474022e-05,0,0,0.2,0.0167332757264,2026-09-08T22:18:53.221714+00:00,study3b_fifo_runtime_v1
76738,C_8601,2010,2011,0.00872299913317,0,0,0.2,0.0167332757264,2026-09-08T22:18:53.221714+00:00,study3b_fifo_runtime_v1
76745,C_8603,2010,2011,8.27183339425e-06,0,0,0.2,0.0167332757264,2026-09-08T22:18:53.221714+00:00,study3b_fifo_runtime_v1
76751,C_8605,2010,2011,0.000778294168413,0,0,0.2,0.0167332757264,2026-09-08T22:18:53.221714+00:00,study3b_fifo_runtime_v1
76755,C_8606,2010,2011,3.61607490049e-05,0,0,0.2,0.0167332757264,2026-09-08T22:18:53.221714+00:00,study3b_fifo_runtime_v1
76760,C_8607,2010,2011,0.0108551708981,0,0,0.2,0.0167332757264,2026-09-08T22:18:53.221714+00:00,study3b_fifo_runtime_v1
76774,C_8609,2010,2011,0.00206386996433,0,0,0.2,0.0167332757264,2026-09-08T22:18:53.221714+00:00,study3b_fifo_runtime_v1
76792,C_8613,2010,2011,0.000158509428729,0,0,0.2,0.0167332757264,2026-09-08T22:18:53.221714+00:00,study3b_fifo_runtime_v1
76809,C_8615,2010,2011,6.60624573356e-05,0,0,0.2,0.0167332757264,2026-09-08T22:18:53.221714+00:00,study3b_fifo_runtime_v1
76818,C_8616,2010,2011,0.000196934794076,0,0,0.2,0.0167332757264,2026-09-08T22:18:53.221714+00:00,study3b_fifo_runtime_v1
76843,C_8620,2010,2011,0.000188575722859,0,0,0.2,0.0167332757264,2026-09-08T22:18:53.221714+00:00,study3b_fifo_runtime_v1
76849,C_8621,2010,2011,0.000211890102946,0,0,0.2,0.0167332757264,2026-09-08T22:18:53.221714+00:00,study3b_fifo_runtime_v1
76856,C_8622,2010,2011,0.00160837650765,0,0,0.2,0.0167332757264,2026-09-08T22:18:53.221714+00:00,study3b_fifo_runtime_v1
76865,C_8623,2010,2011,0.000288490176899,0,0,0.2,0.0167332757264,2026-09-08T22:18:53.221714+00:00,study3b_fifo_runtime_v1
76873,C_8624,2010,2011,0.00016353612591,0,0,0.2,0.0167332757264,2026-09-08T22:18:53.221714+00:00,study3b_fifo_runtime_v1
76888,C_8626,2010,2011,0.000415030255681,0,0,0.2,0.0167332757264,2026-09-08T22:18:53.221714+00:00,study3b_fifo_runtime_v1
76892,C_8627,2010,2011,4.52951499028e-05,0,0,0.2,0.0167332757264,2026-09-08T22:18:53.221714+00:00,study3b_fifo_runtime_v1
76906,C_8629,2010,2011,0.000187702054973,0,0,0.2,0.0167332757264,2026-09-08T22:18:53.221714+00:00,study3b_fifo_runtime_v1
76909,C_8630,2010,2011,0.00015918900317,0,0,0.2,0.0167332757264,2026-09-08T22:18:53.221714+00:00,study3b_fifo_runtime_v1
76921,C_8632,2010,2011,0.00198386795819,0,0,0.2,0.0167332757264,2026-09-08T22:18:53.221714+00:00,study3b_fifo_runtime_v1
76949,C_8638,2010,2011,0.00119068496861,0,0,0.2,0.0167332757264,2026-09-08T22:18:53.221714+00:00,study3b_fifo_runtime_v1
76960,C_8641,2010,2011,0.00841365009546,0,0,0.2,0.0167332757264,2026-09-08T22:18:53.221714+00:00,study3b_fifo_runtime_v1
76964,C_8642,2010,2011,0.000533390091732,0,0,0.2,0.0167332757264,2026-09-08T22:18:53.221714+00:00,study3b_fifo_runtime_v1
76987,C_8645,2010,2011,0.000205812291824,0,0,0.2,0.0167332757264,2026-09-08T22:18:53.221714+00:00,study3b_fifo_runtime_v1
76997,C_8647,2010,2011,0.000589427130762,0,0,0.2,0.0167332757264,2026-09-08T22:18:53.221714+00:00,study3b_fifo_runtime_v1
77021,C_8651,2010,2011,0.000209864650969,0,0,0.2,0.0167332757264,2026-09-08T22:18:53.221714+00:00,study3b_fifo_runtime_v1
77022,C_8652,2010,2011,0.000115811468277,0,0,0.2,0.0167332757264,2026-09-08T22:18:53.221714+00:00,study3b_fifo_runtime_v1
77027,C_8654,2010,2011,0.000870093936101,0,0,0.2,0.0167332757264,2026-09-08T22:18:53.221714+00:00,study3b_fifo_runtime_v1
77028,C_8655,2010,2011,0.000284999929136,0,0,0.2,0.0167332757264,2026-09-08T22:18:53.221714+00:00,study3b_fifo_runtime_v1
77047,C_8659,2010,2011,2.69670035777e-05,0,0,0.2,0.0167332757264,2026-09-08T22:18:53.221714+00:00,study3b_fifo_runtime_v1
77080,C_8664,2010,2011,0.00176759902388,0,0,0.2,0.0167332757264,2026-09-08T22:18:53.221714+00:00,study3b_fifo_runtime_v1
77086,C_8666,2010,2011,0.000232708334806,0,0,0.2,0.0167332757264,2026-09-08T22:18:53.221714+00:00,study3b_fifo_runtime_v1
77100,C_8670,2010,2011,0.000330425478751,0,0,0.2,0.0167332757264,2026-09-08T22:18:53.221714+00:00,study3b_fifo_runtime_v1
77112,C_8673,2010,2011,0.000391150359064,0,0,0.2,0.0167332757264,2026-09-08T22:18:53.221714+00:00,study3b_fifo_runtime_v1
77117,C_8675,2010,2011,1.80706192623e-05,0,0,0.2,0.0167332757264,2026-09-08T22:18:53.221714+00:00,study3b_fifo_runtime_v1
77136,C_8678,2010,2011,0.000173754189746,0,0,0.2,0.0167332757264,2026-09-08T22:18:53.221714+00:00,study3b_fifo_runtime_v1
77145,C_8679,2010,2011,8.01801870693e-05,0,0,0.2,0.0167332757264,2026-09-08T22:18:53.221714+00:00,study3b_fifo_runtime_v1
77159,C_8685,2010,2011,0.000536987092346,0,0,0.2,0.0167332757264,2026-09-08T22:18:53.221714+00:00,study3b_fifo_runtime_v1
77167,C_8686,2010,2011,0.00012400902051,0,0,0.2,0.0167332757264,2026-09-08T22:18:53.221714+00:00,study3b_fifo_runtime_v1
77212,C_8696,2010,2011,0.000905212305952,0,0,0.2,0.0167332757264,2026-09-08T22:18:53.221714+00:00,study3b_fifo_runtime_v1
77234,C_8701,2010,2011,0.000126189974253,0,0,0.2,0.0167332757264,2026-09-08T22:18:53.221714+00:00,study3b_fifo_runtime_v1
77287,C_8711,2010,2011,0.000590212352108,0,0,0.2,0.0167332757264,2026-09-08T22:18:53.221714+00:00,study3b_fifo_runtime_v1
77314,C_8718,2010,2011,3.92484798795e-05,0,0,0.2,0.0167332757264,2026-09-08T22:18:53.221714+00:00,study3b_fifo_runtime_v1
77404,C_8735,2010,2011,3.84946361009e-05,0,0,0.2,0.0167332757264,2026-09-08T22:18:53.221714+00:00,study3b_fifo_runtime_v1
77429,C_8742,2010,2011,4.6422585001e-05,0,0,0.2,0.0167332757264,2026-09-08T22:18:53.221714+00:00,study3b_fifo_runtime_v1
77514,C_8761,2010,2011,0.000826913397759,0,0,0.2,0.0167332757264,2026-09-08T22:18:53.221714+00:00,study3b_fifo_runtime_v1
77523,C_8763,2010,2011,0.000492941879202,0,0,0.2,0.0167332757264,2026-09-08T22:18:53.221714+00:00,study3b_fifo_runtime_v1
78226,C_8913,2010,2011,0.000230114950682,0,0,0.2,0.0167332757264,2026-09-08T22:18:53.221714+00:00,study3b_fifo_runtime_v1
78238,C_8916,2010,2011,4.84518277517e-05,0,0,0.2,0.0167332757264,2026-09-08T22:18:53.221714+00:00,study3b_fifo_runtime_v1
78260,C_8919,2010,2011,6.92339308443e-05,0,0,0.2,0.0167332757264,2026-09-08T22:18:53.221714+00:00,study3b_fifo_runtime_v1
78271,C_8920,2010,2011,5.17950975336e-05,0,0,0.2,0.0167332757264,2026-09-08T22:18:53.221714+00:00,study3b_fifo_runtime_v1
78287,C_8921,2010,2011,0.000350505113602,0,0,0.2,0.0167332757264,2026-09-08T22:18:53.221714+00:00,study3b_fifo_runtime_v1
78294,C_8922,2010,2011,0.000245339033427,0,0,0.2,0.0167332757264,2026-09-08T22:18:53.221714+00:00,study3b_fifo_runtime_v1
78301,C_8923,2010,2011,0.00107867480256,0,0,0.2,0.0167332757264,2026-09-08T22:18:53.221714+00:00,study3b_fifo_runtime_v1
78311,C_8924,2010,2011,0.000122244193335,0,0,0.2,0.0167332757264,2026-09-08T22:18:53.221714+00:00,study3b_fifo_runtime_v1
78325,C_8925,2010,2011,3.46566848748e-05,0,0,0.2,0.0167332757264,2026-09-08T22:18:53.221714+00:00,study3b_fifo_runtime_v1
78340,C_8926,2010,2011,9.30708119995e-05,0,0,0.2,0.0167332757264,2026-09-08T22:18:53.221714+00:00,study3b_fifo_runtime_v1
78355,C_8927,2010,2011,3.81551653845e-05,0,0,0.2,0.0167332757264,2026-09-08T22:18:53.221714+00:00,study3b_fifo_runtime_v1
78362,C_8928,2010,2011,7.050667773e-05,0,0,0.2,0.0167332757264,2026-09-08T22:18:53.221714+00:00,study3b_fifo_runtime_v1
78377,C_8929,2010,2011,2.54430360656e-05,0,0,0.2,0.0167332757264,2026-09-08T22:18:53.221714+00:00,study3b_fifo_runtime_v1
78385,C_8930,2010,2011,2.22904618568e-05,0,0,0.2,0.0167332757264,2026-09-08T22:18:53.221714+00:00,study3b_fifo_runtime_v1
78399,C_8931,2010,2011,0.000490852922667,0,0,0.2,0.0167332757264,2026-09-08T22:18:53.221714+00:00,study3b_fifo_runtime_v1
78409,C_8933,2010,2011,0.000123125282698,0,0,0.2,0.0167332757264,2026-09-08T22:18:53.221714+00:00,study3b_fifo_runtime_v1
78415,C_8934,2010,2011,0.00299905892462,0,0,0.2,0.0167332757264,2026-09-08T22:18:53.221714+00:00,study3b_fifo_runtime_v1
78427,C_8935,2010,2011,0.000508548168,0,0,0.2,0.0167332757264,2026-09-08T22:18:53.221714+00:00,study3b_fifo_runtime_v1
78443,C_8937,2010,2011,1.4339289919e-05,0,0,0.2,0.0167332757264,2026-09-08T22:18:53.221714+00:00,study3b_fifo_runtime_v1
78458,C_8938,2010,2011,0.00065245712176,0,0,0.2,0.0167332757264,2026-09-08T22:18:53.221714+00:00,study3b_fifo_runtime_v1
78495,C_8943,2010,2011,0.00098353123758,0,0,0.2,0.0167332757264,2026-09-08T22:18:53.221714+00:00,study3b_fifo_runtime_v1
78516,C_8946,2010,2011,0.148427650332,0,1,0.2,0.0167332757264,2026-09-08T22:18:53.221714+00:00,study3b_fifo_runtime_v1
78524,C_8947,2010,2011,0.000580642488785,0,0,0.2,0.0167332757264,2026-09-08T22:18:53.221714+00:00,study3b_fifo_runtime_v1
78526,C_8948,2010,2011,0.000211059450521,0,0,0.2,0.0167332757264,2026-09-08T22:18:53.221714+00:00,study3b_fifo_runtime_v1
78537,C_8949,2010,2011,7.21461547073e-05,0,0,0.2,0.0167332757264,2026-09-08T22:18:53.221714+00:00,study3b_fifo_runtime_v1
78539,C_8950,2010,2011,6.50288639008e-05,0,0,0.2,0.0167332757264,2026-09-08T22:18:53.221714+00:00,study3b_fifo_runtime_v1
78554,C_8952,2010,2011,0.000200414870051,0,0,0.2,0.0167332757264,2026-09-08T22:18:53.221714+00:00,study3b_fifo_runtime_v1
78569,C_8954,2010,2011,0.000300824962324,0,0,0.2,0.0167332757264,2026-09-08T22:18:53.221714+00:00,study3b_fifo_runtime_v1
78582,C_8957,2010,2011,0.000557378923986,0,0,0.2,0.0167332757264,2026-09-08T22:18:53.221714+00:00,study3b_fifo_runtime_v1
78600,C_8958,2010,2011,0.00621810788289,0,0,0.2,0.0167332757264,2026-09-08T22:18:53.221714+00:00,study3b_fifo_runtime_v1
78607,C_8959,2010,2011,0.000834759091958,0,0,0.2,0.0167332757264,2026-09-08T22:18:53.221714+00:00,study3b_fifo_runtime_v1
78613,C_8960,2010,2011,0.0179981514812,0,1,0.2,0.0167332757264,2026-09-08T22:18:53.221714+00:00,study3b_fifo_runtime_v1
78622,C_8961,2010,2011,0.000619935628492,0,0,0.2,0.0167332757264,2026-09-08T22:18:53.221714+00:00,study3b_fifo_runtime_v1
78632,C_8964,2010,2011,6.36725017102e-05,0,0,0.2,0.0167332757264,2026-09-08T22:18:53.221714+00:00,study3b_fifo_runtime_v1
78652,C_8967,2010,2011,0.00043608492706,0,0,0.2,0.0167332757264,2026-09-08T22:18:53.221714+00:00,study3b_fifo_runtime_v1
