,AUC,F1,G_Mean,Recall,Precision,Type1_Error,Type2_Error
retrain_none,0.6651286109347161,0.2529209621993127,0.611904150507861,0.594370096908168,0.16063856323272638,0.37004453730686754,0.405629903091832
retrain_undersampling,0.6646829384589859,0.25552634141591196,0.6159595635740905,0.6054453161052146,0.1619353246112071,0.37334359707483367,0.39455468389478543
retrain_oversampling,0.6611207557115258,0.018034265103697024,0.09598759176975331,0.009229349330872173,0.39215686274509803,0.001704514213449167,0.9907706506691278
retrain_hybrid,0.6621041810190695,0.17154959406989057,0.3309508722072279,0.1121365943700969,0.36486486486486486,0.023258371364161215,0.8878634056299031
