,AUC,F1,G_Mean,Recall,Precision,Type1_Error,Type2_Error
finetune_none,0.6605799580622062,0.2585428755641522,0.6115170841162947,0.5551453622519612,0.1685109959378064,0.32638697971078245,0.44485463774803874
finetune_undersampling,0.6609350218436476,0.25434874840899446,0.6073520142314933,0.5532994923857868,0.16512877014185373,0.3333150052235113,0.4467005076142132
finetune_hybrid,0.6649442091744969,0.18379850238257317,0.34808611783998517,0.12459621596677434,0.35019455252918286,0.027547149062517182,0.8754037840332256
