,AUC,F1,G_Mean,Recall,Precision,Type1_Error,Type2_Error
finetune_none,0.5541504395237565,0.16032064128256512,0.5089605453905194,0.42105263157894735,0.09900990099009901,0.38477801268498946,0.5789473684210527
finetune_undersampling,0.549376877712251,0.14937759336099585,0.48820515673636766,0.37894736842105264,0.09302325581395349,0.37103594080338265,0.6210526315789474
finetune_oversampling,0.5530377211527763,0.0,0.0,0.0,0.0,0.0,1.0
finetune_hybrid,0.575369978858351,0.0,0.0,0.0,0.0,0.0,1.0
