,AUC,F1,G_Mean,Recall,Precision,Type1_Error,Type2_Error
retrain_none,0.5718148436630689,0.13866666666666666,0.44743746971702814,0.2736842105263158,0.09285714285714286,0.26849894291754756,0.7263157894736842
retrain_undersampling,0.5615833982419051,0.1544885177453027,0.49660021401562543,0.3894736842105263,0.09635416666666667,0.3668076109936575,0.6105263157894737
retrain_hybrid,0.5907421831534438,0.0,0.0,0.0,0.0,0.014799154334038054,1.0
