source_row_id,company_name,feature_year,predicted_event_year,y_proba,y_pred_f1,y_pred_fpr5,f1_threshold,fpr5_threshold,state_updated_at,runtime_version
12,C_1,2011,2012,4.59605180367e-05,0,0,0.06,0.0115366009995,2026-09-08T22:20:32.862482+00:00,study3b_fifo_runtime_v1
74,C_7,2011,2012,3.28076166625e-05,0,0,0.06,0.0115366009995,2026-09-08T22:20:32.862482+00:00,study3b_fifo_runtime_v1
102,C_9,2011,2012,6.03983753535e-05,0,0,0.06,0.0115366009995,2026-09-08T22:20:32.862482+00:00,study3b_fifo_runtime_v1
122,C_10,2011,2012,0.00610656989738,0,0,0.06,0.0115366009995,2026-09-08T22:20:32.862482+00:00,study3b_fifo_runtime_v1
142,C_11,2011,2012,0.000166486643138,0,0,0.06,0.0115366009995,2026-09-08T22:20:32.862482+00:00,study3b_fifo_runtime_v1
185,C_14,2011,2012,0.00185325660277,0,0,0.06,0.0115366009995,2026-09-08T22:20:32.862482+00:00,study3b_fifo_runtime_v1
210,C_17,2011,2012,4.81983333884e-05,0,0,0.06,0.0115366009995,2026-09-08T22:20:32.862482+00:00,study3b_fifo_runtime_v1
231,C_19,2011,2012,0.000410432781791,0,0,0.06,0.0115366009995,2026-09-08T22:20:32.862482+00:00,study3b_fifo_runtime_v1
251,C_20,2011,2012,0.0026827158872,0,0,0.06,0.0115366009995,2026-09-08T22:20:32.862482+00:00,study3b_fifo_runtime_v1
273,C_22,2011,2012,0.00043071541586,0,0,0.06,0.0115366009995,2026-09-08T22:20:32.862482+00:00,study3b_fifo_runtime_v1
296,C_24,2011,2012,8.38788109832e-05,0,0,0.06,0.0115366009995,2026-09-08T22:20:32.862482+00:00,study3b_fifo_runtime_v1
315,C_26,2011,2012,1.51844797074e-05,0,0,0.06,0.0115366009995,2026-09-08T22:20:32.862482+00:00,study3b_fifo_runtime_v1
335,C_27,2011,2012,2.79328542092e-05,0,0,0.06,0.0115366009995,2026-09-08T22:20:32.862482+00:00,study3b_fifo_runtime_v1
374,C_30,2011,2012,0.000714304449502,0,0,0.06,0.0115366009995,2026-09-08T22:20:32.862482+00:00,study3b_fifo_runtime_v1
394,C_31,2011,2012,1.9667624656e-05,0,0,0.06,0.0115366009995,2026-09-08T22:20:32.862482+00:00,study3b_fifo_runtime_v1
454,C_37,2011,2012,0.000151781903696,0,0,0.06,0.0115366009995,2026-09-08T22:20:32.862482+00:00,study3b_fifo_runtime_v1
467,C_39,2011,2012,0.0159143768251,0,1,0.06,0.0115366009995,2026-09-08T22:20:32.862482+00:00,study3b_fifo_runtime_v1
481,C_40,2011,2012,0.0003577824682,0,0,0.06,0.0115366009995,2026-09-08T22:20:32.862482+00:00,study3b_fifo_runtime_v1
525,C_46,2011,2012,3.77940632461e-05,0,0,0.06,0.0115366009995,2026-09-08T22:20:32.862482+00:00,study3b_fifo_runtime_v1
568,C_50,2011,2012,4.34701069025e-05,0,0,0.06,0.0115366009995,2026-09-08T22:20:32.862482+00:00,study3b_fifo_runtime_v1
587,C_51,2011,2012,0.00121214461979,0,0,0.06,0.0115366009995,2026-09-08T22:20:32.862482+00:00,study3b_fifo_runtime_v1
608,C_54,2011,2012,1.60209237947e-05,0,0,0.06,0.0115366009995,2026-09-08T22:20:32.862482+00:00,study3b_fifo_runtime_v1
628,C_55,2011,2012,0.000213486608118,0,0,0.06,0.0115366009995,2026-09-08T22:20:32.862482+00:00,study3b_fifo_runtime_v1
642,C_56,2011,2012,0.00207357946783,0,0,0.06,0.0115366009995,2026-09-08T22:20:32.862482+00:00,study3b_fifo_runtime_v1
662,C_57,2011,2012,2.76703740383e-05,0,0,0.06,0.0115366009995,2026-09-08T22:20:32.862482+00:00,study3b_fifo_runtime_v1
677,C_58,2011,2012,4.55698682345e-06,0,0,0.06,0.0115366009995,2026-09-08T22:20:32.862482+00:00,study3b_fifo_runtime_v1
700,C_60,2011,2012,6.77643765812e-05,0,0,0.06,0.0115366009995,2026-09-08T22:20:32.862482+00:00,study3b_fifo_runtime_v1
718,C_61,2011,2012,0.000186526202015,0,0,0.06,0.0115366009995,2026-09-08T22:20:32.862482+00:00,study3b_fifo_runtime_v1
738,C_62,2011,2012,6.19517013547e-05,0,0,0.06,0.0115366009995,2026-09-08T22:20:32.862482+00:00,study3b_fifo_runtime_v1
762,C_64,2011,2012,0.000670903595164,0,0,0.06,0.0115366009995,2026-09-08T22:20:32.862482+00:00,study3b_fifo_runtime_v1
789,C_66,2011,2012,0.000284302193904,0,0,0.06,0.0115366009995,2026-09-08T22:20:32.862482+00:00,study3b_fifo_runtime_v1
812,C_69,2011,2012,2.67613213509e-05,0,0,0.06,0.0115366009995,2026-09-08T22:20:32.862482+00:00,study3b_fifo_runtime_v1
829,C_70,2011,2012,0.00194597442169,0,0,0.06,0.0115366009995,2026-09-08T22:20:32.862482+00:00,study3b_fifo_runtime_v1
849,C_71,2011,2012,2.51716210187e-05,0,0,0.06,0.0115366009995,2026-09-08T22:20:32.862482+00:00,study3b_fifo_runtime_v1
892,C_75,2011,2012,0.000270146760158,0,0,0.06,0.0115366009995,2026-09-08T22:20:32.862482+00:00,study3b_fifo_runtime_v1
930,C_79,2011,2012,2.90024745482e-05,0,0,0.06,0.0115366009995,2026-09-08T22:20:32.862482+00:00,study3b_fifo_runtime_v1
950,C_80,2011,2012,9.35604839469e-05,0,0,0.06,0.0115366009995,2026-09-08T22:20:32.862482+00:00,study3b_fifo_runtime_v1
977,C_82,2011,2012,3.50552836608e-05,0,0,0.06,0.0115366009995,2026-09-08T22:20:32.862482+00:00,study3b_fifo_runtime_v1
1000,C_84,2011,2012,4.31846565334e-05,0,0,0.06,0.0115366009995,2026-09-08T22:20:32.862482+00:00,study3b_fifo_runtime_v1
1020,C_85,2011,2012,0.000197524481337,0,0,0.06,0.0115366009995,2026-09-08T22:20:32.862482+00:00,study3b_fifo_runtime_v1
1039,C_86,2011,2012,7.71472114138e-05,0,0,0.06,0.0115366009995,2026-09-08T22:20:32.862482+00:00,study3b_fifo_runtime_v1
1053,C_87,2011,2012,2.23442129936e-05,0,0,0.06,0.0115366009995,2026-09-08T22:20:32.862482+00:00,study3b_fifo_runtime_v1
1080,C_90,2011,2012,0.00172308308538,0,0,0.06,0.0115366009995,2026-09-08T22:20:32.862482+00:00,study3b_fifo_runtime_v1
1118,C_93,2011,2012,0.00016729735944,0,0,0.06,0.0115366009995,2026-09-08T22:20:32.862482+00:00,study3b_fifo_runtime_v1
1138,C_94,2011,2012,0.00176704814658,0,0,0.06,0.0115366009995,2026-09-08T22:20:32.862482+00:00,study3b_fifo_runtime_v1
1183,C_98,2011,2012,0.000158239592565,0,0,0.06,0.0115366009995,2026-09-08T22:20:32.862482+00:00,study3b_fifo_runtime_v1
1194,C_99,2011,2012,0.00139322911855,0,0,0.06,0.0115366009995,2026-09-08T22:20:32.862482+00:00,study3b_fifo_runtime_v1
1210,C_100,2011,2012,0.000140580930747,0,0,0.06,0.0115366009995,2026-09-08T22:20:32.862482+00:00,study3b_fifo_runtime_v1
1225,C_101,2011,2012,0.000296654296108,0,0,0.06,0.0115366009995,2026-09-08T22:20:32.862482+00:00,study3b_fifo_runtime_v1
1245,C_102,2011,2012,1.3035453776e-05,0,0,0.06,0.0115366009995,2026-09-08T22:20:32.862482+00:00,study3b_fifo_runtime_v1
1265,C_103,2011,2012,4.37304879597e-05,0,0,0.06,0.0115366009995,2026-09-08T22:20:32.862482+00:00,study3b_fifo_runtime_v1
1287,C_105,2011,2012,6.24455196885e-06,0,0,0.06,0.0115366009995,2026-09-08T22:20:32.862482+00:00,study3b_fifo_runtime_v1
1307,C_106,2011,2012,0.000397217081627,0,0,0.06,0.0115366009995,2026-09-08T22:20:32.862482+00:00,study3b_fifo_runtime_v1
1326,C_107,2011,2012,0.000160187802976,0,0,0.06,0.0115366009995,2026-09-08T22:20:32.862482+00:00,study3b_fifo_runtime_v1
1345,C_108,2011,2012,0.000213031249586,0,0,0.06,0.0115366009995,2026-09-08T22:20:32.862482+00:00,study3b_fifo_runtime_v1
1365,C_109,2011,2012,9.38261146075e-05,0,0,0.06,0.0115366009995,2026-09-08T22:20:32.862482+00:00,study3b_fifo_runtime_v1
1379,C_110,2011,2012,0.000134258356411,0,0,0.06,0.0115366009995,2026-09-08T22:20:32.862482+00:00,study3b_fifo_runtime_v1
1408,C_113,2011,2012,0.000486311648274,0,0,0.06,0.0115366009995,2026-09-08T22:20:32.862482+00:00,study3b_fifo_runtime_v1
1428,C_114,2011,2012,0.0011340836063,0,0,0.06,0.0115366009995,2026-09-08T22:20:32.862482+00:00,study3b_fifo_runtime_v1
1449,C_116,2011,2012,3.56413038389e-05,0,0,0.06,0.0115366009995,2026-09-08T22:20:32.862482+00:00,study3b_fifo_runtime_v1
1469,C_117,2011,2012,2.07123102882e-05,0,0,0.06,0.0115366009995,2026-09-08T22:20:32.862482+00:00,study3b_fifo_runtime_v1
1489,C_118,2011,2012,0.00265012565069,0,0,0.06,0.0115366009995,2026-09-08T22:20:32.862482+00:00,study3b_fifo_runtime_v1
1510,C_120,2011,2012,0.000733433524147,0,0,0.06,0.0115366009995,2026-09-08T22:20:32.862482+00:00,study3b_fifo_runtime_v1
1532,C_123,2011,2012,3.826734428e-06,0,0,0.06,0.0115366009995,2026-09-08T22:20:32.862482+00:00,study3b_fifo_runtime_v1
1550,C_124,2011,2012,0.000984611688182,0,0,0.06,0.0115366009995,2026-09-08T22:20:32.862482+00:00,study3b_fifo_runtime_v1
1608,C_130,2011,2012,3.77601718355e-05,0,0,0.06,0.0115366009995,2026-09-08T22:20:32.862482+00:00,study3b_fifo_runtime_v1
1637,C_132,2011,2012,0.00119802646805,0,0,0.06,0.0115366009995,2026-09-08T22:20:32.862482+00:00,study3b_fifo_runtime_v1
1664,C_134,2011,2012,4.5410994062e-05,0,0,0.06,0.0115366009995,2026-09-08T22:20:32.862482+00:00,study3b_fifo_runtime_v1
1684,C_135,2011,2012,2.14041938307e-05,0,0,0.06,0.0115366009995,2026-09-08T22:20:32.862482+00:00,study3b_fifo_runtime_v1
1704,C_136,2011,2012,0.000123046294902,0,0,0.06,0.0115366009995,2026-09-08T22:20:32.862482+00:00,study3b_fifo_runtime_v1
1730,C_139,2011,2012,9.39716337598e-05,0,0,0.06,0.0115366009995,2026-09-08T22:20:32.862482+00:00,study3b_fifo_runtime_v1
1747,C_141,2011,2012,3.88830667362e-05,0,0,0.06,0.0115366009995,2026-09-08T22:20:32.862482+00:00,study3b_fifo_runtime_v1
1781,C_144,2011,2012,0.000141838623676,0,0,0.06,0.0115366009995,2026-09-08T22:20:32.862482+00:00,study3b_fifo_runtime_v1
1795,C_145,2011,2012,7.53572521717e-06,0,0,0.06,0.0115366009995,2026-09-08T22:20:32.862482+00:00,study3b_fifo_runtime_v1
1813,C_146,2011,2012,2.71347798844e-05,0,0,0.06,0.0115366009995,2026-09-08T22:20:32.862482+00:00,study3b_fifo_runtime_v1
1844,C_148,2011,2012,0.000140982781886,0,0,0.06,0.0115366009995,2026-09-08T22:20:32.862482+00:00,study3b_fifo_runtime_v1
1868,C_150,2011,2012,0.00156380922999,0,0,0.06,0.0115366009995,2026-09-08T22:20:32.862482+00:00,study3b_fifo_runtime_v1
1910,C_156,2011,2012,0.00121452612802,0,0,0.06,0.0115366009995,2026-09-08T22:20:32.862482+00:00,study3b_fifo_runtime_v1
1928,C_157,2011,2012,1.98389861907e-05,0,0,0.06,0.0115366009995,2026-09-08T22:20:32.862482+00:00,study3b_fifo_runtime_v1
1956,C_161,2011,2012,0.000189994330867,0,0,0.06,0.0115366009995,2026-09-08T22:20:32.862482+00:00,study3b_fifo_runtime_v1
1972,C_163,2011,2012,0.00423594424501,0,0,0.06,0.0115366009995,2026-09-08T22:20:32.862482+00:00,study3b_fifo_runtime_v1
1992,C_164,2011,2012,6.06012144999e-05,0,0,0.06,0.0115366009995,2026-09-08T22:20:32.862482+00:00,study3b_fifo_runtime_v1
2010,C_165,2011,2012,0.00101681426167,0,0,0.06,0.0115366009995,2026-09-08T22:20:32.862482+00:00,study3b_fifo_runtime_v1
2023,C_166,2011,2012,0.000184512537089,0,0,0.06,0.0115366009995,2026-09-08T22:20:32.862482+00:00,study3b_fifo_runtime_v1
2046,C_168,2011,2012,8.50823780638e-05,0,0,0.06,0.0115366009995,2026-09-08T22:20:32.862482+00:00,study3b_fifo_runtime_v1
2075,C_170,2011,2012,0.0003755306534,0,0,0.06,0.0115366009995,2026-09-08T22:20:32.862482+00:00,study3b_fifo_runtime_v1
2098,C_172,2011,2012,0.000680806289893,0,0,0.06,0.0115366009995,2026-09-08T22:20:32.862482+00:00,study3b_fifo_runtime_v1
2136,C_175,2011,2012,2.86543563561e-05,0,0,0.06,0.0115366009995,2026-09-08T22:20:32.862482+00:00,study3b_fifo_runtime_v1
2150,C_176,2011,2012,0.000711117463652,0,0,0.06,0.0115366009995,2026-09-08T22:20:32.862482+00:00,study3b_fifo_runtime_v1
2170,C_177,2011,2012,9.68979074969e-05,0,0,0.06,0.0115366009995,2026-09-08T22:20:32.862482+00:00,study3b_fifo_runtime_v1
2185,C_179,2011,2012,0.000184004020412,0,0,0.06,0.0115366009995,2026-09-08T22:20:32.862482+00:00,study3b_fifo_runtime_v1
2226,C_185,2011,2012,6.04962115176e-05,0,0,0.06,0.0115366009995,2026-09-08T22:20:32.862482+00:00,study3b_fifo_runtime_v1
2246,C_186,2011,2012,0.000686139799654,0,0,0.06,0.0115366009995,2026-09-08T22:20:32.862482+00:00,study3b_fifo_runtime_v1
2278,C_190,2011,2012,0.000842963112518,0,0,0.06,0.0115366009995,2026-09-08T22:20:32.862482+00:00,study3b_fifo_runtime_v1
2323,C_194,2011,2012,3.18571001117e-05,0,0,0.06,0.0115366009995,2026-09-08T22:20:32.862482+00:00,study3b_fifo_runtime_v1
2350,C_197,2011,2012,1.8722630557e-05,0,0,0.06,0.0115366009995,2026-09-08T22:20:32.862482+00:00,study3b_fifo_runtime_v1
2370,C_198,2011,2012,3.15465767926e-05,0,0,0.06,0.0115366009995,2026-09-08T22:20:32.862482+00:00,study3b_fifo_runtime_v1
2390,C_199,2011,2012,0.000174488945049,0,0,0.06,0.0115366009995,2026-09-08T22:20:32.862482+00:00,study3b_fifo_runtime_v1
2412,C_201,2011,2012,4.06900726375e-05,0,0,0.06,0.0115366009995,2026-09-08T22:20:32.862482+00:00,study3b_fifo_runtime_v1
2430,C_202,2011,2012,0.000163679695106,0,0,0.06,0.0115366009995,2026-09-08T22:20:32.862482+00:00,study3b_fifo_runtime_v1
2450,C_203,2011,2012,0.000602384796366,0,0,0.06,0.0115366009995,2026-09-08T22:20:32.862482+00:00,study3b_fifo_runtime_v1
2464,C_204,2011,2012,5.44743197679e-05,0,0,0.06,0.0115366009995,2026-09-08T22:20:32.862482+00:00,study3b_fifo_runtime_v1
2490,C_206,2011,2012,1.69562863448e-05,0,0,0.06,0.0115366009995,2026-09-08T22:20:32.862482+00:00,study3b_fifo_runtime_v1
2511,C_208,2011,2012,0.000932530034333,0,0,0.06,0.0115366009995,2026-09-08T22:20:32.862482+00:00,study3b_fifo_runtime_v1
2546,C_211,2011,2012,9.02030951693e-05,0,0,0.06,0.0115366009995,2026-09-08T22:20:32.862482+00:00,study3b_fifo_runtime_v1
2588,C_214,2011,2012,0.000129922671476,0,0,0.06,0.0115366009995,2026-09-08T22:20:32.862482+00:00,study3b_fifo_runtime_v1
2608,C_215,2011,2012,7.6106407505e-05,0,0,0.06,0.0115366009995,2026-09-08T22:20:32.862482+00:00,study3b_fifo_runtime_v1
2627,C_216,2011,2012,9.84405505733e-06,0,0,0.06,0.0115366009995,2026-09-08T22:20:32.862482+00:00,study3b_fifo_runtime_v1
2657,C_218,2011,2012,8.37893167045e-05,0,0,0.06,0.0115366009995,2026-09-08T22:20:32.862482+00:00,study3b_fifo_runtime_v1
2686,C_220,2011,2012,0.000572420656681,0,0,0.06,0.0115366009995,2026-09-08T22:20:32.862482+00:00,study3b_fifo_runtime_v1
2706,C_221,2011,2012,8.81940468389e-06,0,0,0.06,0.0115366009995,2026-09-08T22:20:32.862482+00:00,study3b_fifo_runtime_v1
2731,C_223,2011,2012,0.000249859527685,0,0,0.06,0.0115366009995,2026-09-08T22:20:32.862482+00:00,study3b_fifo_runtime_v1
2751,C_224,2011,2012,6.58161079627e-05,0,0,0.06,0.0115366009995,2026-09-08T22:20:32.862482+00:00,study3b_fifo_runtime_v1
2819,C_233,2011,2012,0.000554145663045,0,0,0.06,0.0115366009995,2026-09-08T22:20:32.862482+00:00,study3b_fifo_runtime_v1
2840,C_235,2011,2012,0.000294149824185,0,0,0.06,0.0115366009995,2026-09-08T22:20:32.862482+00:00,study3b_fifo_runtime_v1
2872,C_239,2011,2012,0.000720027659554,0,0,0.06,0.0115366009995,2026-09-08T22:20:32.862482+00:00,study3b_fifo_runtime_v1
2899,C_241,2011,2012,2.86303693429e-05,0,0,0.06,0.0115366009995,2026-09-08T22:20:32.862482+00:00,study3b_fifo_runtime_v1
2928,C_243,2011,2012,0.000148250852362,0,0,0.06,0.0115366009995,2026-09-08T22:20:32.862482+00:00,study3b_fifo_runtime_v1
2948,C_245,2011,2012,0.0189548674971,0,1,0.06,0.0115366009995,2026-09-08T22:20:32.862482+00:00,study3b_fifo_runtime_v1
2961,C_246,2011,2012,0.000579556624871,0,0,0.06,0.0115366009995,2026-09-08T22:20:32.862482+00:00,study3b_fifo_runtime_v1
2989,C_249,2011,2012,0.00099235738162,0,0,0.06,0.0115366009995,2026-09-08T22:20:32.862482+00:00,study3b_fifo_runtime_v1
3009,C_250,2011,2012,0.000226252886932,0,0,0.06,0.0115366009995,2026-09-08T22:20:32.862482+00:00,study3b_fifo_runtime_v1
3029,C_251,2011,2012,0.000331336312229,0,0,0.06,0.0115366009995,2026-09-08T22:20:32.862482+00:00,study3b_fifo_runtime_v1
3049,C_252,2011,2012,1.13817768579e-05,0,0,0.06,0.0115366009995,2026-09-08T22:20:32.862482+00:00,study3b_fifo_runtime_v1
3080,C_254,2011,2012,5.74922305532e-05,0,0,0.06,0.0115366009995,2026-09-08T22:20:32.862482+00:00,study3b_fifo_runtime_v1
3100,C_255,2011,2012,0.000319633225445,0,0,0.06,0.0115366009995,2026-09-08T22:20:32.862482+00:00,study3b_fifo_runtime_v1
3147,C_259,2011,2012,2.58882919297e-05,0,0,0.06,0.0115366009995,2026-09-08T22:20:32.862482+00:00,study3b_fifo_runtime_v1
3187,C_264,2011,2012,0.000119723168609,0,0,0.06,0.0115366009995,2026-09-08T22:20:32.862482+00:00,study3b_fifo_runtime_v1
3224,C_268,2011,2012,7.02643665136e-05,0,0,0.06,0.0115366009995,2026-09-08T22:20:32.862482+00:00,study3b_fifo_runtime_v1
3251,C_270,2011,2012,0.000150794410729,0,0,0.06,0.0115366009995,2026-09-08T22:20:32.862482+00:00,study3b_fifo_runtime_v1
3262,C_271,2011,2012,3.82560647267e-05,0,0,0.06,0.0115366009995,2026-09-08T22:20:32.862482+00:00,study3b_fifo_runtime_v1
3282,C_272,2011,2012,1.2113545381e-05,0,0,0.06,0.0115366009995,2026-09-08T22:20:32.862482+00:00,study3b_fifo_runtime_v1
3302,C_273,2011,2012,3.71828646166e-05,0,0,0.06,0.0115366009995,2026-09-08T22:20:32.862482+00:00,study3b_fifo_runtime_v1
3322,C_274,2011,2012,0.000177039648406,0,0,0.06,0.0115366009995,2026-09-08T22:20:32.862482+00:00,study3b_fifo_runtime_v1
3342,C_275,2011,2012,0.00131487555336,0,0,0.06,0.0115366009995,2026-09-08T22:20:32.862482+00:00,study3b_fifo_runtime_v1
3355,C_276,2011,2012,9.14692427614e-05,0,0,0.06,0.0115366009995,2026-09-08T22:20:32.862482+00:00,study3b_fifo_runtime_v1
3377,C_278,2011,2012,1.81282975973e-05,0,0,0.06,0.0115366009995,2026-09-08T22:20:32.862482+00:00,study3b_fifo_runtime_v1
3399,C_280,2011,2012,7.34079440008e-05,0,0,0.06,0.0115366009995,2026-09-08T22:20:32.862482+00:00,study3b_fifo_runtime_v1
3418,C_281,2011,2012,0.0001640591654,0,0,0.06,0.0115366009995,2026-09-08T22:20:32.862482+00:00,study3b_fifo_runtime_v1
3430,C_282,2011,2012,2.48371143243e-05,0,0,0.06,0.0115366009995,2026-09-08T22:20:32.862482+00:00,study3b_fifo_runtime_v1
3444,C_283,2011,2012,0.000126939630718,0,0,0.06,0.0115366009995,2026-09-08T22:20:32.862482+00:00,study3b_fifo_runtime_v1
3464,C_284,2011,2012,1.21920593301e-05,0,0,0.06,0.0115366009995,2026-09-08T22:20:32.862482+00:00,study3b_fifo_runtime_v1
3480,C_285,2011,2012,0.000200834081625,0,0,0.06,0.0115366009995,2026-09-08T22:20:32.862482+00:00,study3b_fifo_runtime_v1
3500,C_286,2011,2012,5.88536604482e-05,0,0,0.06,0.0115366009995,2026-09-08T22:20:32.862482+00:00,study3b_fifo_runtime_v1
3526,C_288,2011,2012,2.32608799706e-05,0,0,0.06,0.0115366009995,2026-09-08T22:20:32.862482+00:00,study3b_fifo_runtime_v1
3544,C_289,2011,2012,3.35274344252e-05,0,0,0.06,0.0115366009995,2026-09-08T22:20:32.862482+00:00,study3b_fifo_runtime_v1
3558,C_290,2011,2012,7.77204186306e-05,0,0,0.06,0.0115366009995,2026-09-08T22:20:32.862482+00:00,study3b_fifo_runtime_v1
3575,C_291,2011,2012,0.000122554949485,0,0,0.06,0.0115366009995,2026-09-08T22:20:32.862482+00:00,study3b_fifo_runtime_v1
3588,C_292,2011,2012,0.000358295626938,0,0,0.06,0.0115366009995,2026-09-08T22:20:32.862482+00:00,study3b_fifo_runtime_v1
3608,C_293,2011,2012,6.7384688009e-05,0,0,0.06,0.0115366009995,2026-09-08T22:20:32.862482+00:00,study3b_fifo_runtime_v1
3680,C_304,2011,2012,1.822637023e-05,0,0,0.06,0.0115366009995,2026-09-08T22:20:32.862482+00:00,study3b_fifo_runtime_v1
3693,C_305,2011,2012,4.55013941973e-05,0,0,0.06,0.0115366009995,2026-09-08T22:20:32.862482+00:00,study3b_fifo_runtime_v1
3713,C_306,2011,2012,2.00309750653e-05,0,0,0.06,0.0115366009995,2026-09-08T22:20:32.862482+00:00,study3b_fifo_runtime_v1
3753,C_309,2011,2012,0.000147026177729,0,0,0.06,0.0115366009995,2026-09-08T22:20:32.862482+00:00,study3b_fifo_runtime_v1
3775,C_311,2011,2012,1.35554437293e-05,0,0,0.06,0.0115366009995,2026-09-08T22:20:32.862482+00:00,study3b_fifo_runtime_v1
3806,C_315,2011,2012,4.19494899688e-05,0,0,0.06,0.0115366009995,2026-09-08T22:20:32.862482+00:00,study3b_fifo_runtime_v1
3819,C_316,2011,2012,0.000226353702601,0,0,0.06,0.0115366009995,2026-09-08T22:20:32.862482+00:00,study3b_fifo_runtime_v1
3838,C_317,2011,2012,0.000124179176055,0,0,0.06,0.0115366009995,2026-09-08T22:20:32.862482+00:00,study3b_fifo_runtime_v1
3858,C_318,2011,2012,5.62754757993e-05,0,0,0.06,0.0115366009995,2026-09-08T22:20:32.862482+00:00,study3b_fifo_runtime_v1
3878,C_319,2011,2012,8.90207884368e-05,0,0,0.06,0.0115366009995,2026-09-08T22:20:32.862482+00:00,study3b_fifo_runtime_v1
3907,C_322,2011,2012,0.000680758210365,0,0,0.06,0.0115366009995,2026-09-08T22:20:32.862482+00:00,study3b_fifo_runtime_v1
3927,C_323,2011,2012,3.73509683413e-05,0,0,0.06,0.0115366009995,2026-09-08T22:20:32.862482+00:00,study3b_fifo_runtime_v1
3947,C_324,2011,2012,0.00157956872135,0,0,0.06,0.0115366009995,2026-09-08T22:20:32.862482+00:00,study3b_fifo_runtime_v1
3962,C_325,2011,2012,0.000160036375746,0,0,0.06,0.0115366009995,2026-09-08T22:20:32.862482+00:00,study3b_fifo_runtime_v1
4006,C_329,2011,2012,2.98124973597e-06,0,0,0.06,0.0115366009995,2026-09-08T22:20:32.862482+00:00,study3b_fifo_runtime_v1
4039,C_332,2011,2012,4.33340710515e-06,0,0,0.06,0.0115366009995,2026-09-08T22:20:32.862482+00:00,study3b_fifo_runtime_v1
4057,C_333,2011,2012,0.000111613459012,0,0,0.06,0.0115366009995,2026-09-08T22:20:32.862482+00:00,study3b_fifo_runtime_v1
4076,C_334,2011,2012,0.00011906139116,0,0,0.06,0.0115366009995,2026-09-08T22:20:32.862482+00:00,study3b_fifo_runtime_v1
4111,C_337,2011,2012,0.000256626139162,0,0,0.06,0.0115366009995,2026-09-08T22:20:32.862482+00:00,study3b_fifo_runtime_v1
4142,C_339,2011,2012,0.000403635698603,0,0,0.06,0.0115366009995,2026-09-08T22:20:32.862482+00:00,study3b_fifo_runtime_v1
4160,C_341,2011,2012,4.71114035463e-05,0,0,0.06,0.0115366009995,2026-09-08T22:20:32.862482+00:00,study3b_fifo_runtime_v1
4180,C_342,2011,2012,0.000109886888822,0,0,0.06,0.0115366009995,2026-09-08T22:20:32.862482+00:00,study3b_fifo_runtime_v1
4199,C_343,2011,2012,6.32885567029e-05,0,0,0.06,0.0115366009995,2026-09-08T22:20:32.862482+00:00,study3b_fifo_runtime_v1
4228,C_345,2011,2012,1.72729505721e-05,0,0,0.06,0.0115366009995,2026-09-08T22:20:32.862482+00:00,study3b_fifo_runtime_v1
4248,C_346,2011,2012,0.000157388116349,0,0,0.06,0.0115366009995,2026-09-08T22:20:32.862482+00:00,study3b_fifo_runtime_v1
4279,C_349,2011,2012,1.48350454765e-05,0,0,0.06,0.0115366009995,2026-09-08T22:20:32.862482+00:00,study3b_fifo_runtime_v1
4314,C_352,2011,2012,0.00111953925807,0,0,0.06,0.0115366009995,2026-09-08T22:20:32.862482+00:00,study3b_fifo_runtime_v1
4334,C_353,2011,2012,0.000823171052616,0,0,0.06,0.0115366009995,2026-09-08T22:20:32.862482+00:00,study3b_fifo_runtime_v1
4355,C_355,2011,2012,0.00257248408161,0,0,0.06,0.0115366009995,2026-09-08T22:20:32.862482+00:00,study3b_fifo_runtime_v1
4370,C_356,2011,2012,0.000106732237327,0,0,0.06,0.0115366009995,2026-09-08T22:20:32.862482+00:00,study3b_fifo_runtime_v1
4398,C_359,2011,2012,0.000315226963721,0,0,0.06,0.0115366009995,2026-09-08T22:20:32.862482+00:00,study3b_fifo_runtime_v1
4427,C_363,2011,2012,0.000413470581407,0,0,0.06,0.0115366009995,2026-09-08T22:20:32.862482+00:00,study3b_fifo_runtime_v1
4444,C_365,2011,2012,2.99752373394e-05,0,0,0.06,0.0115366009995,2026-09-08T22:20:32.862482+00:00,study3b_fifo_runtime_v1
4462,C_367,2011,2012,0.000363843893865,0,0,0.06,0.0115366009995,2026-09-08T22:20:32.862482+00:00,study3b_fifo_runtime_v1
4485,C_369,2011,2012,0.00248083891347,0,0,0.06,0.0115366009995,2026-09-08T22:20:32.862482+00:00,study3b_fifo_runtime_v1
4509,C_372,2011,2012,0.000137208189699,0,0,0.06,0.0115366009995,2026-09-08T22:20:32.862482+00:00,study3b_fifo_runtime_v1
4535,C_374,2011,2012,0.000130422253278,0,0,0.06,0.0115366009995,2026-09-08T22:20:32.862482+00:00,study3b_fifo_runtime_v1
4558,C_376,2011,2012,8.60989075591e-06,0,0,0.06,0.0115366009995,2026-09-08T22:20:32.862482+00:00,study3b_fifo_runtime_v1
4578,C_377,2011,2012,7.7277123637e-05,0,0,0.06,0.0115366009995,2026-09-08T22:20:32.862482+00:00,study3b_fifo_runtime_v1
4620,C_381,2011,2012,0.000140587799251,0,0,0.06,0.0115366009995,2026-09-08T22:20:32.862482+00:00,study3b_fifo_runtime_v1
4662,C_386,2011,2012,4.69837978017e-05,0,0,0.06,0.0115366009995,2026-09-08T22:20:32.862482+00:00,study3b_fifo_runtime_v1
4682,C_387,2011,2012,0.00922954455018,0,0,0.06,0.0115366009995,2026-09-08T22:20:32.862482+00:00,study3b_fifo_runtime_v1
4696,C_388,2011,2012,0.000354999996489,0,0,0.06,0.0115366009995,2026-09-08T22:20:32.862482+00:00,study3b_fifo_runtime_v1
4716,C_389,2011,2012,0.000108441912744,0,0,0.06,0.0115366009995,2026-09-08T22:20:32.862482+00:00,study3b_fifo_runtime_v1
4734,C_392,2011,2012,0.000226548596402,0,0,0.06,0.0115366009995,2026-09-08T22:20:32.862482+00:00,study3b_fifo_runtime_v1
4754,C_393,2011,2012,0.00233761803247,0,0,0.06,0.0115366009995,2026-09-08T22:20:32.862482+00:00,study3b_fifo_runtime_v1
4766,C_394,2011,2012,1.97477365873e-05,0,0,0.06,0.0115366009995,2026-09-08T22:20:32.862482+00:00,study3b_fifo_runtime_v1
4794,C_396,2011,2012,0.000252038822509,0,0,0.06,0.0115366009995,2026-09-08T22:20:32.862482+00:00,study3b_fifo_runtime_v1
4807,C_397,2011,2012,4.4273401727e-05,0,0,0.06,0.0115366009995,2026-09-08T22:20:32.862482+00:00,study3b_fifo_runtime_v1
4827,C_398,2011,2012,0.0011116117239,0,0,0.06,0.0115366009995,2026-09-08T22:20:32.862482+00:00,study3b_fifo_runtime_v1
4847,C_399,2011,2012,0.000214593150304,0,0,0.06,0.0115366009995,2026-09-08T22:20:32.862482+00:00,study3b_fifo_runtime_v1
4867,C_400,2011,2012,5.79089246457e-05,0,0,0.06,0.0115366009995,2026-09-08T22:20:32.862482+00:00,study3b_fifo_runtime_v1
4887,C_401,2011,2012,0.00318211596459,0,0,0.06,0.0115366009995,2026-09-08T22:20:32.862482+00:00,study3b_fifo_runtime_v1
4914,C_403,2011,2012,0.000759250018746,0,0,0.06,0.0115366009995,2026-09-08T22:20:32.862482+00:00,study3b_fifo_runtime_v1
4930,C_404,2011,2012,3.48631401721e-05,0,0,0.06,0.0115366009995,2026-09-08T22:20:32.862482+00:00,study3b_fifo_runtime_v1
4952,C_406,2011,2012,2.87115053652e-05,0,0,0.06,0.0115366009995,2026-09-08T22:20:32.862482+00:00,study3b_fifo_runtime_v1
4972,C_407,2011,2012,0.000584205088671,0,0,0.06,0.0115366009995,2026-09-08T22:20:32.862482+00:00,study3b_fifo_runtime_v1
4992,C_408,2011,2012,5.15773317602e-05,0,0,0.06,0.0115366009995,2026-09-08T22:20:32.862482+00:00,study3b_fifo_runtime_v1
5015,C_410,2011,2012,0.000154661815031,0,0,0.06,0.0115366009995,2026-09-08T22:20:32.862482+00:00,study3b_fifo_runtime_v1
5030,C_412,2011,2012,0.000402517296607,0,0,0.06,0.0115366009995,2026-09-08T22:20:32.862482+00:00,study3b_fifo_runtime_v1
5050,C_413,2011,2012,8.83281245478e-05,0,0,0.06,0.0115366009995,2026-09-08T22:20:32.862482+00:00,study3b_fifo_runtime_v1
5071,C_415,2011,2012,3.3968083244e-06,0,0,0.06,0.0115366009995,2026-09-08T22:20:32.862482+00:00,study3b_fifo_runtime_v1
5091,C_416,2011,2012,3.77949581889e-05,0,0,0.06,0.0115366009995,2026-09-08T22:20:32.862482+00:00,study3b_fifo_runtime_v1
5110,C_417,2011,2012,3.26866247633e-05,0,0,0.06,0.0115366009995,2026-09-08T22:20:32.862482+00:00,study3b_fifo_runtime_v1
5130,C_418,2011,2012,2.155382208e-05,0,0,0.06,0.0115366009995,2026-09-08T22:20:32.862482+00:00,study3b_fifo_runtime_v1
5182,C_423,2011,2012,0.00072296243161,0,0,0.06,0.0115366009995,2026-09-08T22:20:32.862482+00:00,study3b_fifo_runtime_v1
5211,C_426,2011,2012,2.23522365559e-05,0,0,0.06,0.0115366009995,2026-09-08T22:20:32.862482+00:00,study3b_fifo_runtime_v1
5237,C_428,2011,2012,0.000105541861558,0,0,0.06,0.0115366009995,2026-09-08T22:20:32.862482+00:00,study3b_fifo_runtime_v1
5293,C_437,2011,2012,5.73053548578e-05,0,0,0.06,0.0115366009995,2026-09-08T22:20:32.862482+00:00,study3b_fifo_runtime_v1
5313,C_438,2011,2012,0.018265478313,0,1,0.06,0.0115366009995,2026-09-08T22:20:32.862482+00:00,study3b_fifo_runtime_v1
5326,C_439,2011,2012,4.76865388919e-05,0,0,0.06,0.0115366009995,2026-09-08T22:20:32.862482+00:00,study3b_fifo_runtime_v1
5377,C_444,2011,2012,9.04165572138e-05,0,0,0.06,0.0115366009995,2026-09-08T22:20:32.862482+00:00,study3b_fifo_runtime_v1
5402,C_447,2011,2012,0.0001242634753,0,0,0.06,0.0115366009995,2026-09-08T22:20:32.862482+00:00,study3b_fifo_runtime_v1
5423,C_449,2011,2012,1.00560873761e-05,0,0,0.06,0.0115366009995,2026-09-08T22:20:32.862482+00:00,study3b_fifo_runtime_v1
5457,C_453,2011,2012,5.51987614017e-05,0,0,0.06,0.0115366009995,2026-09-08T22:20:32.862482+00:00,study3b_fifo_runtime_v1
5475,C_454,2011,2012,0.000119413300126,0,0,0.06,0.0115366009995,2026-09-08T22:20:32.862482+00:00,study3b_fifo_runtime_v1
5495,C_455,2011,2012,0.000226299322094,0,0,0.06,0.0115366009995,2026-09-08T22:20:32.862482+00:00,study3b_fifo_runtime_v1
5515,C_456,2011,2012,0.00070922676241,0,0,0.06,0.0115366009995,2026-09-08T22:20:32.862482+00:00,study3b_fifo_runtime_v1
5570,C_463,2011,2012,0.000326575856889,0,0,0.06,0.0115366009995,2026-09-08T22:20:32.862482+00:00,study3b_fifo_runtime_v1
5590,C_464,2011,2012,7.79795482231e-06,0,0,0.06,0.0115366009995,2026-09-08T22:20:32.862482+00:00,study3b_fifo_runtime_v1
5618,C_466,2011,2012,0.000140994729009,0,0,0.06,0.0115366009995,2026-09-08T22:20:32.862482+00:00,study3b_fifo_runtime_v1
5638,C_467,2011,2012,1.41383306982e-05,0,0,0.06,0.0115366009995,2026-09-08T22:20:32.862482+00:00,study3b_fifo_runtime_v1
5658,C_468,2011,2012,3.00284282275e-05,0,0,0.06,0.0115366009995,2026-09-08T22:20:32.862482+00:00,study3b_fifo_runtime_v1
5690,C_470,2011,2012,0.000267500377959,0,0,0.06,0.0115366009995,2026-09-08T22:20:32.862482+00:00,study3b_fifo_runtime_v1
5703,C_471,2011,2012,0.000232701961068,0,0,0.06,0.0115366009995,2026-09-08T22:20:32.862482+00:00,study3b_fifo_runtime_v1
5727,C_473,2011,2012,0.000236511157709,0,0,0.06,0.0115366009995,2026-09-08T22:20:32.862482+00:00,study3b_fifo_runtime_v1
5745,C_475,2011,2012,0.000377530319383,0,0,0.06,0.0115366009995,2026-09-08T22:20:32.862482+00:00,study3b_fifo_runtime_v1
5765,C_476,2011,2012,2.60112956312e-05,0,0,0.06,0.0115366009995,2026-09-08T22:20:32.862482+00:00,study3b_fifo_runtime_v1
5785,C_477,2011,2012,0.00194627570454,0,0,0.06,0.0115366009995,2026-09-08T22:20:32.862482+00:00,study3b_fifo_runtime_v1
5820,C_480,2011,2012,0.000329675880494,0,0,0.06,0.0115366009995,2026-09-08T22:20:32.862482+00:00,study3b_fifo_runtime_v1
5836,C_481,2011,2012,0.00191906851251,0,0,0.06,0.0115366009995,2026-09-08T22:20:32.862482+00:00,study3b_fifo_runtime_v1
5864,C_483,2011,2012,2.27585842367e-05,0,0,0.06,0.0115366009995,2026-09-08T22:20:32.862482+00:00,study3b_fifo_runtime_v1
5884,C_484,2011,2012,4.90841630381e-05,0,0,0.06,0.0115366009995,2026-09-08T22:20:32.862482+00:00,study3b_fifo_runtime_v1
5925,C_488,2011,2012,7.53054264351e-05,0,0,0.06,0.0115366009995,2026-09-08T22:20:32.862482+00:00,study3b_fifo_runtime_v1
5943,C_489,2011,2012,0.0246917586774,0,1,0.06,0.0115366009995,2026-09-08T22:20:32.862482+00:00,study3b_fifo_runtime_v1
5958,C_490,2011,2012,0.00258445949294,0,0,0.06,0.0115366009995,2026-09-08T22:20:32.862482+00:00,study3b_fifo_runtime_v1
5978,C_491,2011,2012,0.000833197089378,0,0,0.06,0.0115366009995,2026-09-08T22:20:32.862482+00:00,study3b_fifo_runtime_v1
5998,C_492,2011,2012,0.000225823547225,0,0,0.06,0.0115366009995,2026-09-08T22:20:32.862482+00:00,study3b_fifo_runtime_v1
6025,C_494,2011,2012,0.000387779815355,0,0,0.06,0.0115366009995,2026-09-08T22:20:32.862482+00:00,study3b_fifo_runtime_v1
6045,C_495,2011,2012,1.5677045667e-05,0,0,0.06,0.0115366009995,2026-09-08T22:20:32.862482+00:00,study3b_fifo_runtime_v1
6066,C_497,2011,2012,0.00320967496373,0,0,0.06,0.0115366009995,2026-09-08T22:20:32.862482+00:00,study3b_fifo_runtime_v1
6086,C_498,2011,2012,4.15397189499e-05,0,0,0.06,0.0115366009995,2026-09-08T22:20:32.862482+00:00,study3b_fifo_runtime_v1
6099,C_499,2011,2012,0.000132087909151,0,0,0.06,0.0115366009995,2026-09-08T22:20:32.862482+00:00,study3b_fifo_runtime_v1
6114,C_500,2011,2012,8.01662390586e-05,0,0,0.06,0.0115366009995,2026-09-08T22:20:32.862482+00:00,study3b_fifo_runtime_v1
6138,C_502,2011,2012,0.00011295076547,0,0,0.06,0.0115366009995,2026-09-08T22:20:32.862482+00:00,study3b_fifo_runtime_v1
6158,C_503,2011,2012,0.000296612008242,0,0,0.06,0.0115366009995,2026-09-08T22:20:32.862482+00:00,study3b_fifo_runtime_v1
6193,C_508,2011,2012,1.80974220712e-05,0,0,0.06,0.0115366009995,2026-09-08T22:20:32.862482+00:00,study3b_fifo_runtime_v1
6214,C_510,2011,2012,0.00287157483399,0,0,0.06,0.0115366009995,2026-09-08T22:20:32.862482+00:00,study3b_fifo_runtime_v1
6227,C_511,2011,2012,3.11264921038e-05,0,0,0.06,0.0115366009995,2026-09-08T22:20:32.862482+00:00,study3b_fifo_runtime_v1
6250,C_513,2011,2012,0.000371040339814,0,0,0.06,0.0115366009995,2026-09-08T22:20:32.862482+00:00,study3b_fifo_runtime_v1
6283,C_516,2011,2012,0.000130690299557,0,0,0.06,0.0115366009995,2026-09-08T22:20:32.862482+00:00,study3b_fifo_runtime_v1
6303,C_517,2011,2012,6.95420612828e-06,0,0,0.06,0.0115366009995,2026-09-08T22:20:32.862482+00:00,study3b_fifo_runtime_v1
6323,C_518,2011,2012,0.00213306606747,0,0,0.06,0.0115366009995,2026-09-08T22:20:32.862482+00:00,study3b_fifo_runtime_v1
6344,C_520,2011,2012,2.01092061616e-05,0,0,0.06,0.0115366009995,2026-09-08T22:20:32.862482+00:00,study3b_fifo_runtime_v1
6363,C_521,2011,2012,8.01924834377e-05,0,0,0.06,0.0115366009995,2026-09-08T22:20:32.862482+00:00,study3b_fifo_runtime_v1
6417,C_525,2011,2012,5.45110997336e-05,0,0,0.06,0.0115366009995,2026-09-08T22:20:32.862482+00:00,study3b_fifo_runtime_v1
6437,C_526,2011,2012,3.64059233107e-05,0,0,0.06,0.0115366009995,2026-09-08T22:20:32.862482+00:00,study3b_fifo_runtime_v1
6459,C_528,2011,2012,1.32046416184e-05,0,0,0.06,0.0115366009995,2026-09-08T22:20:32.862482+00:00,study3b_fifo_runtime_v1
6477,C_530,2011,2012,0.0012576803565,0,0,0.06,0.0115366009995,2026-09-08T22:20:32.862482+00:00,study3b_fifo_runtime_v1
6488,C_531,2011,2012,0.00157283351291,0,0,0.06,0.0115366009995,2026-09-08T22:20:32.862482+00:00,study3b_fifo_runtime_v1
6508,C_532,2011,2012,0.000212765022297,0,0,0.06,0.0115366009995,2026-09-08T22:20:32.862482+00:00,study3b_fifo_runtime_v1
6527,C_533,2011,2012,0.0736448019743,1,1,0.06,0.0115366009995,2026-09-08T22:20:32.862482+00:00,study3b_fifo_runtime_v1
6541,C_535,2011,2012,0.000604882719927,0,0,0.06,0.0115366009995,2026-09-08T22:20:32.862482+00:00,study3b_fifo_runtime_v1
6575,C_538,2011,2012,1.42739299918e-05,0,0,0.06,0.0115366009995,2026-09-08T22:20:32.862482+00:00,study3b_fifo_runtime_v1
6601,C_540,2011,2012,5.92138821958e-05,0,0,0.06,0.0115366009995,2026-09-08T22:20:32.862482+00:00,study3b_fifo_runtime_v1
6621,C_541,2011,2012,0.000332364899805,0,0,0.06,0.0115366009995,2026-09-08T22:20:32.862482+00:00,study3b_fifo_runtime_v1
6639,C_542,2011,2012,0.00162950111553,0,0,0.06,0.0115366009995,2026-09-08T22:20:32.862482+00:00,study3b_fifo_runtime_v1
6659,C_543,2011,2012,0.00150443520397,0,0,0.06,0.0115366009995,2026-09-08T22:20:32.862482+00:00,study3b_fifo_runtime_v1
6678,C_544,2011,2012,0.000639395031612,0,0,0.06,0.0115366009995,2026-09-08T22:20:32.862482+00:00,study3b_fifo_runtime_v1
6698,C_545,2011,2012,0.000160243158462,0,0,0.06,0.0115366009995,2026-09-08T22:20:32.862482+00:00,study3b_fifo_runtime_v1
6718,C_546,2011,2012,4.64777513116e-05,0,0,0.06,0.0115366009995,2026-09-08T22:20:32.862482+00:00,study3b_fifo_runtime_v1
6739,C_548,2011,2012,2.33496957662e-05,0,0,0.06,0.0115366009995,2026-09-08T22:20:32.862482+00:00,study3b_fifo_runtime_v1
6759,C_549,2011,2012,0.000135152498842,0,0,0.06,0.0115366009995,2026-09-08T22:20:32.862482+00:00,study3b_fifo_runtime_v1
6786,C_551,2011,2012,2.814317304e-05,0,0,0.06,0.0115366009995,2026-09-08T22:20:32.862482+00:00,study3b_fifo_runtime_v1
6806,C_552,2011,2012,0.00107273203321,0,0,0.06,0.0115366009995,2026-09-08T22:20:32.862482+00:00,study3b_fifo_runtime_v1
6826,C_553,2011,2012,0.0107246516272,0,0,0.06,0.0115366009995,2026-09-08T22:20:32.862482+00:00,study3b_fifo_runtime_v1
6846,C_554,2011,2012,6.4543542976e-05,0,0,0.06,0.0115366009995,2026-09-08T22:20:32.862482+00:00,study3b_fifo_runtime_v1
6888,C_559,2011,2012,0.000184687509318,0,0,0.06,0.0115366009995,2026-09-08T22:20:32.862482+00:00,study3b_fifo_runtime_v1
6918,C_561,2011,2012,0.000309675728204,0,0,0.06,0.0115366009995,2026-09-08T22:20:32.862482+00:00,study3b_fifo_runtime_v1
6938,C_562,2011,2012,0.000107245075924,0,0,0.06,0.0115366009995,2026-09-08T22:20:32.862482+00:00,study3b_fifo_runtime_v1
6958,C_563,2011,2012,1.47295240822e-05,0,0,0.06,0.0115366009995,2026-09-08T22:20:32.862482+00:00,study3b_fifo_runtime_v1
6982,C_565,2011,2012,0.00048421297106,0,0,0.06,0.0115366009995,2026-09-08T22:20:32.862482+00:00,study3b_fifo_runtime_v1
7002,C_566,2011,2012,0.00054968643235,0,0,0.06,0.0115366009995,2026-09-08T22:20:32.862482+00:00,study3b_fifo_runtime_v1
7030,C_570,2011,2012,0.000297007500194,0,0,0.06,0.0115366009995,2026-09-08T22:20:32.862482+00:00,study3b_fifo_runtime_v1
7048,C_572,2011,2012,2.22437574848e-05,0,0,0.06,0.0115366009995,2026-09-08T22:20:32.862482+00:00,study3b_fifo_runtime_v1
7078,C_576,2011,2012,0.0541601441801,0,1,0.06,0.0115366009995,2026-09-08T22:20:32.862482+00:00,study3b_fifo_runtime_v1
7107,C_579,2011,2012,3.0209272154e-05,0,0,0.06,0.0115366009995,2026-09-08T22:20:32.862482+00:00,study3b_fifo_runtime_v1
7126,C_580,2011,2012,0.00180349161383,0,0,0.06,0.0115366009995,2026-09-08T22:20:32.862482+00:00,study3b_fifo_runtime_v1
7143,C_581,2011,2012,0.000479189679027,0,0,0.06,0.0115366009995,2026-09-08T22:20:32.862482+00:00,study3b_fifo_runtime_v1
7153,C_582,2011,2012,0.00327787618153,0,0,0.06,0.0115366009995,2026-09-08T22:20:32.862482+00:00,study3b_fifo_runtime_v1
7173,C_583,2011,2012,2.6185216484e-05,0,0,0.06,0.0115366009995,2026-09-08T22:20:32.862482+00:00,study3b_fifo_runtime_v1
7193,C_584,2011,2012,0.0001026226455,0,0,0.06,0.0115366009995,2026-09-08T22:20:32.862482+00:00,study3b_fifo_runtime_v1
7214,C_586,2011,2012,0.00373047962785,0,0,0.06,0.0115366009995,2026-09-08T22:20:32.862482+00:00,study3b_fifo_runtime_v1
7234,C_588,2011,2012,0.000272255798336,0,0,0.06,0.0115366009995,2026-09-08T22:20:32.862482+00:00,study3b_fifo_runtime_v1
7275,C_595,2011,2012,0.000404144171625,0,0,0.06,0.0115366009995,2026-09-08T22:20:32.862482+00:00,study3b_fifo_runtime_v1
7307,C_598,2011,2012,0.00190049072262,0,0,0.06,0.0115366009995,2026-09-08T22:20:32.862482+00:00,study3b_fifo_runtime_v1
7350,C_604,2011,2012,0.00261424924247,0,0,0.06,0.0115366009995,2026-09-08T22:20:32.862482+00:00,study3b_fifo_runtime_v1
7364,C_605,2011,2012,7.8145385487e-05,0,0,0.06,0.0115366009995,2026-09-08T22:20:32.862482+00:00,study3b_fifo_runtime_v1
7384,C_606,2011,2012,3.7339348637e-05,0,0,0.06,0.0115366009995,2026-09-08T22:20:32.862482+00:00,study3b_fifo_runtime_v1
7404,C_607,2011,2012,0.00119325343985,0,0,0.06,0.0115366009995,2026-09-08T22:20:32.862482+00:00,study3b_fifo_runtime_v1
7438,C_612,2011,2012,8.3699276729e-05,0,0,0.06,0.0115366009995,2026-09-08T22:20:32.862482+00:00,study3b_fifo_runtime_v1
7454,C_614,2011,2012,8.06271855254e-05,0,0,0.06,0.0115366009995,2026-09-08T22:20:32.862482+00:00,study3b_fifo_runtime_v1
7474,C_615,2011,2012,2.44307648245e-05,0,0,0.06,0.0115366009995,2026-09-08T22:20:32.862482+00:00,study3b_fifo_runtime_v1
7489,C_616,2011,2012,1.06469997263e-05,0,0,0.06,0.0115366009995,2026-09-08T22:20:32.862482+00:00,study3b_fifo_runtime_v1
7510,C_618,2011,2012,0.0111265471205,0,0,0.06,0.0115366009995,2026-09-08T22:20:32.862482+00:00,study3b_fifo_runtime_v1
7520,C_619,2011,2012,2.18771601794e-05,0,0,0.06,0.0115366009995,2026-09-08T22:20:32.862482+00:00,study3b_fifo_runtime_v1
7539,C_620,2011,2012,0.000419699470513,0,0,0.06,0.0115366009995,2026-09-08T22:20:32.862482+00:00,study3b_fifo_runtime_v1
7558,C_621,2011,2012,9.28842018766e-06,0,0,0.06,0.0115366009995,2026-09-08T22:20:32.862482+00:00,study3b_fifo_runtime_v1
7579,C_623,2011,2012,2.53874623013e-05,0,0,0.06,0.0115366009995,2026-09-08T22:20:32.862482+00:00,study3b_fifo_runtime_v1
7605,C_625,2011,2012,0.000209471487324,0,0,0.06,0.0115366009995,2026-09-08T22:20:32.862482+00:00,study3b_fifo_runtime_v1
7625,C_628,2011,2012,5.33108432137e-05,0,0,0.06,0.0115366009995,2026-09-08T22:20:32.862482+00:00,study3b_fifo_runtime_v1
7645,C_629,2011,2012,2.74415706372e-05,0,0,0.06,0.0115366009995,2026-09-08T22:20:32.862482+00:00,study3b_fifo_runtime_v1
7665,C_630,2011,2012,1.2073806829e-05,0,0,0.06,0.0115366009995,2026-09-08T22:20:32.862482+00:00,study3b_fifo_runtime_v1
7688,C_632,2011,2012,0.000701190496329,0,0,0.06,0.0115366009995,2026-09-08T22:20:32.862482+00:00,study3b_fifo_runtime_v1
7732,C_638,2011,2012,0.00113903777674,0,0,0.06,0.0115366009995,2026-09-08T22:20:32.862482+00:00,study3b_fifo_runtime_v1
7745,C_639,2011,2012,0.000126951214042,0,0,0.06,0.0115366009995,2026-09-08T22:20:32.862482+00:00,study3b_fifo_runtime_v1
7765,C_640,2011,2012,0.000472339597763,0,0,0.06,0.0115366009995,2026-09-08T22:20:32.862482+00:00,study3b_fifo_runtime_v1
7792,C_643,2011,2012,0.000145397105371,0,0,0.06,0.0115366009995,2026-09-08T22:20:32.862482+00:00,study3b_fifo_runtime_v1
7829,C_646,2011,2012,5.05038296978e-05,0,0,0.06,0.0115366009995,2026-09-08T22:20:32.862482+00:00,study3b_fifo_runtime_v1
7847,C_647,2011,2012,4.06806748288e-06,0,0,0.06,0.0115366009995,2026-09-08T22:20:32.862482+00:00,study3b_fifo_runtime_v1
7869,C_649,2011,2012,5.49675896764e-05,0,0,0.06,0.0115366009995,2026-09-08T22:20:32.862482+00:00,study3b_fifo_runtime_v1
7891,C_651,2011,2012,1.87932055269e-05,0,0,0.06,0.0115366009995,2026-09-08T22:20:32.862482+00:00,study3b_fifo_runtime_v1
7931,C_656,2011,2012,0.00285139679909,0,0,0.06,0.0115366009995,2026-09-08T22:20:32.862482+00:00,study3b_fifo_runtime_v1
7962,C_660,2011,2012,6.15055296294e-06,0,0,0.06,0.0115366009995,2026-09-08T22:20:32.862482+00:00,study3b_fifo_runtime_v1
7989,C_662,2011,2012,7.10159511073e-05,0,0,0.06,0.0115366009995,2026-09-08T22:20:32.862482+00:00,study3b_fifo_runtime_v1
8008,C_665,2011,2012,0.00069172232179,0,0,0.06,0.0115366009995,2026-09-08T22:20:32.862482+00:00,study3b_fifo_runtime_v1
8031,C_667,2011,2012,3.70481320715e-05,0,0,0.06,0.0115366009995,2026-09-08T22:20:32.862482+00:00,study3b_fifo_runtime_v1
8044,C_668,2011,2012,0.000495687418152,0,0,0.06,0.0115366009995,2026-09-08T22:20:32.862482+00:00,study3b_fifo_runtime_v1
8064,C_669,2011,2012,0.000192371473531,0,0,0.06,0.0115366009995,2026-09-08T22:20:32.862482+00:00,study3b_fifo_runtime_v1
8085,C_671,2011,2012,0.000716275535524,0,0,0.06,0.0115366009995,2026-09-08T22:20:32.862482+00:00,study3b_fifo_runtime_v1
8105,C_672,2011,2012,0.000162638840266,0,0,0.06,0.0115366009995,2026-09-08T22:20:32.862482+00:00,study3b_fifo_runtime_v1
8129,C_674,2011,2012,2.72562174359e-05,0,0,0.06,0.0115366009995,2026-09-08T22:20:32.862482+00:00,study3b_fifo_runtime_v1
8149,C_675,2011,2012,0.000267987139523,0,0,0.06,0.0115366009995,2026-09-08T22:20:32.862482+00:00,study3b_fifo_runtime_v1
8169,C_676,2011,2012,0.0034023236949,0,0,0.06,0.0115366009995,2026-09-08T22:20:32.862482+00:00,study3b_fifo_runtime_v1
8206,C_679,2011,2012,0.0340043455362,0,1,0.06,0.0115366009995,2026-09-08T22:20:32.862482+00:00,study3b_fifo_runtime_v1
8231,C_683,2011,2012,7.94560837676e-05,0,0,0.06,0.0115366009995,2026-09-08T22:20:32.862482+00:00,study3b_fifo_runtime_v1
8270,C_689,2011,2012,1.56457590492e-05,0,0,0.06,0.0115366009995,2026-09-08T22:20:32.862482+00:00,study3b_fifo_runtime_v1
8290,C_691,2011,2012,0.000192820982193,0,0,0.06,0.0115366009995,2026-09-08T22:20:32.862482+00:00,study3b_fifo_runtime_v1
8330,C_697,2011,2012,3.79627672373e-05,0,0,0.06,0.0115366009995,2026-09-08T22:20:32.862482+00:00,study3b_fifo_runtime_v1
8344,C_698,2011,2012,6.95631897543e-05,0,0,0.06,0.0115366009995,2026-09-08T22:20:32.862482+00:00,study3b_fifo_runtime_v1
8393,C_705,2011,2012,0.00149459636305,0,0,0.06,0.0115366009995,2026-09-08T22:20:32.862482+00:00,study3b_fifo_runtime_v1
8408,C_707,2011,2012,0.000150695021148,0,0,0.06,0.0115366009995,2026-09-08T22:20:32.862482+00:00,study3b_fifo_runtime_v1
8428,C_708,2011,2012,0.000273725047009,0,0,0.06,0.0115366009995,2026-09-08T22:20:32.862482+00:00,study3b_fifo_runtime_v1
8467,C_712,2011,2012,8.73333556228e-05,0,0,0.06,0.0115366009995,2026-09-08T22:20:32.862482+00:00,study3b_fifo_runtime_v1
8491,C_714,2011,2012,3.03271572193e-05,0,0,0.06,0.0115366009995,2026-09-08T22:20:32.862482+00:00,study3b_fifo_runtime_v1
8511,C_715,2011,2012,4.95057611261e-05,0,0,0.06,0.0115366009995,2026-09-08T22:20:32.862482+00:00,study3b_fifo_runtime_v1
8531,C_716,2011,2012,2.32014590438e-05,0,0,0.06,0.0115366009995,2026-09-08T22:20:32.862482+00:00,study3b_fifo_runtime_v1
8551,C_717,2011,2012,2.02634128073e-05,0,0,0.06,0.0115366009995,2026-09-08T22:20:32.862482+00:00,study3b_fifo_runtime_v1
8577,C_719,2011,2012,0.000606293557212,0,0,0.06,0.0115366009995,2026-09-08T22:20:32.862482+00:00,study3b_fifo_runtime_v1
8597,C_720,2011,2012,1.45113926919e-05,0,0,0.06,0.0115366009995,2026-09-08T22:20:32.862482+00:00,study3b_fifo_runtime_v1
8618,C_722,2011,2012,0.000138180272188,0,0,0.06,0.0115366009995,2026-09-08T22:20:32.862482+00:00,study3b_fifo_runtime_v1
8638,C_723,2011,2012,0.000312826858135,0,0,0.06,0.0115366009995,2026-09-08T22:20:32.862482+00:00,study3b_fifo_runtime_v1
8664,C_725,2011,2012,3.16563055094e-05,0,0,0.06,0.0115366009995,2026-09-08T22:20:32.862482+00:00,study3b_fifo_runtime_v1
8690,C_727,2011,2012,4.22790762968e-05,0,0,0.06,0.0115366009995,2026-09-08T22:20:32.862482+00:00,study3b_fifo_runtime_v1
8731,C_730,2011,2012,3.14634489769e-05,0,0,0.06,0.0115366009995,2026-09-08T22:20:32.862482+00:00,study3b_fifo_runtime_v1
8751,C_731,2011,2012,0.000578496430535,0,0,0.06,0.0115366009995,2026-09-08T22:20:32.862482+00:00,study3b_fifo_runtime_v1
8771,C_732,2011,2012,0.000194214226212,0,0,0.06,0.0115366009995,2026-09-08T22:20:32.862482+00:00,study3b_fifo_runtime_v1
8791,C_733,2011,2012,2.68424282694e-05,0,0,0.06,0.0115366009995,2026-09-08T22:20:32.862482+00:00,study3b_fifo_runtime_v1
8809,C_735,2011,2012,0.000405353464885,0,0,0.06,0.0115366009995,2026-09-08T22:20:32.862482+00:00,study3b_fifo_runtime_v1
8843,C_737,2011,2012,8.70561416377e-05,0,0,0.06,0.0115366009995,2026-09-08T22:20:32.862482+00:00,study3b_fifo_runtime_v1
8863,C_738,2011,2012,0.000401003868319,0,0,0.06,0.0115366009995,2026-09-08T22:20:32.862482+00:00,study3b_fifo_runtime_v1
8895,C_741,2011,2012,7.33552733436e-05,0,0,0.06,0.0115366009995,2026-09-08T22:20:32.862482+00:00,study3b_fifo_runtime_v1
8917,C_743,2011,2012,6.42868617433e-05,0,0,0.06,0.0115366009995,2026-09-08T22:20:32.862482+00:00,study3b_fifo_runtime_v1
8937,C_744,2011,2012,0.00112023542169,0,0,0.06,0.0115366009995,2026-09-08T22:20:32.862482+00:00,study3b_fifo_runtime_v1
8956,C_745,2011,2012,0.000124741447507,0,0,0.06,0.0115366009995,2026-09-08T22:20:32.862482+00:00,study3b_fifo_runtime_v1
8984,C_748,2011,2012,5.28742784809e-05,0,0,0.06,0.0115366009995,2026-09-08T22:20:32.862482+00:00,study3b_fifo_runtime_v1
9003,C_750,2011,2012,0.00149338273332,0,0,0.06,0.0115366009995,2026-09-08T22:20:32.862482+00:00,study3b_fifo_runtime_v1
9026,C_752,2011,2012,0.000140735603054,0,0,0.06,0.0115366009995,2026-09-08T22:20:32.862482+00:00,study3b_fifo_runtime_v1
9061,C_756,2011,2012,0.000157790069352,0,0,0.06,0.0115366009995,2026-09-08T22:20:32.862482+00:00,study3b_fifo_runtime_v1
9081,C_757,2011,2012,0.00926646497101,0,0,0.06,0.0115366009995,2026-09-08T22:20:32.862482+00:00,study3b_fifo_runtime_v1
9101,C_758,2011,2012,0.0891652330756,1,1,0.06,0.0115366009995,2026-09-08T22:20:32.862482+00:00,study3b_fifo_runtime_v1
9118,C_759,2011,2012,0.000436253030784,0,0,0.06,0.0115366009995,2026-09-08T22:20:32.862482+00:00,study3b_fifo_runtime_v1
9149,C_762,2011,2012,0.000269467127509,0,0,0.06,0.0115366009995,2026-09-08T22:20:32.862482+00:00,study3b_fifo_runtime_v1
9187,C_766,2011,2012,0.000282391178189,0,0,0.06,0.0115366009995,2026-09-08T22:20:32.862482+00:00,study3b_fifo_runtime_v1
9207,C_767,2011,2012,4.86518110847e-05,0,0,0.06,0.0115366009995,2026-09-08T22:20:32.862482+00:00,study3b_fifo_runtime_v1
9241,C_771,2011,2012,0.00066393398447,0,0,0.06,0.0115366009995,2026-09-08T22:20:32.862482+00:00,study3b_fifo_runtime_v1
9263,C_773,2011,2012,0.000973440532107,0,0,0.06,0.0115366009995,2026-09-08T22:20:32.862482+00:00,study3b_fifo_runtime_v1
9283,C_774,2011,2012,2.28053249884e-05,0,0,0.06,0.0115366009995,2026-09-08T22:20:32.862482+00:00,study3b_fifo_runtime_v1
9303,C_775,2011,2012,0.000134993504616,0,0,0.06,0.0115366009995,2026-09-08T22:20:32.862482+00:00,study3b_fifo_runtime_v1
9323,C_776,2011,2012,2.85736459773e-05,0,0,0.06,0.0115366009995,2026-09-08T22:20:32.862482+00:00,study3b_fifo_runtime_v1
9338,C_778,2011,2012,0.00619246857241,0,0,0.06,0.0115366009995,2026-09-08T22:20:32.862482+00:00,study3b_fifo_runtime_v1
9358,C_779,2011,2012,9.13584008231e-05,0,0,0.06,0.0115366009995,2026-09-08T22:20:32.862482+00:00,study3b_fifo_runtime_v1
9384,C_781,2011,2012,0.000118682801258,0,0,0.06,0.0115366009995,2026-09-08T22:20:32.862482+00:00,study3b_fifo_runtime_v1
9403,C_782,2011,2012,0.00182655721437,0,0,0.06,0.0115366009995,2026-09-08T22:20:32.862482+00:00,study3b_fifo_runtime_v1
9425,C_784,2011,2012,0.000196055101696,0,0,0.06,0.0115366009995,2026-09-08T22:20:32.862482+00:00,study3b_fifo_runtime_v1
9490,C_792,2011,2012,1.07572341221e-05,0,0,0.06,0.0115366009995,2026-09-08T22:20:32.862482+00:00,study3b_fifo_runtime_v1
9521,C_794,2011,2012,0.000703084282577,0,0,0.06,0.0115366009995,2026-09-08T22:20:32.862482+00:00,study3b_fifo_runtime_v1
9541,C_795,2011,2012,0.000169718405232,0,0,0.06,0.0115366009995,2026-09-08T22:20:32.862482+00:00,study3b_fifo_runtime_v1
9560,C_796,2011,2012,4.04899692512e-05,0,0,0.06,0.0115366009995,2026-09-08T22:20:32.862482+00:00,study3b_fifo_runtime_v1
9580,C_797,2011,2012,1.83099455171e-05,0,0,0.06,0.0115366009995,2026-09-08T22:20:32.862482+00:00,study3b_fifo_runtime_v1
9608,C_799,2011,2012,0.000279413827229,0,0,0.06,0.0115366009995,2026-09-08T22:20:32.862482+00:00,study3b_fifo_runtime_v1
9628,C_800,2011,2012,0.00212198682129,0,0,0.06,0.0115366009995,2026-09-08T22:20:32.862482+00:00,study3b_fifo_runtime_v1
9642,C_801,2011,2012,2.38640914176e-05,0,0,0.06,0.0115366009995,2026-09-08T22:20:32.862482+00:00,study3b_fifo_runtime_v1
9672,C_805,2011,2012,0.00063293374842,0,0,0.06,0.0115366009995,2026-09-08T22:20:32.862482+00:00,study3b_fifo_runtime_v1
9710,C_810,2011,2012,0.000105282262666,0,0,0.06,0.0115366009995,2026-09-08T22:20:32.862482+00:00,study3b_fifo_runtime_v1
9730,C_811,2011,2012,0.000167123347637,0,0,0.06,0.0115366009995,2026-09-08T22:20:32.862482+00:00,study3b_fifo_runtime_v1
9749,C_812,2011,2012,0.000464306940557,0,0,0.06,0.0115366009995,2026-09-08T22:20:32.862482+00:00,study3b_fifo_runtime_v1
9771,C_814,2011,2012,0.000188168603927,0,0,0.06,0.0115366009995,2026-09-08T22:20:32.862482+00:00,study3b_fifo_runtime_v1
9787,C_815,2011,2012,4.84798802063e-05,0,0,0.06,0.0115366009995,2026-09-08T22:20:32.862482+00:00,study3b_fifo_runtime_v1
9812,C_817,2011,2012,0.000217727691052,0,0,0.06,0.0115366009995,2026-09-08T22:20:32.862482+00:00,study3b_fifo_runtime_v1
9831,C_818,2011,2012,1.19377773444e-05,0,0,0.06,0.0115366009995,2026-09-08T22:20:32.862482+00:00,study3b_fifo_runtime_v1
9847,C_819,2011,2012,0.000224543269724,0,0,0.06,0.0115366009995,2026-09-08T22:20:32.862482+00:00,study3b_fifo_runtime_v1
9860,C_820,2011,2012,0.000137079448905,0,0,0.06,0.0115366009995,2026-09-08T22:20:32.862482+00:00,study3b_fifo_runtime_v1
9877,C_821,2011,2012,1.05521066871e-05,0,0,0.06,0.0115366009995,2026-09-08T22:20:32.862482+00:00,study3b_fifo_runtime_v1
9905,C_824,2011,2012,0.00629582768306,0,0,0.06,0.0115366009995,2026-09-08T22:20:32.862482+00:00,study3b_fifo_runtime_v1
9922,C_826,2011,2012,0.000514370098244,0,0,0.06,0.0115366009995,2026-09-08T22:20:32.862482+00:00,study3b_fifo_runtime_v1
9938,C_827,2011,2012,2.28046937991e-05,0,0,0.06,0.0115366009995,2026-09-08T22:20:32.862482+00:00,study3b_fifo_runtime_v1
9972,C_830,2011,2012,0.000402049976401,0,0,0.06,0.0115366009995,2026-09-08T22:20:32.862482+00:00,study3b_fifo_runtime_v1
10029,C_838,2011,2012,0.0708445608616,1,1,0.06,0.0115366009995,2026-09-08T22:20:32.862482+00:00,study3b_fifo_runtime_v1
10044,C_839,2011,2012,0.000234558407101,0,0,0.06,0.0115366009995,2026-09-08T22:20:32.862482+00:00,study3b_fifo_runtime_v1
10064,C_840,2011,2012,0.00121338863391,0,0,0.06,0.0115366009995,2026-09-08T22:20:32.862482+00:00,study3b_fifo_runtime_v1
10095,C_844,2011,2012,0.000295292353258,0,0,0.06,0.0115366009995,2026-09-08T22:20:32.862482+00:00,study3b_fifo_runtime_v1
10118,C_846,2011,2012,9.39890105656e-06,0,0,0.06,0.0115366009995,2026-09-08T22:20:32.862482+00:00,study3b_fifo_runtime_v1
10141,C_848,2011,2012,1.87491696124e-05,0,0,0.06,0.0115366009995,2026-09-08T22:20:32.862482+00:00,study3b_fifo_runtime_v1
10177,C_853,2011,2012,0.000101307399746,0,0,0.06,0.0115366009995,2026-09-08T22:20:32.862482+00:00,study3b_fifo_runtime_v1
10197,C_854,2011,2012,3.54306248482e-05,0,0,0.06,0.0115366009995,2026-09-08T22:20:32.862482+00:00,study3b_fifo_runtime_v1
10215,C_856,2011,2012,0.000598399958108,0,0,0.06,0.0115366009995,2026-09-08T22:20:32.862482+00:00,study3b_fifo_runtime_v1
10238,C_861,2011,2012,0.000125824066345,0,0,0.06,0.0115366009995,2026-09-08T22:20:32.862482+00:00,study3b_fifo_runtime_v1
10258,C_862,2011,2012,0.00285157095641,0,0,0.06,0.0115366009995,2026-09-08T22:20:32.862482+00:00,study3b_fifo_runtime_v1
10276,C_863,2011,2012,0.000535026250873,0,0,0.06,0.0115366009995,2026-09-08T22:20:32.862482+00:00,study3b_fifo_runtime_v1
10286,C_864,2011,2012,0.00277229584754,0,0,0.06,0.0115366009995,2026-09-08T22:20:32.862482+00:00,study3b_fifo_runtime_v1
10306,C_865,2011,2012,0.000364018371329,0,0,0.06,0.0115366009995,2026-09-08T22:20:32.862482+00:00,study3b_fifo_runtime_v1
10345,C_868,2011,2012,0.000369286950445,0,0,0.06,0.0115366009995,2026-09-08T22:20:32.862482+00:00,study3b_fifo_runtime_v1
10358,C_869,2011,2012,0.000299186533084,0,0,0.06,0.0115366009995,2026-09-08T22:20:32.862482+00:00,study3b_fifo_runtime_v1
10378,C_870,2011,2012,0.000113476453407,0,0,0.06,0.0115366009995,2026-09-08T22:20:32.862482+00:00,study3b_fifo_runtime_v1
10394,C_871,2011,2012,0.000754053995479,0,0,0.06,0.0115366009995,2026-09-08T22:20:32.862482+00:00,study3b_fifo_runtime_v1
10413,C_872,2011,2012,0.00187144090887,0,0,0.06,0.0115366009995,2026-09-08T22:20:32.862482+00:00,study3b_fifo_runtime_v1
10457,C_876,2011,2012,0.0534614883363,0,1,0.06,0.0115366009995,2026-09-08T22:20:32.862482+00:00,study3b_fifo_runtime_v1
10474,C_877,2011,2012,4.81645402033e-05,0,0,0.06,0.0115366009995,2026-09-08T22:20:32.862482+00:00,study3b_fifo_runtime_v1
10497,C_880,2011,2012,4.95336680615e-05,0,0,0.06,0.0115366009995,2026-09-08T22:20:32.862482+00:00,study3b_fifo_runtime_v1
10525,C_882,2011,2012,0.000146035541547,0,0,0.06,0.0115366009995,2026-09-08T22:20:32.862482+00:00,study3b_fifo_runtime_v1
10545,C_883,2011,2012,5.23335393154e-06,0,0,0.06,0.0115366009995,2026-09-08T22:20:32.862482+00:00,study3b_fifo_runtime_v1
10572,C_885,2011,2012,1.5427280232e-05,0,0,0.06,0.0115366009995,2026-09-08T22:20:32.862482+00:00,study3b_fifo_runtime_v1
10591,C_886,2011,2012,0.000193362982827,0,0,0.06,0.0115366009995,2026-09-08T22:20:32.862482+00:00,study3b_fifo_runtime_v1
10610,C_887,2011,2012,0.00126490218099,0,0,0.06,0.0115366009995,2026-09-08T22:20:32.862482+00:00,study3b_fifo_runtime_v1
10629,C_889,2011,2012,2.10296857404e-05,0,0,0.06,0.0115366009995,2026-09-08T22:20:32.862482+00:00,study3b_fifo_runtime_v1
10649,C_890,2011,2012,9.02379615582e-05,0,0,0.06,0.0115366009995,2026-09-08T22:20:32.862482+00:00,study3b_fifo_runtime_v1
10680,C_892,2011,2012,7.41172470953e-06,0,0,0.06,0.0115366009995,2026-09-08T22:20:32.862482+00:00,study3b_fifo_runtime_v1
10718,C_897,2011,2012,4.45509904239e-05,0,0,0.06,0.0115366009995,2026-09-08T22:20:32.862482+00:00,study3b_fifo_runtime_v1
10738,C_898,2011,2012,3.474985715e-05,0,0,0.06,0.0115366009995,2026-09-08T22:20:32.862482+00:00,study3b_fifo_runtime_v1
10758,C_899,2011,2012,2.76254995697e-05,0,0,0.06,0.0115366009995,2026-09-08T22:20:32.862482+00:00,study3b_fifo_runtime_v1
10778,C_900,2011,2012,0.00059093645541,0,0,0.06,0.0115366009995,2026-09-08T22:20:32.862482+00:00,study3b_fifo_runtime_v1
10798,C_901,2011,2012,0.00018312157772,0,0,0.06,0.0115366009995,2026-09-08T22:20:32.862482+00:00,study3b_fifo_runtime_v1
10818,C_902,2011,2012,0.000198236186407,0,0,0.06,0.0115366009995,2026-09-08T22:20:32.862482+00:00,study3b_fifo_runtime_v1
10835,C_904,2011,2012,0.00019154009351,0,0,0.06,0.0115366009995,2026-09-08T22:20:32.862482+00:00,study3b_fifo_runtime_v1
10866,C_906,2011,2012,0.000214521889575,0,0,0.06,0.0115366009995,2026-09-08T22:20:32.862482+00:00,study3b_fifo_runtime_v1
10886,C_907,2011,2012,1.20137747217e-05,0,0,0.06,0.0115366009995,2026-09-08T22:20:32.862482+00:00,study3b_fifo_runtime_v1
10922,C_911,2011,2012,2.2445949071e-05,0,0,0.06,0.0115366009995,2026-09-08T22:20:32.862482+00:00,study3b_fifo_runtime_v1
10950,C_913,2011,2012,5.38322310604e-05,0,0,0.06,0.0115366009995,2026-09-08T22:20:32.862482+00:00,study3b_fifo_runtime_v1
10970,C_914,2011,2012,2.59982534772e-05,0,0,0.06,0.0115366009995,2026-09-08T22:20:32.862482+00:00,study3b_fifo_runtime_v1
11017,C_918,2011,2012,0.000451772822998,0,0,0.06,0.0115366009995,2026-09-08T22:20:32.862482+00:00,study3b_fifo_runtime_v1
11058,C_921,2011,2012,6.63588871248e-05,0,0,0.06,0.0115366009995,2026-09-08T22:20:32.862482+00:00,study3b_fifo_runtime_v1
11090,C_923,2011,2012,0.000320513179759,0,0,0.06,0.0115366009995,2026-09-08T22:20:32.862482+00:00,study3b_fifo_runtime_v1
11107,C_925,2011,2012,0.00010231127817,0,0,0.06,0.0115366009995,2026-09-08T22:20:32.862482+00:00,study3b_fifo_runtime_v1
11121,C_926,2011,2012,0.00615556677803,0,0,0.06,0.0115366009995,2026-09-08T22:20:32.862482+00:00,study3b_fifo_runtime_v1
11151,C_930,2011,2012,8.79688468558e-06,0,0,0.06,0.0115366009995,2026-09-08T22:20:32.862482+00:00,study3b_fifo_runtime_v1
11172,C_932,2011,2012,0.000180192801054,0,0,0.06,0.0115366009995,2026-09-08T22:20:32.862482+00:00,study3b_fifo_runtime_v1
11192,C_933,2011,2012,0.000360828271369,0,0,0.06,0.0115366009995,2026-09-08T22:20:32.862482+00:00,study3b_fifo_runtime_v1
11225,C_940,2011,2012,0.0002918469836,0,0,0.06,0.0115366009995,2026-09-08T22:20:32.862482+00:00,study3b_fifo_runtime_v1
11247,C_942,2011,2012,0.000615834782366,0,0,0.06,0.0115366009995,2026-09-08T22:20:32.862482+00:00,study3b_fifo_runtime_v1
11318,C_949,2011,2012,0.00136420980562,0,0,0.06,0.0115366009995,2026-09-08T22:20:32.862482+00:00,study3b_fifo_runtime_v1
11338,C_950,2011,2012,7.32346306904e-05,0,0,0.06,0.0115366009995,2026-09-08T22:20:32.862482+00:00,study3b_fifo_runtime_v1
11370,C_952,2011,2012,0.000137992523378,0,0,0.06,0.0115366009995,2026-09-08T22:20:32.862482+00:00,study3b_fifo_runtime_v1
11390,C_953,2011,2012,2.18294571823e-05,0,0,0.06,0.0115366009995,2026-09-08T22:20:32.862482+00:00,study3b_fifo_runtime_v1
11404,C_954,2011,2012,0.00288602546789,0,0,0.06,0.0115366009995,2026-09-08T22:20:32.862482+00:00,study3b_fifo_runtime_v1
11420,C_956,2011,2012,0.000331012997776,0,0,0.06,0.0115366009995,2026-09-08T22:20:32.862482+00:00,study3b_fifo_runtime_v1
11440,C_957,2011,2012,0.00191013293806,0,0,0.06,0.0115366009995,2026-09-08T22:20:32.862482+00:00,study3b_fifo_runtime_v1
11460,C_958,2011,2012,7.6218333561e-05,0,0,0.06,0.0115366009995,2026-09-08T22:20:32.862482+00:00,study3b_fifo_runtime_v1
11480,C_959,2011,2012,0.00190783350263,0,0,0.06,0.0115366009995,2026-09-08T22:20:32.862482+00:00,study3b_fifo_runtime_v1
11501,C_962,2011,2012,0.00518338987604,0,0,0.06,0.0115366009995,2026-09-08T22:20:32.862482+00:00,study3b_fifo_runtime_v1
11543,C_966,2011,2012,2.23209353862e-05,0,0,0.06,0.0115366009995,2026-09-08T22:20:32.862482+00:00,study3b_fifo_runtime_v1
11578,C_969,2011,2012,0.000501664762851,0,0,0.06,0.0115366009995,2026-09-08T22:20:32.862482+00:00,study3b_fifo_runtime_v1
11598,C_970,2011,2012,6.33948293398e-05,0,0,0.06,0.0115366009995,2026-09-08T22:20:32.862482+00:00,study3b_fifo_runtime_v1
11612,C_972,2011,2012,6.04406195635e-05,0,0,0.06,0.0115366009995,2026-09-08T22:20:32.862482+00:00,study3b_fifo_runtime_v1
11632,C_973,2011,2012,1.51740377987e-05,0,0,0.06,0.0115366009995,2026-09-08T22:20:32.862482+00:00,study3b_fifo_runtime_v1
11656,C_976,2011,2012,1.70485309354e-05,0,0,0.06,0.0115366009995,2026-09-08T22:20:32.862482+00:00,study3b_fifo_runtime_v1
11683,C_978,2011,2012,0.00118108175229,0,0,0.06,0.0115366009995,2026-09-08T22:20:32.862482+00:00,study3b_fifo_runtime_v1
11700,C_980,2011,2012,0.00135633314494,0,0,0.06,0.0115366009995,2026-09-08T22:20:32.862482+00:00,study3b_fifo_runtime_v1
11734,C_983,2011,2012,0.0043775816448,0,0,0.06,0.0115366009995,2026-09-08T22:20:32.862482+00:00,study3b_fifo_runtime_v1
11748,C_984,2011,2012,0.000484393298393,0,0,0.06,0.0115366009995,2026-09-08T22:20:32.862482+00:00,study3b_fifo_runtime_v1
11768,C_985,2011,2012,0.000261917593889,0,0,0.06,0.0115366009995,2026-09-08T22:20:32.862482+00:00,study3b_fifo_runtime_v1
11800,C_988,2011,2012,2.63089950749e-05,0,0,0.06,0.0115366009995,2026-09-08T22:20:32.862482+00:00,study3b_fifo_runtime_v1
11848,C_994,2011,2012,0.000111877161544,0,0,0.06,0.0115366009995,2026-09-08T22:20:32.862482+00:00,study3b_fifo_runtime_v1
11878,C_997,2011,2012,0.000167784746736,0,0,0.06,0.0115366009995,2026-09-08T22:20:32.862482+00:00,study3b_fifo_runtime_v1
11898,C_998,2011,2012,1.6505642634e-05,0,0,0.06,0.0115366009995,2026-09-08T22:20:32.862482+00:00,study3b_fifo_runtime_v1
11918,C_999,2011,2012,5.78081926506e-05,0,0,0.06,0.0115366009995,2026-09-08T22:20:32.862482+00:00,study3b_fifo_runtime_v1
11938,C_1000,2011,2012,0.000394323840737,0,0,0.06,0.0115366009995,2026-09-08T22:20:32.862482+00:00,study3b_fifo_runtime_v1
11958,C_1001,2011,2012,2.71606786555e-05,0,0,0.06,0.0115366009995,2026-09-08T22:20:32.862482+00:00,study3b_fifo_runtime_v1
11978,C_1002,2011,2012,4.09048661822e-05,0,0,0.06,0.0115366009995,2026-09-08T22:20:32.862482+00:00,study3b_fifo_runtime_v1
11998,C_1003,2011,2012,0.00763166090474,0,0,0.06,0.0115366009995,2026-09-08T22:20:32.862482+00:00,study3b_fifo_runtime_v1
12017,C_1004,2011,2012,1.8202166757e-05,0,0,0.06,0.0115366009995,2026-09-08T22:20:32.862482+00:00,study3b_fifo_runtime_v1
12033,C_1005,2011,2012,2.17801989493e-05,0,0,0.06,0.0115366009995,2026-09-08T22:20:32.862482+00:00,study3b_fifo_runtime_v1
12046,C_1006,2011,2012,0.00726969726384,0,0,0.06,0.0115366009995,2026-09-08T22:20:32.862482+00:00,study3b_fifo_runtime_v1
12059,C_1007,2011,2012,0.0180145762861,0,1,0.06,0.0115366009995,2026-09-08T22:20:32.862482+00:00,study3b_fifo_runtime_v1
12081,C_1009,2011,2012,2.87323837256e-05,0,0,0.06,0.0115366009995,2026-09-08T22:20:32.862482+00:00,study3b_fifo_runtime_v1
12101,C_1010,2011,2012,0.000344973552274,0,0,0.06,0.0115366009995,2026-09-08T22:20:32.862482+00:00,study3b_fifo_runtime_v1
12126,C_1012,2011,2012,4.54078654002e-05,0,0,0.06,0.0115366009995,2026-09-08T22:20:32.862482+00:00,study3b_fifo_runtime_v1
12164,C_1015,2011,2012,6.71632778904e-06,0,0,0.06,0.0115366009995,2026-09-08T22:20:32.862482+00:00,study3b_fifo_runtime_v1
12182,C_1016,2011,2012,0.000135751703056,0,0,0.06,0.0115366009995,2026-09-08T22:20:32.862482+00:00,study3b_fifo_runtime_v1
12202,C_1017,2011,2012,0.000303491571685,0,0,0.06,0.0115366009995,2026-09-08T22:20:32.862482+00:00,study3b_fifo_runtime_v1
12232,C_1019,2011,2012,6.24568065177e-06,0,0,0.06,0.0115366009995,2026-09-08T22:20:32.862482+00:00,study3b_fifo_runtime_v1
12258,C_1021,2011,2012,0.000117309107736,0,0,0.06,0.0115366009995,2026-09-08T22:20:32.862482+00:00,study3b_fifo_runtime_v1
12278,C_1022,2011,2012,1.57731319632e-05,0,0,0.06,0.0115366009995,2026-09-08T22:20:32.862482+00:00,study3b_fifo_runtime_v1
12295,C_1024,2011,2012,8.61628577695e-05,0,0,0.06,0.0115366009995,2026-09-08T22:20:32.862482+00:00,study3b_fifo_runtime_v1
12315,C_1025,2011,2012,0.000395101378672,0,0,0.06,0.0115366009995,2026-09-08T22:20:32.862482+00:00,study3b_fifo_runtime_v1
12335,C_1026,2011,2012,0.000186420802493,0,0,0.06,0.0115366009995,2026-09-08T22:20:32.862482+00:00,study3b_fifo_runtime_v1
12350,C_1027,2011,2012,5.60544031032e-05,0,0,0.06,0.0115366009995,2026-09-08T22:20:32.862482+00:00,study3b_fifo_runtime_v1
12384,C_1030,2011,2012,4.68591788376e-05,0,0,0.06,0.0115366009995,2026-09-08T22:20:32.862482+00:00,study3b_fifo_runtime_v1
12400,C_1031,2011,2012,0.00124887237325,0,0,0.06,0.0115366009995,2026-09-08T22:20:32.862482+00:00,study3b_fifo_runtime_v1
12420,C_1032,2011,2012,0.000323036190821,0,0,0.06,0.0115366009995,2026-09-08T22:20:32.862482+00:00,study3b_fifo_runtime_v1
12440,C_1033,2011,2012,0.000105671642814,0,0,0.06,0.0115366009995,2026-09-08T22:20:32.862482+00:00,study3b_fifo_runtime_v1
12459,C_1034,2011,2012,0.000676581461448,0,0,0.06,0.0115366009995,2026-09-08T22:20:32.862482+00:00,study3b_fifo_runtime_v1
12486,C_1037,2011,2012,6.71863963362e-05,0,0,0.06,0.0115366009995,2026-09-08T22:20:32.862482+00:00,study3b_fifo_runtime_v1
12506,C_1038,2011,2012,8.34503080114e-05,0,0,0.06,0.0115366009995,2026-09-08T22:20:32.862482+00:00,study3b_fifo_runtime_v1
12526,C_1039,2011,2012,0.00198720791377,0,0,0.06,0.0115366009995,2026-09-08T22:20:32.862482+00:00,study3b_fifo_runtime_v1
12553,C_1041,2011,2012,0.000459309347207,0,0,0.06,0.0115366009995,2026-09-08T22:20:32.862482+00:00,study3b_fifo_runtime_v1
12589,C_1045,2011,2012,4.08615005654e-06,0,0,0.06,0.0115366009995,2026-09-08T22:20:32.862482+00:00,study3b_fifo_runtime_v1
12606,C_1046,2011,2012,0.00515946792439,0,0,0.06,0.0115366009995,2026-09-08T22:20:32.862482+00:00,study3b_fifo_runtime_v1
12631,C_1048,2011,2012,2.31590038311e-05,0,0,0.06,0.0115366009995,2026-09-08T22:20:32.862482+00:00,study3b_fifo_runtime_v1
12651,C_1049,2011,2012,0.000988394021988,0,0,0.06,0.0115366009995,2026-09-08T22:20:32.862482+00:00,study3b_fifo_runtime_v1
12691,C_1053,2011,2012,0.000561451073736,0,0,0.06,0.0115366009995,2026-09-08T22:20:32.862482+00:00,study3b_fifo_runtime_v1
12709,C_1054,2011,2012,0.000459217728348,0,0,0.06,0.0115366009995,2026-09-08T22:20:32.862482+00:00,study3b_fifo_runtime_v1
12738,C_1057,2011,2012,6.44797764835e-05,0,0,0.06,0.0115366009995,2026-09-08T22:20:32.862482+00:00,study3b_fifo_runtime_v1
12742,C_1058,2011,2012,1.55997040565e-05,0,0,0.06,0.0115366009995,2026-09-08T22:20:32.862482+00:00,study3b_fifo_runtime_v1
12758,C_1059,2011,2012,0.000100175624539,0,0,0.06,0.0115366009995,2026-09-08T22:20:32.862482+00:00,study3b_fifo_runtime_v1
12780,C_1061,2011,2012,8.27638068586e-05,0,0,0.06,0.0115366009995,2026-09-08T22:20:32.862482+00:00,study3b_fifo_runtime_v1
12804,C_1063,2011,2012,5.97350481257e-06,0,0,0.06,0.0115366009995,2026-09-08T22:20:32.862482+00:00,study3b_fifo_runtime_v1
12842,C_1068,2011,2012,0.000861464999616,0,0,0.06,0.0115366009995,2026-09-08T22:20:32.862482+00:00,study3b_fifo_runtime_v1
12861,C_1070,2011,2012,0.000293918565148,0,0,0.06,0.0115366009995,2026-09-08T22:20:32.862482+00:00,study3b_fifo_runtime_v1
12875,C_1071,2011,2012,0.000362562102964,0,0,0.06,0.0115366009995,2026-09-08T22:20:32.862482+00:00,study3b_fifo_runtime_v1
12892,C_1073,2011,2012,6.36014083284e-05,0,0,0.06,0.0115366009995,2026-09-08T22:20:32.862482+00:00,study3b_fifo_runtime_v1
12922,C_1077,2011,2012,4.35413967352e-05,0,0,0.06,0.0115366009995,2026-09-08T22:20:32.862482+00:00,study3b_fifo_runtime_v1
12942,C_1078,2011,2012,0.000178996197064,0,0,0.06,0.0115366009995,2026-09-08T22:20:32.862482+00:00,study3b_fifo_runtime_v1
12958,C_1079,2011,2012,1.21751754705e-05,0,0,0.06,0.0115366009995,2026-09-08T22:20:32.862482+00:00,study3b_fifo_runtime_v1
12980,C_1081,2011,2012,3.37872879754e-05,0,0,0.06,0.0115366009995,2026-09-08T22:20:32.862482+00:00,study3b_fifo_runtime_v1
13000,C_1082,2011,2012,0.000250719836913,0,0,0.06,0.0115366009995,2026-09-08T22:20:32.862482+00:00,study3b_fifo_runtime_v1
13019,C_1083,2011,2012,0.000562077679206,0,0,0.06,0.0115366009995,2026-09-08T22:20:32.862482+00:00,study3b_fifo_runtime_v1
13035,C_1084,2011,2012,0.00135910569225,0,0,0.06,0.0115366009995,2026-09-08T22:20:32.862482+00:00,study3b_fifo_runtime_v1
13060,C_1086,2011,2012,2.52766621998e-05,0,0,0.06,0.0115366009995,2026-09-08T22:20:32.862482+00:00,study3b_fifo_runtime_v1
13087,C_1088,2011,2012,5.23939961568e-05,0,0,0.06,0.0115366009995,2026-09-08T22:20:32.862482+00:00,study3b_fifo_runtime_v1
13107,C_1089,2011,2012,6.87577485223e-05,0,0,0.06,0.0115366009995,2026-09-08T22:20:32.862482+00:00,study3b_fifo_runtime_v1
13131,C_1091,2011,2012,4.89231206302e-05,0,0,0.06,0.0115366009995,2026-09-08T22:20:32.862482+00:00,study3b_fifo_runtime_v1
13158,C_1094,2011,2012,4.53540415037e-05,0,0,0.06,0.0115366009995,2026-09-08T22:20:32.862482+00:00,study3b_fifo_runtime_v1
13178,C_1095,2011,2012,5.97598445893e-05,0,0,0.06,0.0115366009995,2026-09-08T22:20:32.862482+00:00,study3b_fifo_runtime_v1
13198,C_1096,2011,2012,0.000178411908564,0,0,0.06,0.0115366009995,2026-09-08T22:20:32.862482+00:00,study3b_fifo_runtime_v1
13219,C_1098,2011,2012,1.64837601915e-05,0,0,0.06,0.0115366009995,2026-09-08T22:20:32.862482+00:00,study3b_fifo_runtime_v1
13235,C_1100,2011,2012,0.000298280530842,0,0,0.06,0.0115366009995,2026-09-08T22:20:32.862482+00:00,study3b_fifo_runtime_v1
13276,C_1104,2011,2012,8.42654389999e-06,0,0,0.06,0.0115366009995,2026-09-08T22:20:32.862482+00:00,study3b_fifo_runtime_v1
13302,C_1106,2011,2012,5.85272100579e-05,0,0,0.06,0.0115366009995,2026-09-08T22:20:32.862482+00:00,study3b_fifo_runtime_v1
13338,C_1109,2011,2012,0.00365711073391,0,0,0.06,0.0115366009995,2026-09-08T22:20:32.862482+00:00,study3b_fifo_runtime_v1
13365,C_1112,2011,2012,9.32063921937e-05,0,0,0.06,0.0115366009995,2026-09-08T22:20:32.862482+00:00,study3b_fifo_runtime_v1
13385,C_1113,2011,2012,9.90772332443e-06,0,0,0.06,0.0115366009995,2026-09-08T22:20:32.862482+00:00,study3b_fifo_runtime_v1
13427,C_1117,2011,2012,0.118153505027,1,1,0.06,0.0115366009995,2026-09-08T22:20:32.862482+00:00,study3b_fifo_runtime_v1
13447,C_1118,2011,2012,0.00017214671243,0,0,0.06,0.0115366009995,2026-09-08T22:20:32.862482+00:00,study3b_fifo_runtime_v1
13470,C_1120,2011,2012,2.26204865612e-05,0,0,0.06,0.0115366009995,2026-09-08T22:20:32.862482+00:00,study3b_fifo_runtime_v1
13490,C_1121,2011,2012,0.000124248370412,0,0,0.06,0.0115366009995,2026-09-08T22:20:32.862482+00:00,study3b_fifo_runtime_v1
13510,C_1122,2011,2012,2.46852778218e-05,0,0,0.06,0.0115366009995,2026-09-08T22:20:32.862482+00:00,study3b_fifo_runtime_v1
13530,C_1123,2011,2012,0.000195966436877,0,0,0.06,0.0115366009995,2026-09-08T22:20:32.862482+00:00,study3b_fifo_runtime_v1
13547,C_1124,2011,2012,3.4745567973e-05,0,0,0.06,0.0115366009995,2026-09-08T22:20:32.862482+00:00,study3b_fifo_runtime_v1
13566,C_1125,2011,2012,0.000718394236173,0,0,0.06,0.0115366009995,2026-09-08T22:20:32.862482+00:00,study3b_fifo_runtime_v1
13586,C_1126,2011,2012,0.000369156856323,0,0,0.06,0.0115366009995,2026-09-08T22:20:32.862482+00:00,study3b_fifo_runtime_v1
13606,C_1127,2011,2012,0.000515055144206,0,0,0.06,0.0115366009995,2026-09-08T22:20:32.862482+00:00,study3b_fifo_runtime_v1
13624,C_1129,2011,2012,0.0133459353819,0,1,0.06,0.0115366009995,2026-09-08T22:20:32.862482+00:00,study3b_fifo_runtime_v1
13638,C_1130,2011,2012,3.62647438124e-06,0,0,0.06,0.0115366009995,2026-09-08T22:20:32.862482+00:00,study3b_fifo_runtime_v1
13658,C_1131,2011,2012,4.92403451062e-05,0,0,0.06,0.0115366009995,2026-09-08T22:20:32.862482+00:00,study3b_fifo_runtime_v1
13678,C_1132,2011,2012,7.34796994948e-05,0,0,0.06,0.0115366009995,2026-09-08T22:20:32.862482+00:00,study3b_fifo_runtime_v1
13706,C_1135,2011,2012,0.000198426947463,0,0,0.06,0.0115366009995,2026-09-08T22:20:32.862482+00:00,study3b_fifo_runtime_v1
13726,C_1136,2011,2012,0.000124488651636,0,0,0.06,0.0115366009995,2026-09-08T22:20:32.862482+00:00,study3b_fifo_runtime_v1
13746,C_1137,2011,2012,0.00139071966987,0,0,0.06,0.0115366009995,2026-09-08T22:20:32.862482+00:00,study3b_fifo_runtime_v1
13777,C_1141,2011,2012,0.00114036898594,0,0,0.06,0.0115366009995,2026-09-08T22:20:32.862482+00:00,study3b_fifo_runtime_v1
13797,C_1142,2011,2012,0.00270066107623,0,0,0.06,0.0115366009995,2026-09-08T22:20:32.862482+00:00,study3b_fifo_runtime_v1
13817,C_1143,2011,2012,0.0140446955338,0,1,0.06,0.0115366009995,2026-09-08T22:20:32.862482+00:00,study3b_fifo_runtime_v1
13847,C_1145,2011,2012,4.11536748288e-05,0,0,0.06,0.0115366009995,2026-09-08T22:20:32.862482+00:00,study3b_fifo_runtime_v1
13867,C_1146,2011,2012,1.31619317472e-05,0,0,0.06,0.0115366009995,2026-09-08T22:20:32.862482+00:00,study3b_fifo_runtime_v1
13887,C_1147,2011,2012,0.0114465653896,0,0,0.06,0.0115366009995,2026-09-08T22:20:32.862482+00:00,study3b_fifo_runtime_v1
13902,C_1148,2011,2012,9.70672990661e-05,0,0,0.06,0.0115366009995,2026-09-08T22:20:32.862482+00:00,study3b_fifo_runtime_v1
13938,C_1153,2011,2012,9.5859686553e-06,0,0,0.06,0.0115366009995,2026-09-08T22:20:32.862482+00:00,study3b_fifo_runtime_v1
13990,C_1160,2011,2012,7.96394524514e-05,0,0,0.06,0.0115366009995,2026-09-08T22:20:32.862482+00:00,study3b_fifo_runtime_v1
14018,C_1163,2011,2012,2.45047431235e-05,0,0,0.06,0.0115366009995,2026-09-08T22:20:32.862482+00:00,study3b_fifo_runtime_v1
14038,C_1164,2011,2012,6.3819657953e-05,0,0,0.06,0.0115366009995,2026-09-08T22:20:32.862482+00:00,study3b_fifo_runtime_v1
14058,C_1165,2011,2012,2.74275371339e-05,0,0,0.06,0.0115366009995,2026-09-08T22:20:32.862482+00:00,study3b_fifo_runtime_v1
14096,C_1168,2011,2012,0.00012955085549,0,0,0.06,0.0115366009995,2026-09-08T22:20:32.862482+00:00,study3b_fifo_runtime_v1
14116,C_1169,2011,2012,0.000152672248078,0,0,0.06,0.0115366009995,2026-09-08T22:20:32.862482+00:00,study3b_fifo_runtime_v1
14154,C_1173,2011,2012,0.000137772105518,0,0,0.06,0.0115366009995,2026-09-08T22:20:32.862482+00:00,study3b_fifo_runtime_v1
14166,C_1174,2011,2012,0.00239460170269,0,0,0.06,0.0115366009995,2026-09-08T22:20:32.862482+00:00,study3b_fifo_runtime_v1
14180,C_1175,2011,2012,0.000117231043987,0,0,0.06,0.0115366009995,2026-09-08T22:20:32.862482+00:00,study3b_fifo_runtime_v1
14207,C_1177,2011,2012,6.24227541266e-05,0,0,0.06,0.0115366009995,2026-09-08T22:20:32.862482+00:00,study3b_fifo_runtime_v1
14227,C_1178,2011,2012,0.000137372102472,0,0,0.06,0.0115366009995,2026-09-08T22:20:32.862482+00:00,study3b_fifo_runtime_v1
14247,C_1179,2011,2012,6.24663007329e-05,0,0,0.06,0.0115366009995,2026-09-08T22:20:32.862482+00:00,study3b_fifo_runtime_v1
14292,C_1184,2011,2012,0.000131996363052,0,0,0.06,0.0115366009995,2026-09-08T22:20:32.862482+00:00,study3b_fifo_runtime_v1
14323,C_1188,2011,2012,0.000104479899164,0,0,0.06,0.0115366009995,2026-09-08T22:20:32.862482+00:00,study3b_fifo_runtime_v1
14343,C_1189,2011,2012,0.0054192696698,0,0,0.06,0.0115366009995,2026-09-08T22:20:32.862482+00:00,study3b_fifo_runtime_v1
14356,C_1190,2011,2012,3.17334815918e-05,0,0,0.06,0.0115366009995,2026-09-08T22:20:32.862482+00:00,study3b_fifo_runtime_v1
14375,C_1191,2011,2012,3.59030018444e-05,0,0,0.06,0.0115366009995,2026-09-08T22:20:32.862482+00:00,study3b_fifo_runtime_v1
14395,C_1192,2011,2012,0.00977865699679,0,0,0.06,0.0115366009995,2026-09-08T22:20:32.862482+00:00,study3b_fifo_runtime_v1
14415,C_1193,2011,2012,5.91451498622e-05,0,0,0.06,0.0115366009995,2026-09-08T22:20:32.862482+00:00,study3b_fifo_runtime_v1
14435,C_1194,2011,2012,0.000205083619221,0,0,0.06,0.0115366009995,2026-09-08T22:20:32.862482+00:00,study3b_fifo_runtime_v1
14462,C_1196,2011,2012,6.28781344858e-05,0,0,0.06,0.0115366009995,2026-09-08T22:20:32.862482+00:00,study3b_fifo_runtime_v1
14493,C_1199,2011,2012,0.000143898083479,0,0,0.06,0.0115366009995,2026-09-08T22:20:32.862482+00:00,study3b_fifo_runtime_v1
14513,C_1200,2011,2012,0.000474615109852,0,0,0.06,0.0115366009995,2026-09-08T22:20:32.862482+00:00,study3b_fifo_runtime_v1
14527,C_1201,2011,2012,8.24660601211e-05,0,0,0.06,0.0115366009995,2026-09-08T22:20:32.862482+00:00,study3b_fifo_runtime_v1
14559,C_1204,2011,2012,4.40905168944e-05,0,0,0.06,0.0115366009995,2026-09-08T22:20:32.862482+00:00,study3b_fifo_runtime_v1
14586,C_1207,2011,2012,0.000464951997856,0,0,0.06,0.0115366009995,2026-09-08T22:20:32.862482+00:00,study3b_fifo_runtime_v1
14606,C_1208,2011,2012,0.000318568461807,0,0,0.06,0.0115366009995,2026-09-08T22:20:32.862482+00:00,study3b_fifo_runtime_v1
14636,C_1210,2011,2012,2.69435549853e-05,0,0,0.06,0.0115366009995,2026-09-08T22:20:32.862482+00:00,study3b_fifo_runtime_v1
14656,C_1211,2011,2012,3.66829954146e-05,0,0,0.06,0.0115366009995,2026-09-08T22:20:32.862482+00:00,study3b_fifo_runtime_v1
14676,C_1212,2011,2012,0.000113015637908,0,0,0.06,0.0115366009995,2026-09-08T22:20:32.862482+00:00,study3b_fifo_runtime_v1
14695,C_1213,2011,2012,0.00350207998417,0,0,0.06,0.0115366009995,2026-09-08T22:20:32.862482+00:00,study3b_fifo_runtime_v1
14722,C_1215,2011,2012,0.000146235717693,0,0,0.06,0.0115366009995,2026-09-08T22:20:32.862482+00:00,study3b_fifo_runtime_v1
14742,C_1216,2011,2012,0.00156241969671,0,0,0.06,0.0115366009995,2026-09-08T22:20:32.862482+00:00,study3b_fifo_runtime_v1
14769,C_1219,2011,2012,0.000165387013112,0,0,0.06,0.0115366009995,2026-09-08T22:20:32.862482+00:00,study3b_fifo_runtime_v1
14792,C_1222,2011,2012,4.99812558701e-05,0,0,0.06,0.0115366009995,2026-09-08T22:20:32.862482+00:00,study3b_fifo_runtime_v1
14823,C_1226,2011,2012,0.00346694234759,0,0,0.06,0.0115366009995,2026-09-08T22:20:32.862482+00:00,study3b_fifo_runtime_v1
14840,C_1227,2011,2012,0.000156776470249,0,0,0.06,0.0115366009995,2026-09-08T22:20:32.862482+00:00,study3b_fifo_runtime_v1
14860,C_1228,2011,2012,0.000509997655172,0,0,0.06,0.0115366009995,2026-09-08T22:20:32.862482+00:00,study3b_fifo_runtime_v1
14880,C_1229,2011,2012,6.29255882814e-05,0,0,0.06,0.0115366009995,2026-09-08T22:20:32.862482+00:00,study3b_fifo_runtime_v1
14916,C_1232,2011,2012,7.30315150577e-06,0,0,0.06,0.0115366009995,2026-09-08T22:20:32.862482+00:00,study3b_fifo_runtime_v1
14932,C_1233,2011,2012,0.000290786410915,0,0,0.06,0.0115366009995,2026-09-08T22:20:32.862482+00:00,study3b_fifo_runtime_v1
14952,C_1234,2011,2012,2.66650258709e-05,0,0,0.06,0.0115366009995,2026-09-08T22:20:32.862482+00:00,study3b_fifo_runtime_v1
14982,C_1237,2011,2012,0.000145584126585,0,0,0.06,0.0115366009995,2026-09-08T22:20:32.862482+00:00,study3b_fifo_runtime_v1
15002,C_1238,2011,2012,5.81047024752e-05,0,0,0.06,0.0115366009995,2026-09-08T22:20:32.862482+00:00,study3b_fifo_runtime_v1
15027,C_1240,2011,2012,0.000170078710653,0,0,0.06,0.0115366009995,2026-09-08T22:20:32.862482+00:00,study3b_fifo_runtime_v1
15057,C_1243,2011,2012,0.000286370282993,0,0,0.06,0.0115366009995,2026-09-08T22:20:32.862482+00:00,study3b_fifo_runtime_v1
15077,C_1244,2011,2012,0.000760059105232,0,0,0.06,0.0115366009995,2026-09-08T22:20:32.862482+00:00,study3b_fifo_runtime_v1
15096,C_1245,2011,2012,0.00106377142947,0,0,0.06,0.0115366009995,2026-09-08T22:20:32.862482+00:00,study3b_fifo_runtime_v1
15116,C_1246,2011,2012,0.000109314780275,0,0,0.06,0.0115366009995,2026-09-08T22:20:32.862482+00:00,study3b_fifo_runtime_v1
15136,C_1247,2011,2012,4.18377640017e-05,0,0,0.06,0.0115366009995,2026-09-08T22:20:32.862482+00:00,study3b_fifo_runtime_v1
15164,C_1250,2011,2012,0.000147634957102,0,0,0.06,0.0115366009995,2026-09-08T22:20:32.862482+00:00,study3b_fifo_runtime_v1
15181,C_1251,2011,2012,5.8427638578e-05,0,0,0.06,0.0115366009995,2026-09-08T22:20:32.862482+00:00,study3b_fifo_runtime_v1
15201,C_1252,2011,2012,2.15366253542e-05,0,0,0.06,0.0115366009995,2026-09-08T22:20:32.862482+00:00,study3b_fifo_runtime_v1
15221,C_1253,2011,2012,0.00255042617209,0,0,0.06,0.0115366009995,2026-09-08T22:20:32.862482+00:00,study3b_fifo_runtime_v1
15241,C_1254,2011,2012,0.000172539599589,0,0,0.06,0.0115366009995,2026-09-08T22:20:32.862482+00:00,study3b_fifo_runtime_v1
15267,C_1258,2011,2012,4.50761435786e-05,0,0,0.06,0.0115366009995,2026-09-08T22:20:32.862482+00:00,study3b_fifo_runtime_v1
15321,C_1266,2011,2012,0.00154882157221,0,0,0.06,0.0115366009995,2026-09-08T22:20:32.862482+00:00,study3b_fifo_runtime_v1
15358,C_1269,2011,2012,9.74118884187e-05,0,0,0.06,0.0115366009995,2026-09-08T22:20:32.862482+00:00,study3b_fifo_runtime_v1
15378,C_1270,2011,2012,0.000530488032382,0,0,0.06,0.0115366009995,2026-09-08T22:20:32.862482+00:00,study3b_fifo_runtime_v1
15395,C_1271,2011,2012,0.00212761270814,0,0,0.06,0.0115366009995,2026-09-08T22:20:32.862482+00:00,study3b_fifo_runtime_v1
15417,C_1273,2011,2012,0.00016331957886,0,0,0.06,0.0115366009995,2026-09-08T22:20:32.862482+00:00,study3b_fifo_runtime_v1
15455,C_1278,2011,2012,7.99711851869e-05,0,0,0.06,0.0115366009995,2026-09-08T22:20:32.862482+00:00,study3b_fifo_runtime_v1
15478,C_1280,2011,2012,3.77785072487e-05,0,0,0.06,0.0115366009995,2026-09-08T22:20:32.862482+00:00,study3b_fifo_runtime_v1
15499,C_1282,2011,2012,0.000123006742797,0,0,0.06,0.0115366009995,2026-09-08T22:20:32.862482+00:00,study3b_fifo_runtime_v1
15526,C_1284,2011,2012,0.000913713651244,0,0,0.06,0.0115366009995,2026-09-08T22:20:32.862482+00:00,study3b_fifo_runtime_v1
15556,C_1288,2011,2012,5.27928023075e-05,0,0,0.06,0.0115366009995,2026-09-08T22:20:32.862482+00:00,study3b_fifo_runtime_v1
15576,C_1289,2011,2012,0.000270791555522,0,0,0.06,0.0115366009995,2026-09-08T22:20:32.862482+00:00,study3b_fifo_runtime_v1
15597,C_1291,2011,2012,7.77975001256e-05,0,0,0.06,0.0115366009995,2026-09-08T22:20:32.862482+00:00,study3b_fifo_runtime_v1
15619,C_1293,2011,2012,1.32036338982e-05,0,0,0.06,0.0115366009995,2026-09-08T22:20:32.862482+00:00,study3b_fifo_runtime_v1
15648,C_1295,2011,2012,0.0020591490902,0,0,0.06,0.0115366009995,2026-09-08T22:20:32.862482+00:00,study3b_fifo_runtime_v1
15668,C_1296,2011,2012,0.00069290335523,0,0,0.06,0.0115366009995,2026-09-08T22:20:32.862482+00:00,study3b_fifo_runtime_v1
15692,C_1298,2011,2012,0.000452826730907,0,0,0.06,0.0115366009995,2026-09-08T22:20:32.862482+00:00,study3b_fifo_runtime_v1
15720,C_1300,2011,2012,0.000119302603707,0,0,0.06,0.0115366009995,2026-09-08T22:20:32.862482+00:00,study3b_fifo_runtime_v1
15740,C_1301,2011,2012,1.63211516337e-05,0,0,0.06,0.0115366009995,2026-09-08T22:20:32.862482+00:00,study3b_fifo_runtime_v1
15760,C_1302,2011,2012,7.60101784181e-06,0,0,0.06,0.0115366009995,2026-09-08T22:20:32.862482+00:00,study3b_fifo_runtime_v1
15793,C_1306,2011,2012,2.11806127481e-05,0,0,0.06,0.0115366009995,2026-09-08T22:20:32.862482+00:00,study3b_fifo_runtime_v1
15813,C_1307,2011,2012,0.000154160705279,0,0,0.06,0.0115366009995,2026-09-08T22:20:32.862482+00:00,study3b_fifo_runtime_v1
15842,C_1310,2011,2012,2.91956366709e-05,0,0,0.06,0.0115366009995,2026-09-08T22:20:32.862482+00:00,study3b_fifo_runtime_v1
15877,C_1314,2011,2012,2.324226989e-05,0,0,0.06,0.0115366009995,2026-09-08T22:20:32.862482+00:00,study3b_fifo_runtime_v1
15897,C_1315,2011,2012,0.000160039664479,0,0,0.06,0.0115366009995,2026-09-08T22:20:32.862482+00:00,study3b_fifo_runtime_v1
15929,C_1319,2011,2012,2.52762274613e-05,0,0,0.06,0.0115366009995,2026-09-08T22:20:32.862482+00:00,study3b_fifo_runtime_v1
15956,C_1325,2011,2012,1.59792216436e-05,0,0,0.06,0.0115366009995,2026-09-08T22:20:32.862482+00:00,study3b_fifo_runtime_v1
15977,C_1327,2011,2012,0.000150167950778,0,0,0.06,0.0115366009995,2026-09-08T22:20:32.862482+00:00,study3b_fifo_runtime_v1
15996,C_1328,2011,2012,0.00436617154628,0,0,0.06,0.0115366009995,2026-09-08T22:20:32.862482+00:00,study3b_fifo_runtime_v1
16026,C_1331,2011,2012,0.000247608957579,0,0,0.06,0.0115366009995,2026-09-08T22:20:32.862482+00:00,study3b_fifo_runtime_v1
16046,C_1332,2011,2012,2.83294157271e-05,0,0,0.06,0.0115366009995,2026-09-08T22:20:32.862482+00:00,study3b_fifo_runtime_v1
16077,C_1337,2011,2012,8.63126551849e-05,0,0,0.06,0.0115366009995,2026-09-08T22:20:32.862482+00:00,study3b_fifo_runtime_v1
16097,C_1338,2011,2012,7.77604946052e-05,0,0,0.06,0.0115366009995,2026-09-08T22:20:32.862482+00:00,study3b_fifo_runtime_v1
16127,C_1341,2011,2012,4.99197303725e-05,0,0,0.06,0.0115366009995,2026-09-08T22:20:32.862482+00:00,study3b_fifo_runtime_v1
16159,C_1344,2011,2012,3.57448770956e-05,0,0,0.06,0.0115366009995,2026-09-08T22:20:32.862482+00:00,study3b_fifo_runtime_v1
16179,C_1345,2011,2012,4.24162171839e-05,0,0,0.06,0.0115366009995,2026-09-08T22:20:32.862482+00:00,study3b_fifo_runtime_v1
16206,C_1347,2011,2012,6.83218167978e-05,0,0,0.06,0.0115366009995,2026-09-08T22:20:32.862482+00:00,study3b_fifo_runtime_v1
16228,C_1349,2011,2012,2.83786289401e-06,0,0,0.06,0.0115366009995,2026-09-08T22:20:32.862482+00:00,study3b_fifo_runtime_v1
16243,C_1350,2011,2012,0.00580768333748,0,0,0.06,0.0115366009995,2026-09-08T22:20:32.862482+00:00,study3b_fifo_runtime_v1
16271,C_1353,2011,2012,0.000478638219647,0,0,0.06,0.0115366009995,2026-09-08T22:20:32.862482+00:00,study3b_fifo_runtime_v1
16315,C_1359,2011,2012,0.000300507963402,0,0,0.06,0.0115366009995,2026-09-08T22:20:32.862482+00:00,study3b_fifo_runtime_v1
16335,C_1360,2011,2012,4.46291960543e-05,0,0,0.06,0.0115366009995,2026-09-08T22:20:32.862482+00:00,study3b_fifo_runtime_v1
16350,C_1361,2011,2012,0.00048635492567,0,0,0.06,0.0115366009995,2026-09-08T22:20:32.862482+00:00,study3b_fifo_runtime_v1
16398,C_1367,2011,2012,8.67885228217e-06,0,0,0.06,0.0115366009995,2026-09-08T22:20:32.862482+00:00,study3b_fifo_runtime_v1
16426,C_1370,2011,2012,0.000347682886058,0,0,0.06,0.0115366009995,2026-09-08T22:20:32.862482+00:00,study3b_fifo_runtime_v1
16461,C_1376,2011,2012,1.49000434249e-05,0,0,0.06,0.0115366009995,2026-09-08T22:20:32.862482+00:00,study3b_fifo_runtime_v1
16483,C_1378,2011,2012,0.000390933011658,0,0,0.06,0.0115366009995,2026-09-08T22:20:32.862482+00:00,study3b_fifo_runtime_v1
16507,C_1380,2011,2012,2.74218127743e-05,0,0,0.06,0.0115366009995,2026-09-08T22:20:32.862482+00:00,study3b_fifo_runtime_v1
16527,C_1381,2011,2012,0.000159531206009,0,0,0.06,0.0115366009995,2026-09-08T22:20:32.862482+00:00,study3b_fifo_runtime_v1
16546,C_1382,2011,2012,0.000169869468664,0,0,0.06,0.0115366009995,2026-09-08T22:20:32.862482+00:00,study3b_fifo_runtime_v1
16571,C_1384,2011,2012,0.0215520802885,0,1,0.06,0.0115366009995,2026-09-08T22:20:32.862482+00:00,study3b_fifo_runtime_v1
16606,C_1387,2011,2012,7.47340600356e-05,0,0,0.06,0.0115366009995,2026-09-08T22:20:32.862482+00:00,study3b_fifo_runtime_v1
16635,C_1390,2011,2012,0.00663515226915,0,0,0.06,0.0115366009995,2026-09-08T22:20:32.862482+00:00,study3b_fifo_runtime_v1
16656,C_1392,2011,2012,4.98103872815e-05,0,0,0.06,0.0115366009995,2026-09-08T22:20:32.862482+00:00,study3b_fifo_runtime_v1
16689,C_1397,2011,2012,2.47303250944e-05,0,0,0.06,0.0115366009995,2026-09-08T22:20:32.862482+00:00,study3b_fifo_runtime_v1
16725,C_1402,2011,2012,0.000296088430332,0,0,0.06,0.0115366009995,2026-09-08T22:20:32.862482+00:00,study3b_fifo_runtime_v1
16745,C_1403,2011,2012,2.5495823138e-05,0,0,0.06,0.0115366009995,2026-09-08T22:20:32.862482+00:00,study3b_fifo_runtime_v1
16777,C_1406,2011,2012,0.000919593207072,0,0,0.06,0.0115366009995,2026-09-08T22:20:32.862482+00:00,study3b_fifo_runtime_v1
16818,C_1410,2011,2012,2.3486039936e-05,0,0,0.06,0.0115366009995,2026-09-08T22:20:32.862482+00:00,study3b_fifo_runtime_v1
16843,C_1414,2011,2012,4.82849973196e-05,0,0,0.06,0.0115366009995,2026-09-08T22:20:32.862482+00:00,study3b_fifo_runtime_v1
16863,C_1415,2011,2012,3.91119501728e-05,0,0,0.06,0.0115366009995,2026-09-08T22:20:32.862482+00:00,study3b_fifo_runtime_v1
16894,C_1419,2011,2012,0.00661777891219,0,0,0.06,0.0115366009995,2026-09-08T22:20:32.862482+00:00,study3b_fifo_runtime_v1
16907,C_1420,2011,2012,9.55116502155e-06,0,0,0.06,0.0115366009995,2026-09-08T22:20:32.862482+00:00,study3b_fifo_runtime_v1
16927,C_1421,2011,2012,0.000106207524368,0,0,0.06,0.0115366009995,2026-09-08T22:20:32.862482+00:00,study3b_fifo_runtime_v1
16943,C_1422,2011,2012,4.24720892624e-05,0,0,0.06,0.0115366009995,2026-09-08T22:20:32.862482+00:00,study3b_fifo_runtime_v1
16981,C_1428,2011,2012,0.00120891968254,0,0,0.06,0.0115366009995,2026-09-08T22:20:32.862482+00:00,study3b_fifo_runtime_v1
16998,C_1429,2011,2012,0.000502565992065,0,0,0.06,0.0115366009995,2026-09-08T22:20:32.862482+00:00,study3b_fifo_runtime_v1
17029,C_1431,2011,2012,3.23827734974e-05,0,0,0.06,0.0115366009995,2026-09-08T22:20:32.862482+00:00,study3b_fifo_runtime_v1
17043,C_1432,2011,2012,0.000186750883586,0,0,0.06,0.0115366009995,2026-09-08T22:20:32.862482+00:00,study3b_fifo_runtime_v1
17063,C_1433,2011,2012,0.000125822363771,0,0,0.06,0.0115366009995,2026-09-08T22:20:32.862482+00:00,study3b_fifo_runtime_v1
17082,C_1434,2011,2012,0.00976333860308,0,0,0.06,0.0115366009995,2026-09-08T22:20:32.862482+00:00,study3b_fifo_runtime_v1
17099,C_1435,2011,2012,4.17142182414e-05,0,0,0.06,0.0115366009995,2026-09-08T22:20:32.862482+00:00,study3b_fifo_runtime_v1
17129,C_1438,2011,2012,0.000410051463405,0,0,0.06,0.0115366009995,2026-09-08T22:20:32.862482+00:00,study3b_fifo_runtime_v1
17149,C_1439,2011,2012,0.000577540369704,0,0,0.06,0.0115366009995,2026-09-08T22:20:32.862482+00:00,study3b_fifo_runtime_v1
17169,C_1440,2011,2012,1.82179373951e-05,0,0,0.06,0.0115366009995,2026-09-08T22:20:32.862482+00:00,study3b_fifo_runtime_v1
17198,C_1443,2011,2012,0.000281794840703,0,0,0.06,0.0115366009995,2026-09-08T22:20:32.862482+00:00,study3b_fifo_runtime_v1
17218,C_1444,2011,2012,1.11709241537e-05,0,0,0.06,0.0115366009995,2026-09-08T22:20:32.862482+00:00,study3b_fifo_runtime_v1
17238,C_1445,2011,2012,0.000372567825252,0,0,0.06,0.0115366009995,2026-09-08T22:20:32.862482+00:00,study3b_fifo_runtime_v1
17261,C_1448,2011,2012,7.97604934633e-06,0,0,0.06,0.0115366009995,2026-09-08T22:20:32.862482+00:00,study3b_fifo_runtime_v1
17280,C_1450,2011,2012,0.000670008419547,0,0,0.06,0.0115366009995,2026-09-08T22:20:32.862482+00:00,study3b_fifo_runtime_v1
17311,C_1452,2011,2012,0.00031840390875,0,0,0.06,0.0115366009995,2026-09-08T22:20:32.862482+00:00,study3b_fifo_runtime_v1
17331,C_1453,2011,2012,2.88261671813e-05,0,0,0.06,0.0115366009995,2026-09-08T22:20:32.862482+00:00,study3b_fifo_runtime_v1
17348,C_1454,2011,2012,4.41900301666e-05,0,0,0.06,0.0115366009995,2026-09-08T22:20:32.862482+00:00,study3b_fifo_runtime_v1
17366,C_1455,2011,2012,0.00231185462326,0,0,0.06,0.0115366009995,2026-09-08T22:20:32.862482+00:00,study3b_fifo_runtime_v1
17386,C_1456,2011,2012,0.0243402197957,0,1,0.06,0.0115366009995,2026-09-08T22:20:32.862482+00:00,study3b_fifo_runtime_v1
17400,C_1457,2011,2012,0.000121712371765,0,0,0.06,0.0115366009995,2026-09-08T22:20:32.862482+00:00,study3b_fifo_runtime_v1
17440,C_1461,2011,2012,0.0023825627286,0,0,0.06,0.0115366009995,2026-09-08T22:20:32.862482+00:00,study3b_fifo_runtime_v1
17463,C_1464,2011,2012,2.55184077105e-05,0,0,0.06,0.0115366009995,2026-09-08T22:20:32.862482+00:00,study3b_fifo_runtime_v1
17488,C_1466,2011,2012,1.39186477099e-05,0,0,0.06,0.0115366009995,2026-09-08T22:20:32.862482+00:00,study3b_fifo_runtime_v1
17501,C_1467,2011,2012,0.000147908518557,0,0,0.06,0.0115366009995,2026-09-08T22:20:32.862482+00:00,study3b_fifo_runtime_v1
17522,C_1469,2011,2012,0.147328868508,1,1,0.06,0.0115366009995,2026-09-08T22:20:32.862482+00:00,study3b_fifo_runtime_v1
17537,C_1470,2011,2012,0.000159122384503,0,0,0.06,0.0115366009995,2026-09-08T22:20:32.862482+00:00,study3b_fifo_runtime_v1
17564,C_1472,2011,2012,5.53027493879e-05,0,0,0.06,0.0115366009995,2026-09-08T22:20:32.862482+00:00,study3b_fifo_runtime_v1
17584,C_1473,2011,2012,0.000118673313409,0,0,0.06,0.0115366009995,2026-09-08T22:20:32.862482+00:00,study3b_fifo_runtime_v1
17616,C_1476,2011,2012,1.37314991662e-05,0,0,0.06,0.0115366009995,2026-09-08T22:20:32.862482+00:00,study3b_fifo_runtime_v1
17665,C_1483,2011,2012,3.56456548616e-05,0,0,0.06,0.0115366009995,2026-09-08T22:20:32.862482+00:00,study3b_fifo_runtime_v1
17685,C_1484,2011,2012,0.000195732791326,0,0,0.06,0.0115366009995,2026-09-08T22:20:32.862482+00:00,study3b_fifo_runtime_v1
17713,C_1486,2011,2012,0.00198300811462,0,0,0.06,0.0115366009995,2026-09-08T22:20:32.862482+00:00,study3b_fifo_runtime_v1
17741,C_1490,2011,2012,0.00120859500021,0,0,0.06,0.0115366009995,2026-09-08T22:20:32.862482+00:00,study3b_fifo_runtime_v1
17760,C_1491,2011,2012,9.29095040192e-05,0,0,0.06,0.0115366009995,2026-09-08T22:20:32.862482+00:00,study3b_fifo_runtime_v1
17780,C_1492,2011,2012,5.02025068272e-05,0,0,0.06,0.0115366009995,2026-09-08T22:20:32.862482+00:00,study3b_fifo_runtime_v1
17800,C_1493,2011,2012,1.35174268507e-05,0,0,0.06,0.0115366009995,2026-09-08T22:20:32.862482+00:00,study3b_fifo_runtime_v1
17818,C_1495,2011,2012,1.21359380501e-05,0,0,0.06,0.0115366009995,2026-09-08T22:20:32.862482+00:00,study3b_fifo_runtime_v1
17834,C_1496,2011,2012,0.00032650140929,0,0,0.06,0.0115366009995,2026-09-08T22:20:32.862482+00:00,study3b_fifo_runtime_v1
17847,C_1497,2011,2012,4.08748164773e-05,0,0,0.06,0.0115366009995,2026-09-08T22:20:32.862482+00:00,study3b_fifo_runtime_v1
17883,C_1501,2011,2012,0.000102867248643,0,0,0.06,0.0115366009995,2026-09-08T22:20:32.862482+00:00,study3b_fifo_runtime_v1
17920,C_1505,2011,2012,1.89765050891e-05,0,0,0.06,0.0115366009995,2026-09-08T22:20:32.862482+00:00,study3b_fifo_runtime_v1
17954,C_1510,2011,2012,0.00011443313997,0,0,0.06,0.0115366009995,2026-09-08T22:20:32.862482+00:00,study3b_fifo_runtime_v1
17971,C_1511,2011,2012,0.000289679417619,0,0,0.06,0.0115366009995,2026-09-08T22:20:32.862482+00:00,study3b_fifo_runtime_v1
17985,C_1513,2011,2012,0.00234568002634,0,0,0.06,0.0115366009995,2026-09-08T22:20:32.862482+00:00,study3b_fifo_runtime_v1
18004,C_1515,2011,2012,0.000422185665229,0,0,0.06,0.0115366009995,2026-09-08T22:20:32.862482+00:00,study3b_fifo_runtime_v1
18025,C_1517,2011,2012,0.000100711207779,0,0,0.06,0.0115366009995,2026-09-08T22:20:32.862482+00:00,study3b_fifo_runtime_v1
18074,C_1523,2011,2012,3.15105680784e-05,0,0,0.06,0.0115366009995,2026-09-08T22:20:32.862482+00:00,study3b_fifo_runtime_v1
18102,C_1526,2011,2012,2.69718148047e-05,0,0,0.06,0.0115366009995,2026-09-08T22:20:32.862482+00:00,study3b_fifo_runtime_v1
18121,C_1527,2011,2012,2.19634621317e-05,0,0,0.06,0.0115366009995,2026-09-08T22:20:32.862482+00:00,study3b_fifo_runtime_v1
18151,C_1530,2011,2012,1.75025543285e-05,0,0,0.06,0.0115366009995,2026-09-08T22:20:32.862482+00:00,study3b_fifo_runtime_v1
18170,C_1531,2011,2012,0.00199083448388,0,0,0.06,0.0115366009995,2026-09-08T22:20:32.862482+00:00,study3b_fifo_runtime_v1
18187,C_1533,2011,2012,0.000220950823859,0,0,0.06,0.0115366009995,2026-09-08T22:20:32.862482+00:00,study3b_fifo_runtime_v1
18218,C_1535,2011,2012,0.0119652459398,0,1,0.06,0.0115366009995,2026-09-08T22:20:32.862482+00:00,study3b_fifo_runtime_v1
18246,C_1538,2011,2012,2.74801841442e-05,0,0,0.06,0.0115366009995,2026-09-08T22:20:32.862482+00:00,study3b_fifo_runtime_v1
18266,C_1539,2011,2012,1.99432088266e-05,0,0,0.06,0.0115366009995,2026-09-08T22:20:32.862482+00:00,study3b_fifo_runtime_v1
18286,C_1540,2011,2012,0.000647655280773,0,0,0.06,0.0115366009995,2026-09-08T22:20:32.862482+00:00,study3b_fifo_runtime_v1
18312,C_1542,2011,2012,0.00194688176271,0,0,0.06,0.0115366009995,2026-09-08T22:20:32.862482+00:00,study3b_fifo_runtime_v1
18350,C_1549,2011,2012,6.11123323324e-05,0,0,0.06,0.0115366009995,2026-09-08T22:20:32.862482+00:00,study3b_fifo_runtime_v1
18370,C_1550,2011,2012,0.00132236722857,0,0,0.06,0.0115366009995,2026-09-08T22:20:32.862482+00:00,study3b_fifo_runtime_v1
18397,C_1553,2011,2012,0.000545619230252,0,0,0.06,0.0115366009995,2026-09-08T22:20:32.862482+00:00,study3b_fifo_runtime_v1
18419,C_1555,2011,2012,1.78125319508e-05,0,0,0.06,0.0115366009995,2026-09-08T22:20:32.862482+00:00,study3b_fifo_runtime_v1
18456,C_1559,2011,2012,3.13279269903e-05,0,0,0.06,0.0115366009995,2026-09-08T22:20:32.862482+00:00,study3b_fifo_runtime_v1
18470,C_1560,2011,2012,3.11042676913e-05,0,0,0.06,0.0115366009995,2026-09-08T22:20:32.862482+00:00,study3b_fifo_runtime_v1
18498,C_1562,2011,2012,0.00030573818367,0,0,0.06,0.0115366009995,2026-09-08T22:20:32.862482+00:00,study3b_fifo_runtime_v1
18515,C_1564,2011,2012,4.41786723968e-05,0,0,0.06,0.0115366009995,2026-09-08T22:20:32.862482+00:00,study3b_fifo_runtime_v1
18551,C_1568,2011,2012,2.28346084441e-06,0,0,0.06,0.0115366009995,2026-09-08T22:20:32.862482+00:00,study3b_fifo_runtime_v1
18572,C_1571,2011,2012,0.000280835694866,0,0,0.06,0.0115366009995,2026-09-08T22:20:32.862482+00:00,study3b_fifo_runtime_v1
18592,C_1572,2011,2012,2.77954550256e-05,0,0,0.06,0.0115366009995,2026-09-08T22:20:32.862482+00:00,study3b_fifo_runtime_v1
18631,C_1576,2011,2012,3.97173535021e-05,0,0,0.06,0.0115366009995,2026-09-08T22:20:32.862482+00:00,study3b_fifo_runtime_v1
18665,C_1581,2011,2012,7.97431421233e-05,0,0,0.06,0.0115366009995,2026-09-08T22:20:32.862482+00:00,study3b_fifo_runtime_v1
18708,C_1585,2011,2012,0.00106378446799,0,0,0.06,0.0115366009995,2026-09-08T22:20:32.862482+00:00,study3b_fifo_runtime_v1
18730,C_1587,2011,2012,5.95263700234e-05,0,0,0.06,0.0115366009995,2026-09-08T22:20:32.862482+00:00,study3b_fifo_runtime_v1
18762,C_1589,2011,2012,4.40759067715e-05,0,0,0.06,0.0115366009995,2026-09-08T22:20:32.862482+00:00,study3b_fifo_runtime_v1
18782,C_1590,2011,2012,0.013163424097,0,1,0.06,0.0115366009995,2026-09-08T22:20:32.862482+00:00,study3b_fifo_runtime_v1
18803,C_1592,2011,2012,3.81532117899e-05,0,0,0.06,0.0115366009995,2026-09-08T22:20:32.862482+00:00,study3b_fifo_runtime_v1
18835,C_1595,2011,2012,0.0136159406975,0,1,0.06,0.0115366009995,2026-09-08T22:20:32.862482+00:00,study3b_fifo_runtime_v1
18868,C_1598,2011,2012,5.15059946338e-05,0,0,0.06,0.0115366009995,2026-09-08T22:20:32.862482+00:00,study3b_fifo_runtime_v1
18900,C_1600,2011,2012,9.93797439151e-05,0,0,0.06,0.0115366009995,2026-09-08T22:20:32.862482+00:00,study3b_fifo_runtime_v1
18926,C_1603,2011,2012,0.00218124361709,0,0,0.06,0.0115366009995,2026-09-08T22:20:32.862482+00:00,study3b_fifo_runtime_v1
18939,C_1604,2011,2012,0.00145933777094,0,0,0.06,0.0115366009995,2026-09-08T22:20:32.862482+00:00,study3b_fifo_runtime_v1
18956,C_1605,2011,2012,0.000402687088354,0,0,0.06,0.0115366009995,2026-09-08T22:20:32.862482+00:00,study3b_fifo_runtime_v1
18976,C_1606,2011,2012,3.93010013795e-05,0,0,0.06,0.0115366009995,2026-09-08T22:20:32.862482+00:00,study3b_fifo_runtime_v1
18993,C_1608,2011,2012,5.67086863157e-05,0,0,0.06,0.0115366009995,2026-09-08T22:20:32.862482+00:00,study3b_fifo_runtime_v1
19013,C_1609,2011,2012,0.00010181125981,0,0,0.06,0.0115366009995,2026-09-08T22:20:32.862482+00:00,study3b_fifo_runtime_v1
19032,C_1610,2011,2012,0.00224004243501,0,0,0.06,0.0115366009995,2026-09-08T22:20:32.862482+00:00,study3b_fifo_runtime_v1
19051,C_1611,2011,2012,9.61031400948e-05,0,0,0.06,0.0115366009995,2026-09-08T22:20:32.862482+00:00,study3b_fifo_runtime_v1
19071,C_1612,2011,2012,0.00070562743349,0,0,0.06,0.0115366009995,2026-09-08T22:20:32.862482+00:00,study3b_fifo_runtime_v1
19091,C_1613,2011,2012,0.000241916684899,0,0,0.06,0.0115366009995,2026-09-08T22:20:32.862482+00:00,study3b_fifo_runtime_v1
19115,C_1615,2011,2012,9.7273303254e-05,0,0,0.06,0.0115366009995,2026-09-08T22:20:32.862482+00:00,study3b_fifo_runtime_v1
19131,C_1617,2011,2012,0.00109406630509,0,0,0.06,0.0115366009995,2026-09-08T22:20:32.862482+00:00,study3b_fifo_runtime_v1
19161,C_1619,2011,2012,0.000329317525029,0,0,0.06,0.0115366009995,2026-09-08T22:20:32.862482+00:00,study3b_fifo_runtime_v1
19181,C_1620,2011,2012,5.72236349399e-05,0,0,0.06,0.0115366009995,2026-09-08T22:20:32.862482+00:00,study3b_fifo_runtime_v1
19203,C_1622,2011,2012,0.00147349294275,0,0,0.06,0.0115366009995,2026-09-08T22:20:32.862482+00:00,study3b_fifo_runtime_v1
19223,C_1623,2011,2012,0.000278059276752,0,0,0.06,0.0115366009995,2026-09-08T22:20:32.862482+00:00,study3b_fifo_runtime_v1
19244,C_1625,2011,2012,2.33071350522e-05,0,0,0.06,0.0115366009995,2026-09-08T22:20:32.862482+00:00,study3b_fifo_runtime_v1
19264,C_1626,2011,2012,5.96729623794e-05,0,0,0.06,0.0115366009995,2026-09-08T22:20:32.862482+00:00,study3b_fifo_runtime_v1
19279,C_1627,2011,2012,0.000204515803489,0,0,0.06,0.0115366009995,2026-09-08T22:20:32.862482+00:00,study3b_fifo_runtime_v1
19299,C_1628,2011,2012,0.000116261413496,0,0,0.06,0.0115366009995,2026-09-08T22:20:32.862482+00:00,study3b_fifo_runtime_v1
19322,C_1630,2011,2012,6.50979927741e-05,0,0,0.06,0.0115366009995,2026-09-08T22:20:32.862482+00:00,study3b_fifo_runtime_v1
19342,C_1631,2011,2012,0.000632492767181,0,0,0.06,0.0115366009995,2026-09-08T22:20:32.862482+00:00,study3b_fifo_runtime_v1
19380,C_1634,2011,2012,5.6023531215e-05,0,0,0.06,0.0115366009995,2026-09-08T22:20:32.862482+00:00,study3b_fifo_runtime_v1
19399,C_1635,2011,2012,0.00119873380754,0,0,0.06,0.0115366009995,2026-09-08T22:20:32.862482+00:00,study3b_fifo_runtime_v1
19412,C_1636,2011,2012,2.37948061113e-05,0,0,0.06,0.0115366009995,2026-09-08T22:20:32.862482+00:00,study3b_fifo_runtime_v1
19427,C_1637,2011,2012,0.0022188462317,0,0,0.06,0.0115366009995,2026-09-08T22:20:32.862482+00:00,study3b_fifo_runtime_v1
19449,C_1639,2011,2012,0.00103399110958,0,0,0.06,0.0115366009995,2026-09-08T22:20:32.862482+00:00,study3b_fifo_runtime_v1
19470,C_1641,2011,2012,0.00022000768513,0,0,0.06,0.0115366009995,2026-09-08T22:20:32.862482+00:00,study3b_fifo_runtime_v1
19485,C_1642,2011,2012,3.45435073541e-05,0,0,0.06,0.0115366009995,2026-09-08T22:20:32.862482+00:00,study3b_fifo_runtime_v1
19514,C_1644,2011,2012,3.94335038436e-05,0,0,0.06,0.0115366009995,2026-09-08T22:20:32.862482+00:00,study3b_fifo_runtime_v1
19534,C_1645,2011,2012,1.23801009977e-05,0,0,0.06,0.0115366009995,2026-09-08T22:20:32.862482+00:00,study3b_fifo_runtime_v1
19554,C_1646,2011,2012,0.00405084295198,0,0,0.06,0.0115366009995,2026-09-08T22:20:32.862482+00:00,study3b_fifo_runtime_v1
19573,C_1647,2011,2012,0.000189120764844,0,0,0.06,0.0115366009995,2026-09-08T22:20:32.862482+00:00,study3b_fifo_runtime_v1
19593,C_1648,2011,2012,0.000995556707494,0,0,0.06,0.0115366009995,2026-09-08T22:20:32.862482+00:00,study3b_fifo_runtime_v1
19618,C_1651,2011,2012,3.60279263987e-05,0,0,0.06,0.0115366009995,2026-09-08T22:20:32.862482+00:00,study3b_fifo_runtime_v1
19647,C_1653,2011,2012,0.000893138640095,0,0,0.06,0.0115366009995,2026-09-08T22:20:32.862482+00:00,study3b_fifo_runtime_v1
19667,C_1654,2011,2012,0.000478875939734,0,0,0.06,0.0115366009995,2026-09-08T22:20:32.862482+00:00,study3b_fifo_runtime_v1
19700,C_1657,2011,2012,4.22723205702e-05,0,0,0.06,0.0115366009995,2026-09-08T22:20:32.862482+00:00,study3b_fifo_runtime_v1
19720,C_1658,2011,2012,0.000665419909637,0,0,0.06,0.0115366009995,2026-09-08T22:20:32.862482+00:00,study3b_fifo_runtime_v1
19739,C_1660,2011,2012,1.77480014827e-05,0,0,0.06,0.0115366009995,2026-09-08T22:20:32.862482+00:00,study3b_fifo_runtime_v1
19759,C_1661,2011,2012,1.92274546862e-05,0,0,0.06,0.0115366009995,2026-09-08T22:20:32.862482+00:00,study3b_fifo_runtime_v1
19802,C_1666,2011,2012,0.000431976630352,0,0,0.06,0.0115366009995,2026-09-08T22:20:32.862482+00:00,study3b_fifo_runtime_v1
19824,C_1668,2011,2012,8.0293204519e-05,0,0,0.06,0.0115366009995,2026-09-08T22:20:32.862482+00:00,study3b_fifo_runtime_v1
19852,C_1670,2011,2012,2.88056889985e-05,0,0,0.06,0.0115366009995,2026-09-08T22:20:32.862482+00:00,study3b_fifo_runtime_v1
19877,C_1672,2011,2012,0.0099876942113,0,0,0.06,0.0115366009995,2026-09-08T22:20:32.862482+00:00,study3b_fifo_runtime_v1
19897,C_1673,2011,2012,0.00035130220931,0,0,0.06,0.0115366009995,2026-09-08T22:20:32.862482+00:00,study3b_fifo_runtime_v1
19917,C_1674,2011,2012,6.91696841386e-05,0,0,0.06,0.0115366009995,2026-09-08T22:20:32.862482+00:00,study3b_fifo_runtime_v1
19944,C_1677,2011,2012,0.0538329780102,0,1,0.06,0.0115366009995,2026-09-08T22:20:32.862482+00:00,study3b_fifo_runtime_v1
19964,C_1678,2011,2012,7.72034763941e-05,0,0,0.06,0.0115366009995,2026-09-08T22:20:32.862482+00:00,study3b_fifo_runtime_v1
20000,C_1682,2011,2012,0.000125308084534,0,0,0.06,0.0115366009995,2026-09-08T22:20:32.862482+00:00,study3b_fifo_runtime_v1
20020,C_1683,2011,2012,2.87615475827e-05,0,0,0.06,0.0115366009995,2026-09-08T22:20:32.862482+00:00,study3b_fifo_runtime_v1
20048,C_1687,2011,2012,0.000141812939546,0,0,0.06,0.0115366009995,2026-09-08T22:20:32.862482+00:00,study3b_fifo_runtime_v1
20072,C_1690,2011,2012,0.00173241214361,0,0,0.06,0.0115366009995,2026-09-08T22:20:32.862482+00:00,study3b_fifo_runtime_v1
20088,C_1691,2011,2012,0.000201023984118,0,0,0.06,0.0115366009995,2026-09-08T22:20:32.862482+00:00,study3b_fifo_runtime_v1
20107,C_1692,2011,2012,8.48693525768e-05,0,0,0.06,0.0115366009995,2026-09-08T22:20:32.862482+00:00,study3b_fifo_runtime_v1
20127,C_1693,2011,2012,9.13919720915e-05,0,0,0.06,0.0115366009995,2026-09-08T22:20:32.862482+00:00,study3b_fifo_runtime_v1
20146,C_1694,2011,2012,3.86104438803e-05,0,0,0.06,0.0115366009995,2026-09-08T22:20:32.862482+00:00,study3b_fifo_runtime_v1
20177,C_1696,2011,2012,0.000394403905375,0,0,0.06,0.0115366009995,2026-09-08T22:20:32.862482+00:00,study3b_fifo_runtime_v1
20197,C_1697,2011,2012,0.000899810809642,0,0,0.06,0.0115366009995,2026-09-08T22:20:32.862482+00:00,study3b_fifo_runtime_v1
20219,C_1700,2011,2012,0.000420840340666,0,0,0.06,0.0115366009995,2026-09-08T22:20:32.862482+00:00,study3b_fifo_runtime_v1
20247,C_1702,2011,2012,0.00167314626742,0,0,0.06,0.0115366009995,2026-09-08T22:20:32.862482+00:00,study3b_fifo_runtime_v1
20275,C_1704,2011,2012,0.00120722793508,0,0,0.06,0.0115366009995,2026-09-08T22:20:32.862482+00:00,study3b_fifo_runtime_v1
20295,C_1705,2011,2012,0.000401223311201,0,0,0.06,0.0115366009995,2026-09-08T22:20:32.862482+00:00,study3b_fifo_runtime_v1
20315,C_1706,2011,2012,5.87411341257e-05,0,0,0.06,0.0115366009995,2026-09-08T22:20:32.862482+00:00,study3b_fifo_runtime_v1
20325,C_1708,2011,2012,0.00119998992886,0,0,0.06,0.0115366009995,2026-09-08T22:20:32.862482+00:00,study3b_fifo_runtime_v1
20351,C_1712,2011,2012,0.00142246950418,0,0,0.06,0.0115366009995,2026-09-08T22:20:32.862482+00:00,study3b_fifo_runtime_v1
20370,C_1713,2011,2012,0.000764549418818,0,0,0.06,0.0115366009995,2026-09-08T22:20:32.862482+00:00,study3b_fifo_runtime_v1
20391,C_1715,2011,2012,2.95034260489e-05,0,0,0.06,0.0115366009995,2026-09-08T22:20:32.862482+00:00,study3b_fifo_runtime_v1
20423,C_1718,2011,2012,0.000109314139991,0,0,0.06,0.0115366009995,2026-09-08T22:20:32.862482+00:00,study3b_fifo_runtime_v1
20447,C_1720,2011,2012,0.000144104764331,0,0,0.06,0.0115366009995,2026-09-08T22:20:32.862482+00:00,study3b_fifo_runtime_v1
20469,C_1722,2011,2012,0.00280289328657,0,0,0.06,0.0115366009995,2026-09-08T22:20:32.862482+00:00,study3b_fifo_runtime_v1
20498,C_1724,2011,2012,7.87889803178e-05,0,0,0.06,0.0115366009995,2026-09-08T22:20:32.862482+00:00,study3b_fifo_runtime_v1
20513,C_1725,2011,2012,0.000116530696687,0,0,0.06,0.0115366009995,2026-09-08T22:20:32.862482+00:00,study3b_fifo_runtime_v1
20563,C_1730,2011,2012,0.00777103332803,0,0,0.06,0.0115366009995,2026-09-08T22:20:32.862482+00:00,study3b_fifo_runtime_v1
20583,C_1731,2011,2012,0.000652514689136,0,0,0.06,0.0115366009995,2026-09-08T22:20:32.862482+00:00,study3b_fifo_runtime_v1
20600,C_1732,2011,2012,0.000287371163722,0,0,0.06,0.0115366009995,2026-09-08T22:20:32.862482+00:00,study3b_fifo_runtime_v1
20620,C_1733,2011,2012,0.000616986944806,0,0,0.06,0.0115366009995,2026-09-08T22:20:32.862482+00:00,study3b_fifo_runtime_v1
20640,C_1734,2011,2012,0.000161507501616,0,0,0.06,0.0115366009995,2026-09-08T22:20:32.862482+00:00,study3b_fifo_runtime_v1
20665,C_1737,2011,2012,0.000269762269454,0,0,0.06,0.0115366009995,2026-09-08T22:20:32.862482+00:00,study3b_fifo_runtime_v1
20692,C_1739,2011,2012,0.000118671188829,0,0,0.06,0.0115366009995,2026-09-08T22:20:32.862482+00:00,study3b_fifo_runtime_v1
20712,C_1740,2011,2012,2.76964274235e-05,0,0,0.06,0.0115366009995,2026-09-08T22:20:32.862482+00:00,study3b_fifo_runtime_v1
20732,C_1741,2011,2012,2.29267916438e-05,0,0,0.06,0.0115366009995,2026-09-08T22:20:32.862482+00:00,study3b_fifo_runtime_v1
20760,C_1744,2011,2012,2.12701761484e-05,0,0,0.06,0.0115366009995,2026-09-08T22:20:32.862482+00:00,study3b_fifo_runtime_v1
20779,C_1745,2011,2012,6.14660393694e-06,0,0,0.06,0.0115366009995,2026-09-08T22:20:32.862482+00:00,study3b_fifo_runtime_v1
20801,C_1747,2011,2012,0.00226700422354,0,0,0.06,0.0115366009995,2026-09-08T22:20:32.862482+00:00,study3b_fifo_runtime_v1
20822,C_1749,2011,2012,4.49422768725e-05,0,0,0.06,0.0115366009995,2026-09-08T22:20:32.862482+00:00,study3b_fifo_runtime_v1
20852,C_1751,2011,2012,0.0338588692248,0,1,0.06,0.0115366009995,2026-09-08T22:20:32.862482+00:00,study3b_fifo_runtime_v1
20875,C_1753,2011,2012,0.0034075146541,0,0,0.06,0.0115366009995,2026-09-08T22:20:32.862482+00:00,study3b_fifo_runtime_v1
20896,C_1755,2011,2012,8.23820300866e-06,0,0,0.06,0.0115366009995,2026-09-08T22:20:32.862482+00:00,study3b_fifo_runtime_v1
20937,C_1761,2011,2012,5.2679588407e-05,0,0,0.06,0.0115366009995,2026-09-08T22:20:32.862482+00:00,study3b_fifo_runtime_v1
20981,C_1766,2011,2012,0.00155505817384,0,0,0.06,0.0115366009995,2026-09-08T22:20:32.862482+00:00,study3b_fifo_runtime_v1
21012,C_1771,2011,2012,2.22491562454e-05,0,0,0.06,0.0115366009995,2026-09-08T22:20:32.862482+00:00,study3b_fifo_runtime_v1
21043,C_1773,2011,2012,4.2284194933e-05,0,0,0.06,0.0115366009995,2026-09-08T22:20:32.862482+00:00,study3b_fifo_runtime_v1
21067,C_1775,2011,2012,0.000800231529865,0,0,0.06,0.0115366009995,2026-09-08T22:20:32.862482+00:00,study3b_fifo_runtime_v1
21088,C_1777,2011,2012,5.25301438756e-05,0,0,0.06,0.0115366009995,2026-09-08T22:20:32.862482+00:00,study3b_fifo_runtime_v1
21123,C_1781,2011,2012,0.000597725855187,0,0,0.06,0.0115366009995,2026-09-08T22:20:32.862482+00:00,study3b_fifo_runtime_v1
21149,C_1784,2011,2012,7.84997391747e-05,0,0,0.06,0.0115366009995,2026-09-08T22:20:32.862482+00:00,study3b_fifo_runtime_v1
21211,C_1790,2011,2012,0.000234145481954,0,0,0.06,0.0115366009995,2026-09-08T22:20:32.862482+00:00,study3b_fifo_runtime_v1
21244,C_1792,2011,2012,1.37327151606e-05,0,0,0.06,0.0115366009995,2026-09-08T22:20:32.862482+00:00,study3b_fifo_runtime_v1
21262,C_1793,2011,2012,3.13085329253e-05,0,0,0.06,0.0115366009995,2026-09-08T22:20:32.862482+00:00,study3b_fifo_runtime_v1
21297,C_1797,2011,2012,0.00195931876078,0,0,0.06,0.0115366009995,2026-09-08T22:20:32.862482+00:00,study3b_fifo_runtime_v1
21321,C_1799,2011,2012,0.0002174378169,0,0,0.06,0.0115366009995,2026-09-08T22:20:32.862482+00:00,study3b_fifo_runtime_v1
21390,C_1809,2011,2012,0.00011778188491,0,0,0.06,0.0115366009995,2026-09-08T22:20:32.862482+00:00,study3b_fifo_runtime_v1
21406,C_1810,2011,2012,8.08582117315e-05,0,0,0.06,0.0115366009995,2026-09-08T22:20:32.862482+00:00,study3b_fifo_runtime_v1
21419,C_1811,2011,2012,8.55624148244e-06,0,0,0.06,0.0115366009995,2026-09-08T22:20:32.862482+00:00,study3b_fifo_runtime_v1
21439,C_1813,2011,2012,0.0002243865747,0,0,0.06,0.0115366009995,2026-09-08T22:20:32.862482+00:00,study3b_fifo_runtime_v1
21466,C_1815,2011,2012,0.000508112250827,0,0,0.06,0.0115366009995,2026-09-08T22:20:32.862482+00:00,study3b_fifo_runtime_v1
21496,C_1818,2011,2012,0.000458928640001,0,0,0.06,0.0115366009995,2026-09-08T22:20:32.862482+00:00,study3b_fifo_runtime_v1
21532,C_1822,2011,2012,3.47425157088e-05,0,0,0.06,0.0115366009995,2026-09-08T22:20:32.862482+00:00,study3b_fifo_runtime_v1
21570,C_1825,2011,2012,0.000151322266902,0,0,0.06,0.0115366009995,2026-09-08T22:20:32.862482+00:00,study3b_fifo_runtime_v1
21590,C_1826,2011,2012,9.56064614002e-05,0,0,0.06,0.0115366009995,2026-09-08T22:20:32.862482+00:00,study3b_fifo_runtime_v1
21632,C_1832,2011,2012,0.000238753462327,0,0,0.06,0.0115366009995,2026-09-08T22:20:32.862482+00:00,study3b_fifo_runtime_v1
21666,C_1835,2011,2012,5.54344151169e-05,0,0,0.06,0.0115366009995,2026-09-08T22:20:32.862482+00:00,study3b_fifo_runtime_v1
21695,C_1837,2011,2012,0.000530846242327,0,0,0.06,0.0115366009995,2026-09-08T22:20:32.862482+00:00,study3b_fifo_runtime_v1
21709,C_1839,2011,2012,0.0013172327308,0,0,0.06,0.0115366009995,2026-09-08T22:20:32.862482+00:00,study3b_fifo_runtime_v1
21724,C_1840,2011,2012,0.000943812250625,0,0,0.06,0.0115366009995,2026-09-08T22:20:32.862482+00:00,study3b_fifo_runtime_v1
21752,C_1843,2011,2012,0.000254848942859,0,0,0.06,0.0115366009995,2026-09-08T22:20:32.862482+00:00,study3b_fifo_runtime_v1
21772,C_1844,2011,2012,0.000391685636714,0,0,0.06,0.0115366009995,2026-09-08T22:20:32.862482+00:00,study3b_fifo_runtime_v1
21811,C_1848,2011,2012,0.00190248945728,0,0,0.06,0.0115366009995,2026-09-08T22:20:32.862482+00:00,study3b_fifo_runtime_v1
21829,C_1849,2011,2012,1.40906486195e-05,0,0,0.06,0.0115366009995,2026-09-08T22:20:32.862482+00:00,study3b_fifo_runtime_v1
21847,C_1852,2011,2012,0.000270431250101,0,0,0.06,0.0115366009995,2026-09-08T22:20:32.862482+00:00,study3b_fifo_runtime_v1
21867,C_1853,2011,2012,0.0140755502507,0,1,0.06,0.0115366009995,2026-09-08T22:20:32.862482+00:00,study3b_fifo_runtime_v1
21890,C_1855,2011,2012,0.000309575290885,0,0,0.06,0.0115366009995,2026-09-08T22:20:32.862482+00:00,study3b_fifo_runtime_v1
21909,C_1857,2011,2012,6.09464914305e-05,0,0,0.06,0.0115366009995,2026-09-08T22:20:32.862482+00:00,study3b_fifo_runtime_v1
21935,C_1859,2011,2012,5.71274977119e-05,0,0,0.06,0.0115366009995,2026-09-08T22:20:32.862482+00:00,study3b_fifo_runtime_v1
21977,C_1863,2011,2012,0.00370445568115,0,0,0.06,0.0115366009995,2026-09-08T22:20:32.862482+00:00,study3b_fifo_runtime_v1
22007,C_1867,2011,2012,0.000579408893827,0,0,0.06,0.0115366009995,2026-09-08T22:20:32.862482+00:00,study3b_fifo_runtime_v1
22039,C_1873,2011,2012,0.000502093811519,0,0,0.06,0.0115366009995,2026-09-08T22:20:32.862482+00:00,study3b_fifo_runtime_v1
22059,C_1874,2011,2012,0.080926835537,1,1,0.06,0.0115366009995,2026-09-08T22:20:32.862482+00:00,study3b_fifo_runtime_v1
22072,C_1875,2011,2012,0.00394880166277,0,0,0.06,0.0115366009995,2026-09-08T22:20:32.862482+00:00,study3b_fifo_runtime_v1
22098,C_1878,2011,2012,0.000215926338569,0,0,0.06,0.0115366009995,2026-09-08T22:20:32.862482+00:00,study3b_fifo_runtime_v1
22129,C_1880,2011,2012,0.000419404503191,0,0,0.06,0.0115366009995,2026-09-08T22:20:32.862482+00:00,study3b_fifo_runtime_v1
22152,C_1883,2011,2012,8.19742490421e-06,0,0,0.06,0.0115366009995,2026-09-08T22:20:32.862482+00:00,study3b_fifo_runtime_v1
22193,C_1888,2011,2012,0.000799825182185,0,0,0.06,0.0115366009995,2026-09-08T22:20:32.862482+00:00,study3b_fifo_runtime_v1
22206,C_1889,2011,2012,0.00021304054826,0,0,0.06,0.0115366009995,2026-09-08T22:20:32.862482+00:00,study3b_fifo_runtime_v1
22234,C_1891,2011,2012,0.00170035089832,0,0,0.06,0.0115366009995,2026-09-08T22:20:32.862482+00:00,study3b_fifo_runtime_v1
22266,C_1894,2011,2012,1.85448661796e-05,0,0,0.06,0.0115366009995,2026-09-08T22:20:32.862482+00:00,study3b_fifo_runtime_v1
22296,C_1896,2011,2012,0.00032165509765,0,0,0.06,0.0115366009995,2026-09-08T22:20:32.862482+00:00,study3b_fifo_runtime_v1
22318,C_1898,2011,2012,0.00152001983952,0,0,0.06,0.0115366009995,2026-09-08T22:20:32.862482+00:00,study3b_fifo_runtime_v1
22345,C_1902,2011,2012,0.00137016037479,0,0,0.06,0.0115366009995,2026-09-08T22:20:32.862482+00:00,study3b_fifo_runtime_v1
22372,C_1905,2011,2012,4.66933852294e-05,0,0,0.06,0.0115366009995,2026-09-08T22:20:32.862482+00:00,study3b_fifo_runtime_v1
22389,C_1907,2011,2012,0.000117363437312,0,0,0.06,0.0115366009995,2026-09-08T22:20:32.862482+00:00,study3b_fifo_runtime_v1
22455,C_1917,2011,2012,4.93504485348e-05,0,0,0.06,0.0115366009995,2026-09-08T22:20:32.862482+00:00,study3b_fifo_runtime_v1
22475,C_1918,2011,2012,0.000291386502795,0,0,0.06,0.0115366009995,2026-09-08T22:20:32.862482+00:00,study3b_fifo_runtime_v1
22495,C_1920,2011,2012,0.000104038954305,0,0,0.06,0.0115366009995,2026-09-08T22:20:32.862482+00:00,study3b_fifo_runtime_v1
22514,C_1922,2011,2012,0.000335537391948,0,0,0.06,0.0115366009995,2026-09-08T22:20:32.862482+00:00,study3b_fifo_runtime_v1
22540,C_1927,2011,2012,0.00119488930795,0,0,0.06,0.0115366009995,2026-09-08T22:20:32.862482+00:00,study3b_fifo_runtime_v1
22559,C_1928,2011,2012,5.68482100789e-05,0,0,0.06,0.0115366009995,2026-09-08T22:20:32.862482+00:00,study3b_fifo_runtime_v1
22575,C_1929,2011,2012,0.000608841830399,0,0,0.06,0.0115366009995,2026-09-08T22:20:32.862482+00:00,study3b_fifo_runtime_v1
22597,C_1931,2011,2012,0.000908714660909,0,0,0.06,0.0115366009995,2026-09-08T22:20:32.862482+00:00,study3b_fifo_runtime_v1
22619,C_1933,2011,2012,0.000214234387386,0,0,0.06,0.0115366009995,2026-09-08T22:20:32.862482+00:00,study3b_fifo_runtime_v1
22641,C_1936,2011,2012,0.00378661346622,0,0,0.06,0.0115366009995,2026-09-08T22:20:32.862482+00:00,study3b_fifo_runtime_v1
22657,C_1937,2011,2012,0.000276880775345,0,0,0.06,0.0115366009995,2026-09-08T22:20:32.862482+00:00,study3b_fifo_runtime_v1
22677,C_1938,2011,2012,0.00120596890338,0,0,0.06,0.0115366009995,2026-09-08T22:20:32.862482+00:00,study3b_fifo_runtime_v1
22708,C_1941,2011,2012,0.00421943189576,0,0,0.06,0.0115366009995,2026-09-08T22:20:32.862482+00:00,study3b_fifo_runtime_v1
22726,C_1943,2011,2012,9.53532071435e-05,0,0,0.06,0.0115366009995,2026-09-08T22:20:32.862482+00:00,study3b_fifo_runtime_v1
22743,C_1945,2011,2012,2.43070298893e-05,0,0,0.06,0.0115366009995,2026-09-08T22:20:32.862482+00:00,study3b_fifo_runtime_v1
22771,C_1949,2011,2012,0.00281563377939,0,0,0.06,0.0115366009995,2026-09-08T22:20:32.862482+00:00,study3b_fifo_runtime_v1
22787,C_1950,2011,2012,0.000865446112584,0,0,0.06,0.0115366009995,2026-09-08T22:20:32.862482+00:00,study3b_fifo_runtime_v1
22823,C_1954,2011,2012,0.0582855455577,0,1,0.06,0.0115366009995,2026-09-08T22:20:32.862482+00:00,study3b_fifo_runtime_v1
22848,C_1956,2011,2012,0.000101224723039,0,0,0.06,0.0115366009995,2026-09-08T22:20:32.862482+00:00,study3b_fifo_runtime_v1
22888,C_1961,2011,2012,0.000300010957289,0,0,0.06,0.0115366009995,2026-09-08T22:20:32.862482+00:00,study3b_fifo_runtime_v1
22906,C_1962,2011,2012,0.023144280538,0,1,0.06,0.0115366009995,2026-09-08T22:20:32.862482+00:00,study3b_fifo_runtime_v1
22926,C_1963,2011,2012,0.00282779312693,0,0,0.06,0.0115366009995,2026-09-08T22:20:32.862482+00:00,study3b_fifo_runtime_v1
22950,C_1965,2011,2012,7.83184295869e-05,0,0,0.06,0.0115366009995,2026-09-08T22:20:32.862482+00:00,study3b_fifo_runtime_v1
22970,C_1966,2011,2012,0.00125548057258,0,0,0.06,0.0115366009995,2026-09-08T22:20:32.862482+00:00,study3b_fifo_runtime_v1
22995,C_1970,2011,2012,0.00220656115562,0,0,0.06,0.0115366009995,2026-09-08T22:20:32.862482+00:00,study3b_fifo_runtime_v1
23006,C_1971,2011,2012,0.00125422363635,0,0,0.06,0.0115366009995,2026-09-08T22:20:32.862482+00:00,study3b_fifo_runtime_v1
23027,C_1974,2011,2012,0.000112502835691,0,0,0.06,0.0115366009995,2026-09-08T22:20:32.862482+00:00,study3b_fifo_runtime_v1
23064,C_1978,2011,2012,2.39163728111e-05,0,0,0.06,0.0115366009995,2026-09-08T22:20:32.862482+00:00,study3b_fifo_runtime_v1
23082,C_1979,2011,2012,3.35208496836e-05,0,0,0.06,0.0115366009995,2026-09-08T22:20:32.862482+00:00,study3b_fifo_runtime_v1
23099,C_1980,2011,2012,0.000477049994515,0,0,0.06,0.0115366009995,2026-09-08T22:20:32.862482+00:00,study3b_fifo_runtime_v1
23116,C_1982,2011,2012,0.00264182058163,0,0,0.06,0.0115366009995,2026-09-08T22:20:32.862482+00:00,study3b_fifo_runtime_v1
23136,C_1984,2011,2012,9.55436280492e-06,0,0,0.06,0.0115366009995,2026-09-08T22:20:32.862482+00:00,study3b_fifo_runtime_v1
23166,C_1988,2011,2012,4.26520455221e-05,0,0,0.06,0.0115366009995,2026-09-08T22:20:32.862482+00:00,study3b_fifo_runtime_v1
23179,C_1990,2011,2012,0.000693256501108,0,0,0.06,0.0115366009995,2026-09-08T22:20:32.862482+00:00,study3b_fifo_runtime_v1
23211,C_1992,2011,2012,1.24305524878e-05,0,0,0.06,0.0115366009995,2026-09-08T22:20:32.862482+00:00,study3b_fifo_runtime_v1
23224,C_1993,2011,2012,0.000618383928668,0,0,0.06,0.0115366009995,2026-09-08T22:20:32.862482+00:00,study3b_fifo_runtime_v1
23274,C_1997,2011,2012,3.73780239897e-05,0,0,0.06,0.0115366009995,2026-09-08T22:20:32.862482+00:00,study3b_fifo_runtime_v1
23299,C_1999,2011,2012,1.93230353034e-05,0,0,0.06,0.0115366009995,2026-09-08T22:20:32.862482+00:00,study3b_fifo_runtime_v1
23341,C_2002,2011,2012,1.57715403475e-05,0,0,0.06,0.0115366009995,2026-09-08T22:20:32.862482+00:00,study3b_fifo_runtime_v1
23357,C_2003,2011,2012,0.015881203115,0,1,0.06,0.0115366009995,2026-09-08T22:20:32.862482+00:00,study3b_fifo_runtime_v1
23378,C_2005,2011,2012,0.00117491988931,0,0,0.06,0.0115366009995,2026-09-08T22:20:32.862482+00:00,study3b_fifo_runtime_v1
23395,C_2006,2011,2012,2.95762383757e-05,0,0,0.06,0.0115366009995,2026-09-08T22:20:32.862482+00:00,study3b_fifo_runtime_v1
23408,C_2007,2011,2012,4.2963292799e-05,0,0,0.06,0.0115366009995,2026-09-08T22:20:32.862482+00:00,study3b_fifo_runtime_v1
23428,C_2008,2011,2012,0.000131945620524,0,0,0.06,0.0115366009995,2026-09-08T22:20:32.862482+00:00,study3b_fifo_runtime_v1
23459,C_2012,2011,2012,0.000192353923921,0,0,0.06,0.0115366009995,2026-09-08T22:20:32.862482+00:00,study3b_fifo_runtime_v1
23483,C_2015,2011,2012,7.57760790293e-05,0,0,0.06,0.0115366009995,2026-09-08T22:20:32.862482+00:00,study3b_fifo_runtime_v1
23491,C_2016,2011,2012,0.00859429873526,0,0,0.06,0.0115366009995,2026-09-08T22:20:32.862482+00:00,study3b_fifo_runtime_v1
23517,C_2018,2011,2012,0.000121936202049,0,0,0.06,0.0115366009995,2026-09-08T22:20:32.862482+00:00,study3b_fifo_runtime_v1
23537,C_2019,2011,2012,5.04937233927e-05,0,0,0.06,0.0115366009995,2026-09-08T22:20:32.862482+00:00,study3b_fifo_runtime_v1
23559,C_2021,2011,2012,9.46321233641e-05,0,0,0.06,0.0115366009995,2026-09-08T22:20:32.862482+00:00,study3b_fifo_runtime_v1
23579,C_2022,2011,2012,0.000545343616977,0,0,0.06,0.0115366009995,2026-09-08T22:20:32.862482+00:00,study3b_fifo_runtime_v1
23624,C_2028,2011,2012,0.000826612580568,0,0,0.06,0.0115366009995,2026-09-08T22:20:32.862482+00:00,study3b_fifo_runtime_v1
23637,C_2029,2011,2012,0.000140433883644,0,0,0.06,0.0115366009995,2026-09-08T22:20:32.862482+00:00,study3b_fifo_runtime_v1
23656,C_2031,2011,2012,0.000228571661864,0,0,0.06,0.0115366009995,2026-09-08T22:20:32.862482+00:00,study3b_fifo_runtime_v1
23677,C_2033,2011,2012,0.0616919882596,1,1,0.06,0.0115366009995,2026-09-08T22:20:32.862482+00:00,study3b_fifo_runtime_v1
23690,C_2034,2011,2012,1.20490340123e-05,0,0,0.06,0.0115366009995,2026-09-08T22:20:32.862482+00:00,study3b_fifo_runtime_v1
23718,C_2039,2011,2012,6.61497324472e-06,0,0,0.06,0.0115366009995,2026-09-08T22:20:32.862482+00:00,study3b_fifo_runtime_v1
23770,C_2046,2011,2012,5.79942097829e-05,0,0,0.06,0.0115366009995,2026-09-08T22:20:32.862482+00:00,study3b_fifo_runtime_v1
23792,C_2049,2011,2012,0.000440835865447,0,0,0.06,0.0115366009995,2026-09-08T22:20:32.862482+00:00,study3b_fifo_runtime_v1
23882,C_2058,2011,2012,0.00041255945689,0,0,0.06,0.0115366009995,2026-09-08T22:20:32.862482+00:00,study3b_fifo_runtime_v1
23904,C_2060,2011,2012,0.000180555158295,0,0,0.06,0.0115366009995,2026-09-08T22:20:32.862482+00:00,study3b_fifo_runtime_v1
23947,C_2066,2011,2012,3.84538943763e-05,0,0,0.06,0.0115366009995,2026-09-08T22:20:32.862482+00:00,study3b_fifo_runtime_v1
23982,C_2070,2011,2012,0.000628585868981,0,0,0.06,0.0115366009995,2026-09-08T22:20:32.862482+00:00,study3b_fifo_runtime_v1
24002,C_2071,2011,2012,2.80387957901e-05,0,0,0.06,0.0115366009995,2026-09-08T22:20:32.862482+00:00,study3b_fifo_runtime_v1
24020,C_2073,2011,2012,0.00159913685638,0,0,0.06,0.0115366009995,2026-09-08T22:20:32.862482+00:00,study3b_fifo_runtime_v1
24045,C_2078,2011,2012,0.00044942877139,0,0,0.06,0.0115366009995,2026-09-08T22:20:32.862482+00:00,study3b_fifo_runtime_v1
24071,C_2081,2011,2012,0.00107049301732,0,0,0.06,0.0115366009995,2026-09-08T22:20:32.862482+00:00,study3b_fifo_runtime_v1
24086,C_2083,2011,2012,0.00589947076514,0,0,0.06,0.0115366009995,2026-09-08T22:20:32.862482+00:00,study3b_fifo_runtime_v1
24162,C_2093,2011,2012,0.000149253712152,0,0,0.06,0.0115366009995,2026-09-08T22:20:32.862482+00:00,study3b_fifo_runtime_v1
24234,C_2101,2011,2012,0.000422698416514,0,0,0.06,0.0115366009995,2026-09-08T22:20:32.862482+00:00,study3b_fifo_runtime_v1
24248,C_2102,2011,2012,0.0266744997352,0,1,0.06,0.0115366009995,2026-09-08T22:20:32.862482+00:00,study3b_fifo_runtime_v1
24283,C_2105,2011,2012,4.90393867949e-05,0,0,0.06,0.0115366009995,2026-09-08T22:20:32.862482+00:00,study3b_fifo_runtime_v1
24332,C_2112,2011,2012,0.00011375745089,0,0,0.06,0.0115366009995,2026-09-08T22:20:32.862482+00:00,study3b_fifo_runtime_v1
24352,C_2113,2011,2012,0.000489756290335,0,0,0.06,0.0115366009995,2026-09-08T22:20:32.862482+00:00,study3b_fifo_runtime_v1
24369,C_2116,2011,2012,0.000755868211854,0,0,0.06,0.0115366009995,2026-09-08T22:20:32.862482+00:00,study3b_fifo_runtime_v1
24434,C_2125,2011,2012,3.71770183847e-05,0,0,0.06,0.0115366009995,2026-09-08T22:20:32.862482+00:00,study3b_fifo_runtime_v1
24463,C_2129,2011,2012,0.00142414297443,0,0,0.06,0.0115366009995,2026-09-08T22:20:32.862482+00:00,study3b_fifo_runtime_v1
24483,C_2130,2011,2012,0.000353497132892,0,0,0.06,0.0115366009995,2026-09-08T22:20:32.862482+00:00,study3b_fifo_runtime_v1
24508,C_2133,2011,2012,7.79757465352e-05,0,0,0.06,0.0115366009995,2026-09-08T22:20:32.862482+00:00,study3b_fifo_runtime_v1
24557,C_2139,2011,2012,0.00028680919786,0,0,0.06,0.0115366009995,2026-09-08T22:20:32.862482+00:00,study3b_fifo_runtime_v1
24584,C_2141,2011,2012,0.00785626005381,0,0,0.06,0.0115366009995,2026-09-08T22:20:32.862482+00:00,study3b_fifo_runtime_v1
24607,C_2143,2011,2012,9.50472385739e-05,0,0,0.06,0.0115366009995,2026-09-08T22:20:32.862482+00:00,study3b_fifo_runtime_v1
24632,C_2148,2011,2012,7.72566363594e-06,0,0,0.06,0.0115366009995,2026-09-08T22:20:32.862482+00:00,study3b_fifo_runtime_v1
24652,C_2149,2011,2012,3.95634233428e-05,0,0,0.06,0.0115366009995,2026-09-08T22:20:32.862482+00:00,study3b_fifo_runtime_v1
24672,C_2150,2011,2012,0.000167401565704,0,0,0.06,0.0115366009995,2026-09-08T22:20:32.862482+00:00,study3b_fifo_runtime_v1
24696,C_2152,2011,2012,0.000217705135583,0,0,0.06,0.0115366009995,2026-09-08T22:20:32.862482+00:00,study3b_fifo_runtime_v1
24728,C_2155,2011,2012,0.000155394300236,0,0,0.06,0.0115366009995,2026-09-08T22:20:32.862482+00:00,study3b_fifo_runtime_v1
24738,C_2156,2011,2012,0.00312713882886,0,0,0.06,0.0115366009995,2026-09-08T22:20:32.862482+00:00,study3b_fifo_runtime_v1
24751,C_2157,2011,2012,0.0879936888814,1,1,0.06,0.0115366009995,2026-09-08T22:20:32.862482+00:00,study3b_fifo_runtime_v1
24792,C_2165,2011,2012,1.90510054381e-05,0,0,0.06,0.0115366009995,2026-09-08T22:20:32.862482+00:00,study3b_fifo_runtime_v1
24812,C_2166,2011,2012,0.00448026508093,0,0,0.06,0.0115366009995,2026-09-08T22:20:32.862482+00:00,study3b_fifo_runtime_v1
24833,C_2168,2011,2012,0.000406493199989,0,0,0.06,0.0115366009995,2026-09-08T22:20:32.862482+00:00,study3b_fifo_runtime_v1
24856,C_2170,2011,2012,0.000301106687402,0,0,0.06,0.0115366009995,2026-09-08T22:20:32.862482+00:00,study3b_fifo_runtime_v1
24887,C_2173,2011,2012,0.00799162872136,0,0,0.06,0.0115366009995,2026-09-08T22:20:32.862482+00:00,study3b_fifo_runtime_v1
24906,C_2174,2011,2012,2.67992127192e-05,0,0,0.06,0.0115366009995,2026-09-08T22:20:32.862482+00:00,study3b_fifo_runtime_v1
24929,C_2176,2011,2012,0.000376473064534,0,0,0.06,0.0115366009995,2026-09-08T22:20:32.862482+00:00,study3b_fifo_runtime_v1
24948,C_2177,2011,2012,0.000105357139546,0,0,0.06,0.0115366009995,2026-09-08T22:20:32.862482+00:00,study3b_fifo_runtime_v1
24964,C_2178,2011,2012,3.79852353944e-05,0,0,0.06,0.0115366009995,2026-09-08T22:20:32.862482+00:00,study3b_fifo_runtime_v1
24982,C_2180,2011,2012,0.00150623510126,0,0,0.06,0.0115366009995,2026-09-08T22:20:32.862482+00:00,study3b_fifo_runtime_v1
25016,C_2183,2011,2012,0.00031010134262,0,0,0.06,0.0115366009995,2026-09-08T22:20:32.862482+00:00,study3b_fifo_runtime_v1
25035,C_2184,2011,2012,1.7860045773e-05,0,0,0.06,0.0115366009995,2026-09-08T22:20:32.862482+00:00,study3b_fifo_runtime_v1
25064,C_2186,2011,2012,0.0108281457797,0,0,0.06,0.0115366009995,2026-09-08T22:20:32.862482+00:00,study3b_fifo_runtime_v1
25087,C_2189,2011,2012,0.00173271691892,0,0,0.06,0.0115366009995,2026-09-08T22:20:32.862482+00:00,study3b_fifo_runtime_v1
25175,C_2202,2011,2012,9.15853961487e-05,0,0,0.06,0.0115366009995,2026-09-08T22:20:32.862482+00:00,study3b_fifo_runtime_v1
25195,C_2203,2011,2012,0.00916574429721,0,0,0.06,0.0115366009995,2026-09-08T22:20:32.862482+00:00,study3b_fifo_runtime_v1
25231,C_2208,2011,2012,0.000354365067324,0,0,0.06,0.0115366009995,2026-09-08T22:20:32.862482+00:00,study3b_fifo_runtime_v1
25253,C_2211,2011,2012,5.63246176171e-05,0,0,0.06,0.0115366009995,2026-09-08T22:20:32.862482+00:00,study3b_fifo_runtime_v1
25277,C_2213,2011,2012,3.64589941455e-05,0,0,0.06,0.0115366009995,2026-09-08T22:20:32.862482+00:00,study3b_fifo_runtime_v1
25312,C_2218,2011,2012,5.49679534743e-05,0,0,0.06,0.0115366009995,2026-09-08T22:20:32.862482+00:00,study3b_fifo_runtime_v1
25337,C_2221,2011,2012,0.000458458816865,0,0,0.06,0.0115366009995,2026-09-08T22:20:32.862482+00:00,study3b_fifo_runtime_v1
25359,C_2224,2011,2012,3.56435957656e-05,0,0,0.06,0.0115366009995,2026-09-08T22:20:32.862482+00:00,study3b_fifo_runtime_v1
25383,C_2226,2011,2012,3.38440186169e-05,0,0,0.06,0.0115366009995,2026-09-08T22:20:32.862482+00:00,study3b_fifo_runtime_v1
25403,C_2228,2011,2012,3.88978805859e-05,0,0,0.06,0.0115366009995,2026-09-08T22:20:32.862482+00:00,study3b_fifo_runtime_v1
25470,C_2236,2011,2012,0.000128515937831,0,0,0.06,0.0115366009995,2026-09-08T22:20:32.862482+00:00,study3b_fifo_runtime_v1
25480,C_2237,2011,2012,0.00159237813205,0,0,0.06,0.0115366009995,2026-09-08T22:20:32.862482+00:00,study3b_fifo_runtime_v1
25498,C_2240,2011,2012,0.0118952356279,0,1,0.06,0.0115366009995,2026-09-08T22:20:32.862482+00:00,study3b_fifo_runtime_v1
25535,C_2242,2011,2012,9.05930137378e-05,0,0,0.06,0.0115366009995,2026-09-08T22:20:32.862482+00:00,study3b_fifo_runtime_v1
25553,C_2243,2011,2012,6.60370324113e-06,0,0,0.06,0.0115366009995,2026-09-08T22:20:32.862482+00:00,study3b_fifo_runtime_v1
25565,C_2244,2011,2012,1.70648982021e-05,0,0,0.06,0.0115366009995,2026-09-08T22:20:32.862482+00:00,study3b_fifo_runtime_v1
25585,C_2246,2011,2012,6.52978678772e-06,0,0,0.06,0.0115366009995,2026-09-08T22:20:32.862482+00:00,study3b_fifo_runtime_v1
25596,C_2247,2011,2012,0.000253850914305,0,0,0.06,0.0115366009995,2026-09-08T22:20:32.862482+00:00,study3b_fifo_runtime_v1
25624,C_2251,2011,2012,0.0028469087556,0,0,0.06,0.0115366009995,2026-09-08T22:20:32.862482+00:00,study3b_fifo_runtime_v1
25644,C_2253,2011,2012,8.27106759971e-06,0,0,0.06,0.0115366009995,2026-09-08T22:20:32.862482+00:00,study3b_fifo_runtime_v1
25670,C_2256,2011,2012,1.31114256874e-05,0,0,0.06,0.0115366009995,2026-09-08T22:20:32.862482+00:00,study3b_fifo_runtime_v1
25690,C_2257,2011,2012,0.000492992403451,0,0,0.06,0.0115366009995,2026-09-08T22:20:32.862482+00:00,study3b_fifo_runtime_v1
25733,C_2262,2011,2012,9.33827504923e-06,0,0,0.06,0.0115366009995,2026-09-08T22:20:32.862482+00:00,study3b_fifo_runtime_v1
25753,C_2263,2011,2012,4.18034433096e-05,0,0,0.06,0.0115366009995,2026-09-08T22:20:32.862482+00:00,study3b_fifo_runtime_v1
25773,C_2264,2011,2012,5.01318718307e-05,0,0,0.06,0.0115366009995,2026-09-08T22:20:32.862482+00:00,study3b_fifo_runtime_v1
25800,C_2266,2011,2012,4.7080033255e-05,0,0,0.06,0.0115366009995,2026-09-08T22:20:32.862482+00:00,study3b_fifo_runtime_v1
25826,C_2271,2011,2012,6.33231029497e-05,0,0,0.06,0.0115366009995,2026-09-08T22:20:32.862482+00:00,study3b_fifo_runtime_v1
25858,C_2274,2011,2012,5.98435372012e-06,0,0,0.06,0.0115366009995,2026-09-08T22:20:32.862482+00:00,study3b_fifo_runtime_v1
25878,C_2275,2011,2012,6.311670586e-05,0,0,0.06,0.0115366009995,2026-09-08T22:20:32.862482+00:00,study3b_fifo_runtime_v1
25961,C_2284,2011,2012,1.51089916471e-05,0,0,0.06,0.0115366009995,2026-09-08T22:20:32.862482+00:00,study3b_fifo_runtime_v1
25981,C_2285,2011,2012,0.000299611361697,0,0,0.06,0.0115366009995,2026-09-08T22:20:32.862482+00:00,study3b_fifo_runtime_v1
25994,C_2286,2011,2012,0.0850859805942,1,1,0.06,0.0115366009995,2026-09-08T22:20:32.862482+00:00,study3b_fifo_runtime_v1
26037,C_2292,2011,2012,0.0121424579993,0,1,0.06,0.0115366009995,2026-09-08T22:20:32.862482+00:00,study3b_fifo_runtime_v1
26094,C_2298,2011,2012,0.000275915575912,0,0,0.06,0.0115366009995,2026-09-08T22:20:32.862482+00:00,study3b_fifo_runtime_v1
26123,C_2300,2011,2012,7.01918688719e-05,0,0,0.06,0.0115366009995,2026-09-08T22:20:32.862482+00:00,study3b_fifo_runtime_v1
26152,C_2303,2011,2012,0.00052664562827,0,0,0.06,0.0115366009995,2026-09-08T22:20:32.862482+00:00,study3b_fifo_runtime_v1
26180,C_2307,2011,2012,0.000817252090201,0,0,0.06,0.0115366009995,2026-09-08T22:20:32.862482+00:00,study3b_fifo_runtime_v1
26205,C_2311,2011,2012,8.32312289276e-05,0,0,0.06,0.0115366009995,2026-09-08T22:20:32.862482+00:00,study3b_fifo_runtime_v1
26225,C_2312,2011,2012,0.00024293345632,0,0,0.06,0.0115366009995,2026-09-08T22:20:32.862482+00:00,study3b_fifo_runtime_v1
26258,C_2316,2011,2012,0.000219796129386,0,0,0.06,0.0115366009995,2026-09-08T22:20:32.862482+00:00,study3b_fifo_runtime_v1
26287,C_2318,2011,2012,0.000188462276128,0,0,0.06,0.0115366009995,2026-09-08T22:20:32.862482+00:00,study3b_fifo_runtime_v1
26310,C_2320,2011,2012,0.00216828635894,0,0,0.06,0.0115366009995,2026-09-08T22:20:32.862482+00:00,study3b_fifo_runtime_v1
26328,C_2321,2011,2012,0.0597203560174,0,1,0.06,0.0115366009995,2026-09-08T22:20:32.862482+00:00,study3b_fifo_runtime_v1
26359,C_2323,2011,2012,8.17865075078e-05,0,0,0.06,0.0115366009995,2026-09-08T22:20:32.862482+00:00,study3b_fifo_runtime_v1
26383,C_2325,2011,2012,2.48675351031e-05,0,0,0.06,0.0115366009995,2026-09-08T22:20:32.862482+00:00,study3b_fifo_runtime_v1
26396,C_2326,2011,2012,0.00102120602969,0,0,0.06,0.0115366009995,2026-09-08T22:20:32.862482+00:00,study3b_fifo_runtime_v1
26454,C_2333,2011,2012,0.000348830333678,0,0,0.06,0.0115366009995,2026-09-08T22:20:32.862482+00:00,study3b_fifo_runtime_v1
26466,C_2334,2011,2012,0.0202650297433,0,1,0.06,0.0115366009995,2026-09-08T22:20:32.862482+00:00,study3b_fifo_runtime_v1
26481,C_2335,2011,2012,0.000409032072639,0,0,0.06,0.0115366009995,2026-09-08T22:20:32.862482+00:00,study3b_fifo_runtime_v1
26498,C_2336,2011,2012,0.000243079499342,0,0,0.06,0.0115366009995,2026-09-08T22:20:32.862482+00:00,study3b_fifo_runtime_v1
26545,C_2341,2011,2012,0.00155796576291,0,0,0.06,0.0115366009995,2026-09-08T22:20:32.862482+00:00,study3b_fifo_runtime_v1
26580,C_2349,2011,2012,0.0122338449582,0,1,0.06,0.0115366009995,2026-09-08T22:20:32.862482+00:00,study3b_fifo_runtime_v1
26613,C_2353,2011,2012,5.03416122228e-05,0,0,0.06,0.0115366009995,2026-09-08T22:20:32.862482+00:00,study3b_fifo_runtime_v1
26632,C_2354,2011,2012,0.008116947487,0,0,0.06,0.0115366009995,2026-09-08T22:20:32.862482+00:00,study3b_fifo_runtime_v1
26652,C_2356,2011,2012,1.74122051249e-05,0,0,0.06,0.0115366009995,2026-09-08T22:20:32.862482+00:00,study3b_fifo_runtime_v1
26701,C_2361,2011,2012,0.000337014091201,0,0,0.06,0.0115366009995,2026-09-08T22:20:32.862482+00:00,study3b_fifo_runtime_v1
26715,C_2362,2011,2012,0.00042139730067,0,0,0.06,0.0115366009995,2026-09-08T22:20:32.862482+00:00,study3b_fifo_runtime_v1
26728,C_2363,2011,2012,0.000556025828701,0,0,0.06,0.0115366009995,2026-09-08T22:20:32.862482+00:00,study3b_fifo_runtime_v1
26741,C_2364,2011,2012,0.000563144043554,0,0,0.06,0.0115366009995,2026-09-08T22:20:32.862482+00:00,study3b_fifo_runtime_v1
26761,C_2365,2011,2012,2.96629350487e-05,0,0,0.06,0.0115366009995,2026-09-08T22:20:32.862482+00:00,study3b_fifo_runtime_v1
26780,C_2367,2011,2012,0.00517073972151,0,0,0.06,0.0115366009995,2026-09-08T22:20:32.862482+00:00,study3b_fifo_runtime_v1
26799,C_2368,2011,2012,0.000121808930999,0,0,0.06,0.0115366009995,2026-09-08T22:20:32.862482+00:00,study3b_fifo_runtime_v1
26819,C_2369,2011,2012,0.000236481326283,0,0,0.06,0.0115366009995,2026-09-08T22:20:32.862482+00:00,study3b_fifo_runtime_v1
26853,C_2373,2011,2012,4.13906782342e-05,0,0,0.06,0.0115366009995,2026-09-08T22:20:32.862482+00:00,study3b_fifo_runtime_v1
26884,C_2376,2011,2012,9.02947867871e-05,0,0,0.06,0.0115366009995,2026-09-08T22:20:32.862482+00:00,study3b_fifo_runtime_v1
26906,C_2378,2011,2012,6.26160772299e-06,0,0,0.06,0.0115366009995,2026-09-08T22:20:32.862482+00:00,study3b_fifo_runtime_v1
26937,C_2382,2011,2012,0.000816902436782,0,0,0.06,0.0115366009995,2026-09-08T22:20:32.862482+00:00,study3b_fifo_runtime_v1
26969,C_2387,2011,2012,0.000725165242329,0,0,0.06,0.0115366009995,2026-09-08T22:20:32.862482+00:00,study3b_fifo_runtime_v1
27009,C_2391,2011,2012,0.000102126163256,0,0,0.06,0.0115366009995,2026-09-08T22:20:32.862482+00:00,study3b_fifo_runtime_v1
27022,C_2393,2011,2012,0.000804583716672,0,0,0.06,0.0115366009995,2026-09-08T22:20:32.862482+00:00,study3b_fifo_runtime_v1
27054,C_2396,2011,2012,0.000171289822902,0,0,0.06,0.0115366009995,2026-09-08T22:20:32.862482+00:00,study3b_fifo_runtime_v1
27064,C_2397,2011,2012,0.000254642189248,0,0,0.06,0.0115366009995,2026-09-08T22:20:32.862482+00:00,study3b_fifo_runtime_v1
27080,C_2398,2011,2012,0.00025315824314,0,0,0.06,0.0115366009995,2026-09-08T22:20:32.862482+00:00,study3b_fifo_runtime_v1
27103,C_2401,2011,2012,0.000175035049324,0,0,0.06,0.0115366009995,2026-09-08T22:20:32.862482+00:00,study3b_fifo_runtime_v1
27118,C_2402,2011,2012,3.99495365855e-05,0,0,0.06,0.0115366009995,2026-09-08T22:20:32.862482+00:00,study3b_fifo_runtime_v1
27146,C_2408,2011,2012,0.00125194585416,0,0,0.06,0.0115366009995,2026-09-08T22:20:32.862482+00:00,study3b_fifo_runtime_v1
27161,C_2409,2011,2012,0.00212770630606,0,0,0.06,0.0115366009995,2026-09-08T22:20:32.862482+00:00,study3b_fifo_runtime_v1
27181,C_2410,2011,2012,5.46957307961e-05,0,0,0.06,0.0115366009995,2026-09-08T22:20:32.862482+00:00,study3b_fifo_runtime_v1
27201,C_2411,2011,2012,0.00377247110009,0,0,0.06,0.0115366009995,2026-09-08T22:20:32.862482+00:00,study3b_fifo_runtime_v1
27244,C_2417,2011,2012,0.000707124825567,0,0,0.06,0.0115366009995,2026-09-08T22:20:32.862482+00:00,study3b_fifo_runtime_v1
27278,C_2420,2011,2012,1.88631622677e-06,0,0,0.06,0.0115366009995,2026-09-08T22:20:32.862482+00:00,study3b_fifo_runtime_v1
27328,C_2426,2011,2012,0.000239560555201,0,0,0.06,0.0115366009995,2026-09-08T22:20:32.862482+00:00,study3b_fifo_runtime_v1
27342,C_2429,2011,2012,1.65852707141e-05,0,0,0.06,0.0115366009995,2026-09-08T22:20:32.862482+00:00,study3b_fifo_runtime_v1
27362,C_2430,2011,2012,0.000771376478951,0,0,0.06,0.0115366009995,2026-09-08T22:20:32.862482+00:00,study3b_fifo_runtime_v1
27396,C_2435,2011,2012,0.000312391290208,0,0,0.06,0.0115366009995,2026-09-08T22:20:32.862482+00:00,study3b_fifo_runtime_v1
27412,C_2436,2011,2012,0.00123730453197,0,0,0.06,0.0115366009995,2026-09-08T22:20:32.862482+00:00,study3b_fifo_runtime_v1
27453,C_2443,2011,2012,0.000514930055942,0,0,0.06,0.0115366009995,2026-09-08T22:20:32.862482+00:00,study3b_fifo_runtime_v1
27476,C_2445,2011,2012,0.000204865980777,0,0,0.06,0.0115366009995,2026-09-08T22:20:32.862482+00:00,study3b_fifo_runtime_v1
27504,C_2448,2011,2012,0.000879707455169,0,0,0.06,0.0115366009995,2026-09-08T22:20:32.862482+00:00,study3b_fifo_runtime_v1
27550,C_2455,2011,2012,1.7932490664e-05,0,0,0.06,0.0115366009995,2026-09-08T22:20:32.862482+00:00,study3b_fifo_runtime_v1
27581,C_2458,2011,2012,2.04245061468e-05,0,0,0.06,0.0115366009995,2026-09-08T22:20:32.862482+00:00,study3b_fifo_runtime_v1
27630,C_2465,2011,2012,4.19488060288e-05,0,0,0.06,0.0115366009995,2026-09-08T22:20:32.862482+00:00,study3b_fifo_runtime_v1
27650,C_2467,2011,2012,8.34928578115e-05,0,0,0.06,0.0115366009995,2026-09-08T22:20:32.862482+00:00,study3b_fifo_runtime_v1
27684,C_2471,2011,2012,0.000217641238123,0,0,0.06,0.0115366009995,2026-09-08T22:20:32.862482+00:00,study3b_fifo_runtime_v1
27701,C_2472,2011,2012,0.000814694969449,0,0,0.06,0.0115366009995,2026-09-08T22:20:32.862482+00:00,study3b_fifo_runtime_v1
27734,C_2476,2011,2012,0.000365926302038,0,0,0.06,0.0115366009995,2026-09-08T22:20:32.862482+00:00,study3b_fifo_runtime_v1
27763,C_2480,2011,2012,7.14924026397e-05,0,0,0.06,0.0115366009995,2026-09-08T22:20:32.862482+00:00,study3b_fifo_runtime_v1
27787,C_2483,2011,2012,0.00015046907356,0,0,0.06,0.0115366009995,2026-09-08T22:20:32.862482+00:00,study3b_fifo_runtime_v1
27811,C_2485,2011,2012,3.77559954359e-05,0,0,0.06,0.0115366009995,2026-09-08T22:20:32.862482+00:00,study3b_fifo_runtime_v1
27835,C_2487,2011,2012,0.00763998320326,0,0,0.06,0.0115366009995,2026-09-08T22:20:32.862482+00:00,study3b_fifo_runtime_v1
27925,C_2504,2011,2012,0.000551564793568,0,0,0.06,0.0115366009995,2026-09-08T22:20:32.862482+00:00,study3b_fifo_runtime_v1
27963,C_2508,2011,2012,0.00207311008126,0,0,0.06,0.0115366009995,2026-09-08T22:20:32.862482+00:00,study3b_fifo_runtime_v1
27979,C_2509,2011,2012,0.00145526509732,0,0,0.06,0.0115366009995,2026-09-08T22:20:32.862482+00:00,study3b_fifo_runtime_v1
28014,C_2514,2011,2012,0.000291945383651,0,0,0.06,0.0115366009995,2026-09-08T22:20:32.862482+00:00,study3b_fifo_runtime_v1
28047,C_2519,2011,2012,0.000214656232856,0,0,0.06,0.0115366009995,2026-09-08T22:20:32.862482+00:00,study3b_fifo_runtime_v1
28243,C_2559,2011,2012,6.06346184213e-05,0,0,0.06,0.0115366009995,2026-09-08T22:20:32.862482+00:00,study3b_fifo_runtime_v1
28501,C_2614,2011,2012,2.58178388322e-05,0,0,0.06,0.0115366009995,2026-09-08T22:20:32.862482+00:00,study3b_fifo_runtime_v1
28616,C_2639,2011,2012,9.29609159357e-05,0,0,0.06,0.0115366009995,2026-09-08T22:20:32.862482+00:00,study3b_fifo_runtime_v1
28642,C_2641,2011,2012,1.36509615913e-05,0,0,0.06,0.0115366009995,2026-09-08T22:20:32.862482+00:00,study3b_fifo_runtime_v1
28683,C_2649,2011,2012,0.0216487552971,0,1,0.06,0.0115366009995,2026-09-08T22:20:32.862482+00:00,study3b_fifo_runtime_v1
28734,C_2660,2011,2012,0.0675713047385,1,1,0.06,0.0115366009995,2026-09-08T22:20:32.862482+00:00,study3b_fifo_runtime_v1
28802,C_2671,2011,2012,2.97065562336e-05,0,0,0.06,0.0115366009995,2026-09-08T22:20:32.862482+00:00,study3b_fifo_runtime_v1
28873,C_2686,2011,2012,0.00150322308764,0,0,0.06,0.0115366009995,2026-09-08T22:20:32.862482+00:00,study3b_fifo_runtime_v1
29028,C_2722,2011,2012,0.00043681205716,0,0,0.06,0.0115366009995,2026-09-08T22:20:32.862482+00:00,study3b_fifo_runtime_v1
29115,C_2738,2011,2012,3.89406959584e-05,0,0,0.06,0.0115366009995,2026-09-08T22:20:32.862482+00:00,study3b_fifo_runtime_v1
29146,C_2741,2011,2012,2.03990402952e-05,0,0,0.06,0.0115366009995,2026-09-08T22:20:32.862482+00:00,study3b_fifo_runtime_v1
29203,C_2751,2011,2012,9.31149988901e-05,0,0,0.06,0.0115366009995,2026-09-08T22:20:32.862482+00:00,study3b_fifo_runtime_v1
29223,C_2752,2011,2012,1.78024401976e-05,0,0,0.06,0.0115366009995,2026-09-08T22:20:32.862482+00:00,study3b_fifo_runtime_v1
29259,C_2756,2011,2012,0.00668200850487,0,0,0.06,0.0115366009995,2026-09-08T22:20:32.862482+00:00,study3b_fifo_runtime_v1
29279,C_2757,2011,2012,1.82200783456e-05,0,0,0.06,0.0115366009995,2026-09-08T22:20:32.862482+00:00,study3b_fifo_runtime_v1
29293,C_2759,2011,2012,0.00714913755655,0,0,0.06,0.0115366009995,2026-09-08T22:20:32.862482+00:00,study3b_fifo_runtime_v1
29392,C_2780,2011,2012,0.00353356241249,0,0,0.06,0.0115366009995,2026-09-08T22:20:32.862482+00:00,study3b_fifo_runtime_v1
29463,C_2795,2011,2012,2.57765586866e-05,0,0,0.06,0.0115366009995,2026-09-08T22:20:32.862482+00:00,study3b_fifo_runtime_v1
29535,C_2812,2011,2012,0.000101587880636,0,0,0.06,0.0115366009995,2026-09-08T22:20:32.862482+00:00,study3b_fifo_runtime_v1
29550,C_2817,2011,2012,0.00339863845147,0,0,0.06,0.0115366009995,2026-09-08T22:20:32.862482+00:00,study3b_fifo_runtime_v1
29609,C_2829,2011,2012,0.0298259202391,0,1,0.06,0.0115366009995,2026-09-08T22:20:32.862482+00:00,study3b_fifo_runtime_v1
29716,C_2853,2011,2012,0.000328000140144,0,0,0.06,0.0115366009995,2026-09-08T22:20:32.862482+00:00,study3b_fifo_runtime_v1
29734,C_2854,2011,2012,0.000137292619911,0,0,0.06,0.0115366009995,2026-09-08T22:20:32.862482+00:00,study3b_fifo_runtime_v1
29757,C_2856,2011,2012,1.15210123113e-05,0,0,0.06,0.0115366009995,2026-09-08T22:20:32.862482+00:00,study3b_fifo_runtime_v1
29770,C_2857,2011,2012,0.000204390074941,0,0,0.06,0.0115366009995,2026-09-08T22:20:32.862482+00:00,study3b_fifo_runtime_v1
29794,C_2859,2011,2012,0.00127714022528,0,0,0.06,0.0115366009995,2026-09-08T22:20:32.862482+00:00,study3b_fifo_runtime_v1
29834,C_2865,2011,2012,8.43697416713e-05,0,0,0.06,0.0115366009995,2026-09-08T22:20:32.862482+00:00,study3b_fifo_runtime_v1
29887,C_2872,2011,2012,0.000117559138744,0,0,0.06,0.0115366009995,2026-09-08T22:20:32.862482+00:00,study3b_fifo_runtime_v1
29931,C_2877,2011,2012,0.000142711258377,0,0,0.06,0.0115366009995,2026-09-08T22:20:32.862482+00:00,study3b_fifo_runtime_v1
29972,C_2883,2011,2012,0.000923003593925,0,0,0.06,0.0115366009995,2026-09-08T22:20:32.862482+00:00,study3b_fifo_runtime_v1
29996,C_2885,2011,2012,0.000396505376557,0,0,0.06,0.0115366009995,2026-09-08T22:20:32.862482+00:00,study3b_fifo_runtime_v1
30021,C_2888,2011,2012,0.000237805143115,0,0,0.06,0.0115366009995,2026-09-08T22:20:32.862482+00:00,study3b_fifo_runtime_v1
30047,C_2893,2011,2012,1.99527330551e-05,0,0,0.06,0.0115366009995,2026-09-08T22:20:32.862482+00:00,study3b_fifo_runtime_v1
30114,C_2904,2011,2012,3.51446396962e-05,0,0,0.06,0.0115366009995,2026-09-08T22:20:32.862482+00:00,study3b_fifo_runtime_v1
30141,C_2908,2011,2012,4.18691379309e-05,0,0,0.06,0.0115366009995,2026-09-08T22:20:32.862482+00:00,study3b_fifo_runtime_v1
30201,C_2921,2011,2012,0.00035636825487,0,0,0.06,0.0115366009995,2026-09-08T22:20:32.862482+00:00,study3b_fifo_runtime_v1
30329,C_2949,2011,2012,0.0158920511603,0,1,0.06,0.0115366009995,2026-09-08T22:20:32.862482+00:00,study3b_fifo_runtime_v1
30348,C_2950,2011,2012,0.00056029605912,0,0,0.06,0.0115366009995,2026-09-08T22:20:32.862482+00:00,study3b_fifo_runtime_v1
30383,C_2954,2011,2012,0.28970593214,1,1,0.06,0.0115366009995,2026-09-08T22:20:32.862482+00:00,study3b_fifo_runtime_v1
30446,C_2963,2011,2012,1.5890234863e-05,0,0,0.06,0.0115366009995,2026-09-08T22:20:32.862482+00:00,study3b_fifo_runtime_v1
30491,C_2971,2011,2012,0.00106981291901,0,0,0.06,0.0115366009995,2026-09-08T22:20:32.862482+00:00,study3b_fifo_runtime_v1
30511,C_2972,2011,2012,0.000167370526469,0,0,0.06,0.0115366009995,2026-09-08T22:20:32.862482+00:00,study3b_fifo_runtime_v1
30531,C_2973,2011,2012,5.32045814907e-05,0,0,0.06,0.0115366009995,2026-09-08T22:20:32.862482+00:00,study3b_fifo_runtime_v1
30542,C_2974,2011,2012,0.00333987548947,0,0,0.06,0.0115366009995,2026-09-08T22:20:32.862482+00:00,study3b_fifo_runtime_v1
30601,C_2984,2011,2012,0.000156314214109,0,0,0.06,0.0115366009995,2026-09-08T22:20:32.862482+00:00,study3b_fifo_runtime_v1
30632,C_2989,2011,2012,0.000405512022553,0,0,0.06,0.0115366009995,2026-09-08T22:20:32.862482+00:00,study3b_fifo_runtime_v1
30645,C_2990,2011,2012,1.67582875292e-05,0,0,0.06,0.0115366009995,2026-09-08T22:20:32.862482+00:00,study3b_fifo_runtime_v1
30679,C_2994,2011,2012,5.20419998793e-05,0,0,0.06,0.0115366009995,2026-09-08T22:20:32.862482+00:00,study3b_fifo_runtime_v1
30699,C_2995,2011,2012,0.000134873393108,0,0,0.06,0.0115366009995,2026-09-08T22:20:32.862482+00:00,study3b_fifo_runtime_v1
30726,C_2997,2011,2012,0.00065818335861,0,0,0.06,0.0115366009995,2026-09-08T22:20:32.862482+00:00,study3b_fifo_runtime_v1
30743,C_3000,2011,2012,0.000197652727365,0,0,0.06,0.0115366009995,2026-09-08T22:20:32.862482+00:00,study3b_fifo_runtime_v1
30796,C_3007,2011,2012,0.000181450348464,0,0,0.06,0.0115366009995,2026-09-08T22:20:32.862482+00:00,study3b_fifo_runtime_v1
30832,C_3010,2011,2012,7.06658684066e-05,0,0,0.06,0.0115366009995,2026-09-08T22:20:32.862482+00:00,study3b_fifo_runtime_v1
30875,C_3016,2011,2012,0.00040124123916,0,0,0.06,0.0115366009995,2026-09-08T22:20:32.862482+00:00,study3b_fifo_runtime_v1
30910,C_3019,2011,2012,0.00245214509778,0,0,0.06,0.0115366009995,2026-09-08T22:20:32.862482+00:00,study3b_fifo_runtime_v1
30949,C_3025,2011,2012,0.000315852899803,0,0,0.06,0.0115366009995,2026-09-08T22:20:32.862482+00:00,study3b_fifo_runtime_v1
30982,C_3029,2011,2012,0.0018196842866,0,0,0.06,0.0115366009995,2026-09-08T22:20:32.862482+00:00,study3b_fifo_runtime_v1
30998,C_3030,2011,2012,0.000198350593564,0,0,0.06,0.0115366009995,2026-09-08T22:20:32.862482+00:00,study3b_fifo_runtime_v1
31018,C_3031,2011,2012,0.000969325832557,0,0,0.06,0.0115366009995,2026-09-08T22:20:32.862482+00:00,study3b_fifo_runtime_v1
31063,C_3039,2011,2012,2.21751324716e-05,0,0,0.06,0.0115366009995,2026-09-08T22:20:32.862482+00:00,study3b_fifo_runtime_v1
31152,C_3055,2011,2012,0.0438755303621,0,1,0.06,0.0115366009995,2026-09-08T22:20:32.862482+00:00,study3b_fifo_runtime_v1
31190,C_3061,2011,2012,2.771968866e-05,0,0,0.06,0.0115366009995,2026-09-08T22:20:32.862482+00:00,study3b_fifo_runtime_v1
31259,C_3071,2011,2012,0.000647663197014,0,0,0.06,0.0115366009995,2026-09-08T22:20:32.862482+00:00,study3b_fifo_runtime_v1
31306,C_3078,2011,2012,0.00210054474883,0,0,0.06,0.0115366009995,2026-09-08T22:20:32.862482+00:00,study3b_fifo_runtime_v1
31320,C_3079,2011,2012,2.13707226067e-05,0,0,0.06,0.0115366009995,2026-09-08T22:20:32.862482+00:00,study3b_fifo_runtime_v1
31366,C_3085,2011,2012,0.00152374280151,0,0,0.06,0.0115366009995,2026-09-08T22:20:32.862482+00:00,study3b_fifo_runtime_v1
31400,C_3088,2011,2012,0.000106564220914,0,0,0.06,0.0115366009995,2026-09-08T22:20:32.862482+00:00,study3b_fifo_runtime_v1
31431,C_3093,2011,2012,0.000173485648702,0,0,0.06,0.0115366009995,2026-09-08T22:20:32.862482+00:00,study3b_fifo_runtime_v1
31480,C_3099,2011,2012,0.000397884374252,0,0,0.06,0.0115366009995,2026-09-08T22:20:32.862482+00:00,study3b_fifo_runtime_v1
31501,C_3102,2011,2012,3.58456200047e-05,0,0,0.06,0.0115366009995,2026-09-08T22:20:32.862482+00:00,study3b_fifo_runtime_v1
31506,C_3103,2011,2012,0.00189128750935,0,0,0.06,0.0115366009995,2026-09-08T22:20:32.862482+00:00,study3b_fifo_runtime_v1
31545,C_3108,2011,2012,0.000200307971681,0,0,0.06,0.0115366009995,2026-09-08T22:20:32.862482+00:00,study3b_fifo_runtime_v1
31559,C_3109,2011,2012,0.0180545132607,0,1,0.06,0.0115366009995,2026-09-08T22:20:32.862482+00:00,study3b_fifo_runtime_v1
31577,C_3113,2011,2012,0.00100102100987,0,0,0.06,0.0115366009995,2026-09-08T22:20:32.862482+00:00,study3b_fifo_runtime_v1
31601,C_3116,2011,2012,5.68958821532e-05,0,0,0.06,0.0115366009995,2026-09-08T22:20:32.862482+00:00,study3b_fifo_runtime_v1
31625,C_3119,2011,2012,3.15249089908e-05,0,0,0.06,0.0115366009995,2026-09-08T22:20:32.862482+00:00,study3b_fifo_runtime_v1
31634,C_3120,2011,2012,0.000167175123352,0,0,0.06,0.0115366009995,2026-09-08T22:20:32.862482+00:00,study3b_fifo_runtime_v1
31651,C_3121,2011,2012,0.000219855442992,0,0,0.06,0.0115366009995,2026-09-08T22:20:32.862482+00:00,study3b_fifo_runtime_v1
31735,C_3140,2011,2012,0.000930407724809,0,0,0.06,0.0115366009995,2026-09-08T22:20:32.862482+00:00,study3b_fifo_runtime_v1
31763,C_3144,2011,2012,0.000323552929331,0,0,0.06,0.0115366009995,2026-09-08T22:20:32.862482+00:00,study3b_fifo_runtime_v1
31782,C_3145,2011,2012,0.000288705487037,0,0,0.06,0.0115366009995,2026-09-08T22:20:32.862482+00:00,study3b_fifo_runtime_v1
31791,C_3146,2011,2012,0.000234682534938,0,0,0.06,0.0115366009995,2026-09-08T22:20:32.862482+00:00,study3b_fifo_runtime_v1
31822,C_3148,2011,2012,0.00109315861482,0,0,0.06,0.0115366009995,2026-09-08T22:20:32.862482+00:00,study3b_fifo_runtime_v1
31850,C_3150,2011,2012,1.83153661055e-05,0,0,0.06,0.0115366009995,2026-09-08T22:20:32.862482+00:00,study3b_fifo_runtime_v1
31870,C_3151,2011,2012,0.000147394675878,0,0,0.06,0.0115366009995,2026-09-08T22:20:32.862482+00:00,study3b_fifo_runtime_v1
31893,C_3153,2011,2012,0.000909396621864,0,0,0.06,0.0115366009995,2026-09-08T22:20:32.862482+00:00,study3b_fifo_runtime_v1
31910,C_3156,2011,2012,3.95701354137e-05,0,0,0.06,0.0115366009995,2026-09-08T22:20:32.862482+00:00,study3b_fifo_runtime_v1
31932,C_3160,2011,2012,0.000901762105059,0,0,0.06,0.0115366009995,2026-09-08T22:20:32.862482+00:00,study3b_fifo_runtime_v1
31948,C_3163,2011,2012,0.00240263389423,0,0,0.06,0.0115366009995,2026-09-08T22:20:32.862482+00:00,study3b_fifo_runtime_v1
31973,C_3165,2011,2012,0.000137954877573,0,0,0.06,0.0115366009995,2026-09-08T22:20:32.862482+00:00,study3b_fifo_runtime_v1
32012,C_3169,2011,2012,0.00227151927538,0,0,0.06,0.0115366009995,2026-09-08T22:20:32.862482+00:00,study3b_fifo_runtime_v1
32066,C_3181,2011,2012,2.05518590519e-05,0,0,0.06,0.0115366009995,2026-09-08T22:20:32.862482+00:00,study3b_fifo_runtime_v1
32147,C_3194,2011,2012,5.09719830006e-05,0,0,0.06,0.0115366009995,2026-09-08T22:20:32.862482+00:00,study3b_fifo_runtime_v1
32171,C_3196,2011,2012,2.13254988921e-05,0,0,0.06,0.0115366009995,2026-09-08T22:20:32.862482+00:00,study3b_fifo_runtime_v1
32190,C_3197,2011,2012,0.000105239625555,0,0,0.06,0.0115366009995,2026-09-08T22:20:32.862482+00:00,study3b_fifo_runtime_v1
32210,C_3199,2011,2012,0.0028088784311,0,0,0.06,0.0115366009995,2026-09-08T22:20:32.862482+00:00,study3b_fifo_runtime_v1
32247,C_3205,2011,2012,5.21517904417e-05,0,0,0.06,0.0115366009995,2026-09-08T22:20:32.862482+00:00,study3b_fifo_runtime_v1
32267,C_3206,2011,2012,0.00158705317881,0,0,0.06,0.0115366009995,2026-09-08T22:20:32.862482+00:00,study3b_fifo_runtime_v1
32295,C_3212,2011,2012,0.000217979002628,0,0,0.06,0.0115366009995,2026-09-08T22:20:32.862482+00:00,study3b_fifo_runtime_v1
32342,C_3223,2011,2012,8.18721964606e-05,0,0,0.06,0.0115366009995,2026-09-08T22:20:32.862482+00:00,study3b_fifo_runtime_v1
32379,C_3229,2011,2012,0.00218575308099,0,0,0.06,0.0115366009995,2026-09-08T22:20:32.862482+00:00,study3b_fifo_runtime_v1
32413,C_3235,2011,2012,0.000713177432772,0,0,0.06,0.0115366009995,2026-09-08T22:20:32.862482+00:00,study3b_fifo_runtime_v1
32428,C_3236,2011,2012,0.000127118328237,0,0,0.06,0.0115366009995,2026-09-08T22:20:32.862482+00:00,study3b_fifo_runtime_v1
32449,C_3238,2011,2012,0.00541408406571,0,0,0.06,0.0115366009995,2026-09-08T22:20:32.862482+00:00,study3b_fifo_runtime_v1
32472,C_3241,2011,2012,0.000289466697723,0,0,0.06,0.0115366009995,2026-09-08T22:20:32.862482+00:00,study3b_fifo_runtime_v1
32485,C_3242,2011,2012,0.000501586415339,0,0,0.06,0.0115366009995,2026-09-08T22:20:32.862482+00:00,study3b_fifo_runtime_v1
32496,C_3243,2011,2012,0.000336417142535,0,0,0.06,0.0115366009995,2026-09-08T22:20:32.862482+00:00,study3b_fifo_runtime_v1
32518,C_3245,2011,2012,1.67553844221e-05,0,0,0.06,0.0115366009995,2026-09-08T22:20:32.862482+00:00,study3b_fifo_runtime_v1
32558,C_3249,2011,2012,0.00124784884974,0,0,0.06,0.0115366009995,2026-09-08T22:20:32.862482+00:00,study3b_fifo_runtime_v1
32592,C_3253,2011,2012,2.07179182325e-05,0,0,0.06,0.0115366009995,2026-09-08T22:20:32.862482+00:00,study3b_fifo_runtime_v1
32612,C_3254,2011,2012,5.33203165105e-05,0,0,0.06,0.0115366009995,2026-09-08T22:20:32.862482+00:00,study3b_fifo_runtime_v1
32667,C_3260,2011,2012,0.000285225425614,0,0,0.06,0.0115366009995,2026-09-08T22:20:32.862482+00:00,study3b_fifo_runtime_v1
32686,C_3261,2011,2012,0.000133095411002,0,0,0.06,0.0115366009995,2026-09-08T22:20:32.862482+00:00,study3b_fifo_runtime_v1
32708,C_3263,2011,2012,0.00292321876623,0,0,0.06,0.0115366009995,2026-09-08T22:20:32.862482+00:00,study3b_fifo_runtime_v1
32743,C_3270,2011,2012,9.47074440774e-05,0,0,0.06,0.0115366009995,2026-09-08T22:20:32.862482+00:00,study3b_fifo_runtime_v1
32773,C_3275,2011,2012,8.63706154632e-05,0,0,0.06,0.0115366009995,2026-09-08T22:20:32.862482+00:00,study3b_fifo_runtime_v1
32789,C_3277,2011,2012,0.00278756930493,0,0,0.06,0.0115366009995,2026-09-08T22:20:32.862482+00:00,study3b_fifo_runtime_v1
32811,C_3280,2011,2012,0.00289114844054,0,0,0.06,0.0115366009995,2026-09-08T22:20:32.862482+00:00,study3b_fifo_runtime_v1
32826,C_3281,2011,2012,6.62454403937e-05,0,0,0.06,0.0115366009995,2026-09-08T22:20:32.862482+00:00,study3b_fifo_runtime_v1
32882,C_3290,2011,2012,0.00474004913121,0,0,0.06,0.0115366009995,2026-09-08T22:20:32.862482+00:00,study3b_fifo_runtime_v1
32928,C_3295,2011,2012,6.39579739072e-05,0,0,0.06,0.0115366009995,2026-09-08T22:20:32.862482+00:00,study3b_fifo_runtime_v1
32956,C_3297,2011,2012,5.46788169231e-06,0,0,0.06,0.0115366009995,2026-09-08T22:20:32.862482+00:00,study3b_fifo_runtime_v1
32985,C_3299,2011,2012,5.9151698224e-05,0,0,0.06,0.0115366009995,2026-09-08T22:20:32.862482+00:00,study3b_fifo_runtime_v1
33004,C_3301,2011,2012,4.02072037105e-05,0,0,0.06,0.0115366009995,2026-09-08T22:20:32.862482+00:00,study3b_fifo_runtime_v1
33049,C_3309,2011,2012,0.000144851888763,0,0,0.06,0.0115366009995,2026-09-08T22:20:32.862482+00:00,study3b_fifo_runtime_v1
33069,C_3310,2011,2012,0.000299553823425,0,0,0.06,0.0115366009995,2026-09-08T22:20:32.862482+00:00,study3b_fifo_runtime_v1
33108,C_3316,2011,2012,2.80751191895e-05,0,0,0.06,0.0115366009995,2026-09-08T22:20:32.862482+00:00,study3b_fifo_runtime_v1
33126,C_3317,2011,2012,0.000221791051445,0,0,0.06,0.0115366009995,2026-09-08T22:20:32.862482+00:00,study3b_fifo_runtime_v1
33157,C_3321,2011,2012,0.000470570783364,0,0,0.06,0.0115366009995,2026-09-08T22:20:32.862482+00:00,study3b_fifo_runtime_v1
33177,C_3322,2011,2012,1.26468330564e-05,0,0,0.06,0.0115366009995,2026-09-08T22:20:32.862482+00:00,study3b_fifo_runtime_v1
33260,C_3333,2011,2012,2.09270438063e-05,0,0,0.06,0.0115366009995,2026-09-08T22:20:32.862482+00:00,study3b_fifo_runtime_v1
33295,C_3336,2011,2012,0.000256410770817,0,0,0.06,0.0115366009995,2026-09-08T22:20:32.862482+00:00,study3b_fifo_runtime_v1
33316,C_3338,2011,2012,0.00177584483754,0,0,0.06,0.0115366009995,2026-09-08T22:20:32.862482+00:00,study3b_fifo_runtime_v1
33370,C_3344,2011,2012,9.06669356482e-06,0,0,0.06,0.0115366009995,2026-09-08T22:20:32.862482+00:00,study3b_fifo_runtime_v1
33390,C_3345,2011,2012,0.00131935521495,0,0,0.06,0.0115366009995,2026-09-08T22:20:32.862482+00:00,study3b_fifo_runtime_v1
33425,C_3348,2011,2012,0.000623650150374,0,0,0.06,0.0115366009995,2026-09-08T22:20:32.862482+00:00,study3b_fifo_runtime_v1
33445,C_3349,2011,2012,0.000177900874405,0,0,0.06,0.0115366009995,2026-09-08T22:20:32.862482+00:00,study3b_fifo_runtime_v1
33466,C_3351,2011,2012,0.00172002252657,0,0,0.06,0.0115366009995,2026-09-08T22:20:32.862482+00:00,study3b_fifo_runtime_v1
33486,C_3352,2011,2012,0.000107083113107,0,0,0.06,0.0115366009995,2026-09-08T22:20:32.862482+00:00,study3b_fifo_runtime_v1
33506,C_3355,2011,2012,1.46472075357e-05,0,0,0.06,0.0115366009995,2026-09-08T22:20:32.862482+00:00,study3b_fifo_runtime_v1
33527,C_3357,2011,2012,5.08408520545e-05,0,0,0.06,0.0115366009995,2026-09-08T22:20:32.862482+00:00,study3b_fifo_runtime_v1
33547,C_3358,2011,2012,2.13886651181e-05,0,0,0.06,0.0115366009995,2026-09-08T22:20:32.862482+00:00,study3b_fifo_runtime_v1
33571,C_3360,2011,2012,3.27042180288e-05,0,0,0.06,0.0115366009995,2026-09-08T22:20:32.862482+00:00,study3b_fifo_runtime_v1
33611,C_3365,2011,2012,0.000156381443958,0,0,0.06,0.0115366009995,2026-09-08T22:20:32.862482+00:00,study3b_fifo_runtime_v1
33633,C_3371,2011,2012,0.000461482239189,0,0,0.06,0.0115366009995,2026-09-08T22:20:32.862482+00:00,study3b_fifo_runtime_v1
33660,C_3373,2011,2012,3.52786264557e-05,0,0,0.06,0.0115366009995,2026-09-08T22:20:32.862482+00:00,study3b_fifo_runtime_v1
33710,C_3379,2011,2012,0.00114384468179,0,0,0.06,0.0115366009995,2026-09-08T22:20:32.862482+00:00,study3b_fifo_runtime_v1
33730,C_3380,2011,2012,2.08946348721e-05,0,0,0.06,0.0115366009995,2026-09-08T22:20:32.862482+00:00,study3b_fifo_runtime_v1
33761,C_3382,2011,2012,0.245094940066,1,1,0.06,0.0115366009995,2026-09-08T22:20:32.862482+00:00,study3b_fifo_runtime_v1
33789,C_3386,2011,2012,0.00214970554225,0,0,0.06,0.0115366009995,2026-09-08T22:20:32.862482+00:00,study3b_fifo_runtime_v1
33808,C_3387,2011,2012,4.42588498117e-05,0,0,0.06,0.0115366009995,2026-09-08T22:20:32.862482+00:00,study3b_fifo_runtime_v1
33848,C_3390,2011,2012,0.00518942298368,0,0,0.06,0.0115366009995,2026-09-08T22:20:32.862482+00:00,study3b_fifo_runtime_v1
33871,C_3392,2011,2012,0.00138683617115,0,0,0.06,0.0115366009995,2026-09-08T22:20:32.862482+00:00,study3b_fifo_runtime_v1
33903,C_3395,2011,2012,0.00396257359535,0,0,0.06,0.0115366009995,2026-09-08T22:20:32.862482+00:00,study3b_fifo_runtime_v1
33961,C_3406,2011,2012,8.5555278929e-05,0,0,0.06,0.0115366009995,2026-09-08T22:20:32.862482+00:00,study3b_fifo_runtime_v1
33974,C_3407,2011,2012,9.45896226767e-06,0,0,0.06,0.0115366009995,2026-09-08T22:20:32.862482+00:00,study3b_fifo_runtime_v1
34021,C_3416,2011,2012,1.45079102367e-05,0,0,0.06,0.0115366009995,2026-09-08T22:20:32.862482+00:00,study3b_fifo_runtime_v1
34050,C_3420,2011,2012,1.45779386003e-05,0,0,0.06,0.0115366009995,2026-09-08T22:20:32.862482+00:00,study3b_fifo_runtime_v1
34070,C_3421,2011,2012,4.3235454541e-06,0,0,0.06,0.0115366009995,2026-09-08T22:20:32.862482+00:00,study3b_fifo_runtime_v1
34086,C_3426,2011,2012,0.000283288100036,0,0,0.06,0.0115366009995,2026-09-08T22:20:32.862482+00:00,study3b_fifo_runtime_v1
34106,C_3427,2011,2012,0.000149112805957,0,0,0.06,0.0115366009995,2026-09-08T22:20:32.862482+00:00,study3b_fifo_runtime_v1
34156,C_3431,2011,2012,0.000344364874763,0,0,0.06,0.0115366009995,2026-09-08T22:20:32.862482+00:00,study3b_fifo_runtime_v1
34215,C_3441,2011,2012,1.7921831386e-05,0,0,0.06,0.0115366009995,2026-09-08T22:20:32.862482+00:00,study3b_fifo_runtime_v1
34235,C_3442,2011,2012,4.64547301817e-05,0,0,0.06,0.0115366009995,2026-09-08T22:20:32.862482+00:00,study3b_fifo_runtime_v1
34264,C_3445,2011,2012,0.00112937425729,0,0,0.06,0.0115366009995,2026-09-08T22:20:32.862482+00:00,study3b_fifo_runtime_v1
34281,C_3446,2011,2012,0.000149402752868,0,0,0.06,0.0115366009995,2026-09-08T22:20:32.862482+00:00,study3b_fifo_runtime_v1
34329,C_3454,2011,2012,0.00246897665784,0,0,0.06,0.0115366009995,2026-09-08T22:20:32.862482+00:00,study3b_fifo_runtime_v1
34370,C_3460,2011,2012,0.078779540956,1,1,0.06,0.0115366009995,2026-09-08T22:20:32.862482+00:00,study3b_fifo_runtime_v1
34383,C_3461,2011,2012,2.77537237707e-05,0,0,0.06,0.0115366009995,2026-09-08T22:20:32.862482+00:00,study3b_fifo_runtime_v1
34403,C_3462,2011,2012,4.55807139588e-06,0,0,0.06,0.0115366009995,2026-09-08T22:20:32.862482+00:00,study3b_fifo_runtime_v1
34435,C_3464,2011,2012,0.00103127898183,0,0,0.06,0.0115366009995,2026-09-08T22:20:32.862482+00:00,study3b_fifo_runtime_v1
34449,C_3465,2011,2012,0.000239387809415,0,0,0.06,0.0115366009995,2026-09-08T22:20:32.862482+00:00,study3b_fifo_runtime_v1
34469,C_3466,2011,2012,2.11207861867e-05,0,0,0.06,0.0115366009995,2026-09-08T22:20:32.862482+00:00,study3b_fifo_runtime_v1
34488,C_3467,2011,2012,0.00184192915913,0,0,0.06,0.0115366009995,2026-09-08T22:20:32.862482+00:00,study3b_fifo_runtime_v1
34515,C_3470,2011,2012,0.000112188419735,0,0,0.06,0.0115366009995,2026-09-08T22:20:32.862482+00:00,study3b_fifo_runtime_v1
34553,C_3473,2011,2012,0.00317605840974,0,0,0.06,0.0115366009995,2026-09-08T22:20:32.862482+00:00,study3b_fifo_runtime_v1
34570,C_3474,2011,2012,0.0297491643578,0,1,0.06,0.0115366009995,2026-09-08T22:20:32.862482+00:00,study3b_fifo_runtime_v1
34580,C_3475,2011,2012,3.00968386e-05,0,0,0.06,0.0115366009995,2026-09-08T22:20:32.862482+00:00,study3b_fifo_runtime_v1
34605,C_3478,2011,2012,9.83807240118e-06,0,0,0.06,0.0115366009995,2026-09-08T22:20:32.862482+00:00,study3b_fifo_runtime_v1
34623,C_3479,2011,2012,0.000316461810144,0,0,0.06,0.0115366009995,2026-09-08T22:20:32.862482+00:00,study3b_fifo_runtime_v1
34667,C_3487,2011,2012,0.000202952869586,0,0,0.06,0.0115366009995,2026-09-08T22:20:32.862482+00:00,study3b_fifo_runtime_v1
34690,C_3490,2011,2012,0.000289662013529,0,0,0.06,0.0115366009995,2026-09-08T22:20:32.862482+00:00,study3b_fifo_runtime_v1
34706,C_3491,2011,2012,0.000490117352456,0,0,0.06,0.0115366009995,2026-09-08T22:20:32.862482+00:00,study3b_fifo_runtime_v1
34725,C_3492,2011,2012,0.000129597217892,0,0,0.06,0.0115366009995,2026-09-08T22:20:32.862482+00:00,study3b_fifo_runtime_v1
34745,C_3493,2011,2012,2.51050078077e-05,0,0,0.06,0.0115366009995,2026-09-08T22:20:32.862482+00:00,study3b_fifo_runtime_v1
34762,C_3494,2011,2012,7.52277410356e-05,0,0,0.06,0.0115366009995,2026-09-08T22:20:32.862482+00:00,study3b_fifo_runtime_v1
34791,C_3500,2011,2012,0.000547268020455,0,0,0.06,0.0115366009995,2026-09-08T22:20:32.862482+00:00,study3b_fifo_runtime_v1
34814,C_3502,2011,2012,2.19884459511e-05,0,0,0.06,0.0115366009995,2026-09-08T22:20:32.862482+00:00,study3b_fifo_runtime_v1
34835,C_3504,2011,2012,4.0065828216e-05,0,0,0.06,0.0115366009995,2026-09-08T22:20:32.862482+00:00,study3b_fifo_runtime_v1
34888,C_3510,2011,2012,0.000192096005776,0,0,0.06,0.0115366009995,2026-09-08T22:20:32.862482+00:00,study3b_fifo_runtime_v1
34926,C_3513,2011,2012,0.000194514243049,0,0,0.06,0.0115366009995,2026-09-08T22:20:32.862482+00:00,study3b_fifo_runtime_v1
34961,C_3518,2011,2012,0.000196739449166,0,0,0.06,0.0115366009995,2026-09-08T22:20:32.862482+00:00,study3b_fifo_runtime_v1
34986,C_3522,2011,2012,3.9642513002e-05,0,0,0.06,0.0115366009995,2026-09-08T22:20:32.862482+00:00,study3b_fifo_runtime_v1
35009,C_3525,2011,2012,1.04018945422e-05,0,0,0.06,0.0115366009995,2026-09-08T22:20:32.862482+00:00,study3b_fifo_runtime_v1
35019,C_3527,2011,2012,0.00109073182102,0,0,0.06,0.0115366009995,2026-09-08T22:20:32.862482+00:00,study3b_fifo_runtime_v1
35040,C_3529,2011,2012,0.00189586484339,0,0,0.06,0.0115366009995,2026-09-08T22:20:32.862482+00:00,study3b_fifo_runtime_v1
35067,C_3531,2011,2012,6.57310592942e-05,0,0,0.06,0.0115366009995,2026-09-08T22:20:32.862482+00:00,study3b_fifo_runtime_v1
35085,C_3532,2011,2012,0.000788971025031,0,0,0.06,0.0115366009995,2026-09-08T22:20:32.862482+00:00,study3b_fifo_runtime_v1
35104,C_3533,2011,2012,2.3939384846e-05,0,0,0.06,0.0115366009995,2026-09-08T22:20:32.862482+00:00,study3b_fifo_runtime_v1
35117,C_3534,2011,2012,0.00215644878335,0,0,0.06,0.0115366009995,2026-09-08T22:20:32.862482+00:00,study3b_fifo_runtime_v1
35145,C_3538,2011,2012,0.00106537528336,0,0,0.06,0.0115366009995,2026-09-08T22:20:32.862482+00:00,study3b_fifo_runtime_v1
35180,C_3544,2011,2012,0.0137234954163,0,1,0.06,0.0115366009995,2026-09-08T22:20:32.862482+00:00,study3b_fifo_runtime_v1
35200,C_3545,2011,2012,3.41143568221e-05,0,0,0.06,0.0115366009995,2026-09-08T22:20:32.862482+00:00,study3b_fifo_runtime_v1
35240,C_3550,2011,2012,3.09370116156e-05,0,0,0.06,0.0115366009995,2026-09-08T22:20:32.862482+00:00,study3b_fifo_runtime_v1
35263,C_3552,2011,2012,0.00335444696248,0,0,0.06,0.0115366009995,2026-09-08T22:20:32.862482+00:00,study3b_fifo_runtime_v1
35293,C_3554,2011,2012,0.00161575572565,0,0,0.06,0.0115366009995,2026-09-08T22:20:32.862482+00:00,study3b_fifo_runtime_v1
35340,C_3561,2011,2012,3.14663739118e-05,0,0,0.06,0.0115366009995,2026-09-08T22:20:32.862482+00:00,study3b_fifo_runtime_v1
35382,C_3564,2011,2012,0.00199699262157,0,0,0.06,0.0115366009995,2026-09-08T22:20:32.862482+00:00,study3b_fifo_runtime_v1
35400,C_3565,2011,2012,1.30411790451e-05,0,0,0.06,0.0115366009995,2026-09-08T22:20:32.862482+00:00,study3b_fifo_runtime_v1
35420,C_3566,2011,2012,0.0232083145529,0,1,0.06,0.0115366009995,2026-09-08T22:20:32.862482+00:00,study3b_fifo_runtime_v1
35434,C_3567,2011,2012,0.00502644246444,0,0,0.06,0.0115366009995,2026-09-08T22:20:32.862482+00:00,study3b_fifo_runtime_v1
35452,C_3568,2011,2012,0.000961603422184,0,0,0.06,0.0115366009995,2026-09-08T22:20:32.862482+00:00,study3b_fifo_runtime_v1
35494,C_3574,2011,2012,0.001822621678,0,0,0.06,0.0115366009995,2026-09-08T22:20:32.862482+00:00,study3b_fifo_runtime_v1
35510,C_3577,2011,2012,4.50009392807e-05,0,0,0.06,0.0115366009995,2026-09-08T22:20:32.862482+00:00,study3b_fifo_runtime_v1
35543,C_3580,2011,2012,4.29545907537e-05,0,0,0.06,0.0115366009995,2026-09-08T22:20:32.862482+00:00,study3b_fifo_runtime_v1
35564,C_3582,2011,2012,0.00275008170865,0,0,0.06,0.0115366009995,2026-09-08T22:20:32.862482+00:00,study3b_fifo_runtime_v1
35584,C_3583,2011,2012,4.14889364038e-05,0,0,0.06,0.0115366009995,2026-09-08T22:20:32.862482+00:00,study3b_fifo_runtime_v1
35624,C_3587,2011,2012,0.000526623276528,0,0,0.06,0.0115366009995,2026-09-08T22:20:32.862482+00:00,study3b_fifo_runtime_v1
35644,C_3588,2011,2012,0.130259692669,1,1,0.06,0.0115366009995,2026-09-08T22:20:32.862482+00:00,study3b_fifo_runtime_v1
35660,C_3589,2011,2012,1.67064172274e-05,0,0,0.06,0.0115366009995,2026-09-08T22:20:32.862482+00:00,study3b_fifo_runtime_v1
35693,C_3592,2011,2012,2.94932051474e-05,0,0,0.06,0.0115366009995,2026-09-08T22:20:32.862482+00:00,study3b_fifo_runtime_v1
35713,C_3593,2011,2012,5.1321938372e-05,0,0,0.06,0.0115366009995,2026-09-08T22:20:32.862482+00:00,study3b_fifo_runtime_v1
35733,C_3594,2011,2012,3.48843459506e-05,0,0,0.06,0.0115366009995,2026-09-08T22:20:32.862482+00:00,study3b_fifo_runtime_v1
35761,C_3596,2011,2012,5.02640359628e-05,0,0,0.06,0.0115366009995,2026-09-08T22:20:32.862482+00:00,study3b_fifo_runtime_v1
35807,C_3602,2011,2012,7.31556210667e-05,0,0,0.06,0.0115366009995,2026-09-08T22:20:32.862482+00:00,study3b_fifo_runtime_v1
35826,C_3603,2011,2012,3.43942629115e-05,0,0,0.06,0.0115366009995,2026-09-08T22:20:32.862482+00:00,study3b_fifo_runtime_v1
35870,C_3609,2011,2012,0.000328188500134,0,0,0.06,0.0115366009995,2026-09-08T22:20:32.862482+00:00,study3b_fifo_runtime_v1
35893,C_3611,2011,2012,2.32415477512e-05,0,0,0.06,0.0115366009995,2026-09-08T22:20:32.862482+00:00,study3b_fifo_runtime_v1
35907,C_3612,2011,2012,0.0170046221465,0,1,0.06,0.0115366009995,2026-09-08T22:20:32.862482+00:00,study3b_fifo_runtime_v1
35923,C_3613,2011,2012,2.132345071e-05,0,0,0.06,0.0115366009995,2026-09-08T22:20:32.862482+00:00,study3b_fifo_runtime_v1
35942,C_3614,2011,2012,7.40210525692e-05,0,0,0.06,0.0115366009995,2026-09-08T22:20:32.862482+00:00,study3b_fifo_runtime_v1
35969,C_3618,2011,2012,0.259696215391,1,1,0.06,0.0115366009995,2026-09-08T22:20:32.862482+00:00,study3b_fifo_runtime_v1
35998,C_3621,2011,2012,1.04306418507e-05,0,0,0.06,0.0115366009995,2026-09-08T22:20:32.862482+00:00,study3b_fifo_runtime_v1
36053,C_3629,2011,2012,7.13820418241e-06,0,0,0.06,0.0115366009995,2026-09-08T22:20:32.862482+00:00,study3b_fifo_runtime_v1
36083,C_3632,2011,2012,3.52707320417e-05,0,0,0.06,0.0115366009995,2026-09-08T22:20:32.862482+00:00,study3b_fifo_runtime_v1
36106,C_3634,2011,2012,0.000259236287093,0,0,0.06,0.0115366009995,2026-09-08T22:20:32.862482+00:00,study3b_fifo_runtime_v1
36137,C_3637,2011,2012,2.90219340968e-05,0,0,0.06,0.0115366009995,2026-09-08T22:20:32.862482+00:00,study3b_fifo_runtime_v1
36157,C_3638,2011,2012,0.000128847706947,0,0,0.06,0.0115366009995,2026-09-08T22:20:32.862482+00:00,study3b_fifo_runtime_v1
36168,C_3641,2011,2012,0.00225011399016,0,0,0.06,0.0115366009995,2026-09-08T22:20:32.862482+00:00,study3b_fifo_runtime_v1
36182,C_3642,2011,2012,0.000110686924018,0,0,0.06,0.0115366009995,2026-09-08T22:20:32.862482+00:00,study3b_fifo_runtime_v1
36236,C_3651,2011,2012,4.52378480986e-05,0,0,0.06,0.0115366009995,2026-09-08T22:20:32.862482+00:00,study3b_fifo_runtime_v1
36256,C_3652,2011,2012,0.000407071405789,0,0,0.06,0.0115366009995,2026-09-08T22:20:32.862482+00:00,study3b_fifo_runtime_v1
36275,C_3653,2011,2012,0.00259819766507,0,0,0.06,0.0115366009995,2026-09-08T22:20:32.862482+00:00,study3b_fifo_runtime_v1
36313,C_3659,2011,2012,0.00193391030189,0,0,0.06,0.0115366009995,2026-09-08T22:20:32.862482+00:00,study3b_fifo_runtime_v1
36333,C_3660,2011,2012,0.000697699841112,0,0,0.06,0.0115366009995,2026-09-08T22:20:32.862482+00:00,study3b_fifo_runtime_v1
36353,C_3661,2011,2012,0.00112912885379,0,0,0.06,0.0115366009995,2026-09-08T22:20:32.862482+00:00,study3b_fifo_runtime_v1
36372,C_3662,2011,2012,4.79933114548e-05,0,0,0.06,0.0115366009995,2026-09-08T22:20:32.862482+00:00,study3b_fifo_runtime_v1
36395,C_3664,2011,2012,0.00100984994788,0,0,0.06,0.0115366009995,2026-09-08T22:20:32.862482+00:00,study3b_fifo_runtime_v1
36409,C_3665,2011,2012,2.05341002584e-05,0,0,0.06,0.0115366009995,2026-09-08T22:20:32.862482+00:00,study3b_fifo_runtime_v1
36431,C_3667,2011,2012,2.10318448808e-05,0,0,0.06,0.0115366009995,2026-09-08T22:20:32.862482+00:00,study3b_fifo_runtime_v1
36465,C_3672,2011,2012,4.65540324512e-05,0,0,0.06,0.0115366009995,2026-09-08T22:20:32.862482+00:00,study3b_fifo_runtime_v1
36481,C_3673,2011,2012,0.0016426629154,0,0,0.06,0.0115366009995,2026-09-08T22:20:32.862482+00:00,study3b_fifo_runtime_v1
36527,C_3679,2011,2012,8.38456908241e-05,0,0,0.06,0.0115366009995,2026-09-08T22:20:32.862482+00:00,study3b_fifo_runtime_v1
36547,C_3682,2011,2012,0.0022785961628,0,0,0.06,0.0115366009995,2026-09-08T22:20:32.862482+00:00,study3b_fifo_runtime_v1
36586,C_3689,2011,2012,0.000165463148733,0,0,0.06,0.0115366009995,2026-09-08T22:20:32.862482+00:00,study3b_fifo_runtime_v1
36601,C_3690,2011,2012,0.000115211143566,0,0,0.06,0.0115366009995,2026-09-08T22:20:32.862482+00:00,study3b_fifo_runtime_v1
36615,C_3691,2011,2012,0.00081114663044,0,0,0.06,0.0115366009995,2026-09-08T22:20:32.862482+00:00,study3b_fifo_runtime_v1
36644,C_3693,2011,2012,7.45574880057e-06,0,0,0.06,0.0115366009995,2026-09-08T22:20:32.862482+00:00,study3b_fifo_runtime_v1
36673,C_3695,2011,2012,0.00024836693774,0,0,0.06,0.0115366009995,2026-09-08T22:20:32.862482+00:00,study3b_fifo_runtime_v1
36694,C_3697,2011,2012,1.18562702482e-05,0,0,0.06,0.0115366009995,2026-09-08T22:20:32.862482+00:00,study3b_fifo_runtime_v1
36706,C_3698,2011,2012,0.000174137690919,0,0,0.06,0.0115366009995,2026-09-08T22:20:32.862482+00:00,study3b_fifo_runtime_v1
36728,C_3700,2011,2012,0.0684097260237,1,1,0.06,0.0115366009995,2026-09-08T22:20:32.862482+00:00,study3b_fifo_runtime_v1
36752,C_3704,2011,2012,0.000148837061715,0,0,0.06,0.0115366009995,2026-09-08T22:20:32.862482+00:00,study3b_fifo_runtime_v1
36779,C_3706,2011,2012,0.000187027340871,0,0,0.06,0.0115366009995,2026-09-08T22:20:32.862482+00:00,study3b_fifo_runtime_v1
36791,C_3707,2011,2012,2.32084184972e-05,0,0,0.06,0.0115366009995,2026-09-08T22:20:32.862482+00:00,study3b_fifo_runtime_v1
36804,C_3708,2011,2012,0.000111189605377,0,0,0.06,0.0115366009995,2026-09-08T22:20:32.862482+00:00,study3b_fifo_runtime_v1
36824,C_3709,2011,2012,0.000495551852509,0,0,0.06,0.0115366009995,2026-09-08T22:20:32.862482+00:00,study3b_fifo_runtime_v1
36843,C_3710,2011,2012,0.00110021035653,0,0,0.06,0.0115366009995,2026-09-08T22:20:32.862482+00:00,study3b_fifo_runtime_v1
36863,C_3711,2011,2012,0.0234184172004,0,1,0.06,0.0115366009995,2026-09-08T22:20:32.862482+00:00,study3b_fifo_runtime_v1
36869,C_3712,2011,2012,0.00022169132717,0,0,0.06,0.0115366009995,2026-09-08T22:20:32.862482+00:00,study3b_fifo_runtime_v1
36889,C_3713,2011,2012,0.000384463841328,0,0,0.06,0.0115366009995,2026-09-08T22:20:32.862482+00:00,study3b_fifo_runtime_v1
36914,C_3715,2011,2012,0.00943717453629,0,0,0.06,0.0115366009995,2026-09-08T22:20:32.862482+00:00,study3b_fifo_runtime_v1
36937,C_3718,2011,2012,7.62805648264e-05,0,0,0.06,0.0115366009995,2026-09-08T22:20:32.862482+00:00,study3b_fifo_runtime_v1
36983,C_3722,2011,2012,0.000247885473073,0,0,0.06,0.0115366009995,2026-09-08T22:20:32.862482+00:00,study3b_fifo_runtime_v1
37001,C_3723,2011,2012,2.49409404205e-05,0,0,0.06,0.0115366009995,2026-09-08T22:20:32.862482+00:00,study3b_fifo_runtime_v1
37021,C_3724,2011,2012,2.98083541566e-05,0,0,0.06,0.0115366009995,2026-09-08T22:20:32.862482+00:00,study3b_fifo_runtime_v1
37079,C_3735,2011,2012,0.000271534081548,0,0,0.06,0.0115366009995,2026-09-08T22:20:32.862482+00:00,study3b_fifo_runtime_v1
37094,C_3736,2011,2012,0.00297263101675,0,0,0.06,0.0115366009995,2026-09-08T22:20:32.862482+00:00,study3b_fifo_runtime_v1
37113,C_3737,2011,2012,4.19984244218e-05,0,0,0.06,0.0115366009995,2026-09-08T22:20:32.862482+00:00,study3b_fifo_runtime_v1
37163,C_3742,2011,2012,2.14951960515e-05,0,0,0.06,0.0115366009995,2026-09-08T22:20:32.862482+00:00,study3b_fifo_runtime_v1
37188,C_3747,2011,2012,3.61082784366e-05,0,0,0.06,0.0115366009995,2026-09-08T22:20:32.862482+00:00,study3b_fifo_runtime_v1
37208,C_3748,2011,2012,8.02356735221e-05,0,0,0.06,0.0115366009995,2026-09-08T22:20:32.862482+00:00,study3b_fifo_runtime_v1
37222,C_3749,2011,2012,0.00011238141451,0,0,0.06,0.0115366009995,2026-09-08T22:20:32.862482+00:00,study3b_fifo_runtime_v1
37245,C_3751,2011,2012,0.000236366890022,0,0,0.06,0.0115366009995,2026-09-08T22:20:32.862482+00:00,study3b_fifo_runtime_v1
37271,C_3753,2011,2012,5.10386635142e-05,0,0,0.06,0.0115366009995,2026-09-08T22:20:32.862482+00:00,study3b_fifo_runtime_v1
37291,C_3754,2011,2012,0.000912843446713,0,0,0.06,0.0115366009995,2026-09-08T22:20:32.862482+00:00,study3b_fifo_runtime_v1
37304,C_3755,2011,2012,2.04184270842e-05,0,0,0.06,0.0115366009995,2026-09-08T22:20:32.862482+00:00,study3b_fifo_runtime_v1
37429,C_3790,2011,2012,0.000461881165393,0,0,0.06,0.0115366009995,2026-09-08T22:20:32.862482+00:00,study3b_fifo_runtime_v1
37541,C_3818,2011,2012,0.000365557847545,0,0,0.06,0.0115366009995,2026-09-08T22:20:32.862482+00:00,study3b_fifo_runtime_v1
37578,C_3827,2011,2012,4.97049513797e-05,0,0,0.06,0.0115366009995,2026-09-08T22:20:32.862482+00:00,study3b_fifo_runtime_v1
37697,C_3863,2011,2012,0.000149648549268,0,0,0.06,0.0115366009995,2026-09-08T22:20:32.862482+00:00,study3b_fifo_runtime_v1
37723,C_3866,2011,2012,0.000241021582042,0,0,0.06,0.0115366009995,2026-09-08T22:20:32.862482+00:00,study3b_fifo_runtime_v1
37745,C_3868,2011,2012,0.00115843664389,0,0,0.06,0.0115366009995,2026-09-08T22:20:32.862482+00:00,study3b_fifo_runtime_v1
37766,C_3871,2011,2012,4.43505086878e-05,0,0,0.06,0.0115366009995,2026-09-08T22:20:32.862482+00:00,study3b_fifo_runtime_v1
37789,C_3873,2011,2012,1.32919776661e-05,0,0,0.06,0.0115366009995,2026-09-08T22:20:32.862482+00:00,study3b_fifo_runtime_v1
37821,C_3878,2011,2012,1.43766837937e-05,0,0,0.06,0.0115366009995,2026-09-08T22:20:32.862482+00:00,study3b_fifo_runtime_v1
37853,C_3880,2011,2012,0.000477647030493,0,0,0.06,0.0115366009995,2026-09-08T22:20:32.862482+00:00,study3b_fifo_runtime_v1
37882,C_3882,2011,2012,0.000431341351941,0,0,0.06,0.0115366009995,2026-09-08T22:20:32.862482+00:00,study3b_fifo_runtime_v1
37905,C_3885,2011,2012,3.71076021111e-05,0,0,0.06,0.0115366009995,2026-09-08T22:20:32.862482+00:00,study3b_fifo_runtime_v1
37929,C_3887,2011,2012,0.000318105565384,0,0,0.06,0.0115366009995,2026-09-08T22:20:32.862482+00:00,study3b_fifo_runtime_v1
37983,C_3894,2011,2012,0.000555356789846,0,0,0.06,0.0115366009995,2026-09-08T22:20:32.862482+00:00,study3b_fifo_runtime_v1
38014,C_3899,2011,2012,0.0435717403889,0,1,0.06,0.0115366009995,2026-09-08T22:20:32.862482+00:00,study3b_fifo_runtime_v1
38058,C_3905,2011,2012,0.000209200297832,0,0,0.06,0.0115366009995,2026-09-08T22:20:32.862482+00:00,study3b_fifo_runtime_v1
38081,C_3907,2011,2012,0.000210034253541,0,0,0.06,0.0115366009995,2026-09-08T22:20:32.862482+00:00,study3b_fifo_runtime_v1
38105,C_3909,2011,2012,0.000613037205767,0,0,0.06,0.0115366009995,2026-09-08T22:20:32.862482+00:00,study3b_fifo_runtime_v1
38123,C_3910,2011,2012,0.0581257753074,0,1,0.06,0.0115366009995,2026-09-08T22:20:32.862482+00:00,study3b_fifo_runtime_v1
38139,C_3911,2011,2012,0.000343412481016,0,0,0.06,0.0115366009995,2026-09-08T22:20:32.862482+00:00,study3b_fifo_runtime_v1
38148,C_3912,2011,2012,0.0283472593874,0,1,0.06,0.0115366009995,2026-09-08T22:20:32.862482+00:00,study3b_fifo_runtime_v1
38169,C_3914,2011,2012,0.000168893369846,0,0,0.06,0.0115366009995,2026-09-08T22:20:32.862482+00:00,study3b_fifo_runtime_v1
38189,C_3915,2011,2012,5.08706834808e-05,0,0,0.06,0.0115366009995,2026-09-08T22:20:32.862482+00:00,study3b_fifo_runtime_v1
38217,C_3919,2011,2012,2.67362829618e-05,0,0,0.06,0.0115366009995,2026-09-08T22:20:32.862482+00:00,study3b_fifo_runtime_v1
38233,C_3920,2011,2012,6.6281099862e-05,0,0,0.06,0.0115366009995,2026-09-08T22:20:32.862482+00:00,study3b_fifo_runtime_v1
38241,C_3921,2011,2012,0.00699858739972,0,0,0.06,0.0115366009995,2026-09-08T22:20:32.862482+00:00,study3b_fifo_runtime_v1
38337,C_3940,2011,2012,1.59119663294e-05,0,0,0.06,0.0115366009995,2026-09-08T22:20:32.862482+00:00,study3b_fifo_runtime_v1
38361,C_3944,2011,2012,0.000506256241351,0,0,0.06,0.0115366009995,2026-09-08T22:20:32.862482+00:00,study3b_fifo_runtime_v1
38394,C_3949,2011,2012,0.000292148877634,0,0,0.06,0.0115366009995,2026-09-08T22:20:32.862482+00:00,study3b_fifo_runtime_v1
38414,C_3950,2011,2012,2.81764660031e-05,0,0,0.06,0.0115366009995,2026-09-08T22:20:32.862482+00:00,study3b_fifo_runtime_v1
38455,C_3954,2011,2012,1.39999947351e-05,0,0,0.06,0.0115366009995,2026-09-08T22:20:32.862482+00:00,study3b_fifo_runtime_v1
38478,C_3956,2011,2012,0.000132608038257,0,0,0.06,0.0115366009995,2026-09-08T22:20:32.862482+00:00,study3b_fifo_runtime_v1
38498,C_3957,2011,2012,0.000901131425053,0,0,0.06,0.0115366009995,2026-09-08T22:20:32.862482+00:00,study3b_fifo_runtime_v1
38520,C_3959,2011,2012,0.00074707478052,0,0,0.06,0.0115366009995,2026-09-08T22:20:32.862482+00:00,study3b_fifo_runtime_v1
38533,C_3960,2011,2012,1.88710982911e-05,0,0,0.06,0.0115366009995,2026-09-08T22:20:32.862482+00:00,study3b_fifo_runtime_v1
38589,C_3970,2011,2012,0.000134678906761,0,0,0.06,0.0115366009995,2026-09-08T22:20:32.862482+00:00,study3b_fifo_runtime_v1
38602,C_3972,2011,2012,0.00508458539844,0,0,0.06,0.0115366009995,2026-09-08T22:20:32.862482+00:00,study3b_fifo_runtime_v1
38622,C_3975,2011,2012,0.000246953422902,0,0,0.06,0.0115366009995,2026-09-08T22:20:32.862482+00:00,study3b_fifo_runtime_v1
38642,C_3976,2011,2012,1.20392642202e-05,0,0,0.06,0.0115366009995,2026-09-08T22:20:32.862482+00:00,study3b_fifo_runtime_v1
38660,C_3977,2011,2012,4.53902066511e-05,0,0,0.06,0.0115366009995,2026-09-08T22:20:32.862482+00:00,study3b_fifo_runtime_v1
38725,C_3985,2011,2012,0.00394525751472,0,0,0.06,0.0115366009995,2026-09-08T22:20:32.862482+00:00,study3b_fifo_runtime_v1
38743,C_3987,2011,2012,1.28845676954e-05,0,0,0.06,0.0115366009995,2026-09-08T22:20:32.862482+00:00,study3b_fifo_runtime_v1
38769,C_3990,2011,2012,6.22773150099e-05,0,0,0.06,0.0115366009995,2026-09-08T22:20:32.862482+00:00,study3b_fifo_runtime_v1
38795,C_3993,2011,2012,2.99150106002e-05,0,0,0.06,0.0115366009995,2026-09-08T22:20:32.862482+00:00,study3b_fifo_runtime_v1
38815,C_3994,2011,2012,0.0043287742883,0,0,0.06,0.0115366009995,2026-09-08T22:20:32.862482+00:00,study3b_fifo_runtime_v1
38830,C_3996,2011,2012,0.000280360953184,0,0,0.06,0.0115366009995,2026-09-08T22:20:32.862482+00:00,study3b_fifo_runtime_v1
38857,C_3999,2011,2012,7.63957141316e-05,0,0,0.06,0.0115366009995,2026-09-08T22:20:32.862482+00:00,study3b_fifo_runtime_v1
38877,C_4000,2011,2012,0.000654651725199,0,0,0.06,0.0115366009995,2026-09-08T22:20:32.862482+00:00,study3b_fifo_runtime_v1
38933,C_4008,2011,2012,0.000201996881515,0,0,0.06,0.0115366009995,2026-09-08T22:20:32.862482+00:00,study3b_fifo_runtime_v1
38949,C_4009,2011,2012,0.000968331471086,0,0,0.06,0.0115366009995,2026-09-08T22:20:32.862482+00:00,study3b_fifo_runtime_v1
38972,C_4012,2011,2012,1.41068894663e-05,0,0,0.06,0.0115366009995,2026-09-08T22:20:32.862482+00:00,study3b_fifo_runtime_v1
39036,C_4021,2011,2012,0.000202640250791,0,0,0.06,0.0115366009995,2026-09-08T22:20:32.862482+00:00,study3b_fifo_runtime_v1
39072,C_4027,2011,2012,0.0145792365074,0,1,0.06,0.0115366009995,2026-09-08T22:20:32.862482+00:00,study3b_fifo_runtime_v1
39104,C_4033,2011,2012,0.00014871651365,0,0,0.06,0.0115366009995,2026-09-08T22:20:32.862482+00:00,study3b_fifo_runtime_v1
39178,C_4044,2011,2012,3.34150136041e-05,0,0,0.06,0.0115366009995,2026-09-08T22:20:32.862482+00:00,study3b_fifo_runtime_v1
39197,C_4045,2011,2012,9.59481185419e-05,0,0,0.06,0.0115366009995,2026-09-08T22:20:32.862482+00:00,study3b_fifo_runtime_v1
39221,C_4047,2011,2012,0.00041662415606,0,0,0.06,0.0115366009995,2026-09-08T22:20:32.862482+00:00,study3b_fifo_runtime_v1
39285,C_4056,2011,2012,0.000459817791125,0,0,0.06,0.0115366009995,2026-09-08T22:20:32.862482+00:00,study3b_fifo_runtime_v1
39305,C_4057,2011,2012,0.00146678648889,0,0,0.06,0.0115366009995,2026-09-08T22:20:32.862482+00:00,study3b_fifo_runtime_v1
39324,C_4058,2011,2012,4.42327764176e-05,0,0,0.06,0.0115366009995,2026-09-08T22:20:32.862482+00:00,study3b_fifo_runtime_v1
39354,C_4063,2011,2012,0.000264043890638,0,0,0.06,0.0115366009995,2026-09-08T22:20:32.862482+00:00,study3b_fifo_runtime_v1
39374,C_4065,2011,2012,0.000212147206184,0,0,0.06,0.0115366009995,2026-09-08T22:20:32.862482+00:00,study3b_fifo_runtime_v1
39404,C_4068,2011,2012,6.92886897014e-05,0,0,0.06,0.0115366009995,2026-09-08T22:20:32.862482+00:00,study3b_fifo_runtime_v1
39447,C_4071,2011,2012,0.000175445980858,0,0,0.06,0.0115366009995,2026-09-08T22:20:32.862482+00:00,study3b_fifo_runtime_v1
39469,C_4074,2011,2012,8.66625850904e-05,0,0,0.06,0.0115366009995,2026-09-08T22:20:32.862482+00:00,study3b_fifo_runtime_v1
39507,C_4079,2011,2012,0.00570884905756,0,0,0.06,0.0115366009995,2026-09-08T22:20:32.862482+00:00,study3b_fifo_runtime_v1
39531,C_4081,2011,2012,0.000167179547134,0,0,0.06,0.0115366009995,2026-09-08T22:20:32.862482+00:00,study3b_fifo_runtime_v1
39563,C_4086,2011,2012,2.00392260012e-05,0,0,0.06,0.0115366009995,2026-09-08T22:20:32.862482+00:00,study3b_fifo_runtime_v1
39583,C_4087,2011,2012,3.33479583787e-05,0,0,0.06,0.0115366009995,2026-09-08T22:20:32.862482+00:00,study3b_fifo_runtime_v1
39634,C_4094,2011,2012,0.00388114899397,0,0,0.06,0.0115366009995,2026-09-08T22:20:32.862482+00:00,study3b_fifo_runtime_v1
39661,C_4096,2011,2012,0.000256686646026,0,0,0.06,0.0115366009995,2026-09-08T22:20:32.862482+00:00,study3b_fifo_runtime_v1
39680,C_4097,2011,2012,0.000798511144239,0,0,0.06,0.0115366009995,2026-09-08T22:20:32.862482+00:00,study3b_fifo_runtime_v1
39710,C_4100,2011,2012,0.000253995443927,0,0,0.06,0.0115366009995,2026-09-08T22:20:32.862482+00:00,study3b_fifo_runtime_v1
39730,C_4102,2011,2012,3.9661408664e-06,0,0,0.06,0.0115366009995,2026-09-08T22:20:32.862482+00:00,study3b_fifo_runtime_v1
39790,C_4112,2011,2012,0.00114789872896,0,0,0.06,0.0115366009995,2026-09-08T22:20:32.862482+00:00,study3b_fifo_runtime_v1
39811,C_4114,2011,2012,0.0244026500732,0,1,0.06,0.0115366009995,2026-09-08T22:20:32.862482+00:00,study3b_fifo_runtime_v1
39825,C_4115,2011,2012,8.67991730047e-06,0,0,0.06,0.0115366009995,2026-09-08T22:20:32.862482+00:00,study3b_fifo_runtime_v1
39842,C_4117,2011,2012,3.12281299557e-05,0,0,0.06,0.0115366009995,2026-09-08T22:20:32.862482+00:00,study3b_fifo_runtime_v1
39865,C_4119,2011,2012,0.000111128210847,0,0,0.06,0.0115366009995,2026-09-08T22:20:32.862482+00:00,study3b_fifo_runtime_v1
39897,C_4123,2011,2012,0.000150515712448,0,0,0.06,0.0115366009995,2026-09-08T22:20:32.862482+00:00,study3b_fifo_runtime_v1
39917,C_4124,2011,2012,0.00152184383478,0,0,0.06,0.0115366009995,2026-09-08T22:20:32.862482+00:00,study3b_fifo_runtime_v1
39941,C_4127,2011,2012,0.000569403928239,0,0,0.06,0.0115366009995,2026-09-08T22:20:32.862482+00:00,study3b_fifo_runtime_v1
40017,C_4139,2011,2012,0.00271317898296,0,0,0.06,0.0115366009995,2026-09-08T22:20:32.862482+00:00,study3b_fifo_runtime_v1
40028,C_4140,2011,2012,0.00290700537153,0,0,0.06,0.0115366009995,2026-09-08T22:20:32.862482+00:00,study3b_fifo_runtime_v1
40072,C_4145,2011,2012,1.64415196195e-05,0,0,0.06,0.0115366009995,2026-09-08T22:20:32.862482+00:00,study3b_fifo_runtime_v1
40094,C_4147,2011,2012,0.000312788790325,0,0,0.06,0.0115366009995,2026-09-08T22:20:32.862482+00:00,study3b_fifo_runtime_v1
40112,C_4148,2011,2012,0.0013298438862,0,0,0.06,0.0115366009995,2026-09-08T22:20:32.862482+00:00,study3b_fifo_runtime_v1
40132,C_4149,2011,2012,4.18794697907e-05,0,0,0.06,0.0115366009995,2026-09-08T22:20:32.862482+00:00,study3b_fifo_runtime_v1
40152,C_4150,2011,2012,0.0035359559115,0,0,0.06,0.0115366009995,2026-09-08T22:20:32.862482+00:00,study3b_fifo_runtime_v1
40177,C_4153,2011,2012,0.00145082955714,0,0,0.06,0.0115366009995,2026-09-08T22:20:32.862482+00:00,study3b_fifo_runtime_v1
40192,C_4155,2011,2012,1.66380632436e-05,0,0,0.06,0.0115366009995,2026-09-08T22:20:32.862482+00:00,study3b_fifo_runtime_v1
40212,C_4156,2011,2012,9.56620569923e-05,0,0,0.06,0.0115366009995,2026-09-08T22:20:32.862482+00:00,study3b_fifo_runtime_v1
40234,C_4158,2011,2012,0.000127466046251,0,0,0.06,0.0115366009995,2026-09-08T22:20:32.862482+00:00,study3b_fifo_runtime_v1
40254,C_4159,2011,2012,0.000656790623907,0,0,0.06,0.0115366009995,2026-09-08T22:20:32.862482+00:00,study3b_fifo_runtime_v1
40269,C_4160,2011,2012,0.000305924797431,0,0,0.06,0.0115366009995,2026-09-08T22:20:32.862482+00:00,study3b_fifo_runtime_v1
40289,C_4161,2011,2012,0.000220299276407,0,0,0.06,0.0115366009995,2026-09-08T22:20:32.862482+00:00,study3b_fifo_runtime_v1
40316,C_4164,2011,2012,1.53294149641e-05,0,0,0.06,0.0115366009995,2026-09-08T22:20:32.862482+00:00,study3b_fifo_runtime_v1
40337,C_4166,2011,2012,2.04376792681e-05,0,0,0.06,0.0115366009995,2026-09-08T22:20:32.862482+00:00,study3b_fifo_runtime_v1
40360,C_4169,2011,2012,0.000108498381451,0,0,0.06,0.0115366009995,2026-09-08T22:20:32.862482+00:00,study3b_fifo_runtime_v1
40398,C_4175,2011,2012,0.00111331325024,0,0,0.06,0.0115366009995,2026-09-08T22:20:32.862482+00:00,study3b_fifo_runtime_v1
40411,C_4176,2011,2012,0.000448927021353,0,0,0.06,0.0115366009995,2026-09-08T22:20:32.862482+00:00,study3b_fifo_runtime_v1
40445,C_4180,2011,2012,0.000132147542899,0,0,0.06,0.0115366009995,2026-09-08T22:20:32.862482+00:00,study3b_fifo_runtime_v1
40468,C_4183,2011,2012,0.000150003324961,0,0,0.06,0.0115366009995,2026-09-08T22:20:32.862482+00:00,study3b_fifo_runtime_v1
40483,C_4184,2011,2012,7.62883937568e-05,0,0,0.06,0.0115366009995,2026-09-08T22:20:32.862482+00:00,study3b_fifo_runtime_v1
40498,C_4186,2011,2012,0.00396340107545,0,0,0.06,0.0115366009995,2026-09-08T22:20:32.862482+00:00,study3b_fifo_runtime_v1
40595,C_4197,2011,2012,0.0032417785842,0,0,0.06,0.0115366009995,2026-09-08T22:20:32.862482+00:00,study3b_fifo_runtime_v1
40637,C_4204,2011,2012,0.000118383475638,0,0,0.06,0.0115366009995,2026-09-08T22:20:32.862482+00:00,study3b_fifo_runtime_v1
40657,C_4205,2011,2012,2.57301380771e-05,0,0,0.06,0.0115366009995,2026-09-08T22:20:32.862482+00:00,study3b_fifo_runtime_v1
40677,C_4208,2011,2012,7.18080918887e-05,0,0,0.06,0.0115366009995,2026-09-08T22:20:32.862482+00:00,study3b_fifo_runtime_v1
40716,C_4215,2011,2012,0.000988648505881,0,0,0.06,0.0115366009995,2026-09-08T22:20:32.862482+00:00,study3b_fifo_runtime_v1
40735,C_4217,2011,2012,0.000850449025165,0,0,0.06,0.0115366009995,2026-09-08T22:20:32.862482+00:00,study3b_fifo_runtime_v1
40755,C_4220,2011,2012,4.64442891825e-05,0,0,0.06,0.0115366009995,2026-09-08T22:20:32.862482+00:00,study3b_fifo_runtime_v1
40777,C_4222,2011,2012,0.000346877728589,0,0,0.06,0.0115366009995,2026-09-08T22:20:32.862482+00:00,study3b_fifo_runtime_v1
40829,C_4228,2011,2012,0.000364098610589,0,0,0.06,0.0115366009995,2026-09-08T22:20:32.862482+00:00,study3b_fifo_runtime_v1
40845,C_4229,2011,2012,0.000211965540075,0,0,0.06,0.0115366009995,2026-09-08T22:20:32.862482+00:00,study3b_fifo_runtime_v1
40871,C_4233,2011,2012,0.000378657947294,0,0,0.06,0.0115366009995,2026-09-08T22:20:32.862482+00:00,study3b_fifo_runtime_v1
40892,C_4236,2011,2012,0.0137941138819,0,1,0.06,0.0115366009995,2026-09-08T22:20:32.862482+00:00,study3b_fifo_runtime_v1
40908,C_4237,2011,2012,6.36453705738e-06,0,0,0.06,0.0115366009995,2026-09-08T22:20:32.862482+00:00,study3b_fifo_runtime_v1
40928,C_4238,2011,2012,9.54307834036e-05,0,0,0.06,0.0115366009995,2026-09-08T22:20:32.862482+00:00,study3b_fifo_runtime_v1
40946,C_4239,2011,2012,0.000182891148143,0,0,0.06,0.0115366009995,2026-09-08T22:20:32.862482+00:00,study3b_fifo_runtime_v1
40961,C_4240,2011,2012,0.000517457083333,0,0,0.06,0.0115366009995,2026-09-08T22:20:32.862482+00:00,study3b_fifo_runtime_v1
40983,C_4242,2011,2012,0.0001947828423,0,0,0.06,0.0115366009995,2026-09-08T22:20:32.862482+00:00,study3b_fifo_runtime_v1
41002,C_4244,2011,2012,0.00040100744809,0,0,0.06,0.0115366009995,2026-09-08T22:20:32.862482+00:00,study3b_fifo_runtime_v1
41089,C_4261,2011,2012,2.40864046646e-05,0,0,0.06,0.0115366009995,2026-09-08T22:20:32.862482+00:00,study3b_fifo_runtime_v1
41109,C_4263,2011,2012,0.000489257799927,0,0,0.06,0.0115366009995,2026-09-08T22:20:32.862482+00:00,study3b_fifo_runtime_v1
41151,C_4266,2011,2012,0.000576249265578,0,0,0.06,0.0115366009995,2026-09-08T22:20:32.862482+00:00,study3b_fifo_runtime_v1
41185,C_4269,2011,2012,0.000369103014236,0,0,0.06,0.0115366009995,2026-09-08T22:20:32.862482+00:00,study3b_fifo_runtime_v1
41205,C_4270,2011,2012,6.56181000522e-05,0,0,0.06,0.0115366009995,2026-09-08T22:20:32.862482+00:00,study3b_fifo_runtime_v1
41235,C_4272,2011,2012,0.0117993876338,0,1,0.06,0.0115366009995,2026-09-08T22:20:32.862482+00:00,study3b_fifo_runtime_v1
41249,C_4273,2011,2012,3.3092994272e-05,0,0,0.06,0.0115366009995,2026-09-08T22:20:32.862482+00:00,study3b_fifo_runtime_v1
41280,C_4275,2011,2012,0.00119401700795,0,0,0.06,0.0115366009995,2026-09-08T22:20:32.862482+00:00,study3b_fifo_runtime_v1
41302,C_4277,2011,2012,0.000175048597157,0,0,0.06,0.0115366009995,2026-09-08T22:20:32.862482+00:00,study3b_fifo_runtime_v1
41318,C_4280,2011,2012,0.000315069017233,0,0,0.06,0.0115366009995,2026-09-08T22:20:32.862482+00:00,study3b_fifo_runtime_v1
41357,C_4287,2011,2012,0.000148736231495,0,0,0.06,0.0115366009995,2026-09-08T22:20:32.862482+00:00,study3b_fifo_runtime_v1
41371,C_4289,2011,2012,0.00203370861709,0,0,0.06,0.0115366009995,2026-09-08T22:20:32.862482+00:00,study3b_fifo_runtime_v1
41405,C_4292,2011,2012,2.69952652161e-05,0,0,0.06,0.0115366009995,2026-09-08T22:20:32.862482+00:00,study3b_fifo_runtime_v1
41439,C_4298,2011,2012,0.000524160219356,0,0,0.06,0.0115366009995,2026-09-08T22:20:32.862482+00:00,study3b_fifo_runtime_v1
41456,C_4299,2011,2012,0.000205245334655,0,0,0.06,0.0115366009995,2026-09-08T22:20:32.862482+00:00,study3b_fifo_runtime_v1
41476,C_4300,2011,2012,0.00164005870465,0,0,0.06,0.0115366009995,2026-09-08T22:20:32.862482+00:00,study3b_fifo_runtime_v1
41491,C_4301,2011,2012,1.39859575938e-05,0,0,0.06,0.0115366009995,2026-09-08T22:20:32.862482+00:00,study3b_fifo_runtime_v1
41518,C_4304,2011,2012,2.00301892619e-05,0,0,0.06,0.0115366009995,2026-09-08T22:20:32.862482+00:00,study3b_fifo_runtime_v1
41543,C_4307,2011,2012,0.000967434432823,0,0,0.06,0.0115366009995,2026-09-08T22:20:32.862482+00:00,study3b_fifo_runtime_v1
41562,C_4308,2011,2012,0.00521088531241,0,0,0.06,0.0115366009995,2026-09-08T22:20:32.862482+00:00,study3b_fifo_runtime_v1
41593,C_4310,2011,2012,0.00260422821157,0,0,0.06,0.0115366009995,2026-09-08T22:20:32.862482+00:00,study3b_fifo_runtime_v1
41619,C_4314,2011,2012,0.000564177869819,0,0,0.06,0.0115366009995,2026-09-08T22:20:32.862482+00:00,study3b_fifo_runtime_v1
41630,C_4315,2011,2012,2.99232651741e-05,0,0,0.06,0.0115366009995,2026-09-08T22:20:32.862482+00:00,study3b_fifo_runtime_v1
41651,C_4317,2011,2012,4.16937000409e-05,0,0,0.06,0.0115366009995,2026-09-08T22:20:32.862482+00:00,study3b_fifo_runtime_v1
41671,C_4318,2011,2012,0.00462324451655,0,0,0.06,0.0115366009995,2026-09-08T22:20:32.862482+00:00,study3b_fifo_runtime_v1
41700,C_4320,2011,2012,0.00997340958565,0,0,0.06,0.0115366009995,2026-09-08T22:20:32.862482+00:00,study3b_fifo_runtime_v1
41715,C_4321,2011,2012,0.000155155648827,0,0,0.06,0.0115366009995,2026-09-08T22:20:32.862482+00:00,study3b_fifo_runtime_v1
41763,C_4325,2011,2012,7.3018753028e-05,0,0,0.06,0.0115366009995,2026-09-08T22:20:32.862482+00:00,study3b_fifo_runtime_v1
41777,C_4327,2011,2012,8.78478385857e-05,0,0,0.06,0.0115366009995,2026-09-08T22:20:32.862482+00:00,study3b_fifo_runtime_v1
41796,C_4329,2011,2012,0.00160519860219,0,0,0.06,0.0115366009995,2026-09-08T22:20:32.862482+00:00,study3b_fifo_runtime_v1
41820,C_4331,2011,2012,0.000106773048174,0,0,0.06,0.0115366009995,2026-09-08T22:20:32.862482+00:00,study3b_fifo_runtime_v1
41885,C_4344,2011,2012,0.00131035281811,0,0,0.06,0.0115366009995,2026-09-08T22:20:32.862482+00:00,study3b_fifo_runtime_v1
41905,C_4345,2011,2012,1.95086049644e-05,0,0,0.06,0.0115366009995,2026-09-08T22:20:32.862482+00:00,study3b_fifo_runtime_v1
41932,C_4348,2011,2012,7.44175122236e-06,0,0,0.06,0.0115366009995,2026-09-08T22:20:32.862482+00:00,study3b_fifo_runtime_v1
41953,C_4350,2011,2012,0.00318371108733,0,0,0.06,0.0115366009995,2026-09-08T22:20:32.862482+00:00,study3b_fifo_runtime_v1
41967,C_4351,2011,2012,0.0019551126752,0,0,0.06,0.0115366009995,2026-09-08T22:20:32.862482+00:00,study3b_fifo_runtime_v1
41987,C_4352,2011,2012,0.00107087369543,0,0,0.06,0.0115366009995,2026-09-08T22:20:32.862482+00:00,study3b_fifo_runtime_v1
42040,C_4358,2011,2012,0.000101427205664,0,0,0.06,0.0115366009995,2026-09-08T22:20:32.862482+00:00,study3b_fifo_runtime_v1
42057,C_4359,2011,2012,0.00652501313016,0,0,0.06,0.0115366009995,2026-09-08T22:20:32.862482+00:00,study3b_fifo_runtime_v1
42077,C_4361,2011,2012,1.12661209641e-05,0,0,0.06,0.0115366009995,2026-09-08T22:20:32.862482+00:00,study3b_fifo_runtime_v1
42093,C_4362,2011,2012,0.000263978989096,0,0,0.06,0.0115366009995,2026-09-08T22:20:32.862482+00:00,study3b_fifo_runtime_v1
42139,C_4367,2011,2012,0.00109784526285,0,0,0.06,0.0115366009995,2026-09-08T22:20:32.862482+00:00,study3b_fifo_runtime_v1
42169,C_4372,2011,2012,1.02413914647e-05,0,0,0.06,0.0115366009995,2026-09-08T22:20:32.862482+00:00,study3b_fifo_runtime_v1
42185,C_4373,2011,2012,7.70717815612e-05,0,0,0.06,0.0115366009995,2026-09-08T22:20:32.862482+00:00,study3b_fifo_runtime_v1
42205,C_4374,2011,2012,3.43361716659e-05,0,0,0.06,0.0115366009995,2026-09-08T22:20:32.862482+00:00,study3b_fifo_runtime_v1
42227,C_4377,2011,2012,0.00708731496707,0,0,0.06,0.0115366009995,2026-09-08T22:20:32.862482+00:00,study3b_fifo_runtime_v1
42244,C_4378,2011,2012,0.00128424458671,0,0,0.06,0.0115366009995,2026-09-08T22:20:32.862482+00:00,study3b_fifo_runtime_v1
42273,C_4382,2011,2012,3.28410824295e-05,0,0,0.06,0.0115366009995,2026-09-08T22:20:32.862482+00:00,study3b_fifo_runtime_v1
42314,C_4392,2011,2012,0.000341689126799,0,0,0.06,0.0115366009995,2026-09-08T22:20:32.862482+00:00,study3b_fifo_runtime_v1
42360,C_4399,2011,2012,5.30388460902e-05,0,0,0.06,0.0115366009995,2026-09-08T22:20:32.862482+00:00,study3b_fifo_runtime_v1
42394,C_4403,2011,2012,0.00535492179915,0,0,0.06,0.0115366009995,2026-09-08T22:20:32.862482+00:00,study3b_fifo_runtime_v1
42411,C_4404,2011,2012,1.66659210663e-05,0,0,0.06,0.0115366009995,2026-09-08T22:20:32.862482+00:00,study3b_fifo_runtime_v1
42431,C_4407,2011,2012,0.000594920187723,0,0,0.06,0.0115366009995,2026-09-08T22:20:32.862482+00:00,study3b_fifo_runtime_v1
42452,C_4409,2011,2012,9.00841478142e-05,0,0,0.06,0.0115366009995,2026-09-08T22:20:32.862482+00:00,study3b_fifo_runtime_v1
42470,C_4412,2011,2012,0.000120805554616,0,0,0.06,0.0115366009995,2026-09-08T22:20:32.862482+00:00,study3b_fifo_runtime_v1
42505,C_4416,2011,2012,0.00014337785251,0,0,0.06,0.0115366009995,2026-09-08T22:20:32.862482+00:00,study3b_fifo_runtime_v1
42553,C_4424,2011,2012,0.000202337934752,0,0,0.06,0.0115366009995,2026-09-08T22:20:32.862482+00:00,study3b_fifo_runtime_v1
42573,C_4425,2011,2012,0.0132081061602,0,1,0.06,0.0115366009995,2026-09-08T22:20:32.862482+00:00,study3b_fifo_runtime_v1
42592,C_4426,2011,2012,1.82262247108e-05,0,0,0.06,0.0115366009995,2026-09-08T22:20:32.862482+00:00,study3b_fifo_runtime_v1
42614,C_4431,2011,2012,0.00247893971391,0,0,0.06,0.0115366009995,2026-09-08T22:20:32.862482+00:00,study3b_fifo_runtime_v1
42630,C_4432,2011,2012,1.69882769114e-05,0,0,0.06,0.0115366009995,2026-09-08T22:20:32.862482+00:00,study3b_fifo_runtime_v1
42649,C_4434,2011,2012,0.00158649776131,0,0,0.06,0.0115366009995,2026-09-08T22:20:32.862482+00:00,study3b_fifo_runtime_v1
42669,C_4435,2011,2012,3.92809415644e-05,0,0,0.06,0.0115366009995,2026-09-08T22:20:32.862482+00:00,study3b_fifo_runtime_v1
42689,C_4436,2011,2012,2.42062451434e-05,0,0,0.06,0.0115366009995,2026-09-08T22:20:32.862482+00:00,study3b_fifo_runtime_v1
42708,C_4437,2011,2012,0.000173931839527,0,0,0.06,0.0115366009995,2026-09-08T22:20:32.862482+00:00,study3b_fifo_runtime_v1
42741,C_4442,2011,2012,0.000146432415931,0,0,0.06,0.0115366009995,2026-09-08T22:20:32.862482+00:00,study3b_fifo_runtime_v1
42766,C_4444,2011,2012,0.00148153922055,0,0,0.06,0.0115366009995,2026-09-08T22:20:32.862482+00:00,study3b_fifo_runtime_v1
42783,C_4445,2011,2012,0.000220891452045,0,0,0.06,0.0115366009995,2026-09-08T22:20:32.862482+00:00,study3b_fifo_runtime_v1
42838,C_4452,2011,2012,0.000120378557767,0,0,0.06,0.0115366009995,2026-09-08T22:20:32.862482+00:00,study3b_fifo_runtime_v1
42879,C_4457,2011,2012,0.000640038459096,0,0,0.06,0.0115366009995,2026-09-08T22:20:32.862482+00:00,study3b_fifo_runtime_v1
42932,C_4468,2011,2012,8.97207064554e-05,0,0,0.06,0.0115366009995,2026-09-08T22:20:32.862482+00:00,study3b_fifo_runtime_v1
42952,C_4469,2011,2012,0.00531708495691,0,0,0.06,0.0115366009995,2026-09-08T22:20:32.862482+00:00,study3b_fifo_runtime_v1
42985,C_4473,2011,2012,4.82365467178e-05,0,0,0.06,0.0115366009995,2026-09-08T22:20:32.862482+00:00,study3b_fifo_runtime_v1
43015,C_4478,2011,2012,0.00825496576726,0,0,0.06,0.0115366009995,2026-09-08T22:20:32.862482+00:00,study3b_fifo_runtime_v1
43072,C_4484,2011,2012,0.0045482669957,0,0,0.06,0.0115366009995,2026-09-08T22:20:32.862482+00:00,study3b_fifo_runtime_v1
43140,C_4496,2011,2012,9.45847132243e-05,0,0,0.06,0.0115366009995,2026-09-08T22:20:32.862482+00:00,study3b_fifo_runtime_v1
43159,C_4499,2011,2012,0.000626086432021,0,0,0.06,0.0115366009995,2026-09-08T22:20:32.862482+00:00,study3b_fifo_runtime_v1
43176,C_4501,2011,2012,3.49589790858e-05,0,0,0.06,0.0115366009995,2026-09-08T22:20:32.862482+00:00,study3b_fifo_runtime_v1
43191,C_4503,2011,2012,2.26206047955e-05,0,0,0.06,0.0115366009995,2026-09-08T22:20:32.862482+00:00,study3b_fifo_runtime_v1
43226,C_4507,2011,2012,2.515284541e-05,0,0,0.06,0.0115366009995,2026-09-08T22:20:32.862482+00:00,study3b_fifo_runtime_v1
43243,C_4509,2011,2012,0.012219925411,0,1,0.06,0.0115366009995,2026-09-08T22:20:32.862482+00:00,study3b_fifo_runtime_v1
43272,C_4512,2011,2012,0.00135624327231,0,0,0.06,0.0115366009995,2026-09-08T22:20:32.862482+00:00,study3b_fifo_runtime_v1
43292,C_4513,2011,2012,0.000979273463599,0,0,0.06,0.0115366009995,2026-09-08T22:20:32.862482+00:00,study3b_fifo_runtime_v1
43309,C_4514,2011,2012,0.00025992951123,0,0,0.06,0.0115366009995,2026-09-08T22:20:32.862482+00:00,study3b_fifo_runtime_v1
43335,C_4517,2011,2012,5.99529339524e-05,0,0,0.06,0.0115366009995,2026-09-08T22:20:32.862482+00:00,study3b_fifo_runtime_v1
43354,C_4519,2011,2012,3.85122002626e-05,0,0,0.06,0.0115366009995,2026-09-08T22:20:32.862482+00:00,study3b_fifo_runtime_v1
43379,C_4521,2011,2012,9.29718007683e-05,0,0,0.06,0.0115366009995,2026-09-08T22:20:32.862482+00:00,study3b_fifo_runtime_v1
43393,C_4522,2011,2012,0.00013456880697,0,0,0.06,0.0115366009995,2026-09-08T22:20:32.862482+00:00,study3b_fifo_runtime_v1
43412,C_4523,2011,2012,0.00264303642325,0,0,0.06,0.0115366009995,2026-09-08T22:20:32.862482+00:00,study3b_fifo_runtime_v1
43429,C_4524,2011,2012,0.000369763729395,0,0,0.06,0.0115366009995,2026-09-08T22:20:32.862482+00:00,study3b_fifo_runtime_v1
43449,C_4527,2011,2012,0.00306147057563,0,0,0.06,0.0115366009995,2026-09-08T22:20:32.862482+00:00,study3b_fifo_runtime_v1
43495,C_4534,2011,2012,2.93204629997e-05,0,0,0.06,0.0115366009995,2026-09-08T22:20:32.862482+00:00,study3b_fifo_runtime_v1
43509,C_4536,2011,2012,0.000121672957903,0,0,0.06,0.0115366009995,2026-09-08T22:20:32.862482+00:00,study3b_fifo_runtime_v1
43538,C_4539,2011,2012,0.000163070508279,0,0,0.06,0.0115366009995,2026-09-08T22:20:32.862482+00:00,study3b_fifo_runtime_v1
43556,C_4540,2011,2012,0.00106272508856,0,0,0.06,0.0115366009995,2026-09-08T22:20:32.862482+00:00,study3b_fifo_runtime_v1
43577,C_4543,2011,2012,2.7349766242e-05,0,0,0.06,0.0115366009995,2026-09-08T22:20:32.862482+00:00,study3b_fifo_runtime_v1
43616,C_4549,2011,2012,0.000334964483045,0,0,0.06,0.0115366009995,2026-09-08T22:20:32.862482+00:00,study3b_fifo_runtime_v1
43660,C_4553,2011,2012,4.6052144171e-05,0,0,0.06,0.0115366009995,2026-09-08T22:20:32.862482+00:00,study3b_fifo_runtime_v1
43681,C_4557,2011,2012,0.00270367111079,0,0,0.06,0.0115366009995,2026-09-08T22:20:32.862482+00:00,study3b_fifo_runtime_v1
43698,C_4558,2011,2012,0.00135577574838,0,0,0.06,0.0115366009995,2026-09-08T22:20:32.862482+00:00,study3b_fifo_runtime_v1
43724,C_4564,2011,2012,0.0126457028091,0,1,0.06,0.0115366009995,2026-09-08T22:20:32.862482+00:00,study3b_fifo_runtime_v1
43752,C_4567,2011,2012,0.000407693587476,0,0,0.06,0.0115366009995,2026-09-08T22:20:32.862482+00:00,study3b_fifo_runtime_v1
43775,C_4569,2011,2012,3.89599154005e-05,0,0,0.06,0.0115366009995,2026-09-08T22:20:32.862482+00:00,study3b_fifo_runtime_v1
43795,C_4570,2011,2012,0.00134093966335,0,0,0.06,0.0115366009995,2026-09-08T22:20:32.862482+00:00,study3b_fifo_runtime_v1
43823,C_4573,2011,2012,5.23872404301e-05,0,0,0.06,0.0115366009995,2026-09-08T22:20:32.862482+00:00,study3b_fifo_runtime_v1
43859,C_4578,2011,2012,0.00066312024137,0,0,0.06,0.0115366009995,2026-09-08T22:20:32.862482+00:00,study3b_fifo_runtime_v1
43884,C_4580,2011,2012,6.42102459096e-05,0,0,0.06,0.0115366009995,2026-09-08T22:20:32.862482+00:00,study3b_fifo_runtime_v1
43905,C_4584,2011,2012,0.000268869043794,0,0,0.06,0.0115366009995,2026-09-08T22:20:32.862482+00:00,study3b_fifo_runtime_v1
43922,C_4585,2011,2012,0.000539098924492,0,0,0.06,0.0115366009995,2026-09-08T22:20:32.862482+00:00,study3b_fifo_runtime_v1
43964,C_4590,2011,2012,1.80342376552e-05,0,0,0.06,0.0115366009995,2026-09-08T22:20:32.862482+00:00,study3b_fifo_runtime_v1
43984,C_4591,2011,2012,0.000394202681491,0,0,0.06,0.0115366009995,2026-09-08T22:20:32.862482+00:00,study3b_fifo_runtime_v1
44036,C_4600,2011,2012,5.94937773712e-05,0,0,0.06,0.0115366009995,2026-09-08T22:20:32.862482+00:00,study3b_fifo_runtime_v1
44056,C_4601,2011,2012,0.000457789137727,0,0,0.06,0.0115366009995,2026-09-08T22:20:32.862482+00:00,study3b_fifo_runtime_v1
44075,C_4603,2011,2012,0.00518634077162,0,0,0.06,0.0115366009995,2026-09-08T22:20:32.862482+00:00,study3b_fifo_runtime_v1
44082,C_4604,2011,2012,0.000438663060777,0,0,0.06,0.0115366009995,2026-09-08T22:20:32.862482+00:00,study3b_fifo_runtime_v1
44095,C_4605,2011,2012,0.000817192078102,0,0,0.06,0.0115366009995,2026-09-08T22:20:32.862482+00:00,study3b_fifo_runtime_v1
44132,C_4610,2011,2012,0.00256969057955,0,0,0.06,0.0115366009995,2026-09-08T22:20:32.862482+00:00,study3b_fifo_runtime_v1
44165,C_4614,2011,2012,0.000129193867906,0,0,0.06,0.0115366009995,2026-09-08T22:20:32.862482+00:00,study3b_fifo_runtime_v1
44185,C_4615,2011,2012,4.23452984251e-05,0,0,0.06,0.0115366009995,2026-09-08T22:20:32.862482+00:00,study3b_fifo_runtime_v1
44218,C_4618,2011,2012,2.53161906585e-05,0,0,0.06,0.0115366009995,2026-09-08T22:20:32.862482+00:00,study3b_fifo_runtime_v1
44235,C_4619,2011,2012,6.68077200316e-06,0,0,0.06,0.0115366009995,2026-09-08T22:20:32.862482+00:00,study3b_fifo_runtime_v1
44261,C_4625,2011,2012,0.00012705566769,0,0,0.06,0.0115366009995,2026-09-08T22:20:32.862482+00:00,study3b_fifo_runtime_v1
44326,C_4660,2011,2012,0.000366933440091,0,0,0.06,0.0115366009995,2026-09-08T22:20:32.862482+00:00,study3b_fifo_runtime_v1
44346,C_4661,2011,2012,0.00284316297621,0,0,0.06,0.0115366009995,2026-09-08T22:20:32.862482+00:00,study3b_fifo_runtime_v1
44390,C_4666,2011,2012,0.0020549884066,0,0,0.06,0.0115366009995,2026-09-08T22:20:32.862482+00:00,study3b_fifo_runtime_v1
44443,C_4674,2011,2012,0.000619916419964,0,0,0.06,0.0115366009995,2026-09-08T22:20:32.862482+00:00,study3b_fifo_runtime_v1
44473,C_4676,2011,2012,2.52154441114e-05,0,0,0.06,0.0115366009995,2026-09-08T22:20:32.862482+00:00,study3b_fifo_runtime_v1
44496,C_4679,2011,2012,0.000200230555492,0,0,0.06,0.0115366009995,2026-09-08T22:20:32.862482+00:00,study3b_fifo_runtime_v1
44518,C_4681,2011,2012,0.000117946852697,0,0,0.06,0.0115366009995,2026-09-08T22:20:32.862482+00:00,study3b_fifo_runtime_v1
44541,C_4683,2011,2012,0.00306061818264,0,0,0.06,0.0115366009995,2026-09-08T22:20:32.862482+00:00,study3b_fifo_runtime_v1
44600,C_4689,2011,2012,3.29877912009e-05,0,0,0.06,0.0115366009995,2026-09-08T22:20:32.862482+00:00,study3b_fifo_runtime_v1
44626,C_4693,2011,2012,4.36349109805e-05,0,0,0.06,0.0115366009995,2026-09-08T22:20:32.862482+00:00,study3b_fifo_runtime_v1
44656,C_4698,2011,2012,6.67221102049e-05,0,0,0.06,0.0115366009995,2026-09-08T22:20:32.862482+00:00,study3b_fifo_runtime_v1
44676,C_4699,2011,2012,0.000265481037786,0,0,0.06,0.0115366009995,2026-09-08T22:20:32.862482+00:00,study3b_fifo_runtime_v1
44693,C_4701,2011,2012,4.18264862674e-05,0,0,0.06,0.0115366009995,2026-09-08T22:20:32.862482+00:00,study3b_fifo_runtime_v1
44707,C_4702,2011,2012,0.00321678817272,0,0,0.06,0.0115366009995,2026-09-08T22:20:32.862482+00:00,study3b_fifo_runtime_v1
44727,C_4705,2011,2012,4.00110002374e-05,0,0,0.06,0.0115366009995,2026-09-08T22:20:32.862482+00:00,study3b_fifo_runtime_v1
44750,C_4709,2011,2012,0.000298021826893,0,0,0.06,0.0115366009995,2026-09-08T22:20:32.862482+00:00,study3b_fifo_runtime_v1
44782,C_4712,2011,2012,1.08385293061e-05,0,0,0.06,0.0115366009995,2026-09-08T22:20:32.862482+00:00,study3b_fifo_runtime_v1
44794,C_4713,2011,2012,0.011105642654,0,0,0.06,0.0115366009995,2026-09-08T22:20:32.862482+00:00,study3b_fifo_runtime_v1
44814,C_4714,2011,2012,0.000636200944427,0,0,0.06,0.0115366009995,2026-09-08T22:20:32.862482+00:00,study3b_fifo_runtime_v1
44834,C_4715,2011,2012,9.23694533412e-05,0,0,0.06,0.0115366009995,2026-09-08T22:20:32.862482+00:00,study3b_fifo_runtime_v1
44886,C_4724,2011,2012,0.000155627552886,0,0,0.06,0.0115366009995,2026-09-08T22:20:32.862482+00:00,study3b_fifo_runtime_v1
44905,C_4726,2011,2012,0.00775357568637,0,0,0.06,0.0115366009995,2026-09-08T22:20:32.862482+00:00,study3b_fifo_runtime_v1
44959,C_4731,2011,2012,0.00014200170699,0,0,0.06,0.0115366009995,2026-09-08T22:20:32.862482+00:00,study3b_fifo_runtime_v1
44973,C_4732,2011,2012,2.36542782659e-05,0,0,0.06,0.0115366009995,2026-09-08T22:20:32.862482+00:00,study3b_fifo_runtime_v1
45018,C_4738,2011,2012,4.94538689964e-05,0,0,0.06,0.0115366009995,2026-09-08T22:20:32.862482+00:00,study3b_fifo_runtime_v1
45038,C_4739,2011,2012,6.02080899625e-06,0,0,0.06,0.0115366009995,2026-09-08T22:20:32.862482+00:00,study3b_fifo_runtime_v1
45058,C_4740,2011,2012,8.33800077089e-05,0,0,0.06,0.0115366009995,2026-09-08T22:20:32.862482+00:00,study3b_fifo_runtime_v1
45101,C_4745,2011,2012,0.0156545173377,0,1,0.06,0.0115366009995,2026-09-08T22:20:32.862482+00:00,study3b_fifo_runtime_v1
45135,C_4753,2011,2012,4.27369341196e-05,0,0,0.06,0.0115366009995,2026-09-08T22:20:32.862482+00:00,study3b_fifo_runtime_v1
45152,C_4756,2011,2012,0.00182974233758,0,0,0.06,0.0115366009995,2026-09-08T22:20:32.862482+00:00,study3b_fifo_runtime_v1
45188,C_4760,2011,2012,0.00205769296736,0,0,0.06,0.0115366009995,2026-09-08T22:20:32.862482+00:00,study3b_fifo_runtime_v1
45208,C_4761,2011,2012,5.41291374248e-05,0,0,0.06,0.0115366009995,2026-09-08T22:20:32.862482+00:00,study3b_fifo_runtime_v1
45236,C_4764,2011,2012,0.00376715883613,0,0,0.06,0.0115366009995,2026-09-08T22:20:32.862482+00:00,study3b_fifo_runtime_v1
45267,C_4767,2011,2012,7.60754846851e-05,0,0,0.06,0.0115366009995,2026-09-08T22:20:32.862482+00:00,study3b_fifo_runtime_v1
45327,C_4775,2011,2012,0.000608885486145,0,0,0.06,0.0115366009995,2026-09-08T22:20:32.862482+00:00,study3b_fifo_runtime_v1
45363,C_4779,2011,2012,3.19924329233e-05,0,0,0.06,0.0115366009995,2026-09-08T22:20:32.862482+00:00,study3b_fifo_runtime_v1
45376,C_4780,2011,2012,1.95150350919e-05,0,0,0.06,0.0115366009995,2026-09-08T22:20:32.862482+00:00,study3b_fifo_runtime_v1
45396,C_4781,2011,2012,0.00048099635751,0,0,0.06,0.0115366009995,2026-09-08T22:20:32.862482+00:00,study3b_fifo_runtime_v1
45460,C_4788,2011,2012,2.86116992356e-05,0,0,0.06,0.0115366009995,2026-09-08T22:20:32.862482+00:00,study3b_fifo_runtime_v1
45484,C_4791,2011,2012,0.000122750978335,0,0,0.06,0.0115366009995,2026-09-08T22:20:32.862482+00:00,study3b_fifo_runtime_v1
45504,C_4792,2011,2012,6.0213937104e-05,0,0,0.06,0.0115366009995,2026-09-08T22:20:32.862482+00:00,study3b_fifo_runtime_v1
45550,C_4798,2011,2012,0.000806783966254,0,0,0.06,0.0115366009995,2026-09-08T22:20:32.862482+00:00,study3b_fifo_runtime_v1
45578,C_4803,2011,2012,4.56814632344e-05,0,0,0.06,0.0115366009995,2026-09-08T22:20:32.862482+00:00,study3b_fifo_runtime_v1
45610,C_4808,2011,2012,0.000119847944006,0,0,0.06,0.0115366009995,2026-09-08T22:20:32.862482+00:00,study3b_fifo_runtime_v1
45642,C_4811,2011,2012,3.06345973513e-05,0,0,0.06,0.0115366009995,2026-09-08T22:20:32.862482+00:00,study3b_fifo_runtime_v1
45662,C_4812,2011,2012,1.9963399609e-05,0,0,0.06,0.0115366009995,2026-09-08T22:20:32.862482+00:00,study3b_fifo_runtime_v1
45682,C_4813,2011,2012,0.00124386698008,0,0,0.06,0.0115366009995,2026-09-08T22:20:32.862482+00:00,study3b_fifo_runtime_v1
45711,C_4817,2011,2012,0.00111155479681,0,0,0.06,0.0115366009995,2026-09-08T22:20:32.862482+00:00,study3b_fifo_runtime_v1
45728,C_4818,2011,2012,0.00074424315244,0,0,0.06,0.0115366009995,2026-09-08T22:20:32.862482+00:00,study3b_fifo_runtime_v1
45788,C_4826,2011,2012,0.000230502380873,0,0,0.06,0.0115366009995,2026-09-08T22:20:32.862482+00:00,study3b_fifo_runtime_v1
45811,C_4829,2011,2012,0.000625575135928,0,0,0.06,0.0115366009995,2026-09-08T22:20:32.862482+00:00,study3b_fifo_runtime_v1
45839,C_4832,2011,2012,0.000212445636862,0,0,0.06,0.0115366009995,2026-09-08T22:20:32.862482+00:00,study3b_fifo_runtime_v1
45865,C_4834,2011,2012,4.92905637657e-05,0,0,0.06,0.0115366009995,2026-09-08T22:20:32.862482+00:00,study3b_fifo_runtime_v1
45901,C_4839,2011,2012,5.43499982086e-06,0,0,0.06,0.0115366009995,2026-09-08T22:20:32.862482+00:00,study3b_fifo_runtime_v1
45928,C_4841,2011,2012,0.00786719191819,0,0,0.06,0.0115366009995,2026-09-08T22:20:32.862482+00:00,study3b_fifo_runtime_v1
45946,C_4842,2011,2012,0.000176413683221,0,0,0.06,0.0115366009995,2026-09-08T22:20:32.862482+00:00,study3b_fifo_runtime_v1
45971,C_4844,2011,2012,0.000775537278969,0,0,0.06,0.0115366009995,2026-09-08T22:20:32.862482+00:00,study3b_fifo_runtime_v1
45986,C_4845,2011,2012,0.000148465755046,0,0,0.06,0.0115366009995,2026-09-08T22:20:32.862482+00:00,study3b_fifo_runtime_v1
46006,C_4846,2011,2012,0.000118424533866,0,0,0.06,0.0115366009995,2026-09-08T22:20:32.862482+00:00,study3b_fifo_runtime_v1
46034,C_4848,2011,2012,0.000149600135046,0,0,0.06,0.0115366009995,2026-09-08T22:20:32.862482+00:00,study3b_fifo_runtime_v1
46049,C_4849,2011,2012,3.2021705465e-06,0,0,0.06,0.0115366009995,2026-09-08T22:20:32.862482+00:00,study3b_fifo_runtime_v1
46082,C_4853,2011,2012,7.11351749487e-05,0,0,0.06,0.0115366009995,2026-09-08T22:20:32.862482+00:00,study3b_fifo_runtime_v1
46123,C_4859,2011,2012,0.000358980876626,0,0,0.06,0.0115366009995,2026-09-08T22:20:32.862482+00:00,study3b_fifo_runtime_v1
46148,C_4862,2011,2012,6.43359817332e-05,0,0,0.06,0.0115366009995,2026-09-08T22:20:32.862482+00:00,study3b_fifo_runtime_v1
46165,C_4863,2011,2012,0.000194170555915,0,0,0.06,0.0115366009995,2026-09-08T22:20:32.862482+00:00,study3b_fifo_runtime_v1
46180,C_4864,2011,2012,4.19730531576e-05,0,0,0.06,0.0115366009995,2026-09-08T22:20:32.862482+00:00,study3b_fifo_runtime_v1
46208,C_4866,2011,2012,3.58543875336e-05,0,0,0.06,0.0115366009995,2026-09-08T22:20:32.862482+00:00,study3b_fifo_runtime_v1
46224,C_4867,2011,2012,3.64521474694e-05,0,0,0.06,0.0115366009995,2026-09-08T22:20:32.862482+00:00,study3b_fifo_runtime_v1
46245,C_4869,2011,2012,5.15354486197e-06,0,0,0.06,0.0115366009995,2026-09-08T22:20:32.862482+00:00,study3b_fifo_runtime_v1
46298,C_4876,2011,2012,0.00152118538972,0,0,0.06,0.0115366009995,2026-09-08T22:20:32.862482+00:00,study3b_fifo_runtime_v1
46319,C_4878,2011,2012,0.0046243914403,0,0,0.06,0.0115366009995,2026-09-08T22:20:32.862482+00:00,study3b_fifo_runtime_v1
46350,C_4880,2011,2012,0.0011418981012,0,0,0.06,0.0115366009995,2026-09-08T22:20:32.862482+00:00,study3b_fifo_runtime_v1
46408,C_4887,2011,2012,0.00225676060654,0,0,0.06,0.0115366009995,2026-09-08T22:20:32.862482+00:00,study3b_fifo_runtime_v1
46428,C_4889,2011,2012,3.35818585881e-05,0,0,0.06,0.0115366009995,2026-09-08T22:20:32.862482+00:00,study3b_fifo_runtime_v1
46456,C_4893,2011,2012,3.17508129228e-05,0,0,0.06,0.0115366009995,2026-09-08T22:20:32.862482+00:00,study3b_fifo_runtime_v1
46522,C_4899,2011,2012,0.000215963300434,0,0,0.06,0.0115366009995,2026-09-08T22:20:32.862482+00:00,study3b_fifo_runtime_v1
46544,C_4901,2011,2012,6.55076064504e-06,0,0,0.06,0.0115366009995,2026-09-08T22:20:32.862482+00:00,study3b_fifo_runtime_v1
46565,C_4903,2011,2012,0.000911681971047,0,0,0.06,0.0115366009995,2026-09-08T22:20:32.862482+00:00,study3b_fifo_runtime_v1
46588,C_4905,2011,2012,0.000106799299829,0,0,0.06,0.0115366009995,2026-09-08T22:20:32.862482+00:00,study3b_fifo_runtime_v1
46621,C_4909,2011,2012,0.00134128332138,0,0,0.06,0.0115366009995,2026-09-08T22:20:32.862482+00:00,study3b_fifo_runtime_v1
46633,C_4910,2011,2012,0.00231101224199,0,0,0.06,0.0115366009995,2026-09-08T22:20:32.862482+00:00,study3b_fifo_runtime_v1
46653,C_4911,2011,2012,0.000919411715586,0,0,0.06,0.0115366009995,2026-09-08T22:20:32.862482+00:00,study3b_fifo_runtime_v1
46674,C_4914,2011,2012,7.05904267306e-06,0,0,0.06,0.0115366009995,2026-09-08T22:20:32.862482+00:00,study3b_fifo_runtime_v1
46718,C_4919,2011,2012,0.00131803285331,0,0,0.06,0.0115366009995,2026-09-08T22:20:32.862482+00:00,study3b_fifo_runtime_v1
46738,C_4920,2011,2012,0.00429709628224,0,0,0.06,0.0115366009995,2026-09-08T22:20:32.862482+00:00,study3b_fifo_runtime_v1
46750,C_4921,2011,2012,0.00111961655784,0,0,0.06,0.0115366009995,2026-09-08T22:20:32.862482+00:00,study3b_fifo_runtime_v1
46765,C_4922,2011,2012,0.000231882571825,0,0,0.06,0.0115366009995,2026-09-08T22:20:32.862482+00:00,study3b_fifo_runtime_v1
46782,C_4925,2011,2012,0.000522113696206,0,0,0.06,0.0115366009995,2026-09-08T22:20:32.862482+00:00,study3b_fifo_runtime_v1
46818,C_4928,2011,2012,0.000914492120501,0,0,0.06,0.0115366009995,2026-09-08T22:20:32.862482+00:00,study3b_fifo_runtime_v1
46830,C_4929,2011,2012,0.00852730125189,0,0,0.06,0.0115366009995,2026-09-08T22:20:32.862482+00:00,study3b_fifo_runtime_v1
46842,C_4930,2011,2012,0.000667955668177,0,0,0.06,0.0115366009995,2026-09-08T22:20:32.862482+00:00,study3b_fifo_runtime_v1
46852,C_4931,2011,2012,0.00317711033858,0,0,0.06,0.0115366009995,2026-09-08T22:20:32.862482+00:00,study3b_fifo_runtime_v1
46870,C_4932,2011,2012,9.19522499316e-05,0,0,0.06,0.0115366009995,2026-09-08T22:20:32.862482+00:00,study3b_fifo_runtime_v1
46890,C_4935,2011,2012,0.000657956872601,0,0,0.06,0.0115366009995,2026-09-08T22:20:32.862482+00:00,study3b_fifo_runtime_v1
46909,C_4937,2011,2012,4.187101149e-05,0,0,0.06,0.0115366009995,2026-09-08T22:20:32.862482+00:00,study3b_fifo_runtime_v1
46957,C_4944,2011,2012,0.000107429797936,0,0,0.06,0.0115366009995,2026-09-08T22:20:32.862482+00:00,study3b_fifo_runtime_v1
46999,C_4948,2011,2012,2.49257373071e-05,0,0,0.06,0.0115366009995,2026-09-08T22:20:32.862482+00:00,study3b_fifo_runtime_v1
47033,C_4951,2011,2012,0.00142783252522,0,0,0.06,0.0115366009995,2026-09-08T22:20:32.862482+00:00,study3b_fifo_runtime_v1
47074,C_4955,2011,2012,0.000127684572362,0,0,0.06,0.0115366009995,2026-09-08T22:20:32.862482+00:00,study3b_fifo_runtime_v1
47138,C_4967,2011,2012,0.00024965024204,0,0,0.06,0.0115366009995,2026-09-08T22:20:32.862482+00:00,study3b_fifo_runtime_v1
47158,C_4968,2011,2012,6.02118998358e-05,0,0,0.06,0.0115366009995,2026-09-08T22:20:32.862482+00:00,study3b_fifo_runtime_v1
47185,C_4970,2011,2012,0.000716464361176,0,0,0.06,0.0115366009995,2026-09-08T22:20:32.862482+00:00,study3b_fifo_runtime_v1
47233,C_4974,2011,2012,0.00110487407073,0,0,0.06,0.0115366009995,2026-09-08T22:20:32.862482+00:00,study3b_fifo_runtime_v1
47251,C_4975,2011,2012,0.00338534079492,0,0,0.06,0.0115366009995,2026-09-08T22:20:32.862482+00:00,study3b_fifo_runtime_v1
47274,C_4977,2011,2012,0.0267748255283,0,1,0.06,0.0115366009995,2026-09-08T22:20:32.862482+00:00,study3b_fifo_runtime_v1
47294,C_4978,2011,2012,0.000326989218593,0,0,0.06,0.0115366009995,2026-09-08T22:20:32.862482+00:00,study3b_fifo_runtime_v1
47321,C_4981,2011,2012,9.38041121117e-05,0,0,0.06,0.0115366009995,2026-09-08T22:20:32.862482+00:00,study3b_fifo_runtime_v1
47364,C_4986,2011,2012,4.1543662519e-05,0,0,0.06,0.0115366009995,2026-09-08T22:20:32.862482+00:00,study3b_fifo_runtime_v1
47384,C_4987,2011,2012,0.000869531009812,0,0,0.06,0.0115366009995,2026-09-08T22:20:32.862482+00:00,study3b_fifo_runtime_v1
47404,C_4988,2011,2012,6.74582915963e-05,0,0,0.06,0.0115366009995,2026-09-08T22:20:32.862482+00:00,study3b_fifo_runtime_v1
47424,C_4989,2011,2012,0.000178985923412,0,0,0.06,0.0115366009995,2026-09-08T22:20:32.862482+00:00,study3b_fifo_runtime_v1
47469,C_4995,2011,2012,0.000119484589959,0,0,0.06,0.0115366009995,2026-09-08T22:20:32.862482+00:00,study3b_fifo_runtime_v1
47489,C_4996,2011,2012,0.0041742362082,0,0,0.06,0.0115366009995,2026-09-08T22:20:32.862482+00:00,study3b_fifo_runtime_v1
47518,C_4998,2011,2012,0.000717122049537,0,0,0.06,0.0115366009995,2026-09-08T22:20:32.862482+00:00,study3b_fifo_runtime_v1
47534,C_4999,2011,2012,0.000357012118911,0,0,0.06,0.0115366009995,2026-09-08T22:20:32.862482+00:00,study3b_fifo_runtime_v1
47545,C_5000,2011,2012,0.000104398764961,0,0,0.06,0.0115366009995,2026-09-08T22:20:32.862482+00:00,study3b_fifo_runtime_v1
47573,C_5003,2011,2012,6.02931067988e-05,0,0,0.06,0.0115366009995,2026-09-08T22:20:32.862482+00:00,study3b_fifo_runtime_v1
47587,C_5004,2011,2012,0.000807795498986,0,0,0.06,0.0115366009995,2026-09-08T22:20:32.862482+00:00,study3b_fifo_runtime_v1
47600,C_5005,2011,2012,0.000150392035721,0,0,0.06,0.0115366009995,2026-09-08T22:20:32.862482+00:00,study3b_fifo_runtime_v1
47631,C_5011,2011,2012,0.000684016093146,0,0,0.06,0.0115366009995,2026-09-08T22:20:32.862482+00:00,study3b_fifo_runtime_v1
47652,C_5013,2011,2012,7.75255102781e-05,0,0,0.06,0.0115366009995,2026-09-08T22:20:32.862482+00:00,study3b_fifo_runtime_v1
47672,C_5014,2011,2012,8.47286428325e-05,0,0,0.06,0.0115366009995,2026-09-08T22:20:32.862482+00:00,study3b_fifo_runtime_v1
47720,C_5018,2011,2012,8.4455103206e-05,0,0,0.06,0.0115366009995,2026-09-08T22:20:32.862482+00:00,study3b_fifo_runtime_v1
47740,C_5019,2011,2012,4.11604414694e-05,0,0,0.06,0.0115366009995,2026-09-08T22:20:32.862482+00:00,study3b_fifo_runtime_v1
47767,C_5025,2011,2012,0.00208867178299,0,0,0.06,0.0115366009995,2026-09-08T22:20:32.862482+00:00,study3b_fifo_runtime_v1
47792,C_5028,2011,2012,0.000508101657033,0,0,0.06,0.0115366009995,2026-09-08T22:20:32.862482+00:00,study3b_fifo_runtime_v1
47824,C_5032,2011,2012,1.12810130304e-05,0,0,0.06,0.0115366009995,2026-09-08T22:20:32.862482+00:00,study3b_fifo_runtime_v1
47865,C_5039,2011,2012,0.000531961966772,0,0,0.06,0.0115366009995,2026-09-08T22:20:32.862482+00:00,study3b_fifo_runtime_v1
47886,C_5041,2011,2012,0.0478985756636,0,1,0.06,0.0115366009995,2026-09-08T22:20:32.862482+00:00,study3b_fifo_runtime_v1
47894,C_5042,2011,2012,0.000514014798682,0,0,0.06,0.0115366009995,2026-09-08T22:20:32.862482+00:00,study3b_fifo_runtime_v1
47909,C_5043,2011,2012,4.78543406643e-05,0,0,0.06,0.0115366009995,2026-09-08T22:20:32.862482+00:00,study3b_fifo_runtime_v1
47930,C_5045,2011,2012,0.000372972426703,0,0,0.06,0.0115366009995,2026-09-08T22:20:32.862482+00:00,study3b_fifo_runtime_v1
47981,C_5052,2011,2012,0.00648481724784,0,0,0.06,0.0115366009995,2026-09-08T22:20:32.862482+00:00,study3b_fifo_runtime_v1
48000,C_5053,2011,2012,0.00863332115114,0,0,0.06,0.0115366009995,2026-09-08T22:20:32.862482+00:00,study3b_fifo_runtime_v1
48005,C_5055,2011,2012,0.00369040854275,0,0,0.06,0.0115366009995,2026-09-08T22:20:32.862482+00:00,study3b_fifo_runtime_v1
48044,C_5059,2011,2012,1.61081788974e-05,0,0,0.06,0.0115366009995,2026-09-08T22:20:32.862482+00:00,study3b_fifo_runtime_v1
48059,C_5060,2011,2012,0.00831416808069,0,0,0.06,0.0115366009995,2026-09-08T22:20:32.862482+00:00,study3b_fifo_runtime_v1
48073,C_5061,2011,2012,4.35809442934e-06,0,0,0.06,0.0115366009995,2026-09-08T22:20:32.862482+00:00,study3b_fifo_runtime_v1
48088,C_5062,2011,2012,0.000157603179105,0,0,0.06,0.0115366009995,2026-09-08T22:20:32.862482+00:00,study3b_fifo_runtime_v1
48153,C_5069,2011,2012,0.000286719907308,0,0,0.06,0.0115366009995,2026-09-08T22:20:32.862482+00:00,study3b_fifo_runtime_v1
48179,C_5071,2011,2012,0.000206540964427,0,0,0.06,0.0115366009995,2026-09-08T22:20:32.862482+00:00,study3b_fifo_runtime_v1
48199,C_5072,2011,2012,0.00193097128067,0,0,0.06,0.0115366009995,2026-09-08T22:20:32.862482+00:00,study3b_fifo_runtime_v1
48222,C_5076,2011,2012,0.000124223835883,0,0,0.06,0.0115366009995,2026-09-08T22:20:32.862482+00:00,study3b_fifo_runtime_v1
48258,C_5081,2011,2012,0.00372496433556,0,0,0.06,0.0115366009995,2026-09-08T22:20:32.862482+00:00,study3b_fifo_runtime_v1
48307,C_5087,2011,2012,2.78325514955e-05,0,0,0.06,0.0115366009995,2026-09-08T22:20:32.862482+00:00,study3b_fifo_runtime_v1
48333,C_5089,2011,2012,0.000415650050854,0,0,0.06,0.0115366009995,2026-09-08T22:20:32.862482+00:00,study3b_fifo_runtime_v1
48361,C_5092,2011,2012,1.81416380656e-05,0,0,0.06,0.0115366009995,2026-09-08T22:20:32.862482+00:00,study3b_fifo_runtime_v1
48378,C_5093,2011,2012,0.000155840112711,0,0,0.06,0.0115366009995,2026-09-08T22:20:32.862482+00:00,study3b_fifo_runtime_v1
48416,C_5098,2011,2012,4.4043030357e-05,0,0,0.06,0.0115366009995,2026-09-08T22:20:32.862482+00:00,study3b_fifo_runtime_v1
48470,C_5105,2011,2012,0.27825114131,1,1,0.06,0.0115366009995,2026-09-08T22:20:32.862482+00:00,study3b_fifo_runtime_v1
48503,C_5109,2011,2012,0.000380312703783,0,0,0.06,0.0115366009995,2026-09-08T22:20:32.862482+00:00,study3b_fifo_runtime_v1
48534,C_5112,2011,2012,5.48251091459e-06,0,0,0.06,0.0115366009995,2026-09-08T22:20:32.862482+00:00,study3b_fifo_runtime_v1
48552,C_5113,2011,2012,0.000440479605459,0,0,0.06,0.0115366009995,2026-09-08T22:20:32.862482+00:00,study3b_fifo_runtime_v1
48566,C_5114,2011,2012,0.000366446329281,0,0,0.06,0.0115366009995,2026-09-08T22:20:32.862482+00:00,study3b_fifo_runtime_v1
48639,C_5126,2011,2012,0.00419834349304,0,0,0.06,0.0115366009995,2026-09-08T22:20:32.862482+00:00,study3b_fifo_runtime_v1
48684,C_5132,2011,2012,1.56836886163e-05,0,0,0.06,0.0115366009995,2026-09-08T22:20:32.862482+00:00,study3b_fifo_runtime_v1
48732,C_5139,2011,2012,6.36568074697e-05,0,0,0.06,0.0115366009995,2026-09-08T22:20:32.862482+00:00,study3b_fifo_runtime_v1
48750,C_5140,2011,2012,0.00745462207124,0,0,0.06,0.0115366009995,2026-09-08T22:20:32.862482+00:00,study3b_fifo_runtime_v1
48785,C_5144,2011,2012,0.000157018090249,0,0,0.06,0.0115366009995,2026-09-08T22:20:32.862482+00:00,study3b_fifo_runtime_v1
48807,C_5146,2011,2012,0.00146067806054,0,0,0.06,0.0115366009995,2026-09-08T22:20:32.862482+00:00,study3b_fifo_runtime_v1
48819,C_5147,2011,2012,4.48982573289e-05,0,0,0.06,0.0115366009995,2026-09-08T22:20:32.862482+00:00,study3b_fifo_runtime_v1
48832,C_5149,2011,2012,0.000371012603864,0,0,0.06,0.0115366009995,2026-09-08T22:20:32.862482+00:00,study3b_fifo_runtime_v1
48845,C_5150,2011,2012,0.000852047931403,0,0,0.06,0.0115366009995,2026-09-08T22:20:32.862482+00:00,study3b_fifo_runtime_v1
48860,C_5151,2011,2012,0.0165568143129,0,1,0.06,0.0115366009995,2026-09-08T22:20:32.862482+00:00,study3b_fifo_runtime_v1
48873,C_5152,2011,2012,3.51711751136e-05,0,0,0.06,0.0115366009995,2026-09-08T22:20:32.862482+00:00,study3b_fifo_runtime_v1
48897,C_5155,2011,2012,0.00270690745674,0,0,0.06,0.0115366009995,2026-09-08T22:20:32.862482+00:00,study3b_fifo_runtime_v1
48925,C_5158,2011,2012,0.00186130322982,0,0,0.06,0.0115366009995,2026-09-08T22:20:32.862482+00:00,study3b_fifo_runtime_v1
48944,C_5159,2011,2012,0.0035291921813,0,0,0.06,0.0115366009995,2026-09-08T22:20:32.862482+00:00,study3b_fifo_runtime_v1
48996,C_5167,2011,2012,0.00467417761683,0,0,0.06,0.0115366009995,2026-09-08T22:20:32.862482+00:00,study3b_fifo_runtime_v1
49024,C_5171,2011,2012,2.74562553386e-05,0,0,0.06,0.0115366009995,2026-09-08T22:20:32.862482+00:00,study3b_fifo_runtime_v1
49044,C_5172,2011,2012,0.00016650557518,0,0,0.06,0.0115366009995,2026-09-08T22:20:32.862482+00:00,study3b_fifo_runtime_v1
49065,C_5174,2011,2012,6.53323804727e-05,0,0,0.06,0.0115366009995,2026-09-08T22:20:32.862482+00:00,study3b_fifo_runtime_v1
49097,C_5178,2011,2012,0.000108994507173,0,0,0.06,0.0115366009995,2026-09-08T22:20:32.862482+00:00,study3b_fifo_runtime_v1
49140,C_5182,2011,2012,0.00152926391456,0,0,0.06,0.0115366009995,2026-09-08T22:20:32.862482+00:00,study3b_fifo_runtime_v1
49159,C_5183,2011,2012,3.07371701638e-05,0,0,0.06,0.0115366009995,2026-09-08T22:20:32.862482+00:00,study3b_fifo_runtime_v1
49179,C_5184,2011,2012,0.0130777433515,0,1,0.06,0.0115366009995,2026-09-08T22:20:32.862482+00:00,study3b_fifo_runtime_v1
49242,C_5191,2011,2012,0.000169952050783,0,0,0.06,0.0115366009995,2026-09-08T22:20:32.862482+00:00,study3b_fifo_runtime_v1
49350,C_5210,2011,2012,6.42914310447e-05,0,0,0.06,0.0115366009995,2026-09-08T22:20:32.862482+00:00,study3b_fifo_runtime_v1
49364,C_5212,2011,2012,1.98383349925e-05,0,0,0.06,0.0115366009995,2026-09-08T22:20:32.862482+00:00,study3b_fifo_runtime_v1
49379,C_5215,2011,2012,0.000285756977974,0,0,0.06,0.0115366009995,2026-09-08T22:20:32.862482+00:00,study3b_fifo_runtime_v1
49402,C_5219,2011,2012,0.00363193452358,0,0,0.06,0.0115366009995,2026-09-08T22:20:32.862482+00:00,study3b_fifo_runtime_v1
49422,C_5220,2011,2012,8.77012862475e-05,0,0,0.06,0.0115366009995,2026-09-08T22:20:32.862482+00:00,study3b_fifo_runtime_v1
49447,C_5222,2011,2012,0.00141933665145,0,0,0.06,0.0115366009995,2026-09-08T22:20:32.862482+00:00,study3b_fifo_runtime_v1
49477,C_5226,2011,2012,0.000405702419812,0,0,0.06,0.0115366009995,2026-09-08T22:20:32.862482+00:00,study3b_fifo_runtime_v1
49498,C_5228,2011,2012,0.000661748461425,0,0,0.06,0.0115366009995,2026-09-08T22:20:32.862482+00:00,study3b_fifo_runtime_v1
49520,C_5231,2011,2012,7.61826095186e-06,0,0,0.06,0.0115366009995,2026-09-08T22:20:32.862482+00:00,study3b_fifo_runtime_v1
49540,C_5232,2011,2012,0.00621941732243,0,0,0.06,0.0115366009995,2026-09-08T22:20:32.862482+00:00,study3b_fifo_runtime_v1
49555,C_5234,2011,2012,0.0050641768612,0,0,0.06,0.0115366009995,2026-09-08T22:20:32.862482+00:00,study3b_fifo_runtime_v1
49575,C_5235,2011,2012,0.00126036896836,0,0,0.06,0.0115366009995,2026-09-08T22:20:32.862482+00:00,study3b_fifo_runtime_v1
49604,C_5240,2011,2012,0.000258594023762,0,0,0.06,0.0115366009995,2026-09-08T22:20:32.862482+00:00,study3b_fifo_runtime_v1
49618,C_5241,2011,2012,8.67041399033e-06,0,0,0.06,0.0115366009995,2026-09-08T22:20:32.862482+00:00,study3b_fifo_runtime_v1
49638,C_5242,2011,2012,0.00410863757133,0,0,0.06,0.0115366009995,2026-09-08T22:20:32.862482+00:00,study3b_fifo_runtime_v1
49661,C_5244,2011,2012,3.10870564135e-05,0,0,0.06,0.0115366009995,2026-09-08T22:20:32.862482+00:00,study3b_fifo_runtime_v1
49699,C_5248,2011,2012,1.15007933346e-05,0,0,0.06,0.0115366009995,2026-09-08T22:20:32.862482+00:00,study3b_fifo_runtime_v1
49748,C_5254,2011,2012,0.000876187579706,0,0,0.06,0.0115366009995,2026-09-08T22:20:32.862482+00:00,study3b_fifo_runtime_v1
49770,C_5256,2011,2012,0.00014600076247,0,0,0.06,0.0115366009995,2026-09-08T22:20:32.862482+00:00,study3b_fifo_runtime_v1
49797,C_5261,2011,2012,0.000137433118653,0,0,0.06,0.0115366009995,2026-09-08T22:20:32.862482+00:00,study3b_fifo_runtime_v1
49815,C_5262,2011,2012,1.58154234668e-05,0,0,0.06,0.0115366009995,2026-09-08T22:20:32.862482+00:00,study3b_fifo_runtime_v1
49844,C_5264,2011,2012,0.000355395168299,0,0,0.06,0.0115366009995,2026-09-08T22:20:32.862482+00:00,study3b_fifo_runtime_v1
49863,C_5265,2011,2012,0.0204115398228,0,1,0.06,0.0115366009995,2026-09-08T22:20:32.862482+00:00,study3b_fifo_runtime_v1
49902,C_5270,2011,2012,7.06448117853e-05,0,0,0.06,0.0115366009995,2026-09-08T22:20:32.862482+00:00,study3b_fifo_runtime_v1
49922,C_5272,2011,2012,8.12568305264e-06,0,0,0.06,0.0115366009995,2026-09-08T22:20:32.862482+00:00,study3b_fifo_runtime_v1
49974,C_5279,2011,2012,0.00118103565183,0,0,0.06,0.0115366009995,2026-09-08T22:20:32.862482+00:00,study3b_fifo_runtime_v1
50006,C_5283,2011,2012,6.36953554931e-05,0,0,0.06,0.0115366009995,2026-09-08T22:20:32.862482+00:00,study3b_fifo_runtime_v1
50021,C_5284,2011,2012,1.3771445083e-05,0,0,0.06,0.0115366009995,2026-09-08T22:20:32.862482+00:00,study3b_fifo_runtime_v1
50046,C_5286,2011,2012,3.37141900673e-05,0,0,0.06,0.0115366009995,2026-09-08T22:20:32.862482+00:00,study3b_fifo_runtime_v1
50067,C_5288,2011,2012,9.98285540845e-05,0,0,0.06,0.0115366009995,2026-09-08T22:20:32.862482+00:00,study3b_fifo_runtime_v1
50087,C_5289,2011,2012,1.11868866952e-05,0,0,0.06,0.0115366009995,2026-09-08T22:20:32.862482+00:00,study3b_fifo_runtime_v1
50137,C_5296,2011,2012,7.22598633729e-05,0,0,0.06,0.0115366009995,2026-09-08T22:20:32.862482+00:00,study3b_fifo_runtime_v1
50195,C_5303,2011,2012,0.0194946303964,0,1,0.06,0.0115366009995,2026-09-08T22:20:32.862482+00:00,study3b_fifo_runtime_v1
50213,C_5304,2011,2012,0.000108235435619,0,0,0.06,0.0115366009995,2026-09-08T22:20:32.862482+00:00,study3b_fifo_runtime_v1
50244,C_5306,2011,2012,0.000468576123239,0,0,0.06,0.0115366009995,2026-09-08T22:20:32.862482+00:00,study3b_fifo_runtime_v1
50270,C_5308,2011,2012,8.83923803485e-06,0,0,0.06,0.0115366009995,2026-09-08T22:20:32.862482+00:00,study3b_fifo_runtime_v1
50299,C_5311,2011,2012,5.86238274991e-05,0,0,0.06,0.0115366009995,2026-09-08T22:20:32.862482+00:00,study3b_fifo_runtime_v1
50327,C_5315,2011,2012,0.0019691279158,0,0,0.06,0.0115366009995,2026-09-08T22:20:32.862482+00:00,study3b_fifo_runtime_v1
50365,C_5319,2011,2012,3.97464500566e-05,0,0,0.06,0.0115366009995,2026-09-08T22:20:32.862482+00:00,study3b_fifo_runtime_v1
50411,C_5325,2011,2012,0.00044714458636,0,0,0.06,0.0115366009995,2026-09-08T22:20:32.862482+00:00,study3b_fifo_runtime_v1
50429,C_5326,2011,2012,0.00316595262848,0,0,0.06,0.0115366009995,2026-09-08T22:20:32.862482+00:00,study3b_fifo_runtime_v1
50494,C_5335,2011,2012,0.00139422307257,0,0,0.06,0.0115366009995,2026-09-08T22:20:32.862482+00:00,study3b_fifo_runtime_v1
50537,C_5339,2011,2012,2.44647362706e-05,0,0,0.06,0.0115366009995,2026-09-08T22:20:32.862482+00:00,study3b_fifo_runtime_v1
50557,C_5340,2011,2012,3.17339327012e-05,0,0,0.06,0.0115366009995,2026-09-08T22:20:32.862482+00:00,study3b_fifo_runtime_v1
50572,C_5341,2011,2012,4.87517136207e-05,0,0,0.06,0.0115366009995,2026-09-08T22:20:32.862482+00:00,study3b_fifo_runtime_v1
50598,C_5343,2011,2012,0.00015294952027,0,0,0.06,0.0115366009995,2026-09-08T22:20:32.862482+00:00,study3b_fifo_runtime_v1
50631,C_5350,2011,2012,1.15713055493e-05,0,0,0.06,0.0115366009995,2026-09-08T22:20:32.862482+00:00,study3b_fifo_runtime_v1
50678,C_5354,2011,2012,0.000453163782367,0,0,0.06,0.0115366009995,2026-09-08T22:20:32.862482+00:00,study3b_fifo_runtime_v1
50694,C_5355,2011,2012,8.24116286822e-05,0,0,0.06,0.0115366009995,2026-09-08T22:20:32.862482+00:00,study3b_fifo_runtime_v1
50709,C_5356,2011,2012,0.000328228721628,0,0,0.06,0.0115366009995,2026-09-08T22:20:32.862482+00:00,study3b_fifo_runtime_v1
50723,C_5358,2011,2012,4.84588326799e-06,0,0,0.06,0.0115366009995,2026-09-08T22:20:32.862482+00:00,study3b_fifo_runtime_v1
50741,C_5360,2011,2012,6.22073785053e-05,0,0,0.06,0.0115366009995,2026-09-08T22:20:32.862482+00:00,study3b_fifo_runtime_v1
50773,C_5362,2011,2012,0.00335912592709,0,0,0.06,0.0115366009995,2026-09-08T22:20:32.862482+00:00,study3b_fifo_runtime_v1
50795,C_5364,2011,2012,9.32717302931e-05,0,0,0.06,0.0115366009995,2026-09-08T22:20:32.862482+00:00,study3b_fifo_runtime_v1
50864,C_5375,2011,2012,0.000106718682218,0,0,0.06,0.0115366009995,2026-09-08T22:20:32.862482+00:00,study3b_fifo_runtime_v1
50920,C_5385,2011,2012,1.07541354737e-05,0,0,0.06,0.0115366009995,2026-09-08T22:20:32.862482+00:00,study3b_fifo_runtime_v1
50941,C_5390,2011,2012,0.000521251466125,0,0,0.06,0.0115366009995,2026-09-08T22:20:32.862482+00:00,study3b_fifo_runtime_v1
50954,C_5391,2011,2012,0.000100116078102,0,0,0.06,0.0115366009995,2026-09-08T22:20:32.862482+00:00,study3b_fifo_runtime_v1
50974,C_5392,2011,2012,3.09824717988e-05,0,0,0.06,0.0115366009995,2026-09-08T22:20:32.862482+00:00,study3b_fifo_runtime_v1
50999,C_5394,2011,2012,0.00091382797109,0,0,0.06,0.0115366009995,2026-09-08T22:20:32.862482+00:00,study3b_fifo_runtime_v1
51019,C_5395,2011,2012,0.0118847591802,0,1,0.06,0.0115366009995,2026-09-08T22:20:32.862482+00:00,study3b_fifo_runtime_v1
51081,C_5403,2011,2012,1.11612198452e-05,0,0,0.06,0.0115366009995,2026-09-08T22:20:32.862482+00:00,study3b_fifo_runtime_v1
51117,C_5406,2011,2012,2.83255849354e-05,0,0,0.06,0.0115366009995,2026-09-08T22:20:32.862482+00:00,study3b_fifo_runtime_v1
51146,C_5409,2011,2012,0.000205584510695,0,0,0.06,0.0115366009995,2026-09-08T22:20:32.862482+00:00,study3b_fifo_runtime_v1
51164,C_5410,2011,2012,0.226678237319,1,1,0.06,0.0115366009995,2026-09-08T22:20:32.862482+00:00,study3b_fifo_runtime_v1
51184,C_5414,2011,2012,0.00991911906749,0,0,0.06,0.0115366009995,2026-09-08T22:20:32.862482+00:00,study3b_fifo_runtime_v1
51195,C_5415,2011,2012,0.0227318834513,0,1,0.06,0.0115366009995,2026-09-08T22:20:32.862482+00:00,study3b_fifo_runtime_v1
51208,C_5416,2011,2012,0.000202557610464,0,0,0.06,0.0115366009995,2026-09-08T22:20:32.862482+00:00,study3b_fifo_runtime_v1
51242,C_5421,2011,2012,2.86928047899e-06,0,0,0.06,0.0115366009995,2026-09-08T22:20:32.862482+00:00,study3b_fifo_runtime_v1
51271,C_5424,2011,2012,6.22296502115e-05,0,0,0.06,0.0115366009995,2026-09-08T22:20:32.862482+00:00,study3b_fifo_runtime_v1
51287,C_5425,2011,2012,0.00157719443087,0,0,0.06,0.0115366009995,2026-09-08T22:20:32.862482+00:00,study3b_fifo_runtime_v1
51307,C_5426,2011,2012,1.69807481143e-05,0,0,0.06,0.0115366009995,2026-09-08T22:20:32.862482+00:00,study3b_fifo_runtime_v1
51323,C_5427,2011,2012,0.0070630996488,0,0,0.06,0.0115366009995,2026-09-08T22:20:32.862482+00:00,study3b_fifo_runtime_v1
51348,C_5431,2011,2012,0.000214223240619,0,0,0.06,0.0115366009995,2026-09-08T22:20:32.862482+00:00,study3b_fifo_runtime_v1
51397,C_5438,2011,2012,3.16441983159e-05,0,0,0.06,0.0115366009995,2026-09-08T22:20:32.862482+00:00,study3b_fifo_runtime_v1
51417,C_5439,2011,2012,1.69958293554e-05,0,0,0.06,0.0115366009995,2026-09-08T22:20:32.862482+00:00,study3b_fifo_runtime_v1
51439,C_5441,2011,2012,1.32476843646e-05,0,0,0.06,0.0115366009995,2026-09-08T22:20:32.862482+00:00,study3b_fifo_runtime_v1
51479,C_5446,2011,2012,5.43185851711e-05,0,0,0.06,0.0115366009995,2026-09-08T22:20:32.862482+00:00,study3b_fifo_runtime_v1
51499,C_5447,2011,2012,0.00123868056107,0,0,0.06,0.0115366009995,2026-09-08T22:20:32.862482+00:00,study3b_fifo_runtime_v1
51537,C_5453,2011,2012,0.00150587235112,0,0,0.06,0.0115366009995,2026-09-08T22:20:32.862482+00:00,study3b_fifo_runtime_v1
51551,C_5454,2011,2012,0.000676324300002,0,0,0.06,0.0115366009995,2026-09-08T22:20:32.862482+00:00,study3b_fifo_runtime_v1
51575,C_5456,2011,2012,0.00036688343971,0,0,0.06,0.0115366009995,2026-09-08T22:20:32.862482+00:00,study3b_fifo_runtime_v1
51593,C_5457,2011,2012,0.000243471702561,0,0,0.06,0.0115366009995,2026-09-08T22:20:32.862482+00:00,study3b_fifo_runtime_v1
51606,C_5458,2011,2012,2.93362481898e-05,0,0,0.06,0.0115366009995,2026-09-08T22:20:32.862482+00:00,study3b_fifo_runtime_v1
51627,C_5460,2011,2012,4.26636943303e-05,0,0,0.06,0.0115366009995,2026-09-08T22:20:32.862482+00:00,study3b_fifo_runtime_v1
51654,C_5462,2011,2012,0.000789008860011,0,0,0.06,0.0115366009995,2026-09-08T22:20:32.862482+00:00,study3b_fifo_runtime_v1
51683,C_5465,2011,2012,6.97718642186e-05,0,0,0.06,0.0115366009995,2026-09-08T22:20:32.862482+00:00,study3b_fifo_runtime_v1
51727,C_5471,2011,2012,0.000251520832535,0,0,0.06,0.0115366009995,2026-09-08T22:20:32.862482+00:00,study3b_fifo_runtime_v1
51765,C_5474,2011,2012,9.64833179751e-06,0,0,0.06,0.0115366009995,2026-09-08T22:20:32.862482+00:00,study3b_fifo_runtime_v1
51778,C_5475,2011,2012,0.00944199506193,0,0,0.06,0.0115366009995,2026-09-08T22:20:32.862482+00:00,study3b_fifo_runtime_v1
51791,C_5476,2011,2012,0.00139584660064,0,0,0.06,0.0115366009995,2026-09-08T22:20:32.862482+00:00,study3b_fifo_runtime_v1
51823,C_5480,2011,2012,4.05956561735e-05,0,0,0.06,0.0115366009995,2026-09-08T22:20:32.862482+00:00,study3b_fifo_runtime_v1
51836,C_5481,2011,2012,0.00305858557113,0,0,0.06,0.0115366009995,2026-09-08T22:20:32.862482+00:00,study3b_fifo_runtime_v1
51870,C_5484,2011,2012,0.000337203353411,0,0,0.06,0.0115366009995,2026-09-08T22:20:32.862482+00:00,study3b_fifo_runtime_v1
51923,C_5491,2011,2012,0.00117197260261,0,0,0.06,0.0115366009995,2026-09-08T22:20:32.862482+00:00,study3b_fifo_runtime_v1
52000,C_5502,2011,2012,4.83761214127e-05,0,0,0.06,0.0115366009995,2026-09-08T22:20:32.862482+00:00,study3b_fifo_runtime_v1
52017,C_5503,2011,2012,0.00112157326657,0,0,0.06,0.0115366009995,2026-09-08T22:20:32.862482+00:00,study3b_fifo_runtime_v1
52034,C_5505,2011,2012,0.000153811692144,0,0,0.06,0.0115366009995,2026-09-08T22:20:32.862482+00:00,study3b_fifo_runtime_v1
52054,C_5506,2011,2012,0.0120576797053,0,1,0.06,0.0115366009995,2026-09-08T22:20:32.862482+00:00,study3b_fifo_runtime_v1
52077,C_5509,2011,2012,0.00296648964286,0,0,0.06,0.0115366009995,2026-09-08T22:20:32.862482+00:00,study3b_fifo_runtime_v1
52103,C_5513,2011,2012,0.0020026571583,0,0,0.06,0.0115366009995,2026-09-08T22:20:32.862482+00:00,study3b_fifo_runtime_v1
52117,C_5514,2011,2012,4.08834857808e-05,0,0,0.06,0.0115366009995,2026-09-08T22:20:32.862482+00:00,study3b_fifo_runtime_v1
52132,C_5515,2011,2012,0.00452600838616,0,0,0.06,0.0115366009995,2026-09-08T22:20:32.862482+00:00,study3b_fifo_runtime_v1
52153,C_5517,2011,2012,0.000922676641494,0,0,0.06,0.0115366009995,2026-09-08T22:20:32.862482+00:00,study3b_fifo_runtime_v1
52181,C_5521,2011,2012,0.0148545084521,0,1,0.06,0.0115366009995,2026-09-08T22:20:32.862482+00:00,study3b_fifo_runtime_v1
52197,C_5523,2011,2012,0.00754791079089,0,0,0.06,0.0115366009995,2026-09-08T22:20:32.862482+00:00,study3b_fifo_runtime_v1
52228,C_5526,2011,2012,0.000268992414931,0,0,0.06,0.0115366009995,2026-09-08T22:20:32.862482+00:00,study3b_fifo_runtime_v1
52261,C_5532,2011,2012,0.0301798731089,0,1,0.06,0.0115366009995,2026-09-08T22:20:32.862482+00:00,study3b_fifo_runtime_v1
52274,C_5533,2011,2012,2.28421504289e-05,0,0,0.06,0.0115366009995,2026-09-08T22:20:32.862482+00:00,study3b_fifo_runtime_v1
52294,C_5534,2011,2012,0.000814733095467,0,0,0.06,0.0115366009995,2026-09-08T22:20:32.862482+00:00,study3b_fifo_runtime_v1
52303,C_5537,2011,2012,2.47390398727e-05,0,0,0.06,0.0115366009995,2026-09-08T22:20:32.862482+00:00,study3b_fifo_runtime_v1
52346,C_5543,2011,2012,2.7475587558e-05,0,0,0.06,0.0115366009995,2026-09-08T22:20:32.862482+00:00,study3b_fifo_runtime_v1
52376,C_5545,2011,2012,4.73838408652e-05,0,0,0.06,0.0115366009995,2026-09-08T22:20:32.862482+00:00,study3b_fifo_runtime_v1
52402,C_5547,2011,2012,7.70047554397e-05,0,0,0.06,0.0115366009995,2026-09-08T22:20:32.862482+00:00,study3b_fifo_runtime_v1
52463,C_5559,2011,2012,2.62175381067e-05,0,0,0.06,0.0115366009995,2026-09-08T22:20:32.862482+00:00,study3b_fifo_runtime_v1
52473,C_5560,2011,2012,0.00037362248986,0,0,0.06,0.0115366009995,2026-09-08T22:20:32.862482+00:00,study3b_fifo_runtime_v1
52492,C_5561,2011,2012,0.000208012512303,0,0,0.06,0.0115366009995,2026-09-08T22:20:32.862482+00:00,study3b_fifo_runtime_v1
52506,C_5562,2011,2012,2.29501911235e-05,0,0,0.06,0.0115366009995,2026-09-08T22:20:32.862482+00:00,study3b_fifo_runtime_v1
52526,C_5563,2011,2012,0.000256926519796,0,0,0.06,0.0115366009995,2026-09-08T22:20:32.862482+00:00,study3b_fifo_runtime_v1
52568,C_5569,2011,2012,4.57627793367e-05,0,0,0.06,0.0115366009995,2026-09-08T22:20:32.862482+00:00,study3b_fifo_runtime_v1
52587,C_5573,2011,2012,3.71114729205e-05,0,0,0.06,0.0115366009995,2026-09-08T22:20:32.862482+00:00,study3b_fifo_runtime_v1
52621,C_5577,2011,2012,5.89239380133e-06,0,0,0.06,0.0115366009995,2026-09-08T22:20:32.862482+00:00,study3b_fifo_runtime_v1
52651,C_5580,2011,2012,0.000633365125395,0,0,0.06,0.0115366009995,2026-09-08T22:20:32.862482+00:00,study3b_fifo_runtime_v1
52671,C_5581,2011,2012,0.000947806518525,0,0,0.06,0.0115366009995,2026-09-08T22:20:32.862482+00:00,study3b_fifo_runtime_v1
52700,C_5586,2011,2012,0.00010933032172,0,0,0.06,0.0115366009995,2026-09-08T22:20:32.862482+00:00,study3b_fifo_runtime_v1
52773,C_5602,2011,2012,0.000510578916874,0,0,0.06,0.0115366009995,2026-09-08T22:20:32.862482+00:00,study3b_fifo_runtime_v1
52795,C_5604,2011,2012,0.000144142395584,0,0,0.06,0.0115366009995,2026-09-08T22:20:32.862482+00:00,study3b_fifo_runtime_v1
52814,C_5605,2011,2012,0.000130067943246,0,0,0.06,0.0115366009995,2026-09-08T22:20:32.862482+00:00,study3b_fifo_runtime_v1
52834,C_5606,2011,2012,0.00039363358519,0,0,0.06,0.0115366009995,2026-09-08T22:20:32.862482+00:00,study3b_fifo_runtime_v1
52854,C_5607,2011,2012,0.000867464521434,0,0,0.06,0.0115366009995,2026-09-08T22:20:32.862482+00:00,study3b_fifo_runtime_v1
52868,C_5608,2011,2012,0.00166127178818,0,0,0.06,0.0115366009995,2026-09-08T22:20:32.862482+00:00,study3b_fifo_runtime_v1
52889,C_5610,2011,2012,0.000382590777008,0,0,0.06,0.0115366009995,2026-09-08T22:20:32.862482+00:00,study3b_fifo_runtime_v1
52911,C_5612,2011,2012,4.91936998515e-06,0,0,0.06,0.0115366009995,2026-09-08T22:20:32.862482+00:00,study3b_fifo_runtime_v1
52939,C_5617,2011,2012,0.000655385956634,0,0,0.06,0.0115366009995,2026-09-08T22:20:32.862482+00:00,study3b_fifo_runtime_v1
53013,C_5626,2011,2012,7.17583243386e-05,0,0,0.06,0.0115366009995,2026-09-08T22:20:32.862482+00:00,study3b_fifo_runtime_v1
53157,C_5651,2011,2012,0.000165699908393,0,0,0.06,0.0115366009995,2026-09-08T22:20:32.862482+00:00,study3b_fifo_runtime_v1
53176,C_5652,2011,2012,2.08401961572e-05,0,0,0.06,0.0115366009995,2026-09-08T22:20:32.862482+00:00,study3b_fifo_runtime_v1
53196,C_5653,2011,2012,0.000190093647689,0,0,0.06,0.0115366009995,2026-09-08T22:20:32.862482+00:00,study3b_fifo_runtime_v1
53210,C_5654,2011,2012,5.59371219424e-05,0,0,0.06,0.0115366009995,2026-09-08T22:20:32.862482+00:00,study3b_fifo_runtime_v1
53239,C_5657,2011,2012,1.9725135644e-05,0,0,0.06,0.0115366009995,2026-09-08T22:20:32.862482+00:00,study3b_fifo_runtime_v1
53254,C_5658,2011,2012,0.00282782339491,0,0,0.06,0.0115366009995,2026-09-08T22:20:32.862482+00:00,study3b_fifo_runtime_v1
53283,C_5661,2011,2012,7.65121239965e-06,0,0,0.06,0.0115366009995,2026-09-08T22:20:32.862482+00:00,study3b_fifo_runtime_v1
53317,C_5663,2011,2012,0.00214320677333,0,0,0.06,0.0115366009995,2026-09-08T22:20:32.862482+00:00,study3b_fifo_runtime_v1
53338,C_5665,2011,2012,0.00157936837059,0,0,0.06,0.0115366009995,2026-09-08T22:20:32.862482+00:00,study3b_fifo_runtime_v1
53359,C_5667,2011,2012,0.000673418689985,0,0,0.06,0.0115366009995,2026-09-08T22:20:32.862482+00:00,study3b_fifo_runtime_v1
53372,C_5670,2011,2012,0.000161327508977,0,0,0.06,0.0115366009995,2026-09-08T22:20:32.862482+00:00,study3b_fifo_runtime_v1
53415,C_5675,2011,2012,3.09392053168e-05,0,0,0.06,0.0115366009995,2026-09-08T22:20:32.862482+00:00,study3b_fifo_runtime_v1
53440,C_5677,2011,2012,0.000325497792801,0,0,0.06,0.0115366009995,2026-09-08T22:20:32.862482+00:00,study3b_fifo_runtime_v1
53460,C_5680,2011,2012,0.00197722483426,0,0,0.06,0.0115366009995,2026-09-08T22:20:32.862482+00:00,study3b_fifo_runtime_v1
53480,C_5681,2011,2012,0.000455186789623,0,0,0.06,0.0115366009995,2026-09-08T22:20:32.862482+00:00,study3b_fifo_runtime_v1
53513,C_5685,2011,2012,0.000130081854877,0,0,0.06,0.0115366009995,2026-09-08T22:20:32.862482+00:00,study3b_fifo_runtime_v1
53540,C_5687,2011,2012,5.94733101025e-05,0,0,0.06,0.0115366009995,2026-09-08T22:20:32.862482+00:00,study3b_fifo_runtime_v1
53560,C_5688,2011,2012,0.000858569750562,0,0,0.06,0.0115366009995,2026-09-08T22:20:32.862482+00:00,study3b_fifo_runtime_v1
53576,C_5689,2011,2012,0.000242822410655,0,0,0.06,0.0115366009995,2026-09-08T22:20:32.862482+00:00,study3b_fifo_runtime_v1
53596,C_5691,2011,2012,0.0002262309863,0,0,0.06,0.0115366009995,2026-09-08T22:20:32.862482+00:00,study3b_fifo_runtime_v1
53617,C_5693,2011,2012,4.11336659454e-05,0,0,0.06,0.0115366009995,2026-09-08T22:20:32.862482+00:00,study3b_fifo_runtime_v1
53664,C_5700,2011,2012,0.000549556280021,0,0,0.06,0.0115366009995,2026-09-08T22:20:32.862482+00:00,study3b_fifo_runtime_v1
53687,C_5702,2011,2012,7.1080197813e-05,0,0,0.06,0.0115366009995,2026-09-08T22:20:32.862482+00:00,study3b_fifo_runtime_v1
53709,C_5704,2011,2012,0.000236788400798,0,0,0.06,0.0115366009995,2026-09-08T22:20:32.862482+00:00,study3b_fifo_runtime_v1
53789,C_5715,2011,2012,9.01317398529e-05,0,0,0.06,0.0115366009995,2026-09-08T22:20:32.862482+00:00,study3b_fifo_runtime_v1
53838,C_5722,2011,2012,0.000162122421898,0,0,0.06,0.0115366009995,2026-09-08T22:20:32.862482+00:00,study3b_fifo_runtime_v1
53858,C_5723,2011,2012,7.64333526604e-05,0,0,0.06,0.0115366009995,2026-09-08T22:20:32.862482+00:00,study3b_fifo_runtime_v1
53910,C_5730,2011,2012,2.46708004852e-05,0,0,0.06,0.0115366009995,2026-09-08T22:20:32.862482+00:00,study3b_fifo_runtime_v1
53930,C_5731,2011,2012,0.00307123106904,0,0,0.06,0.0115366009995,2026-09-08T22:20:32.862482+00:00,study3b_fifo_runtime_v1
53954,C_5735,2011,2012,2.74501562672e-05,0,0,0.06,0.0115366009995,2026-09-08T22:20:32.862482+00:00,study3b_fifo_runtime_v1
53974,C_5736,2011,2012,1.09600696305e-05,0,0,0.06,0.0115366009995,2026-09-08T22:20:32.862482+00:00,study3b_fifo_runtime_v1
53997,C_5738,2011,2012,3.64399857062e-05,0,0,0.06,0.0115366009995,2026-09-08T22:20:32.862482+00:00,study3b_fifo_runtime_v1
54027,C_5741,2011,2012,0.000135342954309,0,0,0.06,0.0115366009995,2026-09-08T22:20:32.862482+00:00,study3b_fifo_runtime_v1
54040,C_5742,2011,2012,0.000114141126687,0,0,0.06,0.0115366009995,2026-09-08T22:20:32.862482+00:00,study3b_fifo_runtime_v1
54084,C_5748,2011,2012,1.36134485729e-05,0,0,0.06,0.0115366009995,2026-09-08T22:20:32.862482+00:00,study3b_fifo_runtime_v1
54094,C_5749,2011,2012,0.000529364740942,0,0,0.06,0.0115366009995,2026-09-08T22:20:32.862482+00:00,study3b_fifo_runtime_v1
54114,C_5750,2011,2012,0.000271987140877,0,0,0.06,0.0115366009995,2026-09-08T22:20:32.862482+00:00,study3b_fifo_runtime_v1
54160,C_5756,2011,2012,0.000134492875077,0,0,0.06,0.0115366009995,2026-09-08T22:20:32.862482+00:00,study3b_fifo_runtime_v1
54167,C_5757,2011,2012,8.27146595839e-06,0,0,0.06,0.0115366009995,2026-09-08T22:20:32.862482+00:00,study3b_fifo_runtime_v1
54185,C_5759,2011,2012,0.0034793317318,0,0,0.06,0.0115366009995,2026-09-08T22:20:32.862482+00:00,study3b_fifo_runtime_v1
54213,C_5762,2011,2012,6.74036418786e-05,0,0,0.06,0.0115366009995,2026-09-08T22:20:32.862482+00:00,study3b_fifo_runtime_v1
54234,C_5766,2011,2012,0.000281924498267,0,0,0.06,0.0115366009995,2026-09-08T22:20:32.862482+00:00,study3b_fifo_runtime_v1
54262,C_5771,2011,2012,0.000264900212642,0,0,0.06,0.0115366009995,2026-09-08T22:20:32.862482+00:00,study3b_fifo_runtime_v1
54287,C_5773,2011,2012,3.70687448594e-05,0,0,0.06,0.0115366009995,2026-09-08T22:20:32.862482+00:00,study3b_fifo_runtime_v1
54314,C_5776,2011,2012,0.000382504891604,0,0,0.06,0.0115366009995,2026-09-08T22:20:32.862482+00:00,study3b_fifo_runtime_v1
54334,C_5777,2011,2012,2.571195364e-05,0,0,0.06,0.0115366009995,2026-09-08T22:20:32.862482+00:00,study3b_fifo_runtime_v1
54347,C_5778,2011,2012,8.34265847516e-06,0,0,0.06,0.0115366009995,2026-09-08T22:20:32.862482+00:00,study3b_fifo_runtime_v1
54376,C_5781,2011,2012,0.000597808975726,0,0,0.06,0.0115366009995,2026-09-08T22:20:32.862482+00:00,study3b_fifo_runtime_v1
54398,C_5785,2011,2012,0.000359757308615,0,0,0.06,0.0115366009995,2026-09-08T22:20:32.862482+00:00,study3b_fifo_runtime_v1
54427,C_5788,2011,2012,2.51088931691e-05,0,0,0.06,0.0115366009995,2026-09-08T22:20:32.862482+00:00,study3b_fifo_runtime_v1
54453,C_5792,2011,2012,0.000136349583045,0,0,0.06,0.0115366009995,2026-09-08T22:20:32.862482+00:00,study3b_fifo_runtime_v1
54485,C_5796,2011,2012,0.000511888880283,0,0,0.06,0.0115366009995,2026-09-08T22:20:32.862482+00:00,study3b_fifo_runtime_v1
54510,C_5801,2011,2012,7.34795466997e-05,0,0,0.06,0.0115366009995,2026-09-08T22:20:32.862482+00:00,study3b_fifo_runtime_v1
54570,C_5807,2011,2012,0.000291944714263,0,0,0.06,0.0115366009995,2026-09-08T22:20:32.862482+00:00,study3b_fifo_runtime_v1
54601,C_5809,2011,2012,0.000119367381558,0,0,0.06,0.0115366009995,2026-09-08T22:20:32.862482+00:00,study3b_fifo_runtime_v1
54623,C_5811,2011,2012,0.000217474109377,0,0,0.06,0.0115366009995,2026-09-08T22:20:32.862482+00:00,study3b_fifo_runtime_v1
54640,C_5812,2011,2012,3.46713604813e-05,0,0,0.06,0.0115366009995,2026-09-08T22:20:32.862482+00:00,study3b_fifo_runtime_v1
54669,C_5814,2011,2012,0.000638136349153,0,0,0.06,0.0115366009995,2026-09-08T22:20:32.862482+00:00,study3b_fifo_runtime_v1
54696,C_5820,2011,2012,0.00384966027923,0,0,0.06,0.0115366009995,2026-09-08T22:20:32.862482+00:00,study3b_fifo_runtime_v1
54714,C_5821,2011,2012,0.000951074296609,0,0,0.06,0.0115366009995,2026-09-08T22:20:32.862482+00:00,study3b_fifo_runtime_v1
54734,C_5822,2011,2012,0.000276011036476,0,0,0.06,0.0115366009995,2026-09-08T22:20:32.862482+00:00,study3b_fifo_runtime_v1
54766,C_5825,2011,2012,4.36978843936e-05,0,0,0.06,0.0115366009995,2026-09-08T22:20:32.862482+00:00,study3b_fifo_runtime_v1
54792,C_5828,2011,2012,0.000312644668156,0,0,0.06,0.0115366009995,2026-09-08T22:20:32.862482+00:00,study3b_fifo_runtime_v1
54819,C_5830,2011,2012,5.22407353856e-05,0,0,0.06,0.0115366009995,2026-09-08T22:20:32.862482+00:00,study3b_fifo_runtime_v1
54838,C_5831,2011,2012,0.00301244179718,0,0,0.06,0.0115366009995,2026-09-08T22:20:32.862482+00:00,study3b_fifo_runtime_v1
54851,C_5834,2011,2012,0.000249175791396,0,0,0.06,0.0115366009995,2026-09-08T22:20:32.862482+00:00,study3b_fifo_runtime_v1
54867,C_5835,2011,2012,3.75411436835e-05,0,0,0.06,0.0115366009995,2026-09-08T22:20:32.862482+00:00,study3b_fifo_runtime_v1
54941,C_5845,2011,2012,0.00016492982104,0,0,0.06,0.0115366009995,2026-09-08T22:20:32.862482+00:00,study3b_fifo_runtime_v1
54965,C_5847,2011,2012,9.37750664889e-05,0,0,0.06,0.0115366009995,2026-09-08T22:20:32.862482+00:00,study3b_fifo_runtime_v1
54981,C_5849,2011,2012,0.000281689077383,0,0,0.06,0.0115366009995,2026-09-08T22:20:32.862482+00:00,study3b_fifo_runtime_v1
55004,C_5853,2011,2012,0.00522002624348,0,0,0.06,0.0115366009995,2026-09-08T22:20:32.862482+00:00,study3b_fifo_runtime_v1
55047,C_5860,2011,2012,0.00115702813491,0,0,0.06,0.0115366009995,2026-09-08T22:20:32.862482+00:00,study3b_fifo_runtime_v1
55056,C_5863,2011,2012,0.0056392014958,0,0,0.06,0.0115366009995,2026-09-08T22:20:32.862482+00:00,study3b_fifo_runtime_v1
55073,C_5864,2011,2012,0.000654644041788,0,0,0.06,0.0115366009995,2026-09-08T22:20:32.862482+00:00,study3b_fifo_runtime_v1
55090,C_5866,2011,2012,0.000182865886018,0,0,0.06,0.0115366009995,2026-09-08T22:20:32.862482+00:00,study3b_fifo_runtime_v1
55131,C_5870,2011,2012,0.00147110864054,0,0,0.06,0.0115366009995,2026-09-08T22:20:32.862482+00:00,study3b_fifo_runtime_v1
55182,C_5877,2011,2012,0.000644069630653,0,0,0.06,0.0115366009995,2026-09-08T22:20:32.862482+00:00,study3b_fifo_runtime_v1
55200,C_5878,2011,2012,0.000709493935574,0,0,0.06,0.0115366009995,2026-09-08T22:20:32.862482+00:00,study3b_fifo_runtime_v1
55223,C_5880,2011,2012,0.000266429997282,0,0,0.06,0.0115366009995,2026-09-08T22:20:32.862482+00:00,study3b_fifo_runtime_v1
55249,C_5882,2011,2012,2.09678819374e-05,0,0,0.06,0.0115366009995,2026-09-08T22:20:32.862482+00:00,study3b_fifo_runtime_v1
55281,C_5885,2011,2012,0.000243435511948,0,0,0.06,0.0115366009995,2026-09-08T22:20:32.862482+00:00,study3b_fifo_runtime_v1
55340,C_5895,2011,2012,0.00115920545068,0,0,0.06,0.0115366009995,2026-09-08T22:20:32.862482+00:00,study3b_fifo_runtime_v1
55364,C_5898,2011,2012,0.000168409125763,0,0,0.06,0.0115366009995,2026-09-08T22:20:32.862482+00:00,study3b_fifo_runtime_v1
55390,C_5900,2011,2012,0.0790313705802,1,1,0.06,0.0115366009995,2026-09-08T22:20:32.862482+00:00,study3b_fifo_runtime_v1
55453,C_5911,2011,2012,0.000126574508613,0,0,0.06,0.0115366009995,2026-09-08T22:20:32.862482+00:00,study3b_fifo_runtime_v1
55518,C_5920,2011,2012,0.000322815409163,0,0,0.06,0.0115366009995,2026-09-08T22:20:32.862482+00:00,study3b_fifo_runtime_v1
55538,C_5921,2011,2012,4.24572972406e-05,0,0,0.06,0.0115366009995,2026-09-08T22:20:32.862482+00:00,study3b_fifo_runtime_v1
55550,C_5922,2011,2012,0.000617687532213,0,0,0.06,0.0115366009995,2026-09-08T22:20:32.862482+00:00,study3b_fifo_runtime_v1
55566,C_5923,2011,2012,0.000267499388428,0,0,0.06,0.0115366009995,2026-09-08T22:20:32.862482+00:00,study3b_fifo_runtime_v1
55586,C_5924,2011,2012,0.00150205858517,0,0,0.06,0.0115366009995,2026-09-08T22:20:32.862482+00:00,study3b_fifo_runtime_v1
55612,C_5927,2011,2012,0.000489332072902,0,0,0.06,0.0115366009995,2026-09-08T22:20:32.862482+00:00,study3b_fifo_runtime_v1
55641,C_5934,2011,2012,0.000738952599932,0,0,0.06,0.0115366009995,2026-09-08T22:20:32.862482+00:00,study3b_fifo_runtime_v1
55680,C_5938,2011,2012,0.000757010246161,0,0,0.06,0.0115366009995,2026-09-08T22:20:32.862482+00:00,study3b_fifo_runtime_v1
55698,C_5940,2011,2012,0.000235163388425,0,0,0.06,0.0115366009995,2026-09-08T22:20:32.862482+00:00,study3b_fifo_runtime_v1
55737,C_5943,2011,2012,0.00102217763197,0,0,0.06,0.0115366009995,2026-09-08T22:20:32.862482+00:00,study3b_fifo_runtime_v1
55767,C_5945,2011,2012,0.000322799198329,0,0,0.06,0.0115366009995,2026-09-08T22:20:32.862482+00:00,study3b_fifo_runtime_v1
55801,C_5949,2011,2012,0.000378162570996,0,0,0.06,0.0115366009995,2026-09-08T22:20:32.862482+00:00,study3b_fifo_runtime_v1
55808,C_5953,2011,2012,0.0019715433009,0,0,0.06,0.0115366009995,2026-09-08T22:20:32.862482+00:00,study3b_fifo_runtime_v1
55828,C_5954,2011,2012,8.12908765511e-05,0,0,0.06,0.0115366009995,2026-09-08T22:20:32.862482+00:00,study3b_fifo_runtime_v1
55854,C_5956,2011,2012,0.00150803755969,0,0,0.06,0.0115366009995,2026-09-08T22:20:32.862482+00:00,study3b_fifo_runtime_v1
55866,C_5958,2011,2012,0.000427674589446,0,0,0.06,0.0115366009995,2026-09-08T22:20:32.862482+00:00,study3b_fifo_runtime_v1
55881,C_5959,2011,2012,0.012218660675,0,1,0.06,0.0115366009995,2026-09-08T22:20:32.862482+00:00,study3b_fifo_runtime_v1
55895,C_5960,2011,2012,0.000768191704992,0,0,0.06,0.0115366009995,2026-09-08T22:20:32.862482+00:00,study3b_fifo_runtime_v1
55935,C_5967,2011,2012,8.7577769591e-05,0,0,0.06,0.0115366009995,2026-09-08T22:20:32.862482+00:00,study3b_fifo_runtime_v1
55964,C_5970,2011,2012,0.011785862036,0,1,0.06,0.0115366009995,2026-09-08T22:20:32.862482+00:00,study3b_fifo_runtime_v1
55993,C_5974,2011,2012,0.0109110353515,0,0,0.06,0.0115366009995,2026-09-08T22:20:32.862482+00:00,study3b_fifo_runtime_v1
56010,C_5975,2011,2012,0.00234185648151,0,0,0.06,0.0115366009995,2026-09-08T22:20:32.862482+00:00,study3b_fifo_runtime_v1
56026,C_5976,2011,2012,0.000839124491904,0,0,0.06,0.0115366009995,2026-09-08T22:20:32.862482+00:00,study3b_fifo_runtime_v1
56032,C_5977,2011,2012,0.000350044603692,0,0,0.06,0.0115366009995,2026-09-08T22:20:32.862482+00:00,study3b_fifo_runtime_v1
56048,C_5979,2011,2012,0.000110797082016,0,0,0.06,0.0115366009995,2026-09-08T22:20:32.862482+00:00,study3b_fifo_runtime_v1
56056,C_5980,2011,2012,0.000605684006587,0,0,0.06,0.0115366009995,2026-09-08T22:20:32.862482+00:00,study3b_fifo_runtime_v1
56086,C_5985,2011,2012,0.00344405439682,0,0,0.06,0.0115366009995,2026-09-08T22:20:32.862482+00:00,study3b_fifo_runtime_v1
56100,C_5986,2011,2012,0.0246765259653,0,1,0.06,0.0115366009995,2026-09-08T22:20:32.862482+00:00,study3b_fifo_runtime_v1
56110,C_5987,2011,2012,0.000741354248021,0,0,0.06,0.0115366009995,2026-09-08T22:20:32.862482+00:00,study3b_fifo_runtime_v1
56144,C_5992,2011,2012,0.00178782921284,0,0,0.06,0.0115366009995,2026-09-08T22:20:32.862482+00:00,study3b_fifo_runtime_v1
56172,C_5996,2011,2012,7.01502067386e-05,0,0,0.06,0.0115366009995,2026-09-08T22:20:32.862482+00:00,study3b_fifo_runtime_v1
56207,C_6001,2011,2012,0.00534560298547,0,0,0.06,0.0115366009995,2026-09-08T22:20:32.862482+00:00,study3b_fifo_runtime_v1
56223,C_6003,2011,2012,0.000622703635599,0,0,0.06,0.0115366009995,2026-09-08T22:20:32.862482+00:00,study3b_fifo_runtime_v1
56265,C_6010,2011,2012,0.000476599059766,0,0,0.06,0.0115366009995,2026-09-08T22:20:32.862482+00:00,study3b_fifo_runtime_v1
56285,C_6011,2011,2012,0.00024927436607,0,0,0.06,0.0115366009995,2026-09-08T22:20:32.862482+00:00,study3b_fifo_runtime_v1
56300,C_6013,2011,2012,0.000686197075993,0,0,0.06,0.0115366009995,2026-09-08T22:20:32.862482+00:00,study3b_fifo_runtime_v1
56325,C_6016,2011,2012,3.46510969393e-05,0,0,0.06,0.0115366009995,2026-09-08T22:20:32.862482+00:00,study3b_fifo_runtime_v1
56337,C_6017,2011,2012,0.00806940812618,0,0,0.06,0.0115366009995,2026-09-08T22:20:32.862482+00:00,study3b_fifo_runtime_v1
56357,C_6018,2011,2012,0.00266223424114,0,0,0.06,0.0115366009995,2026-09-08T22:20:32.862482+00:00,study3b_fifo_runtime_v1
56374,C_6020,2011,2012,0.000718775612768,0,0,0.06,0.0115366009995,2026-09-08T22:20:32.862482+00:00,study3b_fifo_runtime_v1
56411,C_6026,2011,2012,7.05378988641e-05,0,0,0.06,0.0115366009995,2026-09-08T22:20:32.862482+00:00,study3b_fifo_runtime_v1
56430,C_6027,2011,2012,9.44566563703e-05,0,0,0.06,0.0115366009995,2026-09-08T22:20:32.862482+00:00,study3b_fifo_runtime_v1
56452,C_6030,2011,2012,0.00433239480481,0,0,0.06,0.0115366009995,2026-09-08T22:20:32.862482+00:00,study3b_fifo_runtime_v1
56523,C_6040,2011,2012,1.04698965515e-05,0,0,0.06,0.0115366009995,2026-09-08T22:20:32.862482+00:00,study3b_fifo_runtime_v1
56543,C_6041,2011,2012,4.17104165535e-05,0,0,0.06,0.0115366009995,2026-09-08T22:20:32.862482+00:00,study3b_fifo_runtime_v1
56564,C_6043,2011,2012,0.000894210475963,0,0,0.06,0.0115366009995,2026-09-08T22:20:32.862482+00:00,study3b_fifo_runtime_v1
56584,C_6046,2011,2012,0.00145868340041,0,0,0.06,0.0115366009995,2026-09-08T22:20:32.862482+00:00,study3b_fifo_runtime_v1
56598,C_6047,2011,2012,0.232674971223,1,1,0.06,0.0115366009995,2026-09-08T22:20:32.862482+00:00,study3b_fifo_runtime_v1
56649,C_6056,2011,2012,0.0100257787853,0,0,0.06,0.0115366009995,2026-09-08T22:20:32.862482+00:00,study3b_fifo_runtime_v1
56677,C_6059,2011,2012,2.33246537391e-05,0,0,0.06,0.0115366009995,2026-09-08T22:20:32.862482+00:00,study3b_fifo_runtime_v1
56697,C_6060,2011,2012,2.39861783484e-05,0,0,0.06,0.0115366009995,2026-09-08T22:20:32.862482+00:00,study3b_fifo_runtime_v1
56713,C_6063,2011,2012,0.000239919245359,0,0,0.06,0.0115366009995,2026-09-08T22:20:32.862482+00:00,study3b_fifo_runtime_v1
56731,C_6066,2011,2012,0.000575511425268,0,0,0.06,0.0115366009995,2026-09-08T22:20:32.862482+00:00,study3b_fifo_runtime_v1
56760,C_6070,2011,2012,6.56102783978e-05,0,0,0.06,0.0115366009995,2026-09-08T22:20:32.862482+00:00,study3b_fifo_runtime_v1
56790,C_6073,2011,2012,0.00129488634411,0,0,0.06,0.0115366009995,2026-09-08T22:20:32.862482+00:00,study3b_fifo_runtime_v1
56811,C_6075,2011,2012,3.4881173633e-05,0,0,0.06,0.0115366009995,2026-09-08T22:20:32.862482+00:00,study3b_fifo_runtime_v1
56831,C_6076,2011,2012,7.83803989179e-05,0,0,0.06,0.0115366009995,2026-09-08T22:20:32.862482+00:00,study3b_fifo_runtime_v1
56863,C_6080,2011,2012,0.000665765081067,0,0,0.06,0.0115366009995,2026-09-08T22:20:32.862482+00:00,study3b_fifo_runtime_v1
56887,C_6082,2011,2012,9.30369787966e-05,0,0,0.06,0.0115366009995,2026-09-08T22:20:32.862482+00:00,study3b_fifo_runtime_v1
56906,C_6084,2011,2012,0.00462812697515,0,0,0.06,0.0115366009995,2026-09-08T22:20:32.862482+00:00,study3b_fifo_runtime_v1
56920,C_6085,2011,2012,5.2495746786e-05,0,0,0.06,0.0115366009995,2026-09-08T22:20:32.862482+00:00,study3b_fifo_runtime_v1
56940,C_6086,2011,2012,0.00417343573645,0,0,0.06,0.0115366009995,2026-09-08T22:20:32.862482+00:00,study3b_fifo_runtime_v1
56981,C_6090,2011,2012,4.59493276139e-05,0,0,0.06,0.0115366009995,2026-09-08T22:20:32.862482+00:00,study3b_fifo_runtime_v1
57035,C_6098,2011,2012,0.00113939109724,0,0,0.06,0.0115366009995,2026-09-08T22:20:32.862482+00:00,study3b_fifo_runtime_v1
57062,C_6101,2011,2012,0.0154848275706,0,1,0.06,0.0115366009995,2026-09-08T22:20:32.862482+00:00,study3b_fifo_runtime_v1
57077,C_6102,2011,2012,6.71110901749e-05,0,0,0.06,0.0115366009995,2026-09-08T22:20:32.862482+00:00,study3b_fifo_runtime_v1
57089,C_6103,2011,2012,0.00110738386866,0,0,0.06,0.0115366009995,2026-09-08T22:20:32.862482+00:00,study3b_fifo_runtime_v1
57129,C_6106,2011,2012,0.000475067296065,0,0,0.06,0.0115366009995,2026-09-08T22:20:32.862482+00:00,study3b_fifo_runtime_v1
57149,C_6107,2011,2012,0.00822758767754,0,0,0.06,0.0115366009995,2026-09-08T22:20:32.862482+00:00,study3b_fifo_runtime_v1
57163,C_6108,2011,2012,0.000136363247293,0,0,0.06,0.0115366009995,2026-09-08T22:20:32.862482+00:00,study3b_fifo_runtime_v1
57208,C_6114,2011,2012,0.000107747015136,0,0,0.06,0.0115366009995,2026-09-08T22:20:32.862482+00:00,study3b_fifo_runtime_v1
57256,C_6120,2011,2012,0.000112212750537,0,0,0.06,0.0115366009995,2026-09-08T22:20:32.862482+00:00,study3b_fifo_runtime_v1
57269,C_6121,2011,2012,0.00130463717505,0,0,0.06,0.0115366009995,2026-09-08T22:20:32.862482+00:00,study3b_fifo_runtime_v1
57312,C_6125,2011,2012,6.61996164126e-05,0,0,0.06,0.0115366009995,2026-09-08T22:20:32.862482+00:00,study3b_fifo_runtime_v1
57341,C_6127,2011,2012,0.000213437015191,0,0,0.06,0.0115366009995,2026-09-08T22:20:32.862482+00:00,study3b_fifo_runtime_v1
57367,C_6131,2011,2012,3.38498757628e-05,0,0,0.06,0.0115366009995,2026-09-08T22:20:32.862482+00:00,study3b_fifo_runtime_v1
57381,C_6132,2011,2012,1.85279295692e-05,0,0,0.06,0.0115366009995,2026-09-08T22:20:32.862482+00:00,study3b_fifo_runtime_v1
57401,C_6133,2011,2012,3.21300649375e-05,0,0,0.06,0.0115366009995,2026-09-08T22:20:32.862482+00:00,study3b_fifo_runtime_v1
57445,C_6139,2011,2012,0.000221336085815,0,0,0.06,0.0115366009995,2026-09-08T22:20:32.862482+00:00,study3b_fifo_runtime_v1
57476,C_6143,2011,2012,5.24826064066e-05,0,0,0.06,0.0115366009995,2026-09-08T22:20:32.862482+00:00,study3b_fifo_runtime_v1
57509,C_6147,2011,2012,0.00134421081748,0,0,0.06,0.0115366009995,2026-09-08T22:20:32.862482+00:00,study3b_fifo_runtime_v1
57525,C_6148,2011,2012,0.00220597907901,0,0,0.06,0.0115366009995,2026-09-08T22:20:32.862482+00:00,study3b_fifo_runtime_v1
57540,C_6149,2011,2012,0.000870953139383,0,0,0.06,0.0115366009995,2026-09-08T22:20:32.862482+00:00,study3b_fifo_runtime_v1
57560,C_6152,2011,2012,6.13294323557e-05,0,0,0.06,0.0115366009995,2026-09-08T22:20:32.862482+00:00,study3b_fifo_runtime_v1
57598,C_6156,2011,2012,0.120759911835,1,1,0.06,0.0115366009995,2026-09-08T22:20:32.862482+00:00,study3b_fifo_runtime_v1
57635,C_6164,2011,2012,4.20270953327e-05,0,0,0.06,0.0115366009995,2026-09-08T22:20:32.862482+00:00,study3b_fifo_runtime_v1
57650,C_6165,2011,2012,0.000226440359256,0,0,0.06,0.0115366009995,2026-09-08T22:20:32.862482+00:00,study3b_fifo_runtime_v1
57669,C_6168,2011,2012,2.55020586337e-05,0,0,0.06,0.0115366009995,2026-09-08T22:20:32.862482+00:00,study3b_fifo_runtime_v1
57727,C_6174,2011,2012,0.000215378197026,0,0,0.06,0.0115366009995,2026-09-08T22:20:32.862482+00:00,study3b_fifo_runtime_v1
57748,C_6177,2011,2012,0.000120265838632,0,0,0.06,0.0115366009995,2026-09-08T22:20:32.862482+00:00,study3b_fifo_runtime_v1
57770,C_6179,2011,2012,0.000209620789974,0,0,0.06,0.0115366009995,2026-09-08T22:20:32.862482+00:00,study3b_fifo_runtime_v1
57823,C_6185,2011,2012,0.00137302174699,0,0,0.06,0.0115366009995,2026-09-08T22:20:32.862482+00:00,study3b_fifo_runtime_v1
57861,C_6188,2011,2012,1.96646651602e-05,0,0,0.06,0.0115366009995,2026-09-08T22:20:32.862482+00:00,study3b_fifo_runtime_v1
57923,C_6197,2011,2012,0.000246814539423,0,0,0.06,0.0115366009995,2026-09-08T22:20:32.862482+00:00,study3b_fifo_runtime_v1
57962,C_6201,2011,2012,3.21170809912e-05,0,0,0.06,0.0115366009995,2026-09-08T22:20:32.862482+00:00,study3b_fifo_runtime_v1
57975,C_6202,2011,2012,0.24481344223,1,1,0.06,0.0115366009995,2026-09-08T22:20:32.862482+00:00,study3b_fifo_runtime_v1
58005,C_6205,2011,2012,6.68546199449e-05,0,0,0.06,0.0115366009995,2026-09-08T22:20:32.862482+00:00,study3b_fifo_runtime_v1
58022,C_6207,2011,2012,0.000517760228831,0,0,0.06,0.0115366009995,2026-09-08T22:20:32.862482+00:00,study3b_fifo_runtime_v1
58039,C_6208,2011,2012,4.38234019384e-05,0,0,0.06,0.0115366009995,2026-09-08T22:20:32.862482+00:00,study3b_fifo_runtime_v1
58057,C_6209,2011,2012,0.00025355789694,0,0,0.06,0.0115366009995,2026-09-08T22:20:32.862482+00:00,study3b_fifo_runtime_v1
58096,C_6214,2011,2012,0.000550934113562,0,0,0.06,0.0115366009995,2026-09-08T22:20:32.862482+00:00,study3b_fifo_runtime_v1
58128,C_6221,2011,2012,9.74571084953e-05,0,0,0.06,0.0115366009995,2026-09-08T22:20:32.862482+00:00,study3b_fifo_runtime_v1
58164,C_6225,2011,2012,0.0029568457976,0,0,0.06,0.0115366009995,2026-09-08T22:20:32.862482+00:00,study3b_fifo_runtime_v1
58181,C_6226,2011,2012,2.32648071687e-05,0,0,0.06,0.0115366009995,2026-09-08T22:20:32.862482+00:00,study3b_fifo_runtime_v1
58225,C_6233,2011,2012,2.70334639936e-05,0,0,0.06,0.0115366009995,2026-09-08T22:20:32.862482+00:00,study3b_fifo_runtime_v1
58243,C_6235,2011,2012,0.000424571102485,0,0,0.06,0.0115366009995,2026-09-08T22:20:32.862482+00:00,study3b_fifo_runtime_v1
58259,C_6237,2011,2012,0.000339333113516,0,0,0.06,0.0115366009995,2026-09-08T22:20:32.862482+00:00,study3b_fifo_runtime_v1
58285,C_6240,2011,2012,9.31953327381e-05,0,0,0.06,0.0115366009995,2026-09-08T22:20:32.862482+00:00,study3b_fifo_runtime_v1
58305,C_6241,2011,2012,0.00302409660071,0,0,0.06,0.0115366009995,2026-09-08T22:20:32.862482+00:00,study3b_fifo_runtime_v1
58317,C_6242,2011,2012,8.4072293248e-05,0,0,0.06,0.0115366009995,2026-09-08T22:20:32.862482+00:00,study3b_fifo_runtime_v1
58324,C_6244,2011,2012,0.0106993876398,0,0,0.06,0.0115366009995,2026-09-08T22:20:32.862482+00:00,study3b_fifo_runtime_v1
58354,C_6248,2011,2012,1.07343175841e-05,0,0,0.06,0.0115366009995,2026-09-08T22:20:32.862482+00:00,study3b_fifo_runtime_v1
58367,C_6249,2011,2012,6.94664777257e-06,0,0,0.06,0.0115366009995,2026-09-08T22:20:32.862482+00:00,study3b_fifo_runtime_v1
58405,C_6255,2011,2012,0.00861212983727,0,0,0.06,0.0115366009995,2026-09-08T22:20:32.862482+00:00,study3b_fifo_runtime_v1
58431,C_6257,2011,2012,4.87896286359e-05,0,0,0.06,0.0115366009995,2026-09-08T22:20:32.862482+00:00,study3b_fifo_runtime_v1
58453,C_6259,2011,2012,0.000189948303159,0,0,0.06,0.0115366009995,2026-09-08T22:20:32.862482+00:00,study3b_fifo_runtime_v1
58471,C_6262,2011,2012,0.00154120044317,0,0,0.06,0.0115366009995,2026-09-08T22:20:32.862482+00:00,study3b_fifo_runtime_v1
58490,C_6264,2011,2012,0.014696650207,0,1,0.06,0.0115366009995,2026-09-08T22:20:32.862482+00:00,study3b_fifo_runtime_v1
58517,C_6267,2011,2012,0.000835457758512,0,0,0.06,0.0115366009995,2026-09-08T22:20:32.862482+00:00,study3b_fifo_runtime_v1
58529,C_6268,2011,2012,0.000251106306678,0,0,0.06,0.0115366009995,2026-09-08T22:20:32.862482+00:00,study3b_fifo_runtime_v1
58546,C_6270,2011,2012,0.000211998121813,0,0,0.06,0.0115366009995,2026-09-08T22:20:32.862482+00:00,study3b_fifo_runtime_v1
58566,C_6271,2011,2012,0.000339435442584,0,0,0.06,0.0115366009995,2026-09-08T22:20:32.862482+00:00,study3b_fifo_runtime_v1
58585,C_6272,2011,2012,0.000490437902045,0,0,0.06,0.0115366009995,2026-09-08T22:20:32.862482+00:00,study3b_fifo_runtime_v1
58608,C_6274,2011,2012,0.000236686610151,0,0,0.06,0.0115366009995,2026-09-08T22:20:32.862482+00:00,study3b_fifo_runtime_v1
58635,C_6278,2011,2012,0.00014601762814,0,0,0.06,0.0115366009995,2026-09-08T22:20:32.862482+00:00,study3b_fifo_runtime_v1
58661,C_6280,2011,2012,0.000112668822112,0,0,0.06,0.0115366009995,2026-09-08T22:20:32.862482+00:00,study3b_fifo_runtime_v1
58693,C_6282,2011,2012,5.49622091057e-05,0,0,0.06,0.0115366009995,2026-09-08T22:20:32.862482+00:00,study3b_fifo_runtime_v1
58716,C_6285,2011,2012,1.4133044715e-05,0,0,0.06,0.0115366009995,2026-09-08T22:20:32.862482+00:00,study3b_fifo_runtime_v1
58742,C_6287,2011,2012,0.000314887758577,0,0,0.06,0.0115366009995,2026-09-08T22:20:32.862482+00:00,study3b_fifo_runtime_v1
58765,C_6289,2011,2012,2.61183449766e-05,0,0,0.06,0.0115366009995,2026-09-08T22:20:32.862482+00:00,study3b_fifo_runtime_v1
58778,C_6290,2011,2012,0.000731383450329,0,0,0.06,0.0115366009995,2026-09-08T22:20:32.862482+00:00,study3b_fifo_runtime_v1
58800,C_6292,2011,2012,8.43947509566e-06,0,0,0.06,0.0115366009995,2026-09-08T22:20:32.862482+00:00,study3b_fifo_runtime_v1
58829,C_6295,2011,2012,0.00695803761482,0,0,0.06,0.0115366009995,2026-09-08T22:20:32.862482+00:00,study3b_fifo_runtime_v1
58852,C_6297,2011,2012,1.07530095192e-05,0,0,0.06,0.0115366009995,2026-09-08T22:20:32.862482+00:00,study3b_fifo_runtime_v1
58907,C_6304,2011,2012,0.000197272922378,0,0,0.06,0.0115366009995,2026-09-08T22:20:32.862482+00:00,study3b_fifo_runtime_v1
58954,C_6309,2011,2012,0.000159270028234,0,0,0.06,0.0115366009995,2026-09-08T22:20:32.862482+00:00,study3b_fifo_runtime_v1
58994,C_6315,2011,2012,0.000973842514213,0,0,0.06,0.0115366009995,2026-09-08T22:20:32.862482+00:00,study3b_fifo_runtime_v1
59027,C_6322,2011,2012,0.00242733256891,0,0,0.06,0.0115366009995,2026-09-08T22:20:32.862482+00:00,study3b_fifo_runtime_v1
59048,C_6324,2011,2012,0.000398329808377,0,0,0.06,0.0115366009995,2026-09-08T22:20:32.862482+00:00,study3b_fifo_runtime_v1
59104,C_6330,2011,2012,0.000611989293247,0,0,0.06,0.0115366009995,2026-09-08T22:20:32.862482+00:00,study3b_fifo_runtime_v1
59126,C_6332,2011,2012,0.000323499989463,0,0,0.06,0.0115366009995,2026-09-08T22:20:32.862482+00:00,study3b_fifo_runtime_v1
59146,C_6333,2011,2012,0.00106581288856,0,0,0.06,0.0115366009995,2026-09-08T22:20:32.862482+00:00,study3b_fifo_runtime_v1
59175,C_6335,2011,2012,0.0038403396029,0,0,0.06,0.0115366009995,2026-09-08T22:20:32.862482+00:00,study3b_fifo_runtime_v1
59192,C_6337,2011,2012,8.64141620696e-05,0,0,0.06,0.0115366009995,2026-09-08T22:20:32.862482+00:00,study3b_fifo_runtime_v1
59212,C_6340,2011,2012,3.84417326131e-05,0,0,0.06,0.0115366009995,2026-09-08T22:20:32.862482+00:00,study3b_fifo_runtime_v1
59278,C_6349,2011,2012,3.10496470775e-05,0,0,0.06,0.0115366009995,2026-09-08T22:20:32.862482+00:00,study3b_fifo_runtime_v1
59312,C_6353,2011,2012,0.000387781765312,0,0,0.06,0.0115366009995,2026-09-08T22:20:32.862482+00:00,study3b_fifo_runtime_v1
59331,C_6354,2011,2012,0.000177643218194,0,0,0.06,0.0115366009995,2026-09-08T22:20:32.862482+00:00,study3b_fifo_runtime_v1
59344,C_6355,2011,2012,0.00313655217178,0,0,0.06,0.0115366009995,2026-09-08T22:20:32.862482+00:00,study3b_fifo_runtime_v1
59372,C_6359,2011,2012,0.000132353816298,0,0,0.06,0.0115366009995,2026-09-08T22:20:32.862482+00:00,study3b_fifo_runtime_v1
59397,C_6361,2011,2012,0.00104950962123,0,0,0.06,0.0115366009995,2026-09-08T22:20:32.862482+00:00,study3b_fifo_runtime_v1
59430,C_6365,2011,2012,0.000312661955832,0,0,0.06,0.0115366009995,2026-09-08T22:20:32.862482+00:00,study3b_fifo_runtime_v1
59450,C_6366,2011,2012,0.0001103885661,0,0,0.06,0.0115366009995,2026-09-08T22:20:32.862482+00:00,study3b_fifo_runtime_v1
59468,C_6368,2011,2012,0.00449359323829,0,0,0.06,0.0115366009995,2026-09-08T22:20:32.862482+00:00,study3b_fifo_runtime_v1
59494,C_6370,2011,2012,0.00704102078453,0,0,0.06,0.0115366009995,2026-09-08T22:20:32.862482+00:00,study3b_fifo_runtime_v1
59503,C_6371,2011,2012,9.25934800762e-05,0,0,0.06,0.0115366009995,2026-09-08T22:20:32.862482+00:00,study3b_fifo_runtime_v1
59562,C_6380,2011,2012,0.0163143482059,0,1,0.06,0.0115366009995,2026-09-08T22:20:32.862482+00:00,study3b_fifo_runtime_v1
59592,C_6384,2011,2012,1.0494352864e-05,0,0,0.06,0.0115366009995,2026-09-08T22:20:32.862482+00:00,study3b_fifo_runtime_v1
59610,C_6385,2011,2012,0.00261542270891,0,0,0.06,0.0115366009995,2026-09-08T22:20:32.862482+00:00,study3b_fifo_runtime_v1
59666,C_6393,2011,2012,0.000494712789077,0,0,0.06,0.0115366009995,2026-09-08T22:20:32.862482+00:00,study3b_fifo_runtime_v1
59701,C_6397,2011,2012,1.97695480892e-05,0,0,0.06,0.0115366009995,2026-09-08T22:20:32.862482+00:00,study3b_fifo_runtime_v1
59724,C_6399,2011,2012,0.000343873311067,0,0,0.06,0.0115366009995,2026-09-08T22:20:32.862482+00:00,study3b_fifo_runtime_v1
59752,C_6403,2011,2012,0.030263915658,0,1,0.06,0.0115366009995,2026-09-08T22:20:32.862482+00:00,study3b_fifo_runtime_v1
59772,C_6404,2011,2012,0.00334383710288,0,0,0.06,0.0115366009995,2026-09-08T22:20:32.862482+00:00,study3b_fifo_runtime_v1
59785,C_6406,2011,2012,9.34939380386e-05,0,0,0.06,0.0115366009995,2026-09-08T22:20:32.862482+00:00,study3b_fifo_runtime_v1
59809,C_6408,2011,2012,0.00128067960031,0,0,0.06,0.0115366009995,2026-09-08T22:20:32.862482+00:00,study3b_fifo_runtime_v1
59843,C_6411,2011,2012,0.00124326336663,0,0,0.06,0.0115366009995,2026-09-08T22:20:32.862482+00:00,study3b_fifo_runtime_v1
59863,C_6413,2011,2012,0.000861761451233,0,0,0.06,0.0115366009995,2026-09-08T22:20:32.862482+00:00,study3b_fifo_runtime_v1
59899,C_6417,2011,2012,7.81637063483e-05,0,0,0.06,0.0115366009995,2026-09-08T22:20:32.862482+00:00,study3b_fifo_runtime_v1
59919,C_6418,2011,2012,0.00568444281816,0,0,0.06,0.0115366009995,2026-09-08T22:20:32.862482+00:00,study3b_fifo_runtime_v1
59938,C_6419,2011,2012,0.00104351493064,0,0,0.06,0.0115366009995,2026-09-08T22:20:32.862482+00:00,study3b_fifo_runtime_v1
59961,C_6421,2011,2012,0.00340164569207,0,0,0.06,0.0115366009995,2026-09-08T22:20:32.862482+00:00,study3b_fifo_runtime_v1
59993,C_6425,2011,2012,0.000499279238284,0,0,0.06,0.0115366009995,2026-09-08T22:20:32.862482+00:00,study3b_fifo_runtime_v1
60013,C_6426,2011,2012,1.8715940314e-05,0,0,0.06,0.0115366009995,2026-09-08T22:20:32.862482+00:00,study3b_fifo_runtime_v1
60037,C_6428,2011,2012,0.00661749625579,0,0,0.06,0.0115366009995,2026-09-08T22:20:32.862482+00:00,study3b_fifo_runtime_v1
60053,C_6429,2011,2012,2.05949454539e-05,0,0,0.06,0.0115366009995,2026-09-08T22:20:32.862482+00:00,study3b_fifo_runtime_v1
60091,C_6435,2011,2012,1.59332303156e-05,0,0,0.06,0.0115366009995,2026-09-08T22:20:32.862482+00:00,study3b_fifo_runtime_v1
60116,C_6437,2011,2012,0.000507690769155,0,0,0.06,0.0115366009995,2026-09-08T22:20:32.862482+00:00,study3b_fifo_runtime_v1
60134,C_6438,2011,2012,0.0103505505249,0,0,0.06,0.0115366009995,2026-09-08T22:20:32.862482+00:00,study3b_fifo_runtime_v1
60203,C_6447,2011,2012,4.71883686259e-05,0,0,0.06,0.0115366009995,2026-09-08T22:20:32.862482+00:00,study3b_fifo_runtime_v1
60222,C_6450,2011,2012,2.8566826586e-05,0,0,0.06,0.0115366009995,2026-09-08T22:20:32.862482+00:00,study3b_fifo_runtime_v1
60311,C_6464,2011,2012,5.51619414182e-05,0,0,0.06,0.0115366009995,2026-09-08T22:20:32.862482+00:00,study3b_fifo_runtime_v1
60333,C_6466,2011,2012,0.000400666118367,0,0,0.06,0.0115366009995,2026-09-08T22:20:32.862482+00:00,study3b_fifo_runtime_v1
60362,C_6469,2011,2012,0.000279034167761,0,0,0.06,0.0115366009995,2026-09-08T22:20:32.862482+00:00,study3b_fifo_runtime_v1
60381,C_6470,2011,2012,6.60876976326e-05,0,0,0.06,0.0115366009995,2026-09-08T22:20:32.862482+00:00,study3b_fifo_runtime_v1
60409,C_6472,2011,2012,0.00217930437066,0,0,0.06,0.0115366009995,2026-09-08T22:20:32.862482+00:00,study3b_fifo_runtime_v1
60434,C_6474,2011,2012,0.000122943485621,0,0,0.06,0.0115366009995,2026-09-08T22:20:32.862482+00:00,study3b_fifo_runtime_v1
60515,C_6486,2011,2012,0.000372624141164,0,0,0.06,0.0115366009995,2026-09-08T22:20:32.862482+00:00,study3b_fifo_runtime_v1
60535,C_6487,2011,2012,1.22969104268e-05,0,0,0.06,0.0115366009995,2026-09-08T22:20:32.862482+00:00,study3b_fifo_runtime_v1
60590,C_6495,2011,2012,4.00973913202e-05,0,0,0.06,0.0115366009995,2026-09-08T22:20:32.862482+00:00,study3b_fifo_runtime_v1
60623,C_6498,2011,2012,5.99372542638e-05,0,0,0.06,0.0115366009995,2026-09-08T22:20:32.862482+00:00,study3b_fifo_runtime_v1
60639,C_6499,2011,2012,4.9513157137e-05,0,0,0.06,0.0115366009995,2026-09-08T22:20:32.862482+00:00,study3b_fifo_runtime_v1
60659,C_6502,2011,2012,0.00023094448261,0,0,0.06,0.0115366009995,2026-09-08T22:20:32.862482+00:00,study3b_fifo_runtime_v1
60706,C_6510,2011,2012,2.16309927055e-05,0,0,0.06,0.0115366009995,2026-09-08T22:20:32.862482+00:00,study3b_fifo_runtime_v1
60735,C_6513,2011,2012,4.74982552987e-05,0,0,0.06,0.0115366009995,2026-09-08T22:20:32.862482+00:00,study3b_fifo_runtime_v1
60756,C_6515,2011,2012,0.00463223550469,0,0,0.06,0.0115366009995,2026-09-08T22:20:32.862482+00:00,study3b_fifo_runtime_v1
60774,C_6517,2011,2012,4.24690078944e-05,0,0,0.06,0.0115366009995,2026-09-08T22:20:32.862482+00:00,study3b_fifo_runtime_v1
60793,C_6520,2011,2012,0.000414233451011,0,0,0.06,0.0115366009995,2026-09-08T22:20:32.862482+00:00,study3b_fifo_runtime_v1
60837,C_6527,2011,2012,0.00856592226774,0,0,0.06,0.0115366009995,2026-09-08T22:20:32.862482+00:00,study3b_fifo_runtime_v1
60855,C_6528,2011,2012,0.000632061681245,0,0,0.06,0.0115366009995,2026-09-08T22:20:32.862482+00:00,study3b_fifo_runtime_v1
60926,C_6538,2011,2012,0.000201549206395,0,0,0.06,0.0115366009995,2026-09-08T22:20:32.862482+00:00,study3b_fifo_runtime_v1
60946,C_6539,2011,2012,6.00487510383e-05,0,0,0.06,0.0115366009995,2026-09-08T22:20:32.862482+00:00,study3b_fifo_runtime_v1
60969,C_6542,2011,2012,1.23153986351e-05,0,0,0.06,0.0115366009995,2026-09-08T22:20:32.862482+00:00,study3b_fifo_runtime_v1
60982,C_6543,2011,2012,2.32396123465e-05,0,0,0.06,0.0115366009995,2026-09-08T22:20:32.862482+00:00,study3b_fifo_runtime_v1
61002,C_6545,2011,2012,0.0613073557615,1,1,0.06,0.0115366009995,2026-09-08T22:20:32.862482+00:00,study3b_fifo_runtime_v1
61067,C_6555,2011,2012,0.000395911745727,0,0,0.06,0.0115366009995,2026-09-08T22:20:32.862482+00:00,study3b_fifo_runtime_v1
61116,C_6559,2011,2012,0.00055185862584,0,0,0.06,0.0115366009995,2026-09-08T22:20:32.862482+00:00,study3b_fifo_runtime_v1
61129,C_6560,2011,2012,0.000321575673297,0,0,0.06,0.0115366009995,2026-09-08T22:20:32.862482+00:00,study3b_fifo_runtime_v1
61182,C_6568,2011,2012,0.000262685498456,0,0,0.06,0.0115366009995,2026-09-08T22:20:32.862482+00:00,study3b_fifo_runtime_v1
61197,C_6570,2011,2012,0.000480686518131,0,0,0.06,0.0115366009995,2026-09-08T22:20:32.862482+00:00,study3b_fifo_runtime_v1
61247,C_6579,2011,2012,4.61709605588e-05,0,0,0.06,0.0115366009995,2026-09-08T22:20:32.862482+00:00,study3b_fifo_runtime_v1
61276,C_6583,2011,2012,4.62780189991e-05,0,0,0.06,0.0115366009995,2026-09-08T22:20:32.862482+00:00,study3b_fifo_runtime_v1
61293,C_6584,2011,2012,9.44329804042e-06,0,0,0.06,0.0115366009995,2026-09-08T22:20:32.862482+00:00,study3b_fifo_runtime_v1
61313,C_6585,2011,2012,0.000317440717481,0,0,0.06,0.0115366009995,2026-09-08T22:20:32.862482+00:00,study3b_fifo_runtime_v1
61328,C_6586,2011,2012,4.99925081385e-05,0,0,0.06,0.0115366009995,2026-09-08T22:20:32.862482+00:00,study3b_fifo_runtime_v1
61348,C_6587,2011,2012,0.00116643810179,0,0,0.06,0.0115366009995,2026-09-08T22:20:32.862482+00:00,study3b_fifo_runtime_v1
61372,C_6589,2011,2012,0.000538652471732,0,0,0.06,0.0115366009995,2026-09-08T22:20:32.862482+00:00,study3b_fifo_runtime_v1
61411,C_6595,2011,2012,0.000451213185443,0,0,0.06,0.0115366009995,2026-09-08T22:20:32.862482+00:00,study3b_fifo_runtime_v1
61463,C_6604,2011,2012,0.000126894374262,0,0,0.06,0.0115366009995,2026-09-08T22:20:32.862482+00:00,study3b_fifo_runtime_v1
61479,C_6605,2011,2012,0.00737721472979,0,0,0.06,0.0115366009995,2026-09-08T22:20:32.862482+00:00,study3b_fifo_runtime_v1
61499,C_6606,2011,2012,0.000156862573931,0,0,0.06,0.0115366009995,2026-09-08T22:20:32.862482+00:00,study3b_fifo_runtime_v1
61519,C_6607,2011,2012,0.00522587494925,0,0,0.06,0.0115366009995,2026-09-08T22:20:32.862482+00:00,study3b_fifo_runtime_v1
61537,C_6608,2011,2012,0.000108402025944,0,0,0.06,0.0115366009995,2026-09-08T22:20:32.862482+00:00,study3b_fifo_runtime_v1
61566,C_6611,2011,2012,0.000144321893458,0,0,0.06,0.0115366009995,2026-09-08T22:20:32.862482+00:00,study3b_fifo_runtime_v1
61585,C_6614,2011,2012,6.45832988084e-05,0,0,0.06,0.0115366009995,2026-09-08T22:20:32.862482+00:00,study3b_fifo_runtime_v1
61596,C_6615,2011,2012,0.00564083689824,0,0,0.06,0.0115366009995,2026-09-08T22:20:32.862482+00:00,study3b_fifo_runtime_v1
61616,C_6616,2011,2012,0.00230693886988,0,0,0.06,0.0115366009995,2026-09-08T22:20:32.862482+00:00,study3b_fifo_runtime_v1
61660,C_6620,2011,2012,0.00186297611799,0,0,0.06,0.0115366009995,2026-09-08T22:20:32.862482+00:00,study3b_fifo_runtime_v1
61693,C_6624,2011,2012,6.02983091085e-05,0,0,0.06,0.0115366009995,2026-09-08T22:20:32.862482+00:00,study3b_fifo_runtime_v1
61716,C_6626,2011,2012,0.00250259251334,0,0,0.06,0.0115366009995,2026-09-08T22:20:32.862482+00:00,study3b_fifo_runtime_v1
61736,C_6627,2011,2012,8.80628285813e-05,0,0,0.06,0.0115366009995,2026-09-08T22:20:32.862482+00:00,study3b_fifo_runtime_v1
61769,C_6630,2011,2012,7.88666220615e-05,0,0,0.06,0.0115366009995,2026-09-08T22:20:32.862482+00:00,study3b_fifo_runtime_v1
61789,C_6631,2011,2012,3.488821676e-05,0,0,0.06,0.0115366009995,2026-09-08T22:20:32.862482+00:00,study3b_fifo_runtime_v1
61816,C_6633,2011,2012,0.00597155233845,0,0,0.06,0.0115366009995,2026-09-08T22:20:32.862482+00:00,study3b_fifo_runtime_v1
61841,C_6637,2011,2012,0.00144008302595,0,0,0.06,0.0115366009995,2026-09-08T22:20:32.862482+00:00,study3b_fifo_runtime_v1
61861,C_6639,2011,2012,6.90278466209e-05,0,0,0.06,0.0115366009995,2026-09-08T22:20:32.862482+00:00,study3b_fifo_runtime_v1
61881,C_6640,2011,2012,0.000117083603982,0,0,0.06,0.0115366009995,2026-09-08T22:20:32.862482+00:00,study3b_fifo_runtime_v1
61908,C_6643,2011,2012,4.05852588301e-05,0,0,0.06,0.0115366009995,2026-09-08T22:20:32.862482+00:00,study3b_fifo_runtime_v1
61949,C_6650,2011,2012,0.0870935991406,1,1,0.06,0.0115366009995,2026-09-08T22:20:32.862482+00:00,study3b_fifo_runtime_v1
61965,C_6651,2011,2012,0.00845836754888,0,0,0.06,0.0115366009995,2026-09-08T22:20:32.862482+00:00,study3b_fifo_runtime_v1
61985,C_6652,2011,2012,0.000205194912269,0,0,0.06,0.0115366009995,2026-09-08T22:20:32.862482+00:00,study3b_fifo_runtime_v1
62015,C_6655,2011,2012,0.000141064156196,0,0,0.06,0.0115366009995,2026-09-08T22:20:32.862482+00:00,study3b_fifo_runtime_v1
62027,C_6656,2011,2012,0.00126868183725,0,0,0.06,0.0115366009995,2026-09-08T22:20:32.862482+00:00,study3b_fifo_runtime_v1
62071,C_6662,2011,2012,2.2951142455e-05,0,0,0.06,0.0115366009995,2026-09-08T22:20:32.862482+00:00,study3b_fifo_runtime_v1
62108,C_6665,2011,2012,0.000883368367795,0,0,0.06,0.0115366009995,2026-09-08T22:20:32.862482+00:00,study3b_fifo_runtime_v1
62137,C_6671,2011,2012,0.00279995054007,0,0,0.06,0.0115366009995,2026-09-08T22:20:32.862482+00:00,study3b_fifo_runtime_v1
62191,C_6680,2011,2012,2.56404764514e-05,0,0,0.06,0.0115366009995,2026-09-08T22:20:32.862482+00:00,study3b_fifo_runtime_v1
62229,C_6684,2011,2012,0.000152271139086,0,0,0.06,0.0115366009995,2026-09-08T22:20:32.862482+00:00,study3b_fifo_runtime_v1
62253,C_6687,2011,2012,0.000443627970526,0,0,0.06,0.0115366009995,2026-09-08T22:20:32.862482+00:00,study3b_fifo_runtime_v1
62271,C_6691,2011,2012,0.00833485368639,0,0,0.06,0.0115366009995,2026-09-08T22:20:32.862482+00:00,study3b_fifo_runtime_v1
62293,C_6693,2011,2012,0.000302565313177,0,0,0.06,0.0115366009995,2026-09-08T22:20:32.862482+00:00,study3b_fifo_runtime_v1
62330,C_6699,2011,2012,0.000329521717504,0,0,0.06,0.0115366009995,2026-09-08T22:20:32.862482+00:00,study3b_fifo_runtime_v1
62366,C_6704,2011,2012,1.02414333014e-05,0,0,0.06,0.0115366009995,2026-09-08T22:20:32.862482+00:00,study3b_fifo_runtime_v1
62427,C_6713,2011,2012,0.000358721677912,0,0,0.06,0.0115366009995,2026-09-08T22:20:32.862482+00:00,study3b_fifo_runtime_v1
62453,C_6715,2011,2012,0.00594033114612,0,0,0.06,0.0115366009995,2026-09-08T22:20:32.862482+00:00,study3b_fifo_runtime_v1
62515,C_6726,2011,2012,7.03345285729e-05,0,0,0.06,0.0115366009995,2026-09-08T22:20:32.862482+00:00,study3b_fifo_runtime_v1
62534,C_6728,2011,2012,0.00205496163107,0,0,0.06,0.0115366009995,2026-09-08T22:20:32.862482+00:00,study3b_fifo_runtime_v1
62589,C_6734,2011,2012,0.0033054605592,0,0,0.06,0.0115366009995,2026-09-08T22:20:32.862482+00:00,study3b_fifo_runtime_v1
62617,C_6738,2011,2012,0.00039522734005,0,0,0.06,0.0115366009995,2026-09-08T22:20:32.862482+00:00,study3b_fifo_runtime_v1
62677,C_6746,2011,2012,4.36327827629e-05,0,0,0.06,0.0115366009995,2026-09-08T22:20:32.862482+00:00,study3b_fifo_runtime_v1
62704,C_6751,2011,2012,0.000312478136038,0,0,0.06,0.0115366009995,2026-09-08T22:20:32.862482+00:00,study3b_fifo_runtime_v1
62734,C_6755,2011,2012,0.000250622775638,0,0,0.06,0.0115366009995,2026-09-08T22:20:32.862482+00:00,study3b_fifo_runtime_v1
62765,C_6758,2011,2012,3.27631169057e-05,0,0,0.06,0.0115366009995,2026-09-08T22:20:32.862482+00:00,study3b_fifo_runtime_v1
62783,C_6760,2011,2012,0.000462083844468,0,0,0.06,0.0115366009995,2026-09-08T22:20:32.862482+00:00,study3b_fifo_runtime_v1
62808,C_6762,2011,2012,0.00236707204022,0,0,0.06,0.0115366009995,2026-09-08T22:20:32.862482+00:00,study3b_fifo_runtime_v1
62836,C_6767,2011,2012,0.00103569065686,0,0,0.06,0.0115366009995,2026-09-08T22:20:32.862482+00:00,study3b_fifo_runtime_v1
62856,C_6769,2011,2012,6.17050900473e-05,0,0,0.06,0.0115366009995,2026-09-08T22:20:32.862482+00:00,study3b_fifo_runtime_v1
62865,C_6770,2011,2012,0.0704114809632,1,1,0.06,0.0115366009995,2026-09-08T22:20:32.862482+00:00,study3b_fifo_runtime_v1
62886,C_6773,2011,2012,0.00241026468575,0,0,0.06,0.0115366009995,2026-09-08T22:20:32.862482+00:00,study3b_fifo_runtime_v1
62919,C_6779,2011,2012,9.78979151114e-05,0,0,0.06,0.0115366009995,2026-09-08T22:20:32.862482+00:00,study3b_fifo_runtime_v1
62924,C_6780,2011,2012,0.00013425956422,0,0,0.06,0.0115366009995,2026-09-08T22:20:32.862482+00:00,study3b_fifo_runtime_v1
62950,C_6784,2011,2012,0.000185721262824,0,0,0.06,0.0115366009995,2026-09-08T22:20:32.862482+00:00,study3b_fifo_runtime_v1
62964,C_6785,2011,2012,0.000172964922967,0,0,0.06,0.0115366009995,2026-09-08T22:20:32.862482+00:00,study3b_fifo_runtime_v1
62976,C_6786,2011,2012,1.87311597983e-05,0,0,0.06,0.0115366009995,2026-09-08T22:20:32.862482+00:00,study3b_fifo_runtime_v1
62980,C_6787,2011,2012,2.84461129922e-05,0,0,0.06,0.0115366009995,2026-09-08T22:20:32.862482+00:00,study3b_fifo_runtime_v1
62995,C_6788,2011,2012,0.000713813991752,0,0,0.06,0.0115366009995,2026-09-08T22:20:32.862482+00:00,study3b_fifo_runtime_v1
63014,C_6789,2011,2012,3.11032927129e-05,0,0,0.06,0.0115366009995,2026-09-08T22:20:32.862482+00:00,study3b_fifo_runtime_v1
63028,C_6791,2011,2012,0.000187058743904,0,0,0.06,0.0115366009995,2026-09-08T22:20:32.862482+00:00,study3b_fifo_runtime_v1
63052,C_6794,2011,2012,3.40031838277e-05,0,0,0.06,0.0115366009995,2026-09-08T22:20:32.862482+00:00,study3b_fifo_runtime_v1
63066,C_6796,2011,2012,0.000126094950247,0,0,0.06,0.0115366009995,2026-09-08T22:20:32.862482+00:00,study3b_fifo_runtime_v1
63085,C_6797,2011,2012,3.46234337485e-05,0,0,0.06,0.0115366009995,2026-09-08T22:20:32.862482+00:00,study3b_fifo_runtime_v1
63104,C_6798,2011,2012,9.95292884909e-06,0,0,0.06,0.0115366009995,2026-09-08T22:20:32.862482+00:00,study3b_fifo_runtime_v1
63129,C_6800,2011,2012,9.43998747971e-06,0,0,0.06,0.0115366009995,2026-09-08T22:20:32.862482+00:00,study3b_fifo_runtime_v1
63176,C_6805,2011,2012,1.16852752399e-05,0,0,0.06,0.0115366009995,2026-09-08T22:20:32.862482+00:00,study3b_fifo_runtime_v1
63195,C_6806,2011,2012,1.5250213437e-05,0,0,0.06,0.0115366009995,2026-09-08T22:20:32.862482+00:00,study3b_fifo_runtime_v1
63218,C_6808,2011,2012,0.00016827917716,0,0,0.06,0.0115366009995,2026-09-08T22:20:32.862482+00:00,study3b_fifo_runtime_v1
63236,C_6809,2011,2012,0.00055508344667,0,0,0.06,0.0115366009995,2026-09-08T22:20:32.862482+00:00,study3b_fifo_runtime_v1
63268,C_6812,2011,2012,0.0132681233808,0,1,0.06,0.0115366009995,2026-09-08T22:20:32.862482+00:00,study3b_fifo_runtime_v1
63287,C_6813,2011,2012,6.53017059449e-06,0,0,0.06,0.0115366009995,2026-09-08T22:20:32.862482+00:00,study3b_fifo_runtime_v1
63306,C_6814,2011,2012,0.000579489511438,0,0,0.06,0.0115366009995,2026-09-08T22:20:32.862482+00:00,study3b_fifo_runtime_v1
63325,C_6815,2011,2012,4.05222453992e-05,0,0,0.06,0.0115366009995,2026-09-08T22:20:32.862482+00:00,study3b_fifo_runtime_v1
63357,C_6818,2011,2012,0.00759430602193,0,0,0.06,0.0115366009995,2026-09-08T22:20:32.862482+00:00,study3b_fifo_runtime_v1
63376,C_6819,2011,2012,7.881399506e-05,0,0,0.06,0.0115366009995,2026-09-08T22:20:32.862482+00:00,study3b_fifo_runtime_v1
63388,C_6820,2011,2012,8.42626031954e-05,0,0,0.06,0.0115366009995,2026-09-08T22:20:32.862482+00:00,study3b_fifo_runtime_v1
63424,C_6824,2011,2012,0.000235559607972,0,0,0.06,0.0115366009995,2026-09-08T22:20:32.862482+00:00,study3b_fifo_runtime_v1
63445,C_6826,2011,2012,0.000528503966052,0,0,0.06,0.0115366009995,2026-09-08T22:20:32.862482+00:00,study3b_fifo_runtime_v1
63493,C_6831,2011,2012,0.000174995468115,0,0,0.06,0.0115366009995,2026-09-08T22:20:32.862482+00:00,study3b_fifo_runtime_v1
63515,C_6835,2011,2012,0.0334609262645,0,1,0.06,0.0115366009995,2026-09-08T22:20:32.862482+00:00,study3b_fifo_runtime_v1
63550,C_6842,2011,2012,0.000419332034653,0,0,0.06,0.0115366009995,2026-09-08T22:20:32.862482+00:00,study3b_fifo_runtime_v1
63583,C_6845,2011,2012,0.00450701406226,0,0,0.06,0.0115366009995,2026-09-08T22:20:32.862482+00:00,study3b_fifo_runtime_v1
63624,C_6849,2011,2012,0.0147513477132,0,1,0.06,0.0115366009995,2026-09-08T22:20:32.862482+00:00,study3b_fifo_runtime_v1
63643,C_6850,2011,2012,0.00231006252579,0,0,0.06,0.0115366009995,2026-09-08T22:20:32.862482+00:00,study3b_fifo_runtime_v1
63662,C_6853,2011,2012,3.94380049329e-06,0,0,0.06,0.0115366009995,2026-09-08T22:20:32.862482+00:00,study3b_fifo_runtime_v1
63694,C_6856,2011,2012,3.26326735376e-05,0,0,0.06,0.0115366009995,2026-09-08T22:20:32.862482+00:00,study3b_fifo_runtime_v1
63755,C_6864,2011,2012,0.000763782765716,0,0,0.06,0.0115366009995,2026-09-08T22:20:32.862482+00:00,study3b_fifo_runtime_v1
63774,C_6865,2011,2012,0.000702725083102,0,0,0.06,0.0115366009995,2026-09-08T22:20:32.862482+00:00,study3b_fifo_runtime_v1
63786,C_6868,2011,2012,0.000340932281688,0,0,0.06,0.0115366009995,2026-09-08T22:20:32.862482+00:00,study3b_fifo_runtime_v1
63807,C_6870,2011,2012,0.00190032285172,0,0,0.06,0.0115366009995,2026-09-08T22:20:32.862482+00:00,study3b_fifo_runtime_v1
63837,C_6873,2011,2012,0.000108504726086,0,0,0.06,0.0115366009995,2026-09-08T22:20:32.862482+00:00,study3b_fifo_runtime_v1
63856,C_6874,2011,2012,0.000149602405145,0,0,0.06,0.0115366009995,2026-09-08T22:20:32.862482+00:00,study3b_fifo_runtime_v1
63894,C_6879,2011,2012,0.000281670421828,0,0,0.06,0.0115366009995,2026-09-08T22:20:32.862482+00:00,study3b_fifo_runtime_v1
63903,C_6880,2011,2012,2.7843798307e-06,0,0,0.06,0.0115366009995,2026-09-08T22:20:32.862482+00:00,study3b_fifo_runtime_v1
63932,C_6883,2011,2012,6.67990434522e-06,0,0,0.06,0.0115366009995,2026-09-08T22:20:32.862482+00:00,study3b_fifo_runtime_v1
63957,C_6885,2011,2012,4.54704531876e-05,0,0,0.06,0.0115366009995,2026-09-08T22:20:32.862482+00:00,study3b_fifo_runtime_v1
63976,C_6886,2011,2012,0.0017220498994,0,0,0.06,0.0115366009995,2026-09-08T22:20:32.862482+00:00,study3b_fifo_runtime_v1
64007,C_6890,2011,2012,3.97191652155e-05,0,0,0.06,0.0115366009995,2026-09-08T22:20:32.862482+00:00,study3b_fifo_runtime_v1
64021,C_6892,2011,2012,0.00320125557482,0,0,0.06,0.0115366009995,2026-09-08T22:20:32.862482+00:00,study3b_fifo_runtime_v1
64037,C_6893,2011,2012,1.86908091564e-05,0,0,0.06,0.0115366009995,2026-09-08T22:20:32.862482+00:00,study3b_fifo_runtime_v1
64072,C_6897,2011,2012,0.00173478201032,0,0,0.06,0.0115366009995,2026-09-08T22:20:32.862482+00:00,study3b_fifo_runtime_v1
64091,C_6898,2011,2012,0.00438575772569,0,0,0.06,0.0115366009995,2026-09-08T22:20:32.862482+00:00,study3b_fifo_runtime_v1
64113,C_6902,2011,2012,5.55808355784e-06,0,0,0.06,0.0115366009995,2026-09-08T22:20:32.862482+00:00,study3b_fifo_runtime_v1
64132,C_6903,2011,2012,0.00137433072086,0,0,0.06,0.0115366009995,2026-09-08T22:20:32.862482+00:00,study3b_fifo_runtime_v1
64157,C_6905,2011,2012,1.96936907741e-05,0,0,0.06,0.0115366009995,2026-09-08T22:20:32.862482+00:00,study3b_fifo_runtime_v1
64180,C_6907,2011,2012,0.00123480695765,0,0,0.06,0.0115366009995,2026-09-08T22:20:32.862482+00:00,study3b_fifo_runtime_v1
64193,C_6909,2011,2012,2.09495919989e-05,0,0,0.06,0.0115366009995,2026-09-08T22:20:32.862482+00:00,study3b_fifo_runtime_v1
64239,C_6915,2011,2012,0.000585323723499,0,0,0.06,0.0115366009995,2026-09-08T22:20:32.862482+00:00,study3b_fifo_runtime_v1
64266,C_6918,2011,2012,0.00420010648668,0,0,0.06,0.0115366009995,2026-09-08T22:20:32.862482+00:00,study3b_fifo_runtime_v1
64280,C_6919,2011,2012,8.32988662296e-05,0,0,0.06,0.0115366009995,2026-09-08T22:20:32.862482+00:00,study3b_fifo_runtime_v1
64313,C_6925,2011,2012,0.00182300934102,0,0,0.06,0.0115366009995,2026-09-08T22:20:32.862482+00:00,study3b_fifo_runtime_v1
64323,C_6926,2011,2012,0.000106705883809,0,0,0.06,0.0115366009995,2026-09-08T22:20:32.862482+00:00,study3b_fifo_runtime_v1
64362,C_6931,2011,2012,8.83622342371e-05,0,0,0.06,0.0115366009995,2026-09-08T22:20:32.862482+00:00,study3b_fifo_runtime_v1
64401,C_6935,2011,2012,1.25844590002e-05,0,0,0.06,0.0115366009995,2026-09-08T22:20:32.862482+00:00,study3b_fifo_runtime_v1
64420,C_6936,2011,2012,0.000549729622435,0,0,0.06,0.0115366009995,2026-09-08T22:20:32.862482+00:00,study3b_fifo_runtime_v1
64458,C_6941,2011,2012,3.96710529458e-05,0,0,0.06,0.0115366009995,2026-09-08T22:20:32.862482+00:00,study3b_fifo_runtime_v1
64488,C_6945,2011,2012,0.00601031584665,0,0,0.06,0.0115366009995,2026-09-08T22:20:32.862482+00:00,study3b_fifo_runtime_v1
64513,C_6948,2011,2012,0.00147538387682,0,0,0.06,0.0115366009995,2026-09-08T22:20:32.862482+00:00,study3b_fifo_runtime_v1
64539,C_6952,2011,2012,0.00261290278286,0,0,0.06,0.0115366009995,2026-09-08T22:20:32.862482+00:00,study3b_fifo_runtime_v1
64566,C_6956,2011,2012,2.27688851737e-05,0,0,0.06,0.0115366009995,2026-09-08T22:20:32.862482+00:00,study3b_fifo_runtime_v1
64611,C_6961,2011,2012,0.000408568972489,0,0,0.06,0.0115366009995,2026-09-08T22:20:32.862482+00:00,study3b_fifo_runtime_v1
64626,C_6962,2011,2012,0.000782782852184,0,0,0.06,0.0115366009995,2026-09-08T22:20:32.862482+00:00,study3b_fifo_runtime_v1
64639,C_6964,2011,2012,0.000775658583734,0,0,0.06,0.0115366009995,2026-09-08T22:20:32.862482+00:00,study3b_fifo_runtime_v1
64668,C_6968,2011,2012,0.000409145606682,0,0,0.06,0.0115366009995,2026-09-08T22:20:32.862482+00:00,study3b_fifo_runtime_v1
64695,C_6971,2011,2012,0.000165817691595,0,0,0.06,0.0115366009995,2026-09-08T22:20:32.862482+00:00,study3b_fifo_runtime_v1
64724,C_6973,2011,2012,0.00227168016136,0,0,0.06,0.0115366009995,2026-09-08T22:20:32.862482+00:00,study3b_fifo_runtime_v1
64743,C_6977,2011,2012,0.00055778370006,0,0,0.06,0.0115366009995,2026-09-08T22:20:32.862482+00:00,study3b_fifo_runtime_v1
64765,C_6979,2011,2012,0.00156858505215,0,0,0.06,0.0115366009995,2026-09-08T22:20:32.862482+00:00,study3b_fifo_runtime_v1
64785,C_6981,2011,2012,0.000256798841292,0,0,0.06,0.0115366009995,2026-09-08T22:20:32.862482+00:00,study3b_fifo_runtime_v1
64799,C_6982,2011,2012,0.000504969328176,0,0,0.06,0.0115366009995,2026-09-08T22:20:32.862482+00:00,study3b_fifo_runtime_v1
64813,C_6983,2011,2012,2.5814424589e-06,0,0,0.06,0.0115366009995,2026-09-08T22:20:32.862482+00:00,study3b_fifo_runtime_v1
64866,C_6989,2011,2012,7.54365464672e-05,0,0,0.06,0.0115366009995,2026-09-08T22:20:32.862482+00:00,study3b_fifo_runtime_v1
64879,C_6990,2011,2012,0.00134499685373,0,0,0.06,0.0115366009995,2026-09-08T22:20:32.862482+00:00,study3b_fifo_runtime_v1
64938,C_6998,2011,2012,2.28576518566e-05,0,0,0.06,0.0115366009995,2026-09-08T22:20:32.862482+00:00,study3b_fifo_runtime_v1
64951,C_6999,2011,2012,0.000493221334182,0,0,0.06,0.0115366009995,2026-09-08T22:20:32.862482+00:00,study3b_fifo_runtime_v1
64972,C_7003,2011,2012,0.000941776030231,0,0,0.06,0.0115366009995,2026-09-08T22:20:32.862482+00:00,study3b_fifo_runtime_v1
64984,C_7004,2011,2012,1.4966962226e-05,0,0,0.06,0.0115366009995,2026-09-08T22:20:32.862482+00:00,study3b_fifo_runtime_v1
65000,C_7005,2011,2012,0.000133939189254,0,0,0.06,0.0115366009995,2026-09-08T22:20:32.862482+00:00,study3b_fifo_runtime_v1
65024,C_7007,2011,2012,0.000307288340991,0,0,0.06,0.0115366009995,2026-09-08T22:20:32.862482+00:00,study3b_fifo_runtime_v1
65068,C_7011,2011,2012,1.83213778655e-05,0,0,0.06,0.0115366009995,2026-09-08T22:20:32.862482+00:00,study3b_fifo_runtime_v1
65085,C_7012,2011,2012,2.12528248085e-05,0,0,0.06,0.0115366009995,2026-09-08T22:20:32.862482+00:00,study3b_fifo_runtime_v1
65096,C_7013,2011,2012,0.0252974610776,0,1,0.06,0.0115366009995,2026-09-08T22:20:32.862482+00:00,study3b_fifo_runtime_v1
65111,C_7015,2011,2012,0.000116537376016,0,0,0.06,0.0115366009995,2026-09-08T22:20:32.862482+00:00,study3b_fifo_runtime_v1
65124,C_7017,2011,2012,3.89047454519e-05,0,0,0.06,0.0115366009995,2026-09-08T22:20:32.862482+00:00,study3b_fifo_runtime_v1
65169,C_7022,2011,2012,0.000135259891977,0,0,0.06,0.0115366009995,2026-09-08T22:20:32.862482+00:00,study3b_fifo_runtime_v1
65192,C_7024,2011,2012,1.58577313414e-05,0,0,0.06,0.0115366009995,2026-09-08T22:20:32.862482+00:00,study3b_fifo_runtime_v1
65250,C_7032,2011,2012,0.00927377771586,0,0,0.06,0.0115366009995,2026-09-08T22:20:32.862482+00:00,study3b_fifo_runtime_v1
65284,C_7035,2011,2012,0.000286611058982,0,0,0.06,0.0115366009995,2026-09-08T22:20:32.862482+00:00,study3b_fifo_runtime_v1
65311,C_7038,2011,2012,0.000255946681136,0,0,0.06,0.0115366009995,2026-09-08T22:20:32.862482+00:00,study3b_fifo_runtime_v1
65346,C_7041,2011,2012,0.00288467924111,0,0,0.06,0.0115366009995,2026-09-08T22:20:32.862482+00:00,study3b_fifo_runtime_v1
65358,C_7042,2011,2012,2.28016342589e-05,0,0,0.06,0.0115366009995,2026-09-08T22:20:32.862482+00:00,study3b_fifo_runtime_v1
65387,C_7046,2011,2012,9.82143410511e-06,0,0,0.06,0.0115366009995,2026-09-08T22:20:32.862482+00:00,study3b_fifo_runtime_v1
65443,C_7051,2011,2012,0.000126842875034,0,0,0.06,0.0115366009995,2026-09-08T22:20:32.862482+00:00,study3b_fifo_runtime_v1
65461,C_7052,2011,2012,0.000389339897083,0,0,0.06,0.0115366009995,2026-09-08T22:20:32.862482+00:00,study3b_fifo_runtime_v1
65495,C_7056,2011,2012,3.7794081436e-05,0,0,0.06,0.0115366009995,2026-09-08T22:20:32.862482+00:00,study3b_fifo_runtime_v1
65510,C_7057,2011,2012,0.000379555363907,0,0,0.06,0.0115366009995,2026-09-08T22:20:32.862482+00:00,study3b_fifo_runtime_v1
65535,C_7060,2011,2012,0.000538903579582,0,0,0.06,0.0115366009995,2026-09-08T22:20:32.862482+00:00,study3b_fifo_runtime_v1
65579,C_7065,2011,2012,0.00118914840277,0,0,0.06,0.0115366009995,2026-09-08T22:20:32.862482+00:00,study3b_fifo_runtime_v1
65596,C_7066,2011,2012,1.96797245735e-05,0,0,0.06,0.0115366009995,2026-09-08T22:20:32.862482+00:00,study3b_fifo_runtime_v1
65605,C_7067,2011,2012,0.000812602287624,0,0,0.06,0.0115366009995,2026-09-08T22:20:32.862482+00:00,study3b_fifo_runtime_v1
65622,C_7069,2011,2012,0.00499963574111,0,0,0.06,0.0115366009995,2026-09-08T22:20:32.862482+00:00,study3b_fifo_runtime_v1
65650,C_7073,2011,2012,0.00152120471466,0,0,0.06,0.0115366009995,2026-09-08T22:20:32.862482+00:00,study3b_fifo_runtime_v1
65668,C_7075,2011,2012,0.00235601351596,0,0,0.06,0.0115366009995,2026-09-08T22:20:32.862482+00:00,study3b_fifo_runtime_v1
65683,C_7077,2011,2012,2.68073945335e-05,0,0,0.06,0.0115366009995,2026-09-08T22:20:32.862482+00:00,study3b_fifo_runtime_v1
65694,C_7078,2011,2012,0.000314855074976,0,0,0.06,0.0115366009995,2026-09-08T22:20:32.862482+00:00,study3b_fifo_runtime_v1
65716,C_7082,2011,2012,0.000262108951574,0,0,0.06,0.0115366009995,2026-09-08T22:20:32.862482+00:00,study3b_fifo_runtime_v1
65736,C_7084,2011,2012,3.0974875699e-05,0,0,0.06,0.0115366009995,2026-09-08T22:20:32.862482+00:00,study3b_fifo_runtime_v1
65756,C_7086,2011,2012,0.00220417534001,0,0,0.06,0.0115366009995,2026-09-08T22:20:32.862482+00:00,study3b_fifo_runtime_v1
65771,C_7087,2011,2012,6.96181232342e-05,0,0,0.06,0.0115366009995,2026-09-08T22:20:32.862482+00:00,study3b_fifo_runtime_v1
65788,C_7088,2011,2012,0.00360690429807,0,0,0.06,0.0115366009995,2026-09-08T22:20:32.862482+00:00,study3b_fifo_runtime_v1
65811,C_7091,2011,2012,4.47537786386e-05,0,0,0.06,0.0115366009995,2026-09-08T22:20:32.862482+00:00,study3b_fifo_runtime_v1
65823,C_7092,2011,2012,7.21441974747e-05,0,0,0.06,0.0115366009995,2026-09-08T22:20:32.862482+00:00,study3b_fifo_runtime_v1
65839,C_7093,2011,2012,0.000124190803035,0,0,0.06,0.0115366009995,2026-09-08T22:20:32.862482+00:00,study3b_fifo_runtime_v1
65873,C_7097,2011,2012,0.000381950143492,0,0,0.06,0.0115366009995,2026-09-08T22:20:32.862482+00:00,study3b_fifo_runtime_v1
65891,C_7098,2011,2012,7.21368778613e-05,0,0,0.06,0.0115366009995,2026-09-08T22:20:32.862482+00:00,study3b_fifo_runtime_v1
65909,C_7100,2011,2012,0.00276067550294,0,0,0.06,0.0115366009995,2026-09-08T22:20:32.862482+00:00,study3b_fifo_runtime_v1
65927,C_7102,2011,2012,0.000224911200348,0,0,0.06,0.0115366009995,2026-09-08T22:20:32.862482+00:00,study3b_fifo_runtime_v1
65946,C_7104,2011,2012,1.03396387203e-05,0,0,0.06,0.0115366009995,2026-09-08T22:20:32.862482+00:00,study3b_fifo_runtime_v1
65973,C_7108,2011,2012,0.000106038409285,0,0,0.06,0.0115366009995,2026-09-08T22:20:32.862482+00:00,study3b_fifo_runtime_v1
66028,C_7115,2011,2012,5.31800433237e-05,0,0,0.06,0.0115366009995,2026-09-08T22:20:32.862482+00:00,study3b_fifo_runtime_v1
66070,C_7120,2011,2012,3.95101596951e-05,0,0,0.06,0.0115366009995,2026-09-08T22:20:32.862482+00:00,study3b_fifo_runtime_v1
66088,C_7121,2011,2012,0.000361772748875,0,0,0.06,0.0115366009995,2026-09-08T22:20:32.862482+00:00,study3b_fifo_runtime_v1
66100,C_7123,2011,2012,4.96176471643e-05,0,0,0.06,0.0115366009995,2026-09-08T22:20:32.862482+00:00,study3b_fifo_runtime_v1
66114,C_7124,2011,2012,0.192454323173,1,1,0.06,0.0115366009995,2026-09-08T22:20:32.862482+00:00,study3b_fifo_runtime_v1
66115,C_7125,2011,2012,0.00213052798063,0,0,0.06,0.0115366009995,2026-09-08T22:20:32.862482+00:00,study3b_fifo_runtime_v1
66128,C_7126,2011,2012,0.000306596193695,0,0,0.06,0.0115366009995,2026-09-08T22:20:32.862482+00:00,study3b_fifo_runtime_v1
66153,C_7128,2011,2012,2.13228777284e-05,0,0,0.06,0.0115366009995,2026-09-08T22:20:32.862482+00:00,study3b_fifo_runtime_v1
66188,C_7133,2011,2012,0.00221750256605,0,0,0.06,0.0115366009995,2026-09-08T22:20:32.862482+00:00,study3b_fifo_runtime_v1
66208,C_7135,2011,2012,5.5566237279e-05,0,0,0.06,0.0115366009995,2026-09-08T22:20:32.862482+00:00,study3b_fifo_runtime_v1
66221,C_7137,2011,2012,3.29411923303e-05,0,0,0.06,0.0115366009995,2026-09-08T22:20:32.862482+00:00,study3b_fifo_runtime_v1
66234,C_7138,2011,2012,7.55586879677e-05,0,0,0.06,0.0115366009995,2026-09-08T22:20:32.862482+00:00,study3b_fifo_runtime_v1
66252,C_7139,2011,2012,1.47034006659e-05,0,0,0.06,0.0115366009995,2026-09-08T22:20:32.862482+00:00,study3b_fifo_runtime_v1
66270,C_7140,2011,2012,0.000250326149398,0,0,0.06,0.0115366009995,2026-09-08T22:20:32.862482+00:00,study3b_fifo_runtime_v1
66288,C_7141,2011,2012,3.42097446264e-05,0,0,0.06,0.0115366009995,2026-09-08T22:20:32.862482+00:00,study3b_fifo_runtime_v1
66311,C_7143,2011,2012,0.000207879158552,0,0,0.06,0.0115366009995,2026-09-08T22:20:32.862482+00:00,study3b_fifo_runtime_v1
66329,C_7144,2011,2012,0.000219282563194,0,0,0.06,0.0115366009995,2026-09-08T22:20:32.862482+00:00,study3b_fifo_runtime_v1
66346,C_7145,2011,2012,0.000177476904355,0,0,0.06,0.0115366009995,2026-09-08T22:20:32.862482+00:00,study3b_fifo_runtime_v1
66370,C_7147,2011,2012,0.000974711496383,0,0,0.06,0.0115366009995,2026-09-08T22:20:32.862482+00:00,study3b_fifo_runtime_v1
66382,C_7149,2011,2012,0.00297208386473,0,0,0.06,0.0115366009995,2026-09-08T22:20:32.862482+00:00,study3b_fifo_runtime_v1
66401,C_7151,2011,2012,2.32239890465e-05,0,0,0.06,0.0115366009995,2026-09-08T22:20:32.862482+00:00,study3b_fifo_runtime_v1
66409,C_7152,2011,2012,0.00111894460861,0,0,0.06,0.0115366009995,2026-09-08T22:20:32.862482+00:00,study3b_fifo_runtime_v1
66419,C_7153,2011,2012,5.62253699172e-05,0,0,0.06,0.0115366009995,2026-09-08T22:20:32.862482+00:00,study3b_fifo_runtime_v1
66437,C_7154,2011,2012,3.54202311428e-05,0,0,0.06,0.0115366009995,2026-09-08T22:20:32.862482+00:00,study3b_fifo_runtime_v1
66452,C_7155,2011,2012,2.3611341021e-05,0,0,0.06,0.0115366009995,2026-09-08T22:20:32.862482+00:00,study3b_fifo_runtime_v1
66467,C_7156,2011,2012,0.000734632776584,0,0,0.06,0.0115366009995,2026-09-08T22:20:32.862482+00:00,study3b_fifo_runtime_v1
66503,C_7161,2011,2012,0.00216242740862,0,0,0.06,0.0115366009995,2026-09-08T22:20:32.862482+00:00,study3b_fifo_runtime_v1
66528,C_7163,2011,2012,2.41767265834e-05,0,0,0.06,0.0115366009995,2026-09-08T22:20:32.862482+00:00,study3b_fifo_runtime_v1
66537,C_7164,2011,2012,3.64920124412e-05,0,0,0.06,0.0115366009995,2026-09-08T22:20:32.862482+00:00,study3b_fifo_runtime_v1
66545,C_7165,2011,2012,0.000280703679891,0,0,0.06,0.0115366009995,2026-09-08T22:20:32.862482+00:00,study3b_fifo_runtime_v1
66572,C_7169,2011,2012,0.00026775666629,0,0,0.06,0.0115366009995,2026-09-08T22:20:32.862482+00:00,study3b_fifo_runtime_v1
66592,C_7172,2011,2012,0.00232059299015,0,0,0.06,0.0115366009995,2026-09-08T22:20:32.862482+00:00,study3b_fifo_runtime_v1
66644,C_7180,2011,2012,0.000158439957886,0,0,0.06,0.0115366009995,2026-09-08T22:20:32.862482+00:00,study3b_fifo_runtime_v1
66665,C_7182,2011,2012,0.00151970656589,0,0,0.06,0.0115366009995,2026-09-08T22:20:32.862482+00:00,study3b_fifo_runtime_v1
66698,C_7186,2011,2012,0.000176920686499,0,0,0.06,0.0115366009995,2026-09-08T22:20:32.862482+00:00,study3b_fifo_runtime_v1
66709,C_7187,2011,2012,0.000488433113787,0,0,0.06,0.0115366009995,2026-09-08T22:20:32.862482+00:00,study3b_fifo_runtime_v1
66726,C_7188,2011,2012,0.00151429756079,0,0,0.06,0.0115366009995,2026-09-08T22:20:32.862482+00:00,study3b_fifo_runtime_v1
66739,C_7189,2011,2012,4.96100692544e-05,0,0,0.06,0.0115366009995,2026-09-08T22:20:32.862482+00:00,study3b_fifo_runtime_v1
66776,C_7193,2011,2012,0.000206325552426,0,0,0.06,0.0115366009995,2026-09-08T22:20:32.862482+00:00,study3b_fifo_runtime_v1
66788,C_7194,2011,2012,0.000300626910757,0,0,0.06,0.0115366009995,2026-09-08T22:20:32.862482+00:00,study3b_fifo_runtime_v1
66812,C_7197,2011,2012,1.64304437931e-05,0,0,0.06,0.0115366009995,2026-09-08T22:20:32.862482+00:00,study3b_fifo_runtime_v1
66827,C_7198,2011,2012,1.82762887562e-05,0,0,0.06,0.0115366009995,2026-09-08T22:20:32.862482+00:00,study3b_fifo_runtime_v1
66836,C_7199,2011,2012,0.000166746773175,0,0,0.06,0.0115366009995,2026-09-08T22:20:32.862482+00:00,study3b_fifo_runtime_v1
66852,C_7203,2011,2012,0.000671229499858,0,0,0.06,0.0115366009995,2026-09-08T22:20:32.862482+00:00,study3b_fifo_runtime_v1
66865,C_7204,2011,2012,0.00723077869043,0,0,0.06,0.0115366009995,2026-09-08T22:20:32.862482+00:00,study3b_fifo_runtime_v1
66869,C_7205,2011,2012,0.000379895005608,0,0,0.06,0.0115366009995,2026-09-08T22:20:32.862482+00:00,study3b_fifo_runtime_v1
66877,C_7206,2011,2012,0.00138106942177,0,0,0.06,0.0115366009995,2026-09-08T22:20:32.862482+00:00,study3b_fifo_runtime_v1
66902,C_7209,2011,2012,5.87146168982e-05,0,0,0.06,0.0115366009995,2026-09-08T22:20:32.862482+00:00,study3b_fifo_runtime_v1
66919,C_7210,2011,2012,0.000163146221894,0,0,0.06,0.0115366009995,2026-09-08T22:20:32.862482+00:00,study3b_fifo_runtime_v1
66935,C_7211,2011,2012,0.00126439274754,0,0,0.06,0.0115366009995,2026-09-08T22:20:32.862482+00:00,study3b_fifo_runtime_v1
66959,C_7213,2011,2012,0.0146296024323,0,1,0.06,0.0115366009995,2026-09-08T22:20:32.862482+00:00,study3b_fifo_runtime_v1
66976,C_7215,2011,2012,0.000130142070702,0,0,0.06,0.0115366009995,2026-09-08T22:20:32.862482+00:00,study3b_fifo_runtime_v1
66993,C_7216,2011,2012,5.33491656824e-05,0,0,0.06,0.0115366009995,2026-09-08T22:20:32.862482+00:00,study3b_fifo_runtime_v1
67006,C_7217,2011,2012,0.000167487960425,0,0,0.06,0.0115366009995,2026-09-08T22:20:32.862482+00:00,study3b_fifo_runtime_v1
67015,C_7218,2011,2012,0.000552423472982,0,0,0.06,0.0115366009995,2026-09-08T22:20:32.862482+00:00,study3b_fifo_runtime_v1
67032,C_7221,2011,2012,5.61227352591e-05,0,0,0.06,0.0115366009995,2026-09-08T22:20:32.862482+00:00,study3b_fifo_runtime_v1
67054,C_7224,2011,2012,0.0533191673458,0,1,0.06,0.0115366009995,2026-09-08T22:20:32.862482+00:00,study3b_fifo_runtime_v1
67072,C_7227,2011,2012,0.000216451982851,0,0,0.06,0.0115366009995,2026-09-08T22:20:32.862482+00:00,study3b_fifo_runtime_v1
67083,C_7228,2011,2012,0.00132136314642,0,0,0.06,0.0115366009995,2026-09-08T22:20:32.862482+00:00,study3b_fifo_runtime_v1
67094,C_7229,2011,2012,0.00011534296209,0,0,0.06,0.0115366009995,2026-09-08T22:20:32.862482+00:00,study3b_fifo_runtime_v1
67113,C_7231,2011,2012,3.65680680261e-05,0,0,0.06,0.0115366009995,2026-09-08T22:20:32.862482+00:00,study3b_fifo_runtime_v1
67127,C_7232,2011,2012,0.00251433136873,0,0,0.06,0.0115366009995,2026-09-08T22:20:32.862482+00:00,study3b_fifo_runtime_v1
67146,C_7234,2011,2012,3.83763435821e-05,0,0,0.06,0.0115366009995,2026-09-08T22:20:32.862482+00:00,study3b_fifo_runtime_v1
67180,C_7237,2011,2012,0.000295248959446,0,0,0.06,0.0115366009995,2026-09-08T22:20:32.862482+00:00,study3b_fifo_runtime_v1
67194,C_7238,2011,2012,0.000391309062252,0,0,0.06,0.0115366009995,2026-09-08T22:20:32.862482+00:00,study3b_fifo_runtime_v1
67211,C_7239,2011,2012,0.000500708527397,0,0,0.06,0.0115366009995,2026-09-08T22:20:32.862482+00:00,study3b_fifo_runtime_v1
67230,C_7241,2011,2012,7.62481795391e-05,0,0,0.06,0.0115366009995,2026-09-08T22:20:32.862482+00:00,study3b_fifo_runtime_v1
67247,C_7242,2011,2012,0.00279508135282,0,0,0.06,0.0115366009995,2026-09-08T22:20:32.862482+00:00,study3b_fifo_runtime_v1
67266,C_7246,2011,2012,2.82919627352e-05,0,0,0.06,0.0115366009995,2026-09-08T22:20:32.862482+00:00,study3b_fifo_runtime_v1
67289,C_7251,2011,2012,0.000118740390462,0,0,0.06,0.0115366009995,2026-09-08T22:20:32.862482+00:00,study3b_fifo_runtime_v1
67300,C_7252,2011,2012,0.0104241147637,0,0,0.06,0.0115366009995,2026-09-08T22:20:32.862482+00:00,study3b_fifo_runtime_v1
67321,C_7254,2011,2012,0.000333510484779,0,0,0.06,0.0115366009995,2026-09-08T22:20:32.862482+00:00,study3b_fifo_runtime_v1
67335,C_7256,2011,2012,7.16438444215e-05,0,0,0.06,0.0115366009995,2026-09-08T22:20:32.862482+00:00,study3b_fifo_runtime_v1
67350,C_7257,2011,2012,0.113668389618,1,1,0.06,0.0115366009995,2026-09-08T22:20:32.862482+00:00,study3b_fifo_runtime_v1
67364,C_7259,2011,2012,0.000412204157328,0,0,0.06,0.0115366009995,2026-09-08T22:20:32.862482+00:00,study3b_fifo_runtime_v1
67385,C_7261,2011,2012,0.00104942882899,0,0,0.06,0.0115366009995,2026-09-08T22:20:32.862482+00:00,study3b_fifo_runtime_v1
67398,C_7263,2011,2012,2.85713558696e-05,0,0,0.06,0.0115366009995,2026-09-08T22:20:32.862482+00:00,study3b_fifo_runtime_v1
67407,C_7264,2011,2012,0.0211368706077,0,1,0.06,0.0115366009995,2026-09-08T22:20:32.862482+00:00,study3b_fifo_runtime_v1
67419,C_7265,2011,2012,0.00246540736407,0,0,0.06,0.0115366009995,2026-09-08T22:20:32.862482+00:00,study3b_fifo_runtime_v1
67427,C_7266,2011,2012,0.000371440866729,0,0,0.06,0.0115366009995,2026-09-08T22:20:32.862482+00:00,study3b_fifo_runtime_v1
67438,C_7267,2011,2012,9.08546207938e-05,0,0,0.06,0.0115366009995,2026-09-08T22:20:32.862482+00:00,study3b_fifo_runtime_v1
67455,C_7268,2011,2012,0.0261951033026,0,1,0.06,0.0115366009995,2026-09-08T22:20:32.862482+00:00,study3b_fifo_runtime_v1
67479,C_7270,2011,2012,6.07999390922e-05,0,0,0.06,0.0115366009995,2026-09-08T22:20:32.862482+00:00,study3b_fifo_runtime_v1
67492,C_7271,2011,2012,0.000212506434764,0,0,0.06,0.0115366009995,2026-09-08T22:20:32.862482+00:00,study3b_fifo_runtime_v1
67513,C_7273,2011,2012,2.99270122923e-05,0,0,0.06,0.0115366009995,2026-09-08T22:20:32.862482+00:00,study3b_fifo_runtime_v1
67535,C_7276,2011,2012,0.000148358943989,0,0,0.06,0.0115366009995,2026-09-08T22:20:32.862482+00:00,study3b_fifo_runtime_v1
67546,C_7277,2011,2012,0.00223133247346,0,0,0.06,0.0115366009995,2026-09-08T22:20:32.862482+00:00,study3b_fifo_runtime_v1
67574,C_7281,2011,2012,0.000456228066469,0,0,0.06,0.0115366009995,2026-09-08T22:20:32.862482+00:00,study3b_fifo_runtime_v1
67610,C_7287,2011,2012,0.000249488832196,0,0,0.06,0.0115366009995,2026-09-08T22:20:32.862482+00:00,study3b_fifo_runtime_v1
67636,C_7291,2011,2012,0.0104395747185,0,0,0.06,0.0115366009995,2026-09-08T22:20:32.862482+00:00,study3b_fifo_runtime_v1
67647,C_7292,2011,2012,0.0218097586185,0,1,0.06,0.0115366009995,2026-09-08T22:20:32.862482+00:00,study3b_fifo_runtime_v1
67661,C_7293,2011,2012,0.000135971160489,0,0,0.06,0.0115366009995,2026-09-08T22:20:32.862482+00:00,study3b_fifo_runtime_v1
67674,C_7294,2011,2012,0.00220626639202,0,0,0.06,0.0115366009995,2026-09-08T22:20:32.862482+00:00,study3b_fifo_runtime_v1
67686,C_7296,2011,2012,0.0832378640771,1,1,0.06,0.0115366009995,2026-09-08T22:20:32.862482+00:00,study3b_fifo_runtime_v1
67699,C_7297,2011,2012,0.0135450772941,0,1,0.06,0.0115366009995,2026-09-08T22:20:32.862482+00:00,study3b_fifo_runtime_v1
67708,C_7298,2011,2012,0.000105241466372,0,0,0.06,0.0115366009995,2026-09-08T22:20:32.862482+00:00,study3b_fifo_runtime_v1
67725,C_7299,2011,2012,1.33607209136e-05,0,0,0.06,0.0115366009995,2026-09-08T22:20:32.862482+00:00,study3b_fifo_runtime_v1
67738,C_7300,2011,2012,4.42648888566e-05,0,0,0.06,0.0115366009995,2026-09-08T22:20:32.862482+00:00,study3b_fifo_runtime_v1
67743,C_7301,2011,2012,2.9800206903e-05,0,0,0.06,0.0115366009995,2026-09-08T22:20:32.862482+00:00,study3b_fifo_runtime_v1
67766,C_7303,2011,2012,7.16865688446e-05,0,0,0.06,0.0115366009995,2026-09-08T22:20:32.862482+00:00,study3b_fifo_runtime_v1
67786,C_7305,2011,2012,9.65191356954e-05,0,0,0.06,0.0115366009995,2026-09-08T22:20:32.862482+00:00,study3b_fifo_runtime_v1
67803,C_7306,2011,2012,0.000589609087911,0,0,0.06,0.0115366009995,2026-09-08T22:20:32.862482+00:00,study3b_fifo_runtime_v1
67814,C_7308,2011,2012,0.00248053926043,0,0,0.06,0.0115366009995,2026-09-08T22:20:32.862482+00:00,study3b_fifo_runtime_v1
67821,C_7310,2011,2012,0.0021150757093,0,0,0.06,0.0115366009995,2026-09-08T22:20:32.862482+00:00,study3b_fifo_runtime_v1
67832,C_7311,2011,2012,1.76998710231e-05,0,0,0.06,0.0115366009995,2026-09-08T22:20:32.862482+00:00,study3b_fifo_runtime_v1
67848,C_7312,2011,2012,0.000135940616019,0,0,0.06,0.0115366009995,2026-09-08T22:20:32.862482+00:00,study3b_fifo_runtime_v1
67871,C_7315,2011,2012,0.00248553184792,0,0,0.06,0.0115366009995,2026-09-08T22:20:32.862482+00:00,study3b_fifo_runtime_v1
67889,C_7318,2011,2012,0.000857265433297,0,0,0.06,0.0115366009995,2026-09-08T22:20:32.862482+00:00,study3b_fifo_runtime_v1
67903,C_7319,2011,2012,0.00106115511153,0,0,0.06,0.0115366009995,2026-09-08T22:20:32.862482+00:00,study3b_fifo_runtime_v1
67916,C_7320,2011,2012,1.46239835885e-05,0,0,0.06,0.0115366009995,2026-09-08T22:20:32.862482+00:00,study3b_fifo_runtime_v1
67927,C_7321,2011,2012,0.00143918546382,0,0,0.06,0.0115366009995,2026-09-08T22:20:32.862482+00:00,study3b_fifo_runtime_v1
67936,C_7322,2011,2012,0.146359786391,1,1,0.06,0.0115366009995,2026-09-08T22:20:32.862482+00:00,study3b_fifo_runtime_v1
67947,C_7323,2011,2012,0.00144379911944,0,0,0.06,0.0115366009995,2026-09-08T22:20:32.862482+00:00,study3b_fifo_runtime_v1
67962,C_7324,2011,2012,0.00149948569015,0,0,0.06,0.0115366009995,2026-09-08T22:20:32.862482+00:00,study3b_fifo_runtime_v1
67983,C_7326,2011,2012,3.55772535841e-05,0,0,0.06,0.0115366009995,2026-09-08T22:20:32.862482+00:00,study3b_fifo_runtime_v1
68015,C_7332,2011,2012,0.00147592311259,0,0,0.06,0.0115366009995,2026-09-08T22:20:32.862482+00:00,study3b_fifo_runtime_v1
68039,C_7334,2011,2012,7.30083847884e-05,0,0,0.06,0.0115366009995,2026-09-08T22:20:32.862482+00:00,study3b_fifo_runtime_v1
68054,C_7335,2011,2012,0.000241057787207,0,0,0.06,0.0115366009995,2026-09-08T22:20:32.862482+00:00,study3b_fifo_runtime_v1
68072,C_7338,2011,2012,0.00231738924049,0,0,0.06,0.0115366009995,2026-09-08T22:20:32.862482+00:00,study3b_fifo_runtime_v1
68095,C_7342,2011,2012,8.86985217221e-05,0,0,0.06,0.0115366009995,2026-09-08T22:20:32.862482+00:00,study3b_fifo_runtime_v1
68139,C_7349,2011,2012,0.000100437267974,0,0,0.06,0.0115366009995,2026-09-08T22:20:32.862482+00:00,study3b_fifo_runtime_v1
68149,C_7350,2011,2012,3.56867094524e-05,0,0,0.06,0.0115366009995,2026-09-08T22:20:32.862482+00:00,study3b_fifo_runtime_v1
68158,C_7351,2011,2012,9.48934975895e-05,0,0,0.06,0.0115366009995,2026-09-08T22:20:32.862482+00:00,study3b_fifo_runtime_v1
68180,C_7354,2011,2012,0.00106869067531,0,0,0.06,0.0115366009995,2026-09-08T22:20:32.862482+00:00,study3b_fifo_runtime_v1
68190,C_7355,2011,2012,0.000153962129843,0,0,0.06,0.0115366009995,2026-09-08T22:20:32.862482+00:00,study3b_fifo_runtime_v1
68205,C_7356,2011,2012,0.000140164818731,0,0,0.06,0.0115366009995,2026-09-08T22:20:32.862482+00:00,study3b_fifo_runtime_v1
68218,C_7357,2011,2012,0.000727551523596,0,0,0.06,0.0115366009995,2026-09-08T22:20:32.862482+00:00,study3b_fifo_runtime_v1
68234,C_7358,2011,2012,3.78328259103e-05,0,0,0.06,0.0115366009995,2026-09-08T22:20:32.862482+00:00,study3b_fifo_runtime_v1
68243,C_7360,2011,2012,0.000305558234686,0,0,0.06,0.0115366009995,2026-09-08T22:20:32.862482+00:00,study3b_fifo_runtime_v1
68266,C_7363,2011,2012,0.000246660521952,0,0,0.06,0.0115366009995,2026-09-08T22:20:32.862482+00:00,study3b_fifo_runtime_v1
68283,C_7365,2011,2012,0.00340008432977,0,0,0.06,0.0115366009995,2026-09-08T22:20:32.862482+00:00,study3b_fifo_runtime_v1
68299,C_7368,2011,2012,0.000289210438496,0,0,0.06,0.0115366009995,2026-09-08T22:20:32.862482+00:00,study3b_fifo_runtime_v1
68315,C_7369,2011,2012,0.000285339629045,0,0,0.06,0.0115366009995,2026-09-08T22:20:32.862482+00:00,study3b_fifo_runtime_v1
68324,C_7370,2011,2012,0.000191294529941,0,0,0.06,0.0115366009995,2026-09-08T22:20:32.862482+00:00,study3b_fifo_runtime_v1
68340,C_7371,2011,2012,6.25865577604e-05,0,0,0.06,0.0115366009995,2026-09-08T22:20:32.862482+00:00,study3b_fifo_runtime_v1
68356,C_7372,2011,2012,4.15552931372e-05,0,0,0.06,0.0115366009995,2026-09-08T22:20:32.862482+00:00,study3b_fifo_runtime_v1
68381,C_7375,2011,2012,0.00273638754152,0,0,0.06,0.0115366009995,2026-09-08T22:20:32.862482+00:00,study3b_fifo_runtime_v1
68415,C_7379,2011,2012,0.00131592934486,0,0,0.06,0.0115366009995,2026-09-08T22:20:32.862482+00:00,study3b_fifo_runtime_v1
68455,C_7386,2011,2012,4.5053257054e-05,0,0,0.06,0.0115366009995,2026-09-08T22:20:32.862482+00:00,study3b_fifo_runtime_v1
68471,C_7387,2011,2012,6.06684370723e-05,0,0,0.06,0.0115366009995,2026-09-08T22:20:32.862482+00:00,study3b_fifo_runtime_v1
68489,C_7391,2011,2012,3.20149010804e-05,0,0,0.06,0.0115366009995,2026-09-08T22:20:32.862482+00:00,study3b_fifo_runtime_v1
68507,C_7393,2011,2012,0.000839160056785,0,0,0.06,0.0115366009995,2026-09-08T22:20:32.862482+00:00,study3b_fifo_runtime_v1
68522,C_7394,2011,2012,0.000327439163812,0,0,0.06,0.0115366009995,2026-09-08T22:20:32.862482+00:00,study3b_fifo_runtime_v1
68540,C_7396,2011,2012,0.000130341257318,0,0,0.06,0.0115366009995,2026-09-08T22:20:32.862482+00:00,study3b_fifo_runtime_v1
68555,C_7397,2011,2012,2.92804706987e-05,0,0,0.06,0.0115366009995,2026-09-08T22:20:32.862482+00:00,study3b_fifo_runtime_v1
68586,C_7401,2011,2012,2.48919677688e-05,0,0,0.06,0.0115366009995,2026-09-08T22:20:32.862482+00:00,study3b_fifo_runtime_v1
68601,C_7402,2011,2012,6.65029619995e-06,0,0,0.06,0.0115366009995,2026-09-08T22:20:32.862482+00:00,study3b_fifo_runtime_v1
68614,C_7406,2011,2012,1.32472314363e-05,0,0,0.06,0.0115366009995,2026-09-08T22:20:32.862482+00:00,study3b_fifo_runtime_v1
68623,C_7407,2011,2012,0.0252357665449,0,1,0.06,0.0115366009995,2026-09-08T22:20:32.862482+00:00,study3b_fifo_runtime_v1
68632,C_7408,2011,2012,0.00152995809913,0,0,0.06,0.0115366009995,2026-09-08T22:20:32.862482+00:00,study3b_fifo_runtime_v1
68657,C_7411,2011,2012,0.000119697615446,0,0,0.06,0.0115366009995,2026-09-08T22:20:32.862482+00:00,study3b_fifo_runtime_v1
68671,C_7412,2011,2012,0.000590387091506,0,0,0.06,0.0115366009995,2026-09-08T22:20:32.862482+00:00,study3b_fifo_runtime_v1
68693,C_7415,2011,2012,8.19731867523e-05,0,0,0.06,0.0115366009995,2026-09-08T22:20:32.862482+00:00,study3b_fifo_runtime_v1
68708,C_7417,2011,2012,0.00155558797996,0,0,0.06,0.0115366009995,2026-09-08T22:20:32.862482+00:00,study3b_fifo_runtime_v1
68726,C_7420,2011,2012,7.81116705184e-06,0,0,0.06,0.0115366009995,2026-09-08T22:20:32.862482+00:00,study3b_fifo_runtime_v1
68745,C_7422,2011,2012,0.00246046599932,0,0,0.06,0.0115366009995,2026-09-08T22:20:32.862482+00:00,study3b_fifo_runtime_v1
68761,C_7424,2011,2012,4.59993643744e-05,0,0,0.06,0.0115366009995,2026-09-08T22:20:32.862482+00:00,study3b_fifo_runtime_v1
68777,C_7427,2011,2012,0.0105037940666,0,0,0.06,0.0115366009995,2026-09-08T22:20:32.862482+00:00,study3b_fifo_runtime_v1
68791,C_7428,2011,2012,3.85583225579e-05,0,0,0.06,0.0115366009995,2026-09-08T22:20:32.862482+00:00,study3b_fifo_runtime_v1
68806,C_7431,2011,2012,7.73426472733e-06,0,0,0.06,0.0115366009995,2026-09-08T22:20:32.862482+00:00,study3b_fifo_runtime_v1
68825,C_7434,2011,2012,0.000558980100323,0,0,0.06,0.0115366009995,2026-09-08T22:20:32.862482+00:00,study3b_fifo_runtime_v1
68864,C_7440,2011,2012,3.57754943252e-05,0,0,0.06,0.0115366009995,2026-09-08T22:20:32.862482+00:00,study3b_fifo_runtime_v1
68883,C_7442,2011,2012,4.92233193654e-05,0,0,0.06,0.0115366009995,2026-09-08T22:20:32.862482+00:00,study3b_fifo_runtime_v1
68896,C_7444,2011,2012,0.479458421469,1,1,0.06,0.0115366009995,2026-09-08T22:20:32.862482+00:00,study3b_fifo_runtime_v1
68904,C_7445,2011,2012,1.39342346301e-05,0,0,0.06,0.0115366009995,2026-09-08T22:20:32.862482+00:00,study3b_fifo_runtime_v1
68912,C_7446,2011,2012,0.000546122784726,0,0,0.06,0.0115366009995,2026-09-08T22:20:32.862482+00:00,study3b_fifo_runtime_v1
68937,C_7450,2011,2012,0.000277588696918,0,0,0.06,0.0115366009995,2026-09-08T22:20:32.862482+00:00,study3b_fifo_runtime_v1
68950,C_7451,2011,2012,0.000143131343066,0,0,0.06,0.0115366009995,2026-09-08T22:20:32.862482+00:00,study3b_fifo_runtime_v1
68960,C_7452,2011,2012,5.60887528991e-05,0,0,0.06,0.0115366009995,2026-09-08T22:20:32.862482+00:00,study3b_fifo_runtime_v1
68966,C_7453,2011,2012,0.000786276592407,0,0,0.06,0.0115366009995,2026-09-08T22:20:32.862482+00:00,study3b_fifo_runtime_v1
68980,C_7455,2011,2012,0.000150442108861,0,0,0.06,0.0115366009995,2026-09-08T22:20:32.862482+00:00,study3b_fifo_runtime_v1
68997,C_7458,2011,2012,0.000131167034851,0,0,0.06,0.0115366009995,2026-09-08T22:20:32.862482+00:00,study3b_fifo_runtime_v1
69012,C_7460,2011,2012,0.00470548355952,0,0,0.06,0.0115366009995,2026-09-08T22:20:32.862482+00:00,study3b_fifo_runtime_v1
69015,C_7461,2011,2012,0.00117350625806,0,0,0.06,0.0115366009995,2026-09-08T22:20:32.862482+00:00,study3b_fifo_runtime_v1
69029,C_7463,2011,2012,9.9301987575e-06,0,0,0.06,0.0115366009995,2026-09-08T22:20:32.862482+00:00,study3b_fifo_runtime_v1
69053,C_7467,2011,2012,0.000784176401794,0,0,0.06,0.0115366009995,2026-09-08T22:20:32.862482+00:00,study3b_fifo_runtime_v1
69064,C_7468,2011,2012,0.000127930979943,0,0,0.06,0.0115366009995,2026-09-08T22:20:32.862482+00:00,study3b_fifo_runtime_v1
69082,C_7470,2011,2012,0.00158784852829,0,0,0.06,0.0115366009995,2026-09-08T22:20:32.862482+00:00,study3b_fifo_runtime_v1
69094,C_7472,2011,2012,0.000113544672786,0,0,0.06,0.0115366009995,2026-09-08T22:20:32.862482+00:00,study3b_fifo_runtime_v1
69108,C_7473,2011,2012,2.99223629554e-05,0,0,0.06,0.0115366009995,2026-09-08T22:20:32.862482+00:00,study3b_fifo_runtime_v1
69124,C_7475,2011,2012,0.0712227001786,1,1,0.06,0.0115366009995,2026-09-08T22:20:32.862482+00:00,study3b_fifo_runtime_v1
69139,C_7476,2011,2012,3.67743887182e-05,0,0,0.06,0.0115366009995,2026-09-08T22:20:32.862482+00:00,study3b_fifo_runtime_v1
69169,C_7480,2011,2012,5.52611600142e-05,0,0,0.06,0.0115366009995,2026-09-08T22:20:32.862482+00:00,study3b_fifo_runtime_v1
69181,C_7482,2011,2012,8.14429586171e-05,0,0,0.06,0.0115366009995,2026-09-08T22:20:32.862482+00:00,study3b_fifo_runtime_v1
69191,C_7483,2011,2012,0.000260875181993,0,0,0.06,0.0115366009995,2026-09-08T22:20:32.862482+00:00,study3b_fifo_runtime_v1
69202,C_7484,2011,2012,0.00772586278617,0,0,0.06,0.0115366009995,2026-09-08T22:20:32.862482+00:00,study3b_fifo_runtime_v1
69221,C_7486,2011,2012,0.00031500888872,0,0,0.06,0.0115366009995,2026-09-08T22:20:32.862482+00:00,study3b_fifo_runtime_v1
69230,C_7487,2011,2012,0.00267078098841,0,0,0.06,0.0115366009995,2026-09-08T22:20:32.862482+00:00,study3b_fifo_runtime_v1
69236,C_7488,2011,2012,5.75651029067e-05,0,0,0.06,0.0115366009995,2026-09-08T22:20:32.862482+00:00,study3b_fifo_runtime_v1
69251,C_7489,2011,2012,0.000522946706042,0,0,0.06,0.0115366009995,2026-09-08T22:20:32.862482+00:00,study3b_fifo_runtime_v1
69266,C_7490,2011,2012,0.000469907157822,0,0,0.06,0.0115366009995,2026-09-08T22:20:32.862482+00:00,study3b_fifo_runtime_v1
69277,C_7491,2011,2012,0.000287252594717,0,0,0.06,0.0115366009995,2026-09-08T22:20:32.862482+00:00,study3b_fifo_runtime_v1
69281,C_7492,2011,2012,0.000102659163531,0,0,0.06,0.0115366009995,2026-09-08T22:20:32.862482+00:00,study3b_fifo_runtime_v1
69299,C_7494,2011,2012,7.16660579201e-05,0,0,0.06,0.0115366009995,2026-09-08T22:20:32.862482+00:00,study3b_fifo_runtime_v1
69314,C_7495,2011,2012,5.26808980794e-05,0,0,0.06,0.0115366009995,2026-09-08T22:20:32.862482+00:00,study3b_fifo_runtime_v1
69331,C_7498,2011,2012,0.000720417534467,0,0,0.06,0.0115366009995,2026-09-08T22:20:32.862482+00:00,study3b_fifo_runtime_v1
69343,C_7499,2011,2012,5.06886426592e-05,0,0,0.06,0.0115366009995,2026-09-08T22:20:32.862482+00:00,study3b_fifo_runtime_v1
69354,C_7500,2011,2012,0.000282409630017,0,0,0.06,0.0115366009995,2026-09-08T22:20:32.862482+00:00,study3b_fifo_runtime_v1
69379,C_7503,2011,2012,7.2343093052e-05,0,0,0.06,0.0115366009995,2026-09-08T22:20:32.862482+00:00,study3b_fifo_runtime_v1
69393,C_7504,2011,2012,0.000213075938518,0,0,0.06,0.0115366009995,2026-09-08T22:20:32.862482+00:00,study3b_fifo_runtime_v1
69402,C_7505,2011,2012,1.59038481797e-05,0,0,0.06,0.0115366009995,2026-09-08T22:20:32.862482+00:00,study3b_fifo_runtime_v1
69414,C_7506,2011,2012,0.000102878831967,0,0,0.06,0.0115366009995,2026-09-08T22:20:32.862482+00:00,study3b_fifo_runtime_v1
69416,C_7507,2011,2012,0.000706947350409,0,0,0.06,0.0115366009995,2026-09-08T22:20:32.862482+00:00,study3b_fifo_runtime_v1
69427,C_7508,2011,2012,0.000135841182782,0,0,0.06,0.0115366009995,2026-09-08T22:20:32.862482+00:00,study3b_fifo_runtime_v1
69441,C_7509,2011,2012,0.00562602467835,0,0,0.06,0.0115366009995,2026-09-08T22:20:32.862482+00:00,study3b_fifo_runtime_v1
69452,C_7510,2011,2012,0.00297256954946,0,0,0.06,0.0115366009995,2026-09-08T22:20:32.862482+00:00,study3b_fifo_runtime_v1
69461,C_7511,2011,2012,0.00421905471012,0,0,0.06,0.0115366009995,2026-09-08T22:20:32.862482+00:00,study3b_fifo_runtime_v1
69480,C_7513,2011,2012,3.12363590638e-05,0,0,0.06,0.0115366009995,2026-09-08T22:20:32.862482+00:00,study3b_fifo_runtime_v1
69489,C_7515,2011,2012,0.000209729478229,0,0,0.06,0.0115366009995,2026-09-08T22:20:32.862482+00:00,study3b_fifo_runtime_v1
69500,C_7516,2011,2012,2.29231463891e-05,0,0,0.06,0.0115366009995,2026-09-08T22:20:32.862482+00:00,study3b_fifo_runtime_v1
69522,C_7519,2011,2012,8.52071752888e-05,0,0,0.06,0.0115366009995,2026-09-08T22:20:32.862482+00:00,study3b_fifo_runtime_v1
69537,C_7520,2011,2012,3.19367973134e-05,0,0,0.06,0.0115366009995,2026-09-08T22:20:32.862482+00:00,study3b_fifo_runtime_v1
69559,C_7525,2011,2012,0.0215151309967,0,1,0.06,0.0115366009995,2026-09-08T22:20:32.862482+00:00,study3b_fifo_runtime_v1
69568,C_7528,2011,2012,0.000133949637529,0,0,0.06,0.0115366009995,2026-09-08T22:20:32.862482+00:00,study3b_fifo_runtime_v1
69583,C_7530,2011,2012,0.0019769652281,0,0,0.06,0.0115366009995,2026-09-08T22:20:32.862482+00:00,study3b_fifo_runtime_v1
69598,C_7531,2011,2012,0.0540701709688,0,1,0.06,0.0115366009995,2026-09-08T22:20:32.862482+00:00,study3b_fifo_runtime_v1
69612,C_7533,2011,2012,0.0111103281379,0,0,0.06,0.0115366009995,2026-09-08T22:20:32.862482+00:00,study3b_fifo_runtime_v1
69632,C_7537,2011,2012,0.00183115561958,0,0,0.06,0.0115366009995,2026-09-08T22:20:32.862482+00:00,study3b_fifo_runtime_v1
69640,C_7538,2011,2012,0.000205997886951,0,0,0.06,0.0115366009995,2026-09-08T22:20:32.862482+00:00,study3b_fifo_runtime_v1
69662,C_7540,2011,2012,0.271613150835,1,1,0.06,0.0115366009995,2026-09-08T22:20:32.862482+00:00,study3b_fifo_runtime_v1
69677,C_7541,2011,2012,0.00648448243737,0,0,0.06,0.0115366009995,2026-09-08T22:20:32.862482+00:00,study3b_fifo_runtime_v1
69690,C_7543,2011,2012,0.000258232059423,0,0,0.06,0.0115366009995,2026-09-08T22:20:32.862482+00:00,study3b_fifo_runtime_v1
69705,C_7544,2011,2012,0.00640991702676,0,0,0.06,0.0115366009995,2026-09-08T22:20:32.862482+00:00,study3b_fifo_runtime_v1
69720,C_7545,2011,2012,0.0300001557916,0,1,0.06,0.0115366009995,2026-09-08T22:20:32.862482+00:00,study3b_fifo_runtime_v1
69727,C_7547,2011,2012,1.98595680558e-05,0,0,0.06,0.0115366009995,2026-09-08T22:20:32.862482+00:00,study3b_fifo_runtime_v1
69736,C_7548,2011,2012,0.00204891641624,0,0,0.06,0.0115366009995,2026-09-08T22:20:32.862482+00:00,study3b_fifo_runtime_v1
69766,C_7554,2011,2012,2.15314303205e-05,0,0,0.06,0.0115366009995,2026-09-08T22:20:32.862482+00:00,study3b_fifo_runtime_v1
69787,C_7557,2011,2012,0.00259621767327,0,0,0.06,0.0115366009995,2026-09-08T22:20:32.862482+00:00,study3b_fifo_runtime_v1
69803,C_7559,2011,2012,2.48253927566e-05,0,0,0.06,0.0115366009995,2026-09-08T22:20:32.862482+00:00,study3b_fifo_runtime_v1
69818,C_7560,2011,2012,5.2841463912e-05,0,0,0.06,0.0115366009995,2026-09-08T22:20:32.862482+00:00,study3b_fifo_runtime_v1
69830,C_7561,2011,2012,0.00443626428023,0,0,0.06,0.0115366009995,2026-09-08T22:20:32.862482+00:00,study3b_fifo_runtime_v1
69852,C_7565,2011,2012,0.00479331566021,0,0,0.06,0.0115366009995,2026-09-08T22:20:32.862482+00:00,study3b_fifo_runtime_v1
69869,C_7567,2011,2012,0.000154496447067,0,0,0.06,0.0115366009995,2026-09-08T22:20:32.862482+00:00,study3b_fifo_runtime_v1
69884,C_7568,2011,2012,7.1246358857e-05,0,0,0.06,0.0115366009995,2026-09-08T22:20:32.862482+00:00,study3b_fifo_runtime_v1
69915,C_7573,2011,2012,0.00121787551325,0,0,0.06,0.0115366009995,2026-09-08T22:20:32.862482+00:00,study3b_fifo_runtime_v1
69935,C_7575,2011,2012,5.82287611905e-05,0,0,0.06,0.0115366009995,2026-09-08T22:20:32.862482+00:00,study3b_fifo_runtime_v1
69943,C_7576,2011,2012,0.0455698259175,0,1,0.06,0.0115366009995,2026-09-08T22:20:32.862482+00:00,study3b_fifo_runtime_v1
69957,C_7577,2011,2012,9.47043645283e-06,0,0,0.06,0.0115366009995,2026-09-08T22:20:32.862482+00:00,study3b_fifo_runtime_v1
69999,C_7583,2011,2012,0.00120393407997,0,0,0.06,0.0115366009995,2026-09-08T22:20:32.862482+00:00,study3b_fifo_runtime_v1
70016,C_7585,2011,2012,9.42775150179e-05,0,0,0.06,0.0115366009995,2026-09-08T22:20:32.862482+00:00,study3b_fifo_runtime_v1
70030,C_7586,2011,2012,0.000665436324198,0,0,0.06,0.0115366009995,2026-09-08T22:20:32.862482+00:00,study3b_fifo_runtime_v1
70039,C_7587,2011,2012,9.87843304756e-06,0,0,0.06,0.0115366009995,2026-09-08T22:20:32.862482+00:00,study3b_fifo_runtime_v1
70061,C_7589,2011,2012,4.81576389575e-05,0,0,0.06,0.0115366009995,2026-09-08T22:20:32.862482+00:00,study3b_fifo_runtime_v1
70067,C_7590,2011,2012,0.000176408604602,0,0,0.06,0.0115366009995,2026-09-08T22:20:32.862482+00:00,study3b_fifo_runtime_v1
70075,C_7591,2011,2012,0.00153464649338,0,0,0.06,0.0115366009995,2026-09-08T22:20:32.862482+00:00,study3b_fifo_runtime_v1
70093,C_7593,2011,2012,0.118712477386,1,1,0.06,0.0115366009995,2026-09-08T22:20:32.862482+00:00,study3b_fifo_runtime_v1
70106,C_7595,2011,2012,0.000218871326069,0,0,0.06,0.0115366009995,2026-09-08T22:20:32.862482+00:00,study3b_fifo_runtime_v1
70121,C_7597,2011,2012,8.43582092784e-05,0,0,0.06,0.0115366009995,2026-09-08T22:20:32.862482+00:00,study3b_fifo_runtime_v1
70135,C_7598,2011,2012,0.0043900036253,0,0,0.06,0.0115366009995,2026-09-08T22:20:32.862482+00:00,study3b_fifo_runtime_v1
70154,C_7602,2011,2012,0.00041769494419,0,0,0.06,0.0115366009995,2026-09-08T22:20:32.862482+00:00,study3b_fifo_runtime_v1
70167,C_7603,2011,2012,0.000234171762713,0,0,0.06,0.0115366009995,2026-09-08T22:20:32.862482+00:00,study3b_fifo_runtime_v1
70189,C_7606,2011,2012,2.11177757592e-05,0,0,0.06,0.0115366009995,2026-09-08T22:20:32.862482+00:00,study3b_fifo_runtime_v1
70203,C_7607,2011,2012,0.000609576236457,0,0,0.06,0.0115366009995,2026-09-08T22:20:32.862482+00:00,study3b_fifo_runtime_v1
70213,C_7608,2011,2012,0.000167921403772,0,0,0.06,0.0115366009995,2026-09-08T22:20:32.862482+00:00,study3b_fifo_runtime_v1
70218,C_7609,2011,2012,0.000127169056213,0,0,0.06,0.0115366009995,2026-09-08T22:20:32.862482+00:00,study3b_fifo_runtime_v1
70231,C_7610,2011,2012,7.3222940955e-06,0,0,0.06,0.0115366009995,2026-09-08T22:20:32.862482+00:00,study3b_fifo_runtime_v1
70238,C_7611,2011,2012,0.0422105491161,0,1,0.06,0.0115366009995,2026-09-08T22:20:32.862482+00:00,study3b_fifo_runtime_v1
70246,C_7612,2011,2012,6.80637531332e-05,0,0,0.06,0.0115366009995,2026-09-08T22:20:32.862482+00:00,study3b_fifo_runtime_v1
70255,C_7613,2011,2012,0.000135160327773,0,0,0.06,0.0115366009995,2026-09-08T22:20:32.862482+00:00,study3b_fifo_runtime_v1
70264,C_7614,2011,2012,0.00497374497354,0,0,0.06,0.0115366009995,2026-09-08T22:20:32.862482+00:00,study3b_fifo_runtime_v1
70283,C_7616,2011,2012,0.00664249621332,0,0,0.06,0.0115366009995,2026-09-08T22:20:32.862482+00:00,study3b_fifo_runtime_v1
70295,C_7617,2011,2012,0.000584711960983,0,0,0.06,0.0115366009995,2026-09-08T22:20:32.862482+00:00,study3b_fifo_runtime_v1
70303,C_7618,2011,2012,0.00550434552133,0,0,0.06,0.0115366009995,2026-09-08T22:20:32.862482+00:00,study3b_fifo_runtime_v1
70327,C_7622,2011,2012,0.000250121462159,0,0,0.06,0.0115366009995,2026-09-08T22:20:32.862482+00:00,study3b_fifo_runtime_v1
70353,C_7626,2011,2012,0.534035265446,1,1,0.06,0.0115366009995,2026-09-08T22:20:32.862482+00:00,study3b_fifo_runtime_v1
70369,C_7628,2011,2012,0.000797956890892,0,0,0.06,0.0115366009995,2026-09-08T22:20:32.862482+00:00,study3b_fifo_runtime_v1
70382,C_7629,2011,2012,0.00255003478378,0,0,0.06,0.0115366009995,2026-09-08T22:20:32.862482+00:00,study3b_fifo_runtime_v1
70395,C_7630,2011,2012,0.000112773355795,0,0,0.06,0.0115366009995,2026-09-08T22:20:32.862482+00:00,study3b_fifo_runtime_v1
70408,C_7632,2011,2012,1.87786281458e-05,0,0,0.06,0.0115366009995,2026-09-08T22:20:32.862482+00:00,study3b_fifo_runtime_v1
70424,C_7634,2011,2012,6.40381185804e-05,0,0,0.06,0.0115366009995,2026-09-08T22:20:32.862482+00:00,study3b_fifo_runtime_v1
70438,C_7635,2011,2012,0.00824896153063,0,0,0.06,0.0115366009995,2026-09-08T22:20:32.862482+00:00,study3b_fifo_runtime_v1
70457,C_7638,2011,2012,0.00418325420469,0,0,0.06,0.0115366009995,2026-09-08T22:20:32.862482+00:00,study3b_fifo_runtime_v1
70469,C_7641,2011,2012,2.54199894698e-05,0,0,0.06,0.0115366009995,2026-09-08T22:20:32.862482+00:00,study3b_fifo_runtime_v1
70480,C_7642,2011,2012,0.000999222393148,0,0,0.06,0.0115366009995,2026-09-08T22:20:32.862482+00:00,study3b_fifo_runtime_v1
70494,C_7643,2011,2012,0.00012499850709,0,0,0.06,0.0115366009995,2026-09-08T22:20:32.862482+00:00,study3b_fifo_runtime_v1
70501,C_7644,2011,2012,0.000143880562973,0,0,0.06,0.0115366009995,2026-09-08T22:20:32.862482+00:00,study3b_fifo_runtime_v1
70508,C_7646,2011,2012,0.000138438408612,0,0,0.06,0.0115366009995,2026-09-08T22:20:32.862482+00:00,study3b_fifo_runtime_v1
70533,C_7650,2011,2012,2.80736912828e-05,0,0,0.06,0.0115366009995,2026-09-08T22:20:32.862482+00:00,study3b_fifo_runtime_v1
70542,C_7651,2011,2012,1.83767824637e-05,0,0,0.06,0.0115366009995,2026-09-08T22:20:32.862482+00:00,study3b_fifo_runtime_v1
70555,C_7652,2011,2012,2.92323729809e-05,0,0,0.06,0.0115366009995,2026-09-08T22:20:32.862482+00:00,study3b_fifo_runtime_v1
70563,C_7653,2011,2012,0.00759269669652,0,0,0.06,0.0115366009995,2026-09-08T22:20:32.862482+00:00,study3b_fifo_runtime_v1
70579,C_7655,2011,2012,0.000833527650684,0,0,0.06,0.0115366009995,2026-09-08T22:20:32.862482+00:00,study3b_fifo_runtime_v1
70593,C_7656,2011,2012,0.00113143993076,0,0,0.06,0.0115366009995,2026-09-08T22:20:32.862482+00:00,study3b_fifo_runtime_v1
70607,C_7657,2011,2012,2.1134628696e-05,0,0,0.06,0.0115366009995,2026-09-08T22:20:32.862482+00:00,study3b_fifo_runtime_v1
70622,C_7659,2011,2012,0.000689650129061,0,0,0.06,0.0115366009995,2026-09-08T22:20:32.862482+00:00,study3b_fifo_runtime_v1
70647,C_7663,2011,2012,2.35409461311e-05,0,0,0.06,0.0115366009995,2026-09-08T22:20:32.862482+00:00,study3b_fifo_runtime_v1
70661,C_7665,2011,2012,0.00616503925994,0,0,0.06,0.0115366009995,2026-09-08T22:20:32.862482+00:00,study3b_fifo_runtime_v1
70675,C_7667,2011,2012,0.000104908620415,0,0,0.06,0.0115366009995,2026-09-08T22:20:32.862482+00:00,study3b_fifo_runtime_v1
70682,C_7668,2011,2012,0.00100730347913,0,0,0.06,0.0115366009995,2026-09-08T22:20:32.862482+00:00,study3b_fifo_runtime_v1
70694,C_7669,2011,2012,0.000253557023825,0,0,0.06,0.0115366009995,2026-09-08T22:20:32.862482+00:00,study3b_fifo_runtime_v1
70708,C_7670,2011,2012,0.000187935584108,0,0,0.06,0.0115366009995,2026-09-08T22:20:32.862482+00:00,study3b_fifo_runtime_v1
70713,C_7671,2011,2012,0.000277588871541,0,0,0.06,0.0115366009995,2026-09-08T22:20:32.862482+00:00,study3b_fifo_runtime_v1
70717,C_7672,2011,2012,0.000928350258619,0,0,0.06,0.0115366009995,2026-09-08T22:20:32.862482+00:00,study3b_fifo_runtime_v1
70743,C_7675,2011,2012,3.0856786907e-05,0,0,0.06,0.0115366009995,2026-09-08T22:20:32.862482+00:00,study3b_fifo_runtime_v1
70757,C_7676,2011,2012,0.000566817296203,0,0,0.06,0.0115366009995,2026-09-08T22:20:32.862482+00:00,study3b_fifo_runtime_v1
70762,C_7678,2011,2012,8.48088748171e-05,0,0,0.06,0.0115366009995,2026-09-08T22:20:32.862482+00:00,study3b_fifo_runtime_v1
70770,C_7679,2011,2012,1.85102780961e-05,0,0,0.06,0.0115366009995,2026-09-08T22:20:32.862482+00:00,study3b_fifo_runtime_v1
70792,C_7682,2011,2012,0.000123105288367,0,0,0.06,0.0115366009995,2026-09-08T22:20:32.862482+00:00,study3b_fifo_runtime_v1
70803,C_7683,2011,2012,0.00064274930628,0,0,0.06,0.0115366009995,2026-09-08T22:20:32.862482+00:00,study3b_fifo_runtime_v1
70814,C_7684,2011,2012,0.00049431232037,0,0,0.06,0.0115366009995,2026-09-08T22:20:32.862482+00:00,study3b_fifo_runtime_v1
70831,C_7686,2011,2012,0.00220980122685,0,0,0.06,0.0115366009995,2026-09-08T22:20:32.862482+00:00,study3b_fifo_runtime_v1
70841,C_7687,2011,2012,0.000617701851297,0,0,0.06,0.0115366009995,2026-09-08T22:20:32.862482+00:00,study3b_fifo_runtime_v1
70852,C_7688,2011,2012,0.0114775523543,0,0,0.06,0.0115366009995,2026-09-08T22:20:32.862482+00:00,study3b_fifo_runtime_v1
70854,C_7689,2011,2012,0.000157045549713,0,0,0.06,0.0115366009995,2026-09-08T22:20:32.862482+00:00,study3b_fifo_runtime_v1
70860,C_7690,2011,2012,0.00166540581267,0,0,0.06,0.0115366009995,2026-09-08T22:20:32.862482+00:00,study3b_fifo_runtime_v1
70870,C_7691,2011,2012,0.00353403692134,0,0,0.06,0.0115366009995,2026-09-08T22:20:32.862482+00:00,study3b_fifo_runtime_v1
70894,C_7694,2011,2012,0.000396024115616,0,0,0.06,0.0115366009995,2026-09-08T22:20:32.862482+00:00,study3b_fifo_runtime_v1
70907,C_7695,2011,2012,2.60647557297e-05,0,0,0.06,0.0115366009995,2026-09-08T22:20:32.862482+00:00,study3b_fifo_runtime_v1
70913,C_7696,2011,2012,0.000163735821843,0,0,0.06,0.0115366009995,2026-09-08T22:20:32.862482+00:00,study3b_fifo_runtime_v1
70927,C_7697,2011,2012,0.000303817068925,0,0,0.06,0.0115366009995,2026-09-08T22:20:32.862482+00:00,study3b_fifo_runtime_v1
70932,C_7698,2011,2012,0.000760053808335,0,0,0.06,0.0115366009995,2026-09-08T22:20:32.862482+00:00,study3b_fifo_runtime_v1
70946,C_7701,2011,2012,0.000957986281719,0,0,0.06,0.0115366009995,2026-09-08T22:20:32.862482+00:00,study3b_fifo_runtime_v1
70951,C_7702,2011,2012,8.98056896403e-05,0,0,0.06,0.0115366009995,2026-09-08T22:20:32.862482+00:00,study3b_fifo_runtime_v1
70961,C_7703,2011,2012,0.00102174293716,0,0,0.06,0.0115366009995,2026-09-08T22:20:32.862482+00:00,study3b_fifo_runtime_v1
70972,C_7704,2011,2012,4.93035950058e-05,0,0,0.06,0.0115366009995,2026-09-08T22:20:32.862482+00:00,study3b_fifo_runtime_v1
70986,C_7705,2011,2012,6.67933709337e-05,0,0,0.06,0.0115366009995,2026-09-08T22:20:32.862482+00:00,study3b_fifo_runtime_v1
70996,C_7706,2011,2012,5.92403666815e-05,0,0,0.06,0.0115366009995,2026-09-08T22:20:32.862482+00:00,study3b_fifo_runtime_v1
71021,C_7709,2011,2012,9.68493623077e-05,0,0,0.06,0.0115366009995,2026-09-08T22:20:32.862482+00:00,study3b_fifo_runtime_v1
71035,C_7710,2011,2012,0.000601543462835,0,0,0.06,0.0115366009995,2026-09-08T22:20:32.862482+00:00,study3b_fifo_runtime_v1
71064,C_7715,2011,2012,0.00038366773515,0,0,0.06,0.0115366009995,2026-09-08T22:20:32.862482+00:00,study3b_fifo_runtime_v1
71087,C_7718,2011,2012,0.000146271966514,0,0,0.06,0.0115366009995,2026-09-08T22:20:32.862482+00:00,study3b_fifo_runtime_v1
71101,C_7719,2011,2012,0.000295621430269,0,0,0.06,0.0115366009995,2026-09-08T22:20:32.862482+00:00,study3b_fifo_runtime_v1
71111,C_7720,2011,2012,2.11120695894e-05,0,0,0.06,0.0115366009995,2026-09-08T22:20:32.862482+00:00,study3b_fifo_runtime_v1
71127,C_7722,2011,2012,0.000163285425515,0,0,0.06,0.0115366009995,2026-09-08T22:20:32.862482+00:00,study3b_fifo_runtime_v1
71134,C_7723,2011,2012,0.000208680168726,0,0,0.06,0.0115366009995,2026-09-08T22:20:32.862482+00:00,study3b_fifo_runtime_v1
71148,C_7725,2011,2012,0.00110275659245,0,0,0.06,0.0115366009995,2026-09-08T22:20:32.862482+00:00,study3b_fifo_runtime_v1
71161,C_7727,2011,2012,0.000665524741635,0,0,0.06,0.0115366009995,2026-09-08T22:20:32.862482+00:00,study3b_fifo_runtime_v1
71175,C_7728,2011,2012,0.000163823991898,0,0,0.06,0.0115366009995,2026-09-08T22:20:32.862482+00:00,study3b_fifo_runtime_v1
71189,C_7729,2011,2012,6.67979184072e-05,0,0,0.06,0.0115366009995,2026-09-08T22:20:32.862482+00:00,study3b_fifo_runtime_v1
71206,C_7732,2011,2012,9.88122155832e-06,0,0,0.06,0.0115366009995,2026-09-08T22:20:32.862482+00:00,study3b_fifo_runtime_v1
71218,C_7734,2011,2012,6.59294601064e-05,0,0,0.06,0.0115366009995,2026-09-08T22:20:32.862482+00:00,study3b_fifo_runtime_v1
71230,C_7735,2011,2012,0.000401827186579,0,0,0.06,0.0115366009995,2026-09-08T22:20:32.862482+00:00,study3b_fifo_runtime_v1
71247,C_7737,2011,2012,0.000821130292024,0,0,0.06,0.0115366009995,2026-09-08T22:20:32.862482+00:00,study3b_fifo_runtime_v1
71261,C_7738,2011,2012,8.71214433573e-05,0,0,0.06,0.0115366009995,2026-09-08T22:20:32.862482+00:00,study3b_fifo_runtime_v1
71275,C_7739,2011,2012,0.00137762539089,0,0,0.06,0.0115366009995,2026-09-08T22:20:32.862482+00:00,study3b_fifo_runtime_v1
71285,C_7741,2011,2012,0.000527127936948,0,0,0.06,0.0115366009995,2026-09-08T22:20:32.862482+00:00,study3b_fifo_runtime_v1
71298,C_7742,2011,2012,0.00280883535743,0,0,0.06,0.0115366009995,2026-09-08T22:20:32.862482+00:00,study3b_fifo_runtime_v1
71316,C_7745,2011,2012,3.89613378502e-05,0,0,0.06,0.0115366009995,2026-09-08T22:20:32.862482+00:00,study3b_fifo_runtime_v1
71321,C_7746,2011,2012,4.56732632301e-05,0,0,0.06,0.0115366009995,2026-09-08T22:20:32.862482+00:00,study3b_fifo_runtime_v1
71335,C_7747,2011,2012,0.000105028237158,0,0,0.06,0.0115366009995,2026-09-08T22:20:32.862482+00:00,study3b_fifo_runtime_v1
71340,C_7748,2011,2012,0.00721824215725,0,0,0.06,0.0115366009995,2026-09-08T22:20:32.862482+00:00,study3b_fifo_runtime_v1
71346,C_7749,2011,2012,1.99728801817e-05,0,0,0.06,0.0115366009995,2026-09-08T22:20:32.862482+00:00,study3b_fifo_runtime_v1
71357,C_7750,2011,2012,3.06578549498e-05,0,0,0.06,0.0115366009995,2026-09-08T22:20:32.862482+00:00,study3b_fifo_runtime_v1
71363,C_7751,2011,2012,0.000234886494582,0,0,0.06,0.0115366009995,2026-09-08T22:20:32.862482+00:00,study3b_fifo_runtime_v1
71370,C_7752,2011,2012,5.67704446439e-05,0,0,0.06,0.0115366009995,2026-09-08T22:20:32.862482+00:00,study3b_fifo_runtime_v1
71381,C_7754,2011,2012,0.0973063185811,1,1,0.06,0.0115366009995,2026-09-08T22:20:32.862482+00:00,study3b_fifo_runtime_v1
71385,C_7755,2011,2012,0.00146525504533,0,0,0.06,0.0115366009995,2026-09-08T22:20:32.862482+00:00,study3b_fifo_runtime_v1
71398,C_7758,2011,2012,0.00059061468346,0,0,0.06,0.0115366009995,2026-09-08T22:20:32.862482+00:00,study3b_fifo_runtime_v1
71407,C_7760,2011,2012,3.13844830089e-05,0,0,0.06,0.0115366009995,2026-09-08T22:20:32.862482+00:00,study3b_fifo_runtime_v1
71427,C_7764,2011,2012,0.000233602171647,0,0,0.06,0.0115366009995,2026-09-08T22:20:32.862482+00:00,study3b_fifo_runtime_v1
71436,C_7765,2011,2012,0.00293590780348,0,0,0.06,0.0115366009995,2026-09-08T22:20:32.862482+00:00,study3b_fifo_runtime_v1
71449,C_7766,2011,2012,0.000125901337015,0,0,0.06,0.0115366009995,2026-09-08T22:20:32.862482+00:00,study3b_fifo_runtime_v1
71455,C_7767,2011,2012,0.035306494683,0,1,0.06,0.0115366009995,2026-09-08T22:20:32.862482+00:00,study3b_fifo_runtime_v1
71462,C_7768,2011,2012,0.00062378536677,0,0,0.06,0.0115366009995,2026-09-08T22:20:32.862482+00:00,study3b_fifo_runtime_v1
71476,C_7771,2011,2012,0.0174249559641,0,1,0.06,0.0115366009995,2026-09-08T22:20:32.862482+00:00,study3b_fifo_runtime_v1
71486,C_7773,2011,2012,0.00147700635716,0,0,0.06,0.0115366009995,2026-09-08T22:20:32.862482+00:00,study3b_fifo_runtime_v1
71495,C_7774,2011,2012,0.000552498095203,0,0,0.06,0.0115366009995,2026-09-08T22:20:32.862482+00:00,study3b_fifo_runtime_v1
71506,C_7776,2011,2012,0.00126335176174,0,0,0.06,0.0115366009995,2026-09-08T22:20:32.862482+00:00,study3b_fifo_runtime_v1
71517,C_7779,2011,2012,0.00378591264598,0,0,0.06,0.0115366009995,2026-09-08T22:20:32.862482+00:00,study3b_fifo_runtime_v1
71534,C_7783,2011,2012,9.88621650322e-06,0,0,0.06,0.0115366009995,2026-09-08T22:20:32.862482+00:00,study3b_fifo_runtime_v1
71552,C_7786,2011,2012,0.000697667768691,0,0,0.06,0.0115366009995,2026-09-08T22:20:32.862482+00:00,study3b_fifo_runtime_v1
71563,C_7787,2011,2012,0.0044281668961,0,0,0.06,0.0115366009995,2026-09-08T22:20:32.862482+00:00,study3b_fifo_runtime_v1
71566,C_7788,2011,2012,0.0006075699348,0,0,0.06,0.0115366009995,2026-09-08T22:20:32.862482+00:00,study3b_fifo_runtime_v1
71579,C_7789,2011,2012,4.33780842286e-05,0,0,0.06,0.0115366009995,2026-09-08T22:20:32.862482+00:00,study3b_fifo_runtime_v1
71593,C_7791,2011,2012,0.00139828457031,0,0,0.06,0.0115366009995,2026-09-08T22:20:32.862482+00:00,study3b_fifo_runtime_v1
71610,C_7793,2011,2012,5.42733650946e-05,0,0,0.06,0.0115366009995,2026-09-08T22:20:32.862482+00:00,study3b_fifo_runtime_v1
71616,C_7794,2011,2012,0.000140094358358,0,0,0.06,0.0115366009995,2026-09-08T22:20:32.862482+00:00,study3b_fifo_runtime_v1
71634,C_7796,2011,2012,1.27361445266e-05,0,0,0.06,0.0115366009995,2026-09-08T22:20:32.862482+00:00,study3b_fifo_runtime_v1
71638,C_7797,2011,2012,0.00207227910869,0,0,0.06,0.0115366009995,2026-09-08T22:20:32.862482+00:00,study3b_fifo_runtime_v1
71662,C_7801,2011,2012,1.96038326976e-05,0,0,0.06,0.0115366009995,2026-09-08T22:20:32.862482+00:00,study3b_fifo_runtime_v1
71675,C_7803,2011,2012,9.55508312472e-06,0,0,0.06,0.0115366009995,2026-09-08T22:20:32.862482+00:00,study3b_fifo_runtime_v1
71691,C_7806,2011,2012,1.31606202558e-05,0,0,0.06,0.0115366009995,2026-09-08T22:20:32.862482+00:00,study3b_fifo_runtime_v1
71699,C_7807,2011,2012,3.44812656294e-06,0,0,0.06,0.0115366009995,2026-09-08T22:20:32.862482+00:00,study3b_fifo_runtime_v1
71704,C_7808,2011,2012,0.00409205863252,0,0,0.06,0.0115366009995,2026-09-08T22:20:32.862482+00:00,study3b_fifo_runtime_v1
71710,C_7809,2011,2012,0.0353720523417,0,1,0.06,0.0115366009995,2026-09-08T22:20:32.862482+00:00,study3b_fifo_runtime_v1
71732,C_7812,2011,2012,0.000104701532109,0,0,0.06,0.0115366009995,2026-09-08T22:20:32.862482+00:00,study3b_fifo_runtime_v1
71744,C_7813,2011,2012,0.00152619730216,0,0,0.06,0.0115366009995,2026-09-08T22:20:32.862482+00:00,study3b_fifo_runtime_v1
71757,C_7816,2011,2012,0.322731345892,1,1,0.06,0.0115366009995,2026-09-08T22:20:32.862482+00:00,study3b_fifo_runtime_v1
71770,C_7817,2011,2012,0.00425418326631,0,0,0.06,0.0115366009995,2026-09-08T22:20:32.862482+00:00,study3b_fifo_runtime_v1
71782,C_7818,2011,2012,0.00792039278895,0,0,0.06,0.0115366009995,2026-09-08T22:20:32.862482+00:00,study3b_fifo_runtime_v1
71795,C_7820,2011,2012,0.00484884530306,0,0,0.06,0.0115366009995,2026-09-08T22:20:32.862482+00:00,study3b_fifo_runtime_v1
71808,C_7821,2011,2012,0.00010977951024,0,0,0.06,0.0115366009995,2026-09-08T22:20:32.862482+00:00,study3b_fifo_runtime_v1
71821,C_7822,2011,2012,0.00202245009132,0,0,0.06,0.0115366009995,2026-09-08T22:20:32.862482+00:00,study3b_fifo_runtime_v1
71829,C_7823,2011,2012,0.000199478527065,0,0,0.06,0.0115366009995,2026-09-08T22:20:32.862482+00:00,study3b_fifo_runtime_v1
71835,C_7824,2011,2012,0.000771254533902,0,0,0.06,0.0115366009995,2026-09-08T22:20:32.862482+00:00,study3b_fifo_runtime_v1
71851,C_7826,2011,2012,0.000208885408938,0,0,0.06,0.0115366009995,2026-09-08T22:20:32.862482+00:00,study3b_fifo_runtime_v1
71864,C_7827,2011,2012,0.000162923533935,0,0,0.06,0.0115366009995,2026-09-08T22:20:32.862482+00:00,study3b_fifo_runtime_v1
71879,C_7829,2011,2012,1.15225147965e-05,0,0,0.06,0.0115366009995,2026-09-08T22:20:32.862482+00:00,study3b_fifo_runtime_v1
71894,C_7831,2011,2012,0.0018437061226,0,0,0.06,0.0115366009995,2026-09-08T22:20:32.862482+00:00,study3b_fifo_runtime_v1
71906,C_7832,2011,2012,0.00370865967125,0,0,0.06,0.0115366009995,2026-09-08T22:20:32.862482+00:00,study3b_fifo_runtime_v1
71910,C_7833,2011,2012,0.0008302028873,0,0,0.06,0.0115366009995,2026-09-08T22:20:32.862482+00:00,study3b_fifo_runtime_v1
71921,C_7834,2011,2012,0.00708446279168,0,0,0.06,0.0115366009995,2026-09-08T22:20:32.862482+00:00,study3b_fifo_runtime_v1
71929,C_7836,2011,2012,5.96137288085e-05,0,0,0.06,0.0115366009995,2026-09-08T22:20:32.862482+00:00,study3b_fifo_runtime_v1
71931,C_7837,2011,2012,0.000103384139948,0,0,0.06,0.0115366009995,2026-09-08T22:20:32.862482+00:00,study3b_fifo_runtime_v1
71938,C_7838,2011,2012,0.0797443985939,1,1,0.06,0.0115366009995,2026-09-08T22:20:32.862482+00:00,study3b_fifo_runtime_v1
71969,C_7846,2011,2012,0.00030194237479,0,0,0.06,0.0115366009995,2026-09-08T22:20:32.862482+00:00,study3b_fifo_runtime_v1
72025,C_7858,2011,2012,0.000146792081068,0,0,0.06,0.0115366009995,2026-09-08T22:20:32.862482+00:00,study3b_fifo_runtime_v1
72271,C_7912,2011,2012,0.00104642368387,0,0,0.06,0.0115366009995,2026-09-08T22:20:32.862482+00:00,study3b_fifo_runtime_v1
72295,C_7916,2011,2012,0.000169332721271,0,0,0.06,0.0115366009995,2026-09-08T22:20:32.862482+00:00,study3b_fifo_runtime_v1
72308,C_7917,2011,2012,2.55144714174e-05,0,0,0.06,0.0115366009995,2026-09-08T22:20:32.862482+00:00,study3b_fifo_runtime_v1
72316,C_7918,2011,2012,7.47994272388e-05,0,0,0.06,0.0115366009995,2026-09-08T22:20:32.862482+00:00,study3b_fifo_runtime_v1
72338,C_7921,2011,2012,0.0147083075717,0,1,0.06,0.0115366009995,2026-09-08T22:20:32.862482+00:00,study3b_fifo_runtime_v1
72348,C_7923,2011,2012,6.41508158878e-05,0,0,0.06,0.0115366009995,2026-09-08T22:20:32.862482+00:00,study3b_fifo_runtime_v1
72354,C_7924,2011,2012,0.00011228947551,0,0,0.06,0.0115366009995,2026-09-08T22:20:32.862482+00:00,study3b_fifo_runtime_v1
72361,C_7925,2011,2012,7.57780435379e-05,0,0,0.06,0.0115366009995,2026-09-08T22:20:32.862482+00:00,study3b_fifo_runtime_v1
72372,C_7926,2011,2012,0.000302716653096,0,0,0.06,0.0115366009995,2026-09-08T22:20:32.862482+00:00,study3b_fifo_runtime_v1
72385,C_7927,2011,2012,8.32718724268e-05,0,0,0.06,0.0115366009995,2026-09-08T22:20:32.862482+00:00,study3b_fifo_runtime_v1
72398,C_7928,2011,2012,1.19043943414e-05,0,0,0.06,0.0115366009995,2026-09-08T22:20:32.862482+00:00,study3b_fifo_runtime_v1
72405,C_7929,2011,2012,0.000927601766307,0,0,0.06,0.0115366009995,2026-09-08T22:20:32.862482+00:00,study3b_fifo_runtime_v1
72407,C_7930,2011,2012,0.00174726394471,0,0,0.06,0.0115366009995,2026-09-08T22:20:32.862482+00:00,study3b_fifo_runtime_v1
72419,C_7932,2011,2012,2.86350750685e-05,0,0,0.06,0.0115366009995,2026-09-08T22:20:32.862482+00:00,study3b_fifo_runtime_v1
72432,C_7933,2011,2012,0.0460170693696,0,1,0.06,0.0115366009995,2026-09-08T22:20:32.862482+00:00,study3b_fifo_runtime_v1
72439,C_7934,2011,2012,0.000316752120852,0,0,0.06,0.0115366009995,2026-09-08T22:20:32.862482+00:00,study3b_fifo_runtime_v1
72455,C_7937,2011,2012,0.000710564025212,0,0,0.06,0.0115366009995,2026-09-08T22:20:32.862482+00:00,study3b_fifo_runtime_v1
72461,C_7938,2011,2012,0.0149765247479,0,1,0.06,0.0115366009995,2026-09-08T22:20:32.862482+00:00,study3b_fifo_runtime_v1
72473,C_7939,2011,2012,0.00858006160706,0,0,0.06,0.0115366009995,2026-09-08T22:20:32.862482+00:00,study3b_fifo_runtime_v1
72476,C_7940,2011,2012,0.000170226398041,0,0,0.06,0.0115366009995,2026-09-08T22:20:32.862482+00:00,study3b_fifo_runtime_v1
72488,C_7941,2011,2012,0.000105777602585,0,0,0.06,0.0115366009995,2026-09-08T22:20:32.862482+00:00,study3b_fifo_runtime_v1
72500,C_7942,2011,2012,6.24808717475e-06,0,0,0.06,0.0115366009995,2026-09-08T22:20:32.862482+00:00,study3b_fifo_runtime_v1
72513,C_7943,2011,2012,3.24089596688e-05,0,0,0.06,0.0115366009995,2026-09-08T22:20:32.862482+00:00,study3b_fifo_runtime_v1
72526,C_7944,2011,2012,0.000236302148551,0,0,0.06,0.0115366009995,2026-09-08T22:20:32.862482+00:00,study3b_fifo_runtime_v1
72537,C_7946,2011,2012,0.000269874173682,0,0,0.06,0.0115366009995,2026-09-08T22:20:32.862482+00:00,study3b_fifo_runtime_v1
72545,C_7947,2011,2012,0.0292575210333,0,1,0.06,0.0115366009995,2026-09-08T22:20:32.862482+00:00,study3b_fifo_runtime_v1
72555,C_7950,2011,2012,3.11459516524e-05,0,0,0.06,0.0115366009995,2026-09-08T22:20:32.862482+00:00,study3b_fifo_runtime_v1
72565,C_7951,2011,2012,0.000397148454795,0,0,0.06,0.0115366009995,2026-09-08T22:20:32.862482+00:00,study3b_fifo_runtime_v1
72578,C_7953,2011,2012,5.56644699827e-05,0,0,0.06,0.0115366009995,2026-09-08T22:20:32.862482+00:00,study3b_fifo_runtime_v1
72591,C_7954,2011,2012,0.000152110049385,0,0,0.06,0.0115366009995,2026-09-08T22:20:32.862482+00:00,study3b_fifo_runtime_v1
72603,C_7955,2011,2012,0.000118080060929,0,0,0.06,0.0115366009995,2026-09-08T22:20:32.862482+00:00,study3b_fifo_runtime_v1
72616,C_7957,2011,2012,0.000309115217533,0,0,0.06,0.0115366009995,2026-09-08T22:20:32.862482+00:00,study3b_fifo_runtime_v1
72631,C_7960,2011,2012,2.38488664763e-05,0,0,0.06,0.0115366009995,2026-09-08T22:20:32.862482+00:00,study3b_fifo_runtime_v1
72646,C_7963,2011,2012,3.99796481361e-05,0,0,0.06,0.0115366009995,2026-09-08T22:20:32.862482+00:00,study3b_fifo_runtime_v1
72653,C_7964,2011,2012,6.43850144115e-05,0,0,0.06,0.0115366009995,2026-09-08T22:20:32.862482+00:00,study3b_fifo_runtime_v1
72664,C_7966,2011,2012,0.0202952045947,0,1,0.06,0.0115366009995,2026-09-08T22:20:32.862482+00:00,study3b_fifo_runtime_v1
72667,C_7967,2011,2012,0.0178400631994,0,1,0.06,0.0115366009995,2026-09-08T22:20:32.862482+00:00,study3b_fifo_runtime_v1
72692,C_7971,2011,2012,0.000111527486297,0,0,0.06,0.0115366009995,2026-09-08T22:20:32.862482+00:00,study3b_fifo_runtime_v1
72706,C_7973,2011,2012,0.00843003764749,0,0,0.06,0.0115366009995,2026-09-08T22:20:32.862482+00:00,study3b_fifo_runtime_v1
72718,C_7974,2011,2012,0.000152275795699,0,0,0.06,0.0115366009995,2026-09-08T22:20:32.862482+00:00,study3b_fifo_runtime_v1
72734,C_7976,2011,2012,0.000722096301615,0,0,0.06,0.0115366009995,2026-09-08T22:20:32.862482+00:00,study3b_fifo_runtime_v1
72740,C_7977,2011,2012,0.000262828019913,0,0,0.06,0.0115366009995,2026-09-08T22:20:32.862482+00:00,study3b_fifo_runtime_v1
72753,C_7978,2011,2012,0.000423567340476,0,0,0.06,0.0115366009995,2026-09-08T22:20:32.862482+00:00,study3b_fifo_runtime_v1
72769,C_7982,2011,2012,0.000397233758122,0,0,0.06,0.0115366009995,2026-09-08T22:20:32.862482+00:00,study3b_fifo_runtime_v1
72780,C_7984,2011,2012,0.000542661349755,0,0,0.06,0.0115366009995,2026-09-08T22:20:32.862482+00:00,study3b_fifo_runtime_v1
72789,C_7985,2011,2012,1.92003462871e-05,0,0,0.06,0.0115366009995,2026-09-08T22:20:32.862482+00:00,study3b_fifo_runtime_v1
72801,C_7986,2011,2012,0.000204145908356,0,0,0.06,0.0115366009995,2026-09-08T22:20:32.862482+00:00,study3b_fifo_runtime_v1
72814,C_7987,2011,2012,0.000636329234112,0,0,0.06,0.0115366009995,2026-09-08T22:20:32.862482+00:00,study3b_fifo_runtime_v1
72836,C_7990,2011,2012,0.000344365864294,0,0,0.06,0.0115366009995,2026-09-08T22:20:32.862482+00:00,study3b_fifo_runtime_v1
72847,C_7991,2011,2012,0.000115615410323,0,0,0.06,0.0115366009995,2026-09-08T22:20:32.862482+00:00,study3b_fifo_runtime_v1
72866,C_7994,2011,2012,0.000375155446818,0,0,0.06,0.0115366009995,2026-09-08T22:20:32.862482+00:00,study3b_fifo_runtime_v1
72877,C_7995,2011,2012,9.50780449784e-05,0,0,0.06,0.0115366009995,2026-09-08T22:20:32.862482+00:00,study3b_fifo_runtime_v1
72890,C_7996,2011,2012,0.000304568326101,0,0,0.06,0.0115366009995,2026-09-08T22:20:32.862482+00:00,study3b_fifo_runtime_v1
72904,C_7999,2011,2012,0.000149651546963,0,0,0.06,0.0115366009995,2026-09-08T22:20:32.862482+00:00,study3b_fifo_runtime_v1
72918,C_8002,2011,2012,0.256352335215,1,1,0.06,0.0115366009995,2026-09-08T22:20:32.862482+00:00,study3b_fifo_runtime_v1
72924,C_8003,2011,2012,0.00012544511992,0,0,0.06,0.0115366009995,2026-09-08T22:20:32.862482+00:00,study3b_fifo_runtime_v1
72946,C_8006,2011,2012,0.00153338816017,0,0,0.06,0.0115366009995,2026-09-08T22:20:32.862482+00:00,study3b_fifo_runtime_v1
72956,C_8008,2011,2012,3.6525165342e-05,0,0,0.06,0.0115366009995,2026-09-08T22:20:32.862482+00:00,study3b_fifo_runtime_v1
72970,C_8010,2011,2012,0.0146044688299,0,1,0.06,0.0115366009995,2026-09-08T22:20:32.862482+00:00,study3b_fifo_runtime_v1
72980,C_8011,2011,2012,0.000265110604232,0,0,0.06,0.0115366009995,2026-09-08T22:20:32.862482+00:00,study3b_fifo_runtime_v1
72982,C_8012,2011,2012,0.000515049148817,0,0,0.06,0.0115366009995,2026-09-08T22:20:32.862482+00:00,study3b_fifo_runtime_v1
72996,C_8014,2011,2012,0.00324269547127,0,0,0.06,0.0115366009995,2026-09-08T22:20:32.862482+00:00,study3b_fifo_runtime_v1
73009,C_8015,2011,2012,3.22255800711e-05,0,0,0.06,0.0115366009995,2026-09-08T22:20:32.862482+00:00,study3b_fifo_runtime_v1
73022,C_8016,2011,2012,0.000481591298012,0,0,0.06,0.0115366009995,2026-09-08T22:20:32.862482+00:00,study3b_fifo_runtime_v1
73036,C_8018,2011,2012,0.00376882287674,0,0,0.06,0.0115366009995,2026-09-08T22:20:32.862482+00:00,study3b_fifo_runtime_v1
73044,C_8019,2011,2012,3.1386007322e-05,0,0,0.06,0.0115366009995,2026-09-08T22:20:32.862482+00:00,study3b_fifo_runtime_v1
73049,C_8020,2011,2012,0.000729851191863,0,0,0.06,0.0115366009995,2026-09-08T22:20:32.862482+00:00,study3b_fifo_runtime_v1
73062,C_8021,2011,2012,0.000815142644569,0,0,0.06,0.0115366009995,2026-09-08T22:20:32.862482+00:00,study3b_fifo_runtime_v1
73079,C_8025,2011,2012,0.00034296271042,0,0,0.06,0.0115366009995,2026-09-08T22:20:32.862482+00:00,study3b_fifo_runtime_v1
73091,C_8026,2011,2012,5.79280203965e-05,0,0,0.06,0.0115366009995,2026-09-08T22:20:32.862482+00:00,study3b_fifo_runtime_v1
73112,C_8029,2011,2012,0.0142584266141,0,1,0.06,0.0115366009995,2026-09-08T22:20:32.862482+00:00,study3b_fifo_runtime_v1
73125,C_8030,2011,2012,8.11783465906e-05,0,0,0.06,0.0115366009995,2026-09-08T22:20:32.862482+00:00,study3b_fifo_runtime_v1
73131,C_8031,2011,2012,0.000444784789579,0,0,0.06,0.0115366009995,2026-09-08T22:20:32.862482+00:00,study3b_fifo_runtime_v1
73139,C_8032,2011,2012,0.00102300953586,0,0,0.06,0.0115366009995,2026-09-08T22:20:32.862482+00:00,study3b_fifo_runtime_v1
73151,C_8034,2011,2012,5.82067768846e-05,0,0,0.06,0.0115366009995,2026-09-08T22:20:32.862482+00:00,study3b_fifo_runtime_v1
73164,C_8035,2011,2012,0.000668979890179,0,0,0.06,0.0115366009995,2026-09-08T22:20:32.862482+00:00,study3b_fifo_runtime_v1
73176,C_8036,2011,2012,0.000568757357541,0,0,0.06,0.0115366009995,2026-09-08T22:20:32.862482+00:00,study3b_fifo_runtime_v1
73185,C_8037,2011,2012,0.000306405097945,0,0,0.06,0.0115366009995,2026-09-08T22:20:32.862482+00:00,study3b_fifo_runtime_v1
73196,C_8038,2011,2012,1.12241787065e-05,0,0,0.06,0.0115366009995,2026-09-08T22:20:32.862482+00:00,study3b_fifo_runtime_v1
73206,C_8040,2011,2012,0.0049983933568,0,0,0.06,0.0115366009995,2026-09-08T22:20:32.862482+00:00,study3b_fifo_runtime_v1
73216,C_8041,2011,2012,0.0141183855012,0,1,0.06,0.0115366009995,2026-09-08T22:20:32.862482+00:00,study3b_fifo_runtime_v1
73221,C_8042,2011,2012,0.00083025265485,0,0,0.06,0.0115366009995,2026-09-08T22:20:32.862482+00:00,study3b_fifo_runtime_v1
73232,C_8044,2011,2012,0.00137238344178,0,0,0.06,0.0115366009995,2026-09-08T22:20:32.862482+00:00,study3b_fifo_runtime_v1
73259,C_8048,2011,2012,0.00209377682768,0,0,0.06,0.0115366009995,2026-09-08T22:20:32.862482+00:00,study3b_fifo_runtime_v1
73271,C_8049,2011,2012,9.34048657655e-05,0,0,0.06,0.0115366009995,2026-09-08T22:20:32.862482+00:00,study3b_fifo_runtime_v1
73283,C_8050,2011,2012,0.0017577521503,0,0,0.06,0.0115366009995,2026-09-08T22:20:32.862482+00:00,study3b_fifo_runtime_v1
73292,C_8051,2011,2012,0.00168550107628,0,0,0.06,0.0115366009995,2026-09-08T22:20:32.862482+00:00,study3b_fifo_runtime_v1
73304,C_8052,2011,2012,0.0011153195519,0,0,0.06,0.0115366009995,2026-09-08T22:20:32.862482+00:00,study3b_fifo_runtime_v1
73325,C_8056,2011,2012,9.28495137487e-05,0,0,0.06,0.0115366009995,2026-09-08T22:20:32.862482+00:00,study3b_fifo_runtime_v1
73334,C_8057,2011,2012,0.00020092415798,0,0,0.06,0.0115366009995,2026-09-08T22:20:32.862482+00:00,study3b_fifo_runtime_v1
73343,C_8058,2011,2012,5.32910162292e-05,0,0,0.06,0.0115366009995,2026-09-08T22:20:32.862482+00:00,study3b_fifo_runtime_v1
73350,C_8059,2011,2012,0.001549676992,0,0,0.06,0.0115366009995,2026-09-08T22:20:32.862482+00:00,study3b_fifo_runtime_v1
73355,C_8060,2011,2012,8.1768266682e-05,0,0,0.06,0.0115366009995,2026-09-08T22:20:32.862482+00:00,study3b_fifo_runtime_v1
73366,C_8061,2011,2012,0.00308723282069,0,0,0.06,0.0115366009995,2026-09-08T22:20:32.862482+00:00,study3b_fifo_runtime_v1
73378,C_8062,2011,2012,0.000307855108986,0,0,0.06,0.0115366009995,2026-09-08T22:20:32.862482+00:00,study3b_fifo_runtime_v1
73390,C_8063,2011,2012,7.15181231499e-05,0,0,0.06,0.0115366009995,2026-09-08T22:20:32.862482+00:00,study3b_fifo_runtime_v1
73403,C_8065,2011,2012,5.57982239116e-05,0,0,0.06,0.0115366009995,2026-09-08T22:20:32.862482+00:00,study3b_fifo_runtime_v1
73411,C_8066,2011,2012,0.00861029792577,0,0,0.06,0.0115366009995,2026-09-08T22:20:32.862482+00:00,study3b_fifo_runtime_v1
73427,C_8069,2011,2012,0.00284061464481,0,0,0.06,0.0115366009995,2026-09-08T22:20:32.862482+00:00,study3b_fifo_runtime_v1
73440,C_8071,2011,2012,8.96917190403e-05,0,0,0.06,0.0115366009995,2026-09-08T22:20:32.862482+00:00,study3b_fifo_runtime_v1
73448,C_8072,2011,2012,0.000237286454649,0,0,0.06,0.0115366009995,2026-09-08T22:20:32.862482+00:00,study3b_fifo_runtime_v1
73461,C_8075,2011,2012,0.00192895310465,0,0,0.06,0.0115366009995,2026-09-08T22:20:32.862482+00:00,study3b_fifo_runtime_v1
73467,C_8076,2011,2012,0.000136886068503,0,0,0.06,0.0115366009995,2026-09-08T22:20:32.862482+00:00,study3b_fifo_runtime_v1
73479,C_8077,2011,2012,0.00594909442589,0,0,0.06,0.0115366009995,2026-09-08T22:20:32.862482+00:00,study3b_fifo_runtime_v1
73491,C_8078,2011,2012,0.000129829990328,0,0,0.06,0.0115366009995,2026-09-08T22:20:32.862482+00:00,study3b_fifo_runtime_v1
73499,C_8079,2011,2012,5.89822884649e-05,0,0,0.06,0.0115366009995,2026-09-08T22:20:32.862482+00:00,study3b_fifo_runtime_v1
73512,C_8081,2011,2012,0.0058138766326,0,0,0.06,0.0115366009995,2026-09-08T22:20:32.862482+00:00,study3b_fifo_runtime_v1
73524,C_8082,2011,2012,0.000713751884177,0,0,0.06,0.0115366009995,2026-09-08T22:20:32.862482+00:00,study3b_fifo_runtime_v1
73541,C_8085,2011,2012,0.000272982608294,0,0,0.06,0.0115366009995,2026-09-08T22:20:32.862482+00:00,study3b_fifo_runtime_v1
73556,C_8087,2011,2012,8.29405835248e-05,0,0,0.06,0.0115366009995,2026-09-08T22:20:32.862482+00:00,study3b_fifo_runtime_v1
73566,C_8088,2011,2012,0.00113037356641,0,0,0.06,0.0115366009995,2026-09-08T22:20:32.862482+00:00,study3b_fifo_runtime_v1
73578,C_8089,2011,2012,0.00220744474791,0,0,0.06,0.0115366009995,2026-09-08T22:20:32.862482+00:00,study3b_fifo_runtime_v1
73587,C_8091,2011,2012,0.000450212013675,0,0,0.06,0.0115366009995,2026-09-08T22:20:32.862482+00:00,study3b_fifo_runtime_v1
73597,C_8092,2011,2012,2.77687413472e-05,0,0,0.06,0.0115366009995,2026-09-08T22:20:32.862482+00:00,study3b_fifo_runtime_v1
73607,C_8093,2011,2012,0.0174679681659,0,1,0.06,0.0115366009995,2026-09-08T22:20:32.862482+00:00,study3b_fifo_runtime_v1
73612,C_8094,2011,2012,0.00112758262549,0,0,0.06,0.0115366009995,2026-09-08T22:20:32.862482+00:00,study3b_fifo_runtime_v1
73619,C_8095,2011,2012,0.000481505034259,0,0,0.06,0.0115366009995,2026-09-08T22:20:32.862482+00:00,study3b_fifo_runtime_v1
73625,C_8096,2011,2012,0.026591822505,0,1,0.06,0.0115366009995,2026-09-08T22:20:32.862482+00:00,study3b_fifo_runtime_v1
73636,C_8097,2011,2012,9.33995470405e-05,0,0,0.06,0.0115366009995,2026-09-08T22:20:32.862482+00:00,study3b_fifo_runtime_v1
73648,C_8098,2011,2012,0.000137940412969,0,0,0.06,0.0115366009995,2026-09-08T22:20:32.862482+00:00,study3b_fifo_runtime_v1
73660,C_8099,2011,2012,0.000187817655387,0,0,0.06,0.0115366009995,2026-09-08T22:20:32.862482+00:00,study3b_fifo_runtime_v1
73670,C_8100,2011,2012,0.106079868972,1,1,0.06,0.0115366009995,2026-09-08T22:20:32.862482+00:00,study3b_fifo_runtime_v1
73675,C_8101,2011,2012,1.96865858015e-05,0,0,0.06,0.0115366009995,2026-09-08T22:20:32.862482+00:00,study3b_fifo_runtime_v1
73690,C_8103,2011,2012,4.02429541282e-05,0,0,0.06,0.0115366009995,2026-09-08T22:20:32.862482+00:00,study3b_fifo_runtime_v1
73713,C_8107,2011,2012,2.29795095947e-05,0,0,0.06,0.0115366009995,2026-09-08T22:20:32.862482+00:00,study3b_fifo_runtime_v1
73715,C_8108,2011,2012,0.000267122872174,0,0,0.06,0.0115366009995,2026-09-08T22:20:32.862482+00:00,study3b_fifo_runtime_v1
73720,C_8109,2011,2012,6.42144514131e-05,0,0,0.06,0.0115366009995,2026-09-08T22:20:32.862482+00:00,study3b_fifo_runtime_v1
73730,C_8110,2011,2012,0.00488827796653,0,0,0.06,0.0115366009995,2026-09-08T22:20:32.862482+00:00,study3b_fifo_runtime_v1
73742,C_8111,2011,2012,0.000330267328536,0,0,0.06,0.0115366009995,2026-09-08T22:20:32.862482+00:00,study3b_fifo_runtime_v1
73754,C_8112,2011,2012,0.000361635204172,0,0,0.06,0.0115366009995,2026-09-08T22:20:32.862482+00:00,study3b_fifo_runtime_v1
73766,C_8113,2011,2012,0.000539470638614,0,0,0.06,0.0115366009995,2026-09-08T22:20:32.862482+00:00,study3b_fifo_runtime_v1
73776,C_8114,2011,2012,0.0152568565682,0,1,0.06,0.0115366009995,2026-09-08T22:20:32.862482+00:00,study3b_fifo_runtime_v1
73788,C_8115,2011,2012,5.24647148268e-05,0,0,0.06,0.0115366009995,2026-09-08T22:20:32.862482+00:00,study3b_fifo_runtime_v1
73796,C_8116,2011,2012,0.000670597655699,0,0,0.06,0.0115366009995,2026-09-08T22:20:32.862482+00:00,study3b_fifo_runtime_v1
73814,C_8118,2011,2012,0.0227783843875,0,1,0.06,0.0115366009995,2026-09-08T22:20:32.862482+00:00,study3b_fifo_runtime_v1
73821,C_8120,2011,2012,7.99065455794e-05,0,0,0.06,0.0115366009995,2026-09-08T22:20:32.862482+00:00,study3b_fifo_runtime_v1
73833,C_8122,2011,2012,6.19313286734e-05,0,0,0.06,0.0115366009995,2026-09-08T22:20:32.862482+00:00,study3b_fifo_runtime_v1
73845,C_8124,2011,2012,2.33705995925e-05,0,0,0.06,0.0115366009995,2026-09-08T22:20:32.862482+00:00,study3b_fifo_runtime_v1
73854,C_8125,2011,2012,0.0252092704177,0,1,0.06,0.0115366009995,2026-09-08T22:20:32.862482+00:00,study3b_fifo_runtime_v1
73864,C_8126,2011,2012,0.00329064647667,0,0,0.06,0.0115366009995,2026-09-08T22:20:32.862482+00:00,study3b_fifo_runtime_v1
73872,C_8127,2011,2012,1.43585784826e-05,0,0,0.06,0.0115366009995,2026-09-08T22:20:32.862482+00:00,study3b_fifo_runtime_v1
73881,C_8128,2011,2012,0.00153000978753,0,0,0.06,0.0115366009995,2026-09-08T22:20:32.862482+00:00,study3b_fifo_runtime_v1
73898,C_8131,2011,2012,7.839481259e-05,0,0,0.06,0.0115366009995,2026-09-08T22:20:32.862482+00:00,study3b_fifo_runtime_v1
73902,C_8132,2011,2012,0.00696644885466,0,0,0.06,0.0115366009995,2026-09-08T22:20:32.862482+00:00,study3b_fifo_runtime_v1
73909,C_8133,2011,2012,0.000700831937138,0,0,0.06,0.0115366009995,2026-09-08T22:20:32.862482+00:00,study3b_fifo_runtime_v1
73917,C_8134,2011,2012,0.00700198346749,0,0,0.06,0.0115366009995,2026-09-08T22:20:32.862482+00:00,study3b_fifo_runtime_v1
73928,C_8135,2011,2012,0.00414451630786,0,0,0.06,0.0115366009995,2026-09-08T22:20:32.862482+00:00,study3b_fifo_runtime_v1
73932,C_8136,2011,2012,0.000118151940114,0,0,0.06,0.0115366009995,2026-09-08T22:20:32.862482+00:00,study3b_fifo_runtime_v1
73939,C_8137,2011,2012,0.000823061855044,0,0,0.06,0.0115366009995,2026-09-08T22:20:32.862482+00:00,study3b_fifo_runtime_v1
73954,C_8140,2011,2012,7.10752792656e-05,0,0,0.06,0.0115366009995,2026-09-08T22:20:32.862482+00:00,study3b_fifo_runtime_v1
73963,C_8143,2011,2012,0.000286215741653,0,0,0.06,0.0115366009995,2026-09-08T22:20:32.862482+00:00,study3b_fifo_runtime_v1
73968,C_8144,2011,2012,0.00293867313303,0,0,0.06,0.0115366009995,2026-09-08T22:20:32.862482+00:00,study3b_fifo_runtime_v1
73973,C_8145,2011,2012,6.37923449176e-06,0,0,0.06,0.0115366009995,2026-09-08T22:20:32.862482+00:00,study3b_fifo_runtime_v1
73978,C_8146,2011,2012,0.0238481964916,0,1,0.06,0.0115366009995,2026-09-08T22:20:32.862482+00:00,study3b_fifo_runtime_v1
73982,C_8147,2011,2012,4.14783316955e-05,0,0,0.06,0.0115366009995,2026-09-08T22:20:32.862482+00:00,study3b_fifo_runtime_v1
73996,C_8149,2011,2012,1.31952247102e-05,0,0,0.06,0.0115366009995,2026-09-08T22:20:32.862482+00:00,study3b_fifo_runtime_v1
74010,C_8151,2011,2012,1.30480984808e-05,0,0,0.06,0.0115366009995,2026-09-08T22:20:32.862482+00:00,study3b_fifo_runtime_v1
74024,C_8153,2011,2012,3.08660128212e-05,0,0,0.06,0.0115366009995,2026-09-08T22:20:32.862482+00:00,study3b_fifo_runtime_v1
74027,C_8154,2011,2012,5.08313132741e-05,0,0,0.06,0.0115366009995,2026-09-08T22:20:32.862482+00:00,study3b_fifo_runtime_v1
74039,C_8155,2011,2012,6.59658908262e-05,0,0,0.06,0.0115366009995,2026-09-08T22:20:32.862482+00:00,study3b_fifo_runtime_v1
74047,C_8157,2011,2012,3.26764529746e-05,0,0,0.06,0.0115366009995,2026-09-08T22:20:32.862482+00:00,study3b_fifo_runtime_v1
74059,C_8158,2011,2012,0.00106755003799,0,0,0.06,0.0115366009995,2026-09-08T22:20:32.862482+00:00,study3b_fifo_runtime_v1
74068,C_8159,2011,2012,4.43427379651e-05,0,0,0.06,0.0115366009995,2026-09-08T22:20:32.862482+00:00,study3b_fifo_runtime_v1
74079,C_8160,2011,2012,2.12479408219e-05,0,0,0.06,0.0115366009995,2026-09-08T22:20:32.862482+00:00,study3b_fifo_runtime_v1
74085,C_8161,2011,2012,8.79544459167e-05,0,0,0.06,0.0115366009995,2026-09-08T22:20:32.862482+00:00,study3b_fifo_runtime_v1
74093,C_8162,2011,2012,0.000214515952393,0,0,0.06,0.0115366009995,2026-09-08T22:20:32.862482+00:00,study3b_fifo_runtime_v1
74103,C_8163,2011,2012,0.000320030289004,0,0,0.06,0.0115366009995,2026-09-08T22:20:32.862482+00:00,study3b_fifo_runtime_v1
74115,C_8164,2011,2012,4.88730402139e-05,0,0,0.06,0.0115366009995,2026-09-08T22:20:32.862482+00:00,study3b_fifo_runtime_v1
74126,C_8165,2011,2012,1.64892862813e-05,0,0,0.06,0.0115366009995,2026-09-08T22:20:32.862482+00:00,study3b_fifo_runtime_v1
74142,C_8167,2011,2012,0.000321725761751,0,0,0.06,0.0115366009995,2026-09-08T22:20:32.862482+00:00,study3b_fifo_runtime_v1
74160,C_8170,2011,2012,1.72272284544e-05,0,0,0.06,0.0115366009995,2026-09-08T22:20:32.862482+00:00,study3b_fifo_runtime_v1
74177,C_8172,2011,2012,3.43796236848e-05,0,0,0.06,0.0115366009995,2026-09-08T22:20:32.862482+00:00,study3b_fifo_runtime_v1
74183,C_8173,2011,2012,9.27219298319e-06,0,0,0.06,0.0115366009995,2026-09-08T22:20:32.862482+00:00,study3b_fifo_runtime_v1
74194,C_8174,2011,2012,8.34105958347e-05,0,0,0.06,0.0115366009995,2026-09-08T22:20:32.862482+00:00,study3b_fifo_runtime_v1
74201,C_8175,2011,2012,0.00878793094307,0,0,0.06,0.0115366009995,2026-09-08T22:20:32.862482+00:00,study3b_fifo_runtime_v1
74220,C_8180,2011,2012,0.00557224452496,0,0,0.06,0.0115366009995,2026-09-08T22:20:32.862482+00:00,study3b_fifo_runtime_v1
74233,C_8182,2011,2012,1.97181725525e-05,0,0,0.06,0.0115366009995,2026-09-08T22:20:32.862482+00:00,study3b_fifo_runtime_v1
74245,C_8183,2011,2012,0.00020810677961,0,0,0.06,0.0115366009995,2026-09-08T22:20:32.862482+00:00,study3b_fifo_runtime_v1
74256,C_8184,2011,2012,0.0255628656596,0,1,0.06,0.0115366009995,2026-09-08T22:20:32.862482+00:00,study3b_fifo_runtime_v1
74264,C_8185,2011,2012,0.00114838557784,0,0,0.06,0.0115366009995,2026-09-08T22:20:32.862482+00:00,study3b_fifo_runtime_v1
74283,C_8189,2011,2012,0.000127388746478,0,0,0.06,0.0115366009995,2026-09-08T22:20:32.862482+00:00,study3b_fifo_runtime_v1
74291,C_8190,2011,2012,0.00144242588431,0,0,0.06,0.0115366009995,2026-09-08T22:20:32.862482+00:00,study3b_fifo_runtime_v1
74297,C_8191,2011,2012,0.000381469348213,0,0,0.06,0.0115366009995,2026-09-08T22:20:32.862482+00:00,study3b_fifo_runtime_v1
74309,C_8193,2011,2012,0.00036026223097,0,0,0.06,0.0115366009995,2026-09-08T22:20:32.862482+00:00,study3b_fifo_runtime_v1
74322,C_8196,2011,2012,0.00208072573878,0,0,0.06,0.0115366009995,2026-09-08T22:20:32.862482+00:00,study3b_fifo_runtime_v1
74329,C_8197,2011,2012,0.000787586730439,0,0,0.06,0.0115366009995,2026-09-08T22:20:32.862482+00:00,study3b_fifo_runtime_v1
74341,C_8199,2011,2012,0.00101863604505,0,0,0.06,0.0115366009995,2026-09-08T22:20:32.862482+00:00,study3b_fifo_runtime_v1
74351,C_8200,2011,2012,8.42035005917e-05,0,0,0.06,0.0115366009995,2026-09-08T22:20:32.862482+00:00,study3b_fifo_runtime_v1
74356,C_8201,2011,2012,9.46441723499e-05,0,0,0.06,0.0115366009995,2026-09-08T22:20:32.862482+00:00,study3b_fifo_runtime_v1
74368,C_8202,2011,2012,0.00037222346873,0,0,0.06,0.0115366009995,2026-09-08T22:20:32.862482+00:00,study3b_fifo_runtime_v1
74376,C_8203,2011,2012,0.0011969213374,0,0,0.06,0.0115366009995,2026-09-08T22:20:32.862482+00:00,study3b_fifo_runtime_v1
74388,C_8204,2011,2012,0.0308902859688,0,1,0.06,0.0115366009995,2026-09-08T22:20:32.862482+00:00,study3b_fifo_runtime_v1
74405,C_8207,2011,2012,0.000627164787147,0,0,0.06,0.0115366009995,2026-09-08T22:20:32.862482+00:00,study3b_fifo_runtime_v1
74413,C_8208,2011,2012,0.000161763789947,0,0,0.06,0.0115366009995,2026-09-08T22:20:32.862482+00:00,study3b_fifo_runtime_v1
74425,C_8209,2011,2012,1.15603079394e-05,0,0,0.06,0.0115366009995,2026-09-08T22:20:32.862482+00:00,study3b_fifo_runtime_v1
74434,C_8210,2011,2012,9.22399922274e-05,0,0,0.06,0.0115366009995,2026-09-08T22:20:32.862482+00:00,study3b_fifo_runtime_v1
74438,C_8211,2011,2012,0.000136742848554,0,0,0.06,0.0115366009995,2026-09-08T22:20:32.862482+00:00,study3b_fifo_runtime_v1
74454,C_8216,2011,2012,0.00928093027323,0,0,0.06,0.0115366009995,2026-09-08T22:20:32.862482+00:00,study3b_fifo_runtime_v1
74461,C_8218,2011,2012,0.000435557944002,0,0,0.06,0.0115366009995,2026-09-08T22:20:32.862482+00:00,study3b_fifo_runtime_v1
74467,C_8219,2011,2012,0.000229811412282,0,0,0.06,0.0115366009995,2026-09-08T22:20:32.862482+00:00,study3b_fifo_runtime_v1
74472,C_8220,2011,2012,3.24010507029e-05,0,0,0.06,0.0115366009995,2026-09-08T22:20:32.862482+00:00,study3b_fifo_runtime_v1
74483,C_8221,2011,2012,1.7421614757e-05,0,0,0.06,0.0115366009995,2026-09-08T22:20:32.862482+00:00,study3b_fifo_runtime_v1
74497,C_8223,2011,2012,0.000696460076142,0,0,0.06,0.0115366009995,2026-09-08T22:20:32.862482+00:00,study3b_fifo_runtime_v1
74514,C_8225,2011,2012,0.000124025056721,0,0,0.06,0.0115366009995,2026-09-08T22:20:32.862482+00:00,study3b_fifo_runtime_v1
74534,C_8229,2011,2012,0.000205513861147,0,0,0.06,0.0115366009995,2026-09-08T22:20:32.862482+00:00,study3b_fifo_runtime_v1
74543,C_8230,2011,2012,0.000111400069727,0,0,0.06,0.0115366009995,2026-09-08T22:20:32.862482+00:00,study3b_fifo_runtime_v1
74552,C_8231,2011,2012,1.84234158951e-05,0,0,0.06,0.0115366009995,2026-09-08T22:20:32.862482+00:00,study3b_fifo_runtime_v1
74564,C_8232,2011,2012,2.9979937608e-05,0,0,0.06,0.0115366009995,2026-09-08T22:20:32.862482+00:00,study3b_fifo_runtime_v1
74580,C_8235,2011,2012,3.63696999557e-05,0,0,0.06,0.0115366009995,2026-09-08T22:20:32.862482+00:00,study3b_fifo_runtime_v1
74595,C_8237,2011,2012,5.1075610827e-05,0,0,0.06,0.0115366009995,2026-09-08T22:20:32.862482+00:00,study3b_fifo_runtime_v1
74607,C_8238,2011,2012,0.00499068154022,0,0,0.06,0.0115366009995,2026-09-08T22:20:32.862482+00:00,study3b_fifo_runtime_v1
74619,C_8241,2011,2012,4.90452912345e-05,0,0,0.06,0.0115366009995,2026-09-08T22:20:32.862482+00:00,study3b_fifo_runtime_v1
74634,C_8244,2011,2012,2.45399733103e-05,0,0,0.06,0.0115366009995,2026-09-08T22:20:32.862482+00:00,study3b_fifo_runtime_v1
74649,C_8246,2011,2012,0.000730009749532,0,0,0.06,0.0115366009995,2026-09-08T22:20:32.862482+00:00,study3b_fifo_runtime_v1
74652,C_8247,2011,2012,0.000490730104502,0,0,0.06,0.0115366009995,2026-09-08T22:20:32.862482+00:00,study3b_fifo_runtime_v1
74665,C_8249,2011,2012,0.000384735991247,0,0,0.06,0.0115366009995,2026-09-08T22:20:32.862482+00:00,study3b_fifo_runtime_v1
74676,C_8251,2011,2012,0.0518382675946,0,1,0.06,0.0115366009995,2026-09-08T22:20:32.862482+00:00,study3b_fifo_runtime_v1
74683,C_8253,2011,2012,0.00181807437912,0,0,0.06,0.0115366009995,2026-09-08T22:20:32.862482+00:00,study3b_fifo_runtime_v1
74695,C_8254,2011,2012,2.5546634788e-05,0,0,0.06,0.0115366009995,2026-09-08T22:20:32.862482+00:00,study3b_fifo_runtime_v1
74705,C_8255,2011,2012,2.22616072278e-05,0,0,0.06,0.0115366009995,2026-09-08T22:20:32.862482+00:00,study3b_fifo_runtime_v1
74712,C_8257,2011,2012,0.000588397320826,0,0,0.06,0.0115366009995,2026-09-08T22:20:32.862482+00:00,study3b_fifo_runtime_v1
74721,C_8258,2011,2012,4.64962904516e-05,0,0,0.06,0.0115366009995,2026-09-08T22:20:32.862482+00:00,study3b_fifo_runtime_v1
74732,C_8259,2011,2012,0.000139219337143,0,0,0.06,0.0115366009995,2026-09-08T22:20:32.862482+00:00,study3b_fifo_runtime_v1
74742,C_8260,2011,2012,5.90108866163e-05,0,0,0.06,0.0115366009995,2026-09-08T22:20:32.862482+00:00,study3b_fifo_runtime_v1
74746,C_8261,2011,2012,0.00105501397047,0,0,0.06,0.0115366009995,2026-09-08T22:20:32.862482+00:00,study3b_fifo_runtime_v1
74757,C_8264,2011,2012,0.000265833834419,0,0,0.06,0.0115366009995,2026-09-08T22:20:32.862482+00:00,study3b_fifo_runtime_v1
74765,C_8265,2011,2012,9.90449098026e-06,0,0,0.06,0.0115366009995,2026-09-08T22:20:32.862482+00:00,study3b_fifo_runtime_v1
74777,C_8266,2011,2012,8.19141641841e-05,0,0,0.06,0.0115366009995,2026-09-08T22:20:32.862482+00:00,study3b_fifo_runtime_v1
74783,C_8267,2011,2012,0.000750102335587,0,0,0.06,0.0115366009995,2026-09-08T22:20:32.862482+00:00,study3b_fifo_runtime_v1
74799,C_8269,2011,2012,0.00110259733628,0,0,0.06,0.0115366009995,2026-09-08T22:20:32.862482+00:00,study3b_fifo_runtime_v1
74806,C_8270,2011,2012,0.000256775965681,0,0,0.06,0.0115366009995,2026-09-08T22:20:32.862482+00:00,study3b_fifo_runtime_v1
74818,C_8271,2011,2012,0.000130540967803,0,0,0.06,0.0115366009995,2026-09-08T22:20:32.862482+00:00,study3b_fifo_runtime_v1
74844,C_8275,2011,2012,0.00659986399114,0,0,0.06,0.0115366009995,2026-09-08T22:20:32.862482+00:00,study3b_fifo_runtime_v1
74862,C_8278,2011,2012,0.0168610941619,0,1,0.06,0.0115366009995,2026-09-08T22:20:32.862482+00:00,study3b_fifo_runtime_v1
74869,C_8279,2011,2012,0.000373499206034,0,0,0.06,0.0115366009995,2026-09-08T22:20:32.862482+00:00,study3b_fifo_runtime_v1
74880,C_8280,2011,2012,0.00060835131444,0,0,0.06,0.0115366009995,2026-09-08T22:20:32.862482+00:00,study3b_fifo_runtime_v1
74891,C_8283,2011,2012,0.00210955762304,0,0,0.06,0.0115366009995,2026-09-08T22:20:32.862482+00:00,study3b_fifo_runtime_v1
74907,C_8286,2011,2012,0.000573993194848,0,0,0.06,0.0115366009995,2026-09-08T22:20:32.862482+00:00,study3b_fifo_runtime_v1
74918,C_8287,2011,2012,1.90936643776e-05,0,0,0.06,0.0115366009995,2026-09-08T22:20:32.862482+00:00,study3b_fifo_runtime_v1
74928,C_8289,2011,2012,0.0244579147547,0,1,0.06,0.0115366009995,2026-09-08T22:20:32.862482+00:00,study3b_fifo_runtime_v1
74931,C_8290,2011,2012,0.00367227126844,0,0,0.06,0.0115366009995,2026-09-08T22:20:32.862482+00:00,study3b_fifo_runtime_v1
74941,C_8293,2011,2012,5.72040335101e-05,0,0,0.06,0.0115366009995,2026-09-08T22:20:32.862482+00:00,study3b_fifo_runtime_v1
74951,C_8296,2011,2012,0.00010420729086,0,0,0.06,0.0115366009995,2026-09-08T22:20:32.862482+00:00,study3b_fifo_runtime_v1
74962,C_8297,2011,2012,0.000192806022824,0,0,0.06,0.0115366009995,2026-09-08T22:20:32.862482+00:00,study3b_fifo_runtime_v1
74976,C_8299,2011,2012,0.000554542988539,0,0,0.06,0.0115366009995,2026-09-08T22:20:32.862482+00:00,study3b_fifo_runtime_v1
74985,C_8300,2011,2012,0.00119077751879,0,0,0.06,0.0115366009995,2026-09-08T22:20:32.862482+00:00,study3b_fifo_runtime_v1
74993,C_8301,2011,2012,8.4291859821e-05,0,0,0.06,0.0115366009995,2026-09-08T22:20:32.862482+00:00,study3b_fifo_runtime_v1
75004,C_8302,2011,2012,0.0355025045574,0,1,0.06,0.0115366009995,2026-09-08T22:20:32.862482+00:00,study3b_fifo_runtime_v1
75011,C_8303,2011,2012,0.00259498064406,0,0,0.06,0.0115366009995,2026-09-08T22:20:32.862482+00:00,study3b_fifo_runtime_v1
75018,C_8304,2011,2012,0.000365590327419,0,0,0.06,0.0115366009995,2026-09-08T22:20:32.862482+00:00,study3b_fifo_runtime_v1
75037,C_8310,2011,2012,9.45931533352e-05,0,0,0.06,0.0115366009995,2026-09-08T22:20:32.862482+00:00,study3b_fifo_runtime_v1
75046,C_8311,2011,2012,3.18621787301e-05,0,0,0.06,0.0115366009995,2026-09-08T22:20:32.862482+00:00,study3b_fifo_runtime_v1
75057,C_8312,2011,2012,0.00121654558461,0,0,0.06,0.0115366009995,2026-09-08T22:20:32.862482+00:00,study3b_fifo_runtime_v1
75064,C_8313,2011,2012,4.11089531553e-05,0,0,0.06,0.0115366009995,2026-09-08T22:20:32.862482+00:00,study3b_fifo_runtime_v1
75075,C_8314,2011,2012,0.00426954356954,0,0,0.06,0.0115366009995,2026-09-08T22:20:32.862482+00:00,study3b_fifo_runtime_v1
75086,C_8315,2011,2012,0.00011327167158,0,0,0.06,0.0115366009995,2026-09-08T22:20:32.862482+00:00,study3b_fifo_runtime_v1
75096,C_8316,2011,2012,7.25331483409e-05,0,0,0.06,0.0115366009995,2026-09-08T22:20:32.862482+00:00,study3b_fifo_runtime_v1
75106,C_8317,2011,2012,0.000234337770962,0,0,0.06,0.0115366009995,2026-09-08T22:20:32.862482+00:00,study3b_fifo_runtime_v1
75115,C_8318,2011,2012,0.000598005892243,0,0,0.06,0.0115366009995,2026-09-08T22:20:32.862482+00:00,study3b_fifo_runtime_v1
75120,C_8320,2011,2012,2.76411465165e-05,0,0,0.06,0.0115366009995,2026-09-08T22:20:32.862482+00:00,study3b_fifo_runtime_v1
75134,C_8322,2011,2012,0.000666390813421,0,0,0.06,0.0115366009995,2026-09-08T22:20:32.862482+00:00,study3b_fifo_runtime_v1
75142,C_8323,2011,2012,0.000446518155513,0,0,0.06,0.0115366009995,2026-09-08T22:20:32.862482+00:00,study3b_fifo_runtime_v1
75157,C_8326,2011,2012,0.0011415212648,0,0,0.06,0.0115366009995,2026-09-08T22:20:32.862482+00:00,study3b_fifo_runtime_v1
75168,C_8328,2011,2012,0.0036439395044,0,0,0.06,0.0115366009995,2026-09-08T22:20:32.862482+00:00,study3b_fifo_runtime_v1
75173,C_8329,2011,2012,6.90481465426e-05,0,0,0.06,0.0115366009995,2026-09-08T22:20:32.862482+00:00,study3b_fifo_runtime_v1
75183,C_8330,2011,2012,0.102836407721,1,1,0.06,0.0115366009995,2026-09-08T22:20:32.862482+00:00,study3b_fifo_runtime_v1
75190,C_8331,2011,2012,0.00205589248799,0,0,0.06,0.0115366009995,2026-09-08T22:20:32.862482+00:00,study3b_fifo_runtime_v1
75196,C_8332,2011,2012,1.39946132549e-05,0,0,0.06,0.0115366009995,2026-09-08T22:20:32.862482+00:00,study3b_fifo_runtime_v1
75209,C_8334,2011,2012,0.0001618591632,0,0,0.06,0.0115366009995,2026-09-08T22:20:32.862482+00:00,study3b_fifo_runtime_v1
75218,C_8335,2011,2012,0.000110838038381,0,0,0.06,0.0115366009995,2026-09-08T22:20:32.862482+00:00,study3b_fifo_runtime_v1
75229,C_8336,2011,2012,2.96355574392e-05,0,0,0.06,0.0115366009995,2026-09-08T22:20:32.862482+00:00,study3b_fifo_runtime_v1
75246,C_8340,2011,2012,0.000509195378982,0,0,0.06,0.0115366009995,2026-09-08T22:20:32.862482+00:00,study3b_fifo_runtime_v1
75251,C_8341,2011,2012,0.0157035961747,0,1,0.06,0.0115366009995,2026-09-08T22:20:32.862482+00:00,study3b_fifo_runtime_v1
75253,C_8342,2011,2012,0.00124002213124,0,0,0.06,0.0115366009995,2026-09-08T22:20:32.862482+00:00,study3b_fifo_runtime_v1
75257,C_8343,2011,2012,0.000425212812843,0,0,0.06,0.0115366009995,2026-09-08T22:20:32.862482+00:00,study3b_fifo_runtime_v1
75275,C_8346,2011,2012,0.000218624583795,0,0,0.06,0.0115366009995,2026-09-08T22:20:32.862482+00:00,study3b_fifo_runtime_v1
75281,C_8347,2011,2012,0.000268395349849,0,0,0.06,0.0115366009995,2026-09-08T22:20:32.862482+00:00,study3b_fifo_runtime_v1
75286,C_8348,2011,2012,2.46428771788e-05,0,0,0.06,0.0115366009995,2026-09-08T22:20:32.862482+00:00,study3b_fifo_runtime_v1
75297,C_8349,2011,2012,0.00163977919146,0,0,0.06,0.0115366009995,2026-09-08T22:20:32.862482+00:00,study3b_fifo_runtime_v1
75305,C_8350,2011,2012,0.00060040288372,0,0,0.06,0.0115366009995,2026-09-08T22:20:32.862482+00:00,study3b_fifo_runtime_v1
75321,C_8352,2011,2012,0.000597024976742,0,0,0.06,0.0115366009995,2026-09-08T22:20:32.862482+00:00,study3b_fifo_runtime_v1
75331,C_8354,2011,2012,0.000713485351298,0,0,0.06,0.0115366009995,2026-09-08T22:20:32.862482+00:00,study3b_fifo_runtime_v1
75340,C_8355,2011,2012,8.65334459377e-06,0,0,0.06,0.0115366009995,2026-09-08T22:20:32.862482+00:00,study3b_fifo_runtime_v1
75354,C_8357,2011,2012,0.000443765340606,0,0,0.06,0.0115366009995,2026-09-08T22:20:32.862482+00:00,study3b_fifo_runtime_v1
75372,C_8360,2011,2012,0.000735962123144,0,0,0.06,0.0115366009995,2026-09-08T22:20:32.862482+00:00,study3b_fifo_runtime_v1
75389,C_8362,2011,2012,2.31909461945e-06,0,0,0.06,0.0115366009995,2026-09-08T22:20:32.862482+00:00,study3b_fifo_runtime_v1
75399,C_8363,2011,2012,0.000145179379615,0,0,0.06,0.0115366009995,2026-09-08T22:20:32.862482+00:00,study3b_fifo_runtime_v1
75408,C_8364,2011,2012,0.00337268877774,0,0,0.06,0.0115366009995,2026-09-08T22:20:32.862482+00:00,study3b_fifo_runtime_v1
75419,C_8365,2011,2012,0.0011188503122,0,0,0.06,0.0115366009995,2026-09-08T22:20:32.862482+00:00,study3b_fifo_runtime_v1
75429,C_8366,2011,2012,0.000214542451431,0,0,0.06,0.0115366009995,2026-09-08T22:20:32.862482+00:00,study3b_fifo_runtime_v1
75432,C_8367,2011,2012,8.97302015801e-05,0,0,0.06,0.0115366009995,2026-09-08T22:20:32.862482+00:00,study3b_fifo_runtime_v1
75447,C_8369,2011,2012,5.07759687025e-05,0,0,0.06,0.0115366009995,2026-09-08T22:20:32.862482+00:00,study3b_fifo_runtime_v1
75457,C_8370,2011,2012,0.000303829932818,0,0,0.06,0.0115366009995,2026-09-08T22:20:32.862482+00:00,study3b_fifo_runtime_v1
75467,C_8371,2011,2012,1.54276949615e-05,0,0,0.06,0.0115366009995,2026-09-08T22:20:32.862482+00:00,study3b_fifo_runtime_v1
75477,C_8372,2011,2012,0.00231185811572,0,0,0.06,0.0115366009995,2026-09-08T22:20:32.862482+00:00,study3b_fifo_runtime_v1
75481,C_8373,2011,2012,0.000302904605633,0,0,0.06,0.0115366009995,2026-09-08T22:20:32.862482+00:00,study3b_fifo_runtime_v1
75495,C_8375,2011,2012,2.25079293159e-05,0,0,0.06,0.0115366009995,2026-09-08T22:20:32.862482+00:00,study3b_fifo_runtime_v1
75503,C_8376,2011,2012,0.000313939497573,0,0,0.06,0.0115366009995,2026-09-08T22:20:32.862482+00:00,study3b_fifo_runtime_v1
75514,C_8378,2011,2012,0.000525968382135,0,0,0.06,0.0115366009995,2026-09-08T22:20:32.862482+00:00,study3b_fifo_runtime_v1
75523,C_8379,2011,2012,7.01238532201e-05,0,0,0.06,0.0115366009995,2026-09-08T22:20:32.862482+00:00,study3b_fifo_runtime_v1
75542,C_8382,2011,2012,0.00379018485546,0,0,0.06,0.0115366009995,2026-09-08T22:20:32.862482+00:00,study3b_fifo_runtime_v1
75555,C_8385,2011,2012,0.000161005344125,0,0,0.06,0.0115366009995,2026-09-08T22:20:32.862482+00:00,study3b_fifo_runtime_v1
75566,C_8386,2011,2012,0.000394001981476,0,0,0.06,0.0115366009995,2026-09-08T22:20:32.862482+00:00,study3b_fifo_runtime_v1
75576,C_8387,2011,2012,3.78606309823e-05,0,0,0.06,0.0115366009995,2026-09-08T22:20:32.862482+00:00,study3b_fifo_runtime_v1
75582,C_8388,2011,2012,0.00197888654657,0,0,0.06,0.0115366009995,2026-09-08T22:20:32.862482+00:00,study3b_fifo_runtime_v1
75594,C_8390,2011,2012,0.000259244668996,0,0,0.06,0.0115366009995,2026-09-08T22:20:32.862482+00:00,study3b_fifo_runtime_v1
75605,C_8391,2011,2012,0.000238038410316,0,0,0.06,0.0115366009995,2026-09-08T22:20:32.862482+00:00,study3b_fifo_runtime_v1
75620,C_8393,2011,2012,0.000482194212964,0,0,0.06,0.0115366009995,2026-09-08T22:20:32.862482+00:00,study3b_fifo_runtime_v1
75634,C_8396,2011,2012,0.000611554307397,0,0,0.06,0.0115366009995,2026-09-08T22:20:32.862482+00:00,study3b_fifo_runtime_v1
75652,C_8398,2011,2012,0.00134385738056,0,0,0.06,0.0115366009995,2026-09-08T22:20:32.862482+00:00,study3b_fifo_runtime_v1
75663,C_8399,2011,2012,1.45752064782e-05,0,0,0.06,0.0115366009995,2026-09-08T22:20:32.862482+00:00,study3b_fifo_runtime_v1
75671,C_8400,2011,2012,0.000581404601689,0,0,0.06,0.0115366009995,2026-09-08T22:20:32.862482+00:00,study3b_fifo_runtime_v1
75680,C_8401,2011,2012,0.000356310833013,0,0,0.06,0.0115366009995,2026-09-08T22:20:32.862482+00:00,study3b_fifo_runtime_v1
75682,C_8402,2011,2012,0.000150695763296,0,0,0.06,0.0115366009995,2026-09-08T22:20:32.862482+00:00,study3b_fifo_runtime_v1
75690,C_8404,2011,2012,9.8452961538e-05,0,0,0.06,0.0115366009995,2026-09-08T22:20:32.862482+00:00,study3b_fifo_runtime_v1
75695,C_8405,2011,2012,9.60681936704e-05,0,0,0.06,0.0115366009995,2026-09-08T22:20:32.862482+00:00,study3b_fifo_runtime_v1
75705,C_8407,2011,2012,0.00115502660628,0,0,0.06,0.0115366009995,2026-09-08T22:20:32.862482+00:00,study3b_fifo_runtime_v1
75710,C_8408,2011,2012,3.3934950352e-06,0,0,0.06,0.0115366009995,2026-09-08T22:20:32.862482+00:00,study3b_fifo_runtime_v1
75735,C_8412,2011,2012,0.0037420745939,0,0,0.06,0.0115366009995,2026-09-08T22:20:32.862482+00:00,study3b_fifo_runtime_v1
75744,C_8415,2011,2012,0.00124495418277,0,0,0.06,0.0115366009995,2026-09-08T22:20:32.862482+00:00,study3b_fifo_runtime_v1
75747,C_8416,2011,2012,0.000869215466082,0,0,0.06,0.0115366009995,2026-09-08T22:20:32.862482+00:00,study3b_fifo_runtime_v1
75760,C_8418,2011,2012,3.20767344419e-06,0,0,0.06,0.0115366009995,2026-09-08T22:20:32.862482+00:00,study3b_fifo_runtime_v1
75771,C_8420,2011,2012,1.29980799102e-05,0,0,0.06,0.0115366009995,2026-09-08T22:20:32.862482+00:00,study3b_fifo_runtime_v1
75778,C_8422,2011,2012,2.46714625973e-05,0,0,0.06,0.0115366009995,2026-09-08T22:20:32.862482+00:00,study3b_fifo_runtime_v1
75781,C_8423,2011,2012,0.000667393847834,0,0,0.06,0.0115366009995,2026-09-08T22:20:32.862482+00:00,study3b_fifo_runtime_v1
75802,C_8427,2011,2012,0.00118835142348,0,0,0.06,0.0115366009995,2026-09-08T22:20:32.862482+00:00,study3b_fifo_runtime_v1
75813,C_8430,2011,2012,0.00139739178121,0,0,0.06,0.0115366009995,2026-09-08T22:20:32.862482+00:00,study3b_fifo_runtime_v1
75818,C_8431,2011,2012,6.15340904915e-05,0,0,0.06,0.0115366009995,2026-09-08T22:20:32.862482+00:00,study3b_fifo_runtime_v1
75846,C_8437,2011,2012,0.0122689744458,0,1,0.06,0.0115366009995,2026-09-08T22:20:32.862482+00:00,study3b_fifo_runtime_v1
75857,C_8440,2011,2012,0.000311983370921,0,0,0.06,0.0115366009995,2026-09-08T22:20:32.862482+00:00,study3b_fifo_runtime_v1
75858,C_8441,2011,2012,9.96100498014e-05,0,0,0.06,0.0115366009995,2026-09-08T22:20:32.862482+00:00,study3b_fifo_runtime_v1
75866,C_8444,2011,2012,0.000567177834455,0,0,0.06,0.0115366009995,2026-09-08T22:20:32.862482+00:00,study3b_fifo_runtime_v1
75883,C_8448,2011,2012,3.87466934626e-05,0,0,0.06,0.0115366009995,2026-09-08T22:20:32.862482+00:00,study3b_fifo_runtime_v1
75894,C_8450,2011,2012,0.000198711801204,0,0,0.06,0.0115366009995,2026-09-08T22:20:32.862482+00:00,study3b_fifo_runtime_v1
75900,C_8451,2011,2012,0.0022226118017,0,0,0.06,0.0115366009995,2026-09-08T22:20:32.862482+00:00,study3b_fifo_runtime_v1
75920,C_8454,2011,2012,5.79978332098e-05,0,0,0.06,0.0115366009995,2026-09-08T22:20:32.862482+00:00,study3b_fifo_runtime_v1
75928,C_8455,2011,2012,0.00416909204796,0,0,0.06,0.0115366009995,2026-09-08T22:20:32.862482+00:00,study3b_fifo_runtime_v1
75937,C_8456,2011,2012,0.000211105725612,0,0,0.06,0.0115366009995,2026-09-08T22:20:32.862482+00:00,study3b_fifo_runtime_v1
75941,C_8457,2011,2012,8.44728219818e-06,0,0,0.06,0.0115366009995,2026-09-08T22:20:32.862482+00:00,study3b_fifo_runtime_v1
75944,C_8458,2011,2012,0.00353204854764,0,0,0.06,0.0115366009995,2026-09-08T22:20:32.862482+00:00,study3b_fifo_runtime_v1
75954,C_8459,2011,2012,1.98304751393e-05,0,0,0.06,0.0115366009995,2026-09-08T22:20:32.862482+00:00,study3b_fifo_runtime_v1
75966,C_8461,2011,2012,0.00242080050521,0,0,0.06,0.0115366009995,2026-09-08T22:20:32.862482+00:00,study3b_fifo_runtime_v1
75978,C_8463,2011,2012,0.000379330595024,0,0,0.06,0.0115366009995,2026-09-08T22:20:32.862482+00:00,study3b_fifo_runtime_v1
75983,C_8464,2011,2012,7.29869134375e-05,0,0,0.06,0.0115366009995,2026-09-08T22:20:32.862482+00:00,study3b_fifo_runtime_v1
75989,C_8467,2011,2012,0.00184674793854,0,0,0.06,0.0115366009995,2026-09-08T22:20:32.862482+00:00,study3b_fifo_runtime_v1
75998,C_8468,2011,2012,0.000279658357613,0,0,0.06,0.0115366009995,2026-09-08T22:20:32.862482+00:00,study3b_fifo_runtime_v1
76003,C_8469,2011,2012,0.000181464187335,0,0,0.06,0.0115366009995,2026-09-08T22:20:32.862482+00:00,study3b_fifo_runtime_v1
76008,C_8470,2011,2012,0.0317271538079,0,1,0.06,0.0115366009995,2026-09-08T22:20:32.862482+00:00,study3b_fifo_runtime_v1
76018,C_8471,2011,2012,5.15092433488e-05,0,0,0.06,0.0115366009995,2026-09-08T22:20:32.862482+00:00,study3b_fifo_runtime_v1
76023,C_8473,2011,2012,0.000840580381919,0,0,0.06,0.0115366009995,2026-09-08T22:20:32.862482+00:00,study3b_fifo_runtime_v1
76036,C_8476,2011,2012,0.000247877760557,0,0,0.06,0.0115366009995,2026-09-08T22:20:32.862482+00:00,study3b_fifo_runtime_v1
76040,C_8477,2011,2012,0.000400165881729,0,0,0.06,0.0115366009995,2026-09-08T22:20:32.862482+00:00,study3b_fifo_runtime_v1
76049,C_8478,2011,2012,0.000102724508906,0,0,0.06,0.0115366009995,2026-09-08T22:20:32.862482+00:00,study3b_fifo_runtime_v1
76059,C_8479,2011,2012,0.00419858796522,0,0,0.06,0.0115366009995,2026-09-08T22:20:32.862482+00:00,study3b_fifo_runtime_v1
76062,C_8480,2011,2012,0.000178100672201,0,0,0.06,0.0115366009995,2026-09-08T22:20:32.862482+00:00,study3b_fifo_runtime_v1
76072,C_8481,2011,2012,2.27777491091e-05,0,0,0.06,0.0115366009995,2026-09-08T22:20:32.862482+00:00,study3b_fifo_runtime_v1
76089,C_8483,2011,2012,0.000293488061288,0,0,0.06,0.0115366009995,2026-09-08T22:20:32.862482+00:00,study3b_fifo_runtime_v1
76095,C_8484,2011,2012,0.00371691281907,0,0,0.06,0.0115366009995,2026-09-08T22:20:32.862482+00:00,study3b_fifo_runtime_v1
76101,C_8485,2011,2012,0.00018998113228,0,0,0.06,0.0115366009995,2026-09-08T22:20:32.862482+00:00,study3b_fifo_runtime_v1
76111,C_8487,2011,2012,0.000441023119492,0,0,0.06,0.0115366009995,2026-09-08T22:20:32.862482+00:00,study3b_fifo_runtime_v1
76119,C_8489,2011,2012,7.26434664102e-05,0,0,0.06,0.0115366009995,2026-09-08T22:20:32.862482+00:00,study3b_fifo_runtime_v1
76123,C_8490,2011,2012,9.99825497274e-05,0,0,0.06,0.0115366009995,2026-09-08T22:20:32.862482+00:00,study3b_fifo_runtime_v1
76131,C_8491,2011,2012,0.000190926366486,0,0,0.06,0.0115366009995,2026-09-08T22:20:32.862482+00:00,study3b_fifo_runtime_v1
76136,C_8492,2011,2012,0.00123740104027,0,0,0.06,0.0115366009995,2026-09-08T22:20:32.862482+00:00,study3b_fifo_runtime_v1
76142,C_8494,2011,2012,0.00274291727692,0,0,0.06,0.0115366009995,2026-09-08T22:20:32.862482+00:00,study3b_fifo_runtime_v1
76151,C_8495,2011,2012,0.00947271939367,0,0,0.06,0.0115366009995,2026-09-08T22:20:32.862482+00:00,study3b_fifo_runtime_v1
76160,C_8496,2011,2012,0.0213866811246,0,1,0.06,0.0115366009995,2026-09-08T22:20:32.862482+00:00,study3b_fifo_runtime_v1
76164,C_8497,2011,2012,4.23885248892e-05,0,0,0.06,0.0115366009995,2026-09-08T22:20:32.862482+00:00,study3b_fifo_runtime_v1
76182,C_8501,2011,2012,0.000429839506978,0,0,0.06,0.0115366009995,2026-09-08T22:20:32.862482+00:00,study3b_fifo_runtime_v1
76189,C_8503,2011,2012,0.000627393194009,0,0,0.06,0.0115366009995,2026-09-08T22:20:32.862482+00:00,study3b_fifo_runtime_v1
76198,C_8504,2011,2012,0.000346855027601,0,0,0.06,0.0115366009995,2026-09-08T22:20:32.862482+00:00,study3b_fifo_runtime_v1
76206,C_8506,2011,2012,0.000276438164292,0,0,0.06,0.0115366009995,2026-09-08T22:20:32.862482+00:00,study3b_fifo_runtime_v1
76215,C_8507,2011,2012,0.000647266977467,0,0,0.06,0.0115366009995,2026-09-08T22:20:32.862482+00:00,study3b_fifo_runtime_v1
76237,C_8510,2011,2012,9.41085090744e-06,0,0,0.06,0.0115366009995,2026-09-08T22:20:32.862482+00:00,study3b_fifo_runtime_v1
76245,C_8511,2011,2012,0.000849520612974,0,0,0.06,0.0115366009995,2026-09-08T22:20:32.862482+00:00,study3b_fifo_runtime_v1
76250,C_8513,2011,2012,0.000218123939703,0,0,0.06,0.0115366009995,2026-09-08T22:20:32.862482+00:00,study3b_fifo_runtime_v1
76260,C_8515,2011,2012,0.000258704967564,0,0,0.06,0.0115366009995,2026-09-08T22:20:32.862482+00:00,study3b_fifo_runtime_v1
76263,C_8516,2011,2012,3.54835974576e-05,0,0,0.06,0.0115366009995,2026-09-08T22:20:32.862482+00:00,study3b_fifo_runtime_v1
76271,C_8517,2011,2012,0.000377950171242,0,0,0.06,0.0115366009995,2026-09-08T22:20:32.862482+00:00,study3b_fifo_runtime_v1
76279,C_8518,2011,2012,0.000281987158814,0,0,0.06,0.0115366009995,2026-09-08T22:20:32.862482+00:00,study3b_fifo_runtime_v1
76284,C_8519,2011,2012,0.000161063930136,0,0,0.06,0.0115366009995,2026-09-08T22:20:32.862482+00:00,study3b_fifo_runtime_v1
76291,C_8520,2011,2012,0.00188528804574,0,0,0.06,0.0115366009995,2026-09-08T22:20:32.862482+00:00,study3b_fifo_runtime_v1
76307,C_8522,2011,2012,8.17316777102e-06,0,0,0.06,0.0115366009995,2026-09-08T22:20:32.862482+00:00,study3b_fifo_runtime_v1
76316,C_8523,2011,2012,0.000399125856347,0,0,0.06,0.0115366009995,2026-09-08T22:20:32.862482+00:00,study3b_fifo_runtime_v1
76326,C_8525,2011,2012,4.22981720476e-05,0,0,0.06,0.0115366009995,2026-09-08T22:20:32.862482+00:00,study3b_fifo_runtime_v1
76329,C_8526,2011,2012,0.000297515187413,0,0,0.06,0.0115366009995,2026-09-08T22:20:32.862482+00:00,study3b_fifo_runtime_v1
76339,C_8527,2011,2012,0.000280112057226,0,0,0.06,0.0115366009995,2026-09-08T22:20:32.862482+00:00,study3b_fifo_runtime_v1
76347,C_8528,2011,2012,3.18848401548e-06,0,0,0.06,0.0115366009995,2026-09-08T22:20:32.862482+00:00,study3b_fifo_runtime_v1
76359,C_8531,2011,2012,8.71146221471e-06,0,0,0.06,0.0115366009995,2026-09-08T22:20:32.862482+00:00,study3b_fifo_runtime_v1
76361,C_8532,2011,2012,0.000724875659216,0,0,0.06,0.0115366009995,2026-09-08T22:20:32.862482+00:00,study3b_fifo_runtime_v1
76364,C_8533,2011,2012,0.00106002681423,0,0,0.06,0.0115366009995,2026-09-08T22:20:32.862482+00:00,study3b_fifo_runtime_v1
76366,C_8534,2011,2012,0.000229817538639,0,0,0.06,0.0115366009995,2026-09-08T22:20:32.862482+00:00,study3b_fifo_runtime_v1
76369,C_8535,2011,2012,0.000915558310226,0,0,0.06,0.0115366009995,2026-09-08T22:20:32.862482+00:00,study3b_fifo_runtime_v1
76374,C_8537,2011,2012,0.000110974804556,0,0,0.06,0.0115366009995,2026-09-08T22:20:32.862482+00:00,study3b_fifo_runtime_v1
76383,C_8538,2011,2012,5.42909401702e-05,0,0,0.06,0.0115366009995,2026-09-08T22:20:32.862482+00:00,study3b_fifo_runtime_v1
76392,C_8539,2011,2012,0.00057312019635,0,0,0.06,0.0115366009995,2026-09-08T22:20:32.862482+00:00,study3b_fifo_runtime_v1
76403,C_8541,2011,2012,1.33152179842e-05,0,0,0.06,0.0115366009995,2026-09-08T22:20:32.862482+00:00,study3b_fifo_runtime_v1
76412,C_8542,2011,2012,2.85179903585e-05,0,0,0.06,0.0115366009995,2026-09-08T22:20:32.862482+00:00,study3b_fifo_runtime_v1
76428,C_8545,2011,2012,3.59700766239e-06,0,0,0.06,0.0115366009995,2026-09-08T22:20:32.862482+00:00,study3b_fifo_runtime_v1
76439,C_8547,2011,2012,0.00400618463755,0,0,0.06,0.0115366009995,2026-09-08T22:20:32.862482+00:00,study3b_fifo_runtime_v1
76452,C_8550,2011,2012,0.000613183772657,0,0,0.06,0.0115366009995,2026-09-08T22:20:32.862482+00:00,study3b_fifo_runtime_v1
76455,C_8551,2011,2012,0.000772930041421,0,0,0.06,0.0115366009995,2026-09-08T22:20:32.862482+00:00,study3b_fifo_runtime_v1
76468,C_8553,2011,2012,2.90872631012e-05,0,0,0.06,0.0115366009995,2026-09-08T22:20:32.862482+00:00,study3b_fifo_runtime_v1
76477,C_8554,2011,2012,0.000123381687445,0,0,0.06,0.0115366009995,2026-09-08T22:20:32.862482+00:00,study3b_fifo_runtime_v1
76486,C_8555,2011,2012,0.00599203072488,0,0,0.06,0.0115366009995,2026-09-08T22:20:32.862482+00:00,study3b_fifo_runtime_v1
76487,C_8556,2011,2012,0.000253462581895,0,0,0.06,0.0115366009995,2026-09-08T22:20:32.862482+00:00,study3b_fifo_runtime_v1
76493,C_8557,2011,2012,0.000523814582266,0,0,0.06,0.0115366009995,2026-09-08T22:20:32.862482+00:00,study3b_fifo_runtime_v1
76497,C_8558,2011,2012,1.22308520076e-05,0,0,0.06,0.0115366009995,2026-09-08T22:20:32.862482+00:00,study3b_fifo_runtime_v1
76505,C_8559,2011,2012,1.01921932583e-05,0,0,0.06,0.0115366009995,2026-09-08T22:20:32.862482+00:00,study3b_fifo_runtime_v1
76515,C_8561,2011,2012,0.000829163473099,0,0,0.06,0.0115366009995,2026-09-08T22:20:32.862482+00:00,study3b_fifo_runtime_v1
76524,C_8562,2011,2012,0.000163834178238,0,0,0.06,0.0115366009995,2026-09-08T22:20:32.862482+00:00,study3b_fifo_runtime_v1
76532,C_8563,2011,2012,0.00244518183172,0,0,0.06,0.0115366009995,2026-09-08T22:20:32.862482+00:00,study3b_fifo_runtime_v1
76541,C_8564,2011,2012,0.00167052808683,0,0,0.06,0.0115366009995,2026-09-08T22:20:32.862482+00:00,study3b_fifo_runtime_v1
76551,C_8566,2011,2012,2.09481877391e-05,0,0,0.06,0.0115366009995,2026-09-08T22:20:32.862482+00:00,study3b_fifo_runtime_v1
76560,C_8567,2011,2012,0.000124988306197,0,0,0.06,0.0115366009995,2026-09-08T22:20:32.862482+00:00,study3b_fifo_runtime_v1
76562,C_8568,2011,2012,2.23361553253e-06,0,0,0.06,0.0115366009995,2026-09-08T22:20:32.862482+00:00,study3b_fifo_runtime_v1
76575,C_8570,2011,2012,9.85407459666e-05,0,0,0.06,0.0115366009995,2026-09-08T22:20:32.862482+00:00,study3b_fifo_runtime_v1
76584,C_8571,2011,2012,0.000624625128694,0,0,0.06,0.0115366009995,2026-09-08T22:20:32.862482+00:00,study3b_fifo_runtime_v1
76593,C_8574,2011,2012,4.85626333102e-05,0,0,0.06,0.0115366009995,2026-09-08T22:20:32.862482+00:00,study3b_fifo_runtime_v1
76599,C_8575,2011,2012,0.000130979897222,0,0,0.06,0.0115366009995,2026-09-08T22:20:32.862482+00:00,study3b_fifo_runtime_v1
76608,C_8576,2011,2012,0.000330415525241,0,0,0.06,0.0115366009995,2026-09-08T22:20:32.862482+00:00,study3b_fifo_runtime_v1
76615,C_8577,2011,2012,0.000456175301224,0,0,0.06,0.0115366009995,2026-09-08T22:20:32.862482+00:00,study3b_fifo_runtime_v1
76619,C_8578,2011,2012,0.000394806702388,0,0,0.06,0.0115366009995,2026-09-08T22:20:32.862482+00:00,study3b_fifo_runtime_v1
76627,C_8580,2011,2012,0.000946950167418,0,0,0.06,0.0115366009995,2026-09-08T22:20:32.862482+00:00,study3b_fifo_runtime_v1
76632,C_8581,2011,2012,1.21109560496e-05,0,0,0.06,0.0115366009995,2026-09-08T22:20:32.862482+00:00,study3b_fifo_runtime_v1
76637,C_8582,2011,2012,0.000104456448753,0,0,0.06,0.0115366009995,2026-09-08T22:20:32.862482+00:00,study3b_fifo_runtime_v1
76643,C_8583,2011,2012,4.05111823056e-05,0,0,0.06,0.0115366009995,2026-09-08T22:20:32.862482+00:00,study3b_fifo_runtime_v1
76649,C_8584,2011,2012,0.00606588507071,0,0,0.06,0.0115366009995,2026-09-08T22:20:32.862482+00:00,study3b_fifo_runtime_v1
76654,C_8585,2011,2012,2.07925622817e-05,0,0,0.06,0.0115366009995,2026-09-08T22:20:32.862482+00:00,study3b_fifo_runtime_v1
76662,C_8586,2011,2012,0.00153612298891,0,0,0.06,0.0115366009995,2026-09-08T22:20:32.862482+00:00,study3b_fifo_runtime_v1
76670,C_8587,2011,2012,2.03624167625e-05,0,0,0.06,0.0115366009995,2026-09-08T22:20:32.862482+00:00,study3b_fifo_runtime_v1
76675,C_8588,2011,2012,0.00390742579475,0,0,0.06,0.0115366009995,2026-09-08T22:20:32.862482+00:00,study3b_fifo_runtime_v1
76685,C_8590,2011,2012,2.67487503152e-05,0,0,0.06,0.0115366009995,2026-09-08T22:20:32.862482+00:00,study3b_fifo_runtime_v1
76690,C_8591,2011,2012,0.00116128427908,0,0,0.06,0.0115366009995,2026-09-08T22:20:32.862482+00:00,study3b_fifo_runtime_v1
76699,C_8592,2011,2012,9.60071556619e-05,0,0,0.06,0.0115366009995,2026-09-08T22:20:32.862482+00:00,study3b_fifo_runtime_v1
76703,C_8593,2011,2012,5.91076532146e-05,0,0,0.06,0.0115366009995,2026-09-08T22:20:32.862482+00:00,study3b_fifo_runtime_v1
76711,C_8594,2011,2012,0.00283647864126,0,0,0.06,0.0115366009995,2026-09-08T22:20:32.862482+00:00,study3b_fifo_runtime_v1
76714,C_8595,2011,2012,0.00013545055117,0,0,0.06,0.0115366009995,2026-09-08T22:20:32.862482+00:00,study3b_fifo_runtime_v1
76723,C_8596,2011,2012,0.000348597735865,0,0,0.06,0.0115366009995,2026-09-08T22:20:32.862482+00:00,study3b_fifo_runtime_v1
76735,C_8599,2011,2012,0.000630503229331,0,0,0.06,0.0115366009995,2026-09-08T22:20:32.862482+00:00,study3b_fifo_runtime_v1
76746,C_8603,2011,2012,0.000234483697568,0,0,0.06,0.0115366009995,2026-09-08T22:20:32.862482+00:00,study3b_fifo_runtime_v1
76749,C_8604,2011,2012,0.000178921720362,0,0,0.06,0.0115366009995,2026-09-08T22:20:32.862482+00:00,study3b_fifo_runtime_v1
76752,C_8605,2011,2012,0.00142609048635,0,0,0.06,0.0115366009995,2026-09-08T22:20:32.862482+00:00,study3b_fifo_runtime_v1
76756,C_8606,2011,2012,0.00865406636149,0,0,0.06,0.0115366009995,2026-09-08T22:20:32.862482+00:00,study3b_fifo_runtime_v1
76761,C_8607,2011,2012,0.00225051888265,0,0,0.06,0.0115366009995,2026-09-08T22:20:32.862482+00:00,study3b_fifo_runtime_v1
76769,C_8608,2011,2012,0.000231076599448,0,0,0.06,0.0115366009995,2026-09-08T22:20:32.862482+00:00,study3b_fifo_runtime_v1
76775,C_8609,2011,2012,0.0120922075585,0,1,0.06,0.0115366009995,2026-09-08T22:20:32.862482+00:00,study3b_fifo_runtime_v1
76780,C_8610,2011,2012,0.000289232819341,0,0,0.06,0.0115366009995,2026-09-08T22:20:32.862482+00:00,study3b_fifo_runtime_v1
76781,C_8611,2011,2012,0.00238007004373,0,0,0.06,0.0115366009995,2026-09-08T22:20:32.862482+00:00,study3b_fifo_runtime_v1
76784,C_8612,2011,2012,3.35306867782e-06,0,0,0.06,0.0115366009995,2026-09-08T22:20:32.862482+00:00,study3b_fifo_runtime_v1
76793,C_8613,2011,2012,5.39312750334e-05,0,0,0.06,0.0115366009995,2026-09-08T22:20:32.862482+00:00,study3b_fifo_runtime_v1
76801,C_8614,2011,2012,4.53757857031e-05,0,0,0.06,0.0115366009995,2026-09-08T22:20:32.862482+00:00,study3b_fifo_runtime_v1
76810,C_8615,2011,2012,0.000149382321979,0,0,0.06,0.0115366009995,2026-09-08T22:20:32.862482+00:00,study3b_fifo_runtime_v1
76819,C_8616,2011,2012,2.06018521567e-05,0,0,0.06,0.0115366009995,2026-09-08T22:20:32.862482+00:00,study3b_fifo_runtime_v1
76831,C_8618,2011,2012,7.40231189411e-06,0,0,0.06,0.0115366009995,2026-09-08T22:20:32.862482+00:00,study3b_fifo_runtime_v1
76836,C_8619,2011,2012,0.000621688202955,0,0,0.06,0.0115366009995,2026-09-08T22:20:32.862482+00:00,study3b_fifo_runtime_v1
76844,C_8620,2011,2012,4.38868737547e-05,0,0,0.06,0.0115366009995,2026-09-08T22:20:32.862482+00:00,study3b_fifo_runtime_v1
76850,C_8621,2011,2012,6.11913274042e-05,0,0,0.06,0.0115366009995,2026-09-08T22:20:32.862482+00:00,study3b_fifo_runtime_v1
76857,C_8622,2011,2012,0.000207336197491,0,0,0.06,0.0115366009995,2026-09-08T22:20:32.862482+00:00,study3b_fifo_runtime_v1
76866,C_8623,2011,2012,0.000234707418713,0,0,0.06,0.0115366009995,2026-09-08T22:20:32.862482+00:00,study3b_fifo_runtime_v1
76874,C_8624,2011,2012,6.88556247042e-05,0,0,0.06,0.0115366009995,2026-09-08T22:20:32.862482+00:00,study3b_fifo_runtime_v1
76889,C_8626,2011,2012,2.92616332445e-05,0,0,0.06,0.0115366009995,2026-09-08T22:20:32.862482+00:00,study3b_fifo_runtime_v1
76893,C_8627,2011,2012,6.93320180289e-05,0,0,0.06,0.0115366009995,2026-09-08T22:20:32.862482+00:00,study3b_fifo_runtime_v1
76901,C_8628,2011,2012,0.000166095094755,0,0,0.06,0.0115366009995,2026-09-08T22:20:32.862482+00:00,study3b_fifo_runtime_v1
76907,C_8629,2011,2012,1.14472122732e-05,0,0,0.06,0.0115366009995,2026-09-08T22:20:32.862482+00:00,study3b_fifo_runtime_v1
76910,C_8630,2011,2012,0.00212211231701,0,0,0.06,0.0115366009995,2026-09-08T22:20:32.862482+00:00,study3b_fifo_runtime_v1
76922,C_8632,2011,2012,0.000117449228128,0,0,0.06,0.0115366009995,2026-09-08T22:20:32.862482+00:00,study3b_fifo_runtime_v1
76925,C_8634,2011,2012,0.0196573864669,0,1,0.06,0.0115366009995,2026-09-08T22:20:32.862482+00:00,study3b_fifo_runtime_v1
76950,C_8638,2011,2012,0.00211035483517,0,0,0.06,0.0115366009995,2026-09-08T22:20:32.862482+00:00,study3b_fifo_runtime_v1
76952,C_8640,2011,2012,0.0133255599067,0,1,0.06,0.0115366009995,2026-09-08T22:20:32.862482+00:00,study3b_fifo_runtime_v1
76961,C_8641,2011,2012,0.00113228382543,0,0,0.06,0.0115366009995,2026-09-08T22:20:32.862482+00:00,study3b_fifo_runtime_v1
76965,C_8642,2011,2012,0.000394542468712,0,0,0.06,0.0115366009995,2026-09-08T22:20:32.862482+00:00,study3b_fifo_runtime_v1
76979,C_8644,2011,2012,0.000458190828795,0,0,0.06,0.0115366009995,2026-09-08T22:20:32.862482+00:00,study3b_fifo_runtime_v1
76988,C_8645,2011,2012,0.000439962808741,0,0,0.06,0.0115366009995,2026-09-08T22:20:32.862482+00:00,study3b_fifo_runtime_v1
76998,C_8647,2011,2012,0.000541643705219,0,0,0.06,0.0115366009995,2026-09-08T22:20:32.862482+00:00,study3b_fifo_runtime_v1
77006,C_8648,2011,2012,0.000192756022443,0,0,0.06,0.0115366009995,2026-09-08T22:20:32.862482+00:00,study3b_fifo_runtime_v1
77010,C_8649,2011,2012,0.000222736620344,0,0,0.06,0.0115366009995,2026-09-08T22:20:32.862482+00:00,study3b_fifo_runtime_v1
77015,C_8650,2011,2012,0.040208298713,0,1,0.06,0.0115366009995,2026-09-08T22:20:32.862482+00:00,study3b_fifo_runtime_v1
77023,C_8653,2011,2012,0.00168026518077,0,0,0.06,0.0115366009995,2026-09-08T22:20:32.862482+00:00,study3b_fifo_runtime_v1
77029,C_8655,2011,2012,0.00011020302918,0,0,0.06,0.0115366009995,2026-09-08T22:20:32.862482+00:00,study3b_fifo_runtime_v1
77037,C_8656,2011,2012,0.00212467508391,0,0,0.06,0.0115366009995,2026-09-08T22:20:32.862482+00:00,study3b_fifo_runtime_v1
77041,C_8657,2011,2012,0.000448400474852,0,0,0.06,0.0115366009995,2026-09-08T22:20:32.862482+00:00,study3b_fifo_runtime_v1
77048,C_8659,2011,2012,0.000432598724728,0,0,0.06,0.0115366009995,2026-09-08T22:20:32.862482+00:00,study3b_fifo_runtime_v1
77060,C_8661,2011,2012,5.37981031812e-06,0,0,0.06,0.0115366009995,2026-09-08T22:20:32.862482+00:00,study3b_fifo_runtime_v1
77068,C_8662,2011,2012,6.9560664997e-05,0,0,0.06,0.0115366009995,2026-09-08T22:20:32.862482+00:00,study3b_fifo_runtime_v1
77081,C_8664,2011,2012,0.406348347664,1,1,0.06,0.0115366009995,2026-09-08T22:20:32.862482+00:00,study3b_fifo_runtime_v1
77087,C_8666,2011,2012,0.00465233484283,0,0,0.06,0.0115366009995,2026-09-08T22:20:32.862482+00:00,study3b_fifo_runtime_v1
77089,C_8667,2011,2012,0.000203524556127,0,0,0.06,0.0115366009995,2026-09-08T22:20:32.862482+00:00,study3b_fifo_runtime_v1
77101,C_8670,2011,2012,5.49251271877e-05,0,0,0.06,0.0115366009995,2026-09-08T22:20:32.862482+00:00,study3b_fifo_runtime_v1
77102,C_8671,2011,2012,0.000344102154486,0,0,0.06,0.0115366009995,2026-09-08T22:20:32.862482+00:00,study3b_fifo_runtime_v1
77104,C_8672,2011,2012,0.00130232784431,0,0,0.06,0.0115366009995,2026-09-08T22:20:32.862482+00:00,study3b_fifo_runtime_v1
77113,C_8673,2011,2012,0.00113421690185,0,0,0.06,0.0115366009995,2026-09-08T22:20:32.862482+00:00,study3b_fifo_runtime_v1
77118,C_8675,2011,2012,0.00139966187999,0,0,0.06,0.0115366009995,2026-09-08T22:20:32.862482+00:00,study3b_fifo_runtime_v1
77128,C_8677,2011,2012,0.00746301235631,0,0,0.06,0.0115366009995,2026-09-08T22:20:32.862482+00:00,study3b_fifo_runtime_v1
77137,C_8678,2011,2012,2.01744078367e-05,0,0,0.06,0.0115366009995,2026-09-08T22:20:32.862482+00:00,study3b_fifo_runtime_v1
77146,C_8679,2011,2012,0.000581722997595,0,0,0.06,0.0115366009995,2026-09-08T22:20:32.862482+00:00,study3b_fifo_runtime_v1
77160,C_8685,2011,2012,5.01627982885e-05,0,0,0.06,0.0115366009995,2026-09-08T22:20:32.862482+00:00,study3b_fifo_runtime_v1
77168,C_8686,2011,2012,0.000992119777948,0,0,0.06,0.0115366009995,2026-09-08T22:20:32.862482+00:00,study3b_fifo_runtime_v1
77169,C_8687,2011,2012,0.000753467727918,0,0,0.06,0.0115366009995,2026-09-08T22:20:32.862482+00:00,study3b_fifo_runtime_v1
77184,C_8690,2011,2012,2.52673780778e-05,0,0,0.06,0.0115366009995,2026-09-08T22:20:32.862482+00:00,study3b_fifo_runtime_v1
77189,C_8691,2011,2012,0.00050868751714,0,0,0.06,0.0115366009995,2026-09-08T22:20:32.862482+00:00,study3b_fifo_runtime_v1
77197,C_8692,2011,2012,4.22131561209e-05,0,0,0.06,0.0115366009995,2026-09-08T22:20:32.862482+00:00,study3b_fifo_runtime_v1
77203,C_8694,2011,2012,0.0896355807781,1,1,0.06,0.0115366009995,2026-09-08T22:20:32.862482+00:00,study3b_fifo_runtime_v1
77204,C_8695,2011,2012,1.95128141058e-05,0,0,0.06,0.0115366009995,2026-09-08T22:20:32.862482+00:00,study3b_fifo_runtime_v1
77213,C_8696,2011,2012,0.00117116747424,0,0,0.06,0.0115366009995,2026-09-08T22:20:32.862482+00:00,study3b_fifo_runtime_v1
77239,C_8704,2011,2012,0.000405206315918,0,0,0.06,0.0115366009995,2026-09-08T22:20:32.862482+00:00,study3b_fifo_runtime_v1
77246,C_8705,2011,2012,0.00167510972824,0,0,0.06,0.0115366009995,2026-09-08T22:20:32.862482+00:00,study3b_fifo_runtime_v1
77256,C_8707,2011,2012,4.66008787043e-05,0,0,0.06,0.0115366009995,2026-09-08T22:20:32.862482+00:00,study3b_fifo_runtime_v1
77264,C_8708,2011,2012,1.12916613944e-05,0,0,0.06,0.0115366009995,2026-09-08T22:20:32.862482+00:00,study3b_fifo_runtime_v1
77272,C_8709,2011,2012,5.33826096216e-05,0,0,0.06,0.0115366009995,2026-09-08T22:20:32.862482+00:00,study3b_fifo_runtime_v1
77279,C_8710,2011,2012,0.0096745705232,0,0,0.06,0.0115366009995,2026-09-08T22:20:32.862482+00:00,study3b_fifo_runtime_v1
77288,C_8711,2011,2012,4.66140190838e-05,0,0,0.06,0.0115366009995,2026-09-08T22:20:32.862482+00:00,study3b_fifo_runtime_v1
77291,C_8712,2011,2012,5.63447356399e-05,0,0,0.06,0.0115366009995,2026-09-08T22:20:32.862482+00:00,study3b_fifo_runtime_v1
77296,C_8713,2011,2012,0.000128959567519,0,0,0.06,0.0115366009995,2026-09-08T22:20:32.862482+00:00,study3b_fifo_runtime_v1
77301,C_8714,2011,2012,9.39547389862e-05,0,0,0.06,0.0115366009995,2026-09-08T22:20:32.862482+00:00,study3b_fifo_runtime_v1
77308,C_8716,2011,2012,0.000537967483979,0,0,0.06,0.0115366009995,2026-09-08T22:20:32.862482+00:00,study3b_fifo_runtime_v1
77312,C_8717,2011,2012,4.30979889643e-05,0,0,0.06,0.0115366009995,2026-09-08T22:20:32.862482+00:00,study3b_fifo_runtime_v1
77315,C_8718,2011,2012,0.0025604206603,0,0,0.06,0.0115366009995,2026-09-08T22:20:32.862482+00:00,study3b_fifo_runtime_v1
77316,C_8719,2011,2012,0.000109529064503,0,0,0.06,0.0115366009995,2026-09-08T22:20:32.862482+00:00,study3b_fifo_runtime_v1
77324,C_8720,2011,2012,0.0188038758934,0,1,0.06,0.0115366009995,2026-09-08T22:20:32.862482+00:00,study3b_fifo_runtime_v1
77336,C_8722,2011,2012,0.000282733206404,0,0,0.06,0.0115366009995,2026-09-08T22:20:32.862482+00:00,study3b_fifo_runtime_v1
77350,C_8724,2011,2012,0.000758326146752,0,0,0.06,0.0115366009995,2026-09-08T22:20:32.862482+00:00,study3b_fifo_runtime_v1
77358,C_8725,2011,2012,5.47999434275e-06,0,0,0.06,0.0115366009995,2026-09-08T22:20:32.862482+00:00,study3b_fifo_runtime_v1
77360,C_8726,2011,2012,0.000537456420716,0,0,0.06,0.0115366009995,2026-09-08T22:20:32.862482+00:00,study3b_fifo_runtime_v1
77367,C_8727,2011,2012,0.00147946085781,0,0,0.06,0.0115366009995,2026-09-08T22:20:32.862482+00:00,study3b_fifo_runtime_v1
77368,C_8728,2011,2012,5.57314961043e-05,0,0,0.06,0.0115366009995,2026-09-08T22:20:32.862482+00:00,study3b_fifo_runtime_v1
77379,C_8730,2011,2012,0.00018886878388,0,0,0.06,0.0115366009995,2026-09-08T22:20:32.862482+00:00,study3b_fifo_runtime_v1
77382,C_8731,2011,2012,0.000236252046307,0,0,0.06,0.0115366009995,2026-09-08T22:20:32.862482+00:00,study3b_fifo_runtime_v1
77386,C_8732,2011,2012,0.000168786849827,0,0,0.06,0.0115366009995,2026-09-08T22:20:32.862482+00:00,study3b_fifo_runtime_v1
77388,C_8733,2011,2012,7.11548345862e-05,0,0,0.06,0.0115366009995,2026-09-08T22:20:32.862482+00:00,study3b_fifo_runtime_v1
77396,C_8734,2011,2012,0.00057953275973,0,0,0.06,0.0115366009995,2026-09-08T22:20:32.862482+00:00,study3b_fifo_runtime_v1
77405,C_8735,2011,2012,3.61865422747e-05,0,0,0.06,0.0115366009995,2026-09-08T22:20:32.862482+00:00,study3b_fifo_runtime_v1
77406,C_8736,2011,2012,8.04028095445e-05,0,0,0.06,0.0115366009995,2026-09-08T22:20:32.862482+00:00,study3b_fifo_runtime_v1
77407,C_8737,2011,2012,0.00111312931404,0,0,0.06,0.0115366009995,2026-09-08T22:20:32.862482+00:00,study3b_fifo_runtime_v1
77415,C_8738,2011,2012,0.0264644343406,0,1,0.06,0.0115366009995,2026-09-08T22:20:32.862482+00:00,study3b_fifo_runtime_v1
77422,C_8739,2011,2012,0.00105626927689,0,0,0.06,0.0115366009995,2026-09-08T22:20:32.862482+00:00,study3b_fifo_runtime_v1
77430,C_8743,2011,2012,2.95754671242e-05,0,0,0.06,0.0115366009995,2026-09-08T22:20:32.862482+00:00,study3b_fifo_runtime_v1
77433,C_8744,2011,2012,3.2446525438e-05,0,0,0.06,0.0115366009995,2026-09-08T22:20:32.862482+00:00,study3b_fifo_runtime_v1
77437,C_8745,2011,2012,0.00217153946869,0,0,0.06,0.0115366009995,2026-09-08T22:20:32.862482+00:00,study3b_fifo_runtime_v1
77445,C_8747,2011,2012,0.00182894524187,0,0,0.06,0.0115366009995,2026-09-08T22:20:32.862482+00:00,study3b_fifo_runtime_v1
77452,C_8748,2011,2012,9.10996168386e-05,0,0,0.06,0.0115366009995,2026-09-08T22:20:32.862482+00:00,study3b_fifo_runtime_v1
77460,C_8749,2011,2012,0.000418919691583,0,0,0.06,0.0115366009995,2026-09-08T22:20:32.862482+00:00,study3b_fifo_runtime_v1
77467,C_8751,2011,2012,0.00932193547487,0,0,0.06,0.0115366009995,2026-09-08T22:20:32.862482+00:00,study3b_fifo_runtime_v1
77476,C_8754,2011,2012,0.000547002651729,0,0,0.06,0.0115366009995,2026-09-08T22:20:32.862482+00:00,study3b_fifo_runtime_v1
77478,C_8755,2011,2012,0.00084783550119,0,0,0.06,0.0115366009995,2026-09-08T22:20:32.862482+00:00,study3b_fifo_runtime_v1
77482,C_8757,2011,2012,0.00224667042494,0,0,0.06,0.0115366009995,2026-09-08T22:20:32.862482+00:00,study3b_fifo_runtime_v1
77490,C_8758,2011,2012,0.00594526948407,0,0,0.06,0.0115366009995,2026-09-08T22:20:32.862482+00:00,study3b_fifo_runtime_v1
77498,C_8759,2011,2012,8.45654285513e-05,0,0,0.06,0.0115366009995,2026-09-08T22:20:32.862482+00:00,study3b_fifo_runtime_v1
77506,C_8760,2011,2012,0.000112737754534,0,0,0.06,0.0115366009995,2026-09-08T22:20:32.862482+00:00,study3b_fifo_runtime_v1
77515,C_8762,2011,2012,0.000118070769531,0,0,0.06,0.0115366009995,2026-09-08T22:20:32.862482+00:00,study3b_fifo_runtime_v1
77524,C_8763,2011,2012,0.000102540623629,0,0,0.06,0.0115366009995,2026-09-08T22:20:32.862482+00:00,study3b_fifo_runtime_v1
77531,C_8765,2011,2012,1.93710875465e-05,0,0,0.06,0.0115366009995,2026-09-08T22:20:32.862482+00:00,study3b_fifo_runtime_v1
77543,C_8767,2011,2012,9.06875866349e-05,0,0,0.06,0.0115366009995,2026-09-08T22:20:32.862482+00:00,study3b_fifo_runtime_v1
77551,C_8768,2011,2012,0.000104138183815,0,0,0.06,0.0115366009995,2026-09-08T22:20:32.862482+00:00,study3b_fifo_runtime_v1
77555,C_8770,2011,2012,0.000577781989705,0,0,0.06,0.0115366009995,2026-09-08T22:20:32.862482+00:00,study3b_fifo_runtime_v1
77570,C_8774,2011,2012,0.00700681470335,0,0,0.06,0.0115366009995,2026-09-08T22:20:32.862482+00:00,study3b_fifo_runtime_v1
77575,C_8776,2011,2012,0.00222974061035,0,0,0.06,0.0115366009995,2026-09-08T22:20:32.862482+00:00,study3b_fifo_runtime_v1
77585,C_8779,2011,2012,0.000669809232932,0,0,0.06,0.0115366009995,2026-09-08T22:20:32.862482+00:00,study3b_fifo_runtime_v1
77586,C_8780,2011,2012,3.51357048203e-05,0,0,0.06,0.0115366009995,2026-09-08T22:20:32.862482+00:00,study3b_fifo_runtime_v1
77591,C_8781,2011,2012,0.000602793705184,0,0,0.06,0.0115366009995,2026-09-08T22:20:32.862482+00:00,study3b_fifo_runtime_v1
77606,C_8785,2011,2012,0.000703510129824,0,0,0.06,0.0115366009995,2026-09-08T22:20:32.862482+00:00,study3b_fifo_runtime_v1
77618,C_8788,2011,2012,0.0002754960733,0,0,0.06,0.0115366009995,2026-09-08T22:20:32.862482+00:00,study3b_fifo_runtime_v1
77619,C_8789,2011,2012,0.00150600739289,0,0,0.06,0.0115366009995,2026-09-08T22:20:32.862482+00:00,study3b_fifo_runtime_v1
77627,C_8790,2011,2012,0.00190318992827,0,0,0.06,0.0115366009995,2026-09-08T22:20:32.862482+00:00,study3b_fifo_runtime_v1
77635,C_8791,2011,2012,8.13472288428e-05,0,0,0.06,0.0115366009995,2026-09-08T22:20:32.862482+00:00,study3b_fifo_runtime_v1
77636,C_8792,2011,2012,0.00953013729304,0,0,0.06,0.0115366009995,2026-09-08T22:20:32.862482+00:00,study3b_fifo_runtime_v1
77644,C_8793,2011,2012,0.00325646973215,0,0,0.06,0.0115366009995,2026-09-08T22:20:32.862482+00:00,study3b_fifo_runtime_v1
77645,C_8794,2011,2012,0.00177402293775,0,0,0.06,0.0115366009995,2026-09-08T22:20:32.862482+00:00,study3b_fifo_runtime_v1
77653,C_8796,2011,2012,0.00223249499686,0,0,0.06,0.0115366009995,2026-09-08T22:20:32.862482+00:00,study3b_fifo_runtime_v1
77666,C_8798,2011,2012,0.000189468555618,0,0,0.06,0.0115366009995,2026-09-08T22:20:32.862482+00:00,study3b_fifo_runtime_v1
77677,C_8800,2011,2012,0.00135542929638,0,0,0.06,0.0115366009995,2026-09-08T22:20:32.862482+00:00,study3b_fifo_runtime_v1
77699,C_8803,2011,2012,0.000459070171928,0,0,0.06,0.0115366009995,2026-09-08T22:20:32.862482+00:00,study3b_fifo_runtime_v1
77709,C_8805,2011,2012,0.00218789489008,0,0,0.06,0.0115366009995,2026-09-08T22:20:32.862482+00:00,study3b_fifo_runtime_v1
77712,C_8806,2011,2012,0.00187701138202,0,0,0.06,0.0115366009995,2026-09-08T22:20:32.862482+00:00,study3b_fifo_runtime_v1
77737,C_8810,2011,2012,0.00143632665277,0,0,0.06,0.0115366009995,2026-09-08T22:20:32.862482+00:00,study3b_fifo_runtime_v1
77749,C_8812,2011,2012,0.00266315788031,0,0,0.06,0.0115366009995,2026-09-08T22:20:32.862482+00:00,study3b_fifo_runtime_v1
77761,C_8816,2011,2012,2.75665061054e-05,0,0,0.06,0.0115366009995,2026-09-08T22:20:32.862482+00:00,study3b_fifo_runtime_v1
77767,C_8817,2011,2012,0.00545584922656,0,0,0.06,0.0115366009995,2026-09-08T22:20:32.862482+00:00,study3b_fifo_runtime_v1
77771,C_8818,2011,2012,0.000455507077277,0,0,0.06,0.0115366009995,2026-09-08T22:20:32.862482+00:00,study3b_fifo_runtime_v1
77791,C_8822,2011,2012,0.000659034587443,0,0,0.06,0.0115366009995,2026-09-08T22:20:32.862482+00:00,study3b_fifo_runtime_v1
77817,C_8826,2011,2012,1.84245436685e-05,0,0,0.06,0.0115366009995,2026-09-08T22:20:32.862482+00:00,study3b_fifo_runtime_v1
77829,C_8828,2011,2012,0.000223194787395,0,0,0.06,0.0115366009995,2026-09-08T22:20:32.862482+00:00,study3b_fifo_runtime_v1
77841,C_8830,2011,2012,3.14928001899e-05,0,0,0.06,0.0115366009995,2026-09-08T22:20:32.862482+00:00,study3b_fifo_runtime_v1
77870,C_8835,2011,2012,0.00105437543243,0,0,0.06,0.0115366009995,2026-09-08T22:20:32.862482+00:00,study3b_fifo_runtime_v1
77874,C_8836,2011,2012,0.000721974356566,0,0,0.06,0.0115366009995,2026-09-08T22:20:32.862482+00:00,study3b_fifo_runtime_v1
77899,C_8842,2011,2012,0.000182685835171,0,0,0.06,0.0115366009995,2026-09-08T22:20:32.862482+00:00,study3b_fifo_runtime_v1
77900,C_8843,2011,2012,0.0027372892946,0,0,0.06,0.0115366009995,2026-09-08T22:20:32.862482+00:00,study3b_fifo_runtime_v1
77902,C_8844,2011,2012,0.00114701560233,0,0,0.06,0.0115366009995,2026-09-08T22:20:32.862482+00:00,study3b_fifo_runtime_v1
77903,C_8845,2011,2012,0.000160095762112,0,0,0.06,0.0115366009995,2026-09-08T22:20:32.862482+00:00,study3b_fifo_runtime_v1
77927,C_8850,2011,2012,0.000241378278588,0,0,0.06,0.0115366009995,2026-09-08T22:20:32.862482+00:00,study3b_fifo_runtime_v1
77931,C_8851,2011,2012,0.000203834439162,0,0,0.06,0.0115366009995,2026-09-08T22:20:32.862482+00:00,study3b_fifo_runtime_v1
77937,C_8852,2011,2012,4.33319801232e-05,0,0,0.06,0.0115366009995,2026-09-08T22:20:32.862482+00:00,study3b_fifo_runtime_v1
77943,C_8853,2011,2012,0.000271280441666,0,0,0.06,0.0115366009995,2026-09-08T22:20:32.862482+00:00,study3b_fifo_runtime_v1
77949,C_8854,2011,2012,0.0014927914599,0,0,0.06,0.0115366009995,2026-09-08T22:20:32.862482+00:00,study3b_fifo_runtime_v1
77957,C_8855,2011,2012,0.000197379951715,0,0,0.06,0.0115366009995,2026-09-08T22:20:32.862482+00:00,study3b_fifo_runtime_v1
77965,C_8856,2011,2012,0.0377732403576,0,1,0.06,0.0115366009995,2026-09-08T22:20:32.862482+00:00,study3b_fifo_runtime_v1
77967,C_8858,2011,2012,1.60013569257e-05,0,0,0.06,0.0115366009995,2026-09-08T22:20:32.862482+00:00,study3b_fifo_runtime_v1
77988,C_8861,2011,2012,0.000420202180976,0,0,0.06,0.0115366009995,2026-09-08T22:20:32.862482+00:00,study3b_fifo_runtime_v1
77992,C_8862,2011,2012,0.00195544189773,0,0,0.06,0.0115366009995,2026-09-08T22:20:32.862482+00:00,study3b_fifo_runtime_v1
77997,C_8864,2011,2012,0.00127357593738,0,0,0.06,0.0115366009995,2026-09-08T22:20:32.862482+00:00,study3b_fifo_runtime_v1
78005,C_8866,2011,2012,0.000159158560564,0,0,0.06,0.0115366009995,2026-09-08T22:20:32.862482+00:00,study3b_fifo_runtime_v1
78009,C_8867,2011,2012,0.000356786797056,0,0,0.06,0.0115366009995,2026-09-08T22:20:32.862482+00:00,study3b_fifo_runtime_v1
78017,C_8868,2011,2012,0.000133136942168,0,0,0.06,0.0115366009995,2026-09-08T22:20:32.862482+00:00,study3b_fifo_runtime_v1
78021,C_8870,2011,2012,0.000199610818527,0,0,0.06,0.0115366009995,2026-09-08T22:20:32.862482+00:00,study3b_fifo_runtime_v1
78033,C_8873,2011,2012,0.00286608934402,0,0,0.06,0.0115366009995,2026-09-08T22:20:32.862482+00:00,study3b_fifo_runtime_v1
78041,C_8874,2011,2012,0.00331817823462,0,0,0.06,0.0115366009995,2026-09-08T22:20:32.862482+00:00,study3b_fifo_runtime_v1
78044,C_8875,2011,2012,9.89497711998e-05,0,0,0.06,0.0115366009995,2026-09-08T22:20:32.862482+00:00,study3b_fifo_runtime_v1
78074,C_8880,2011,2012,0.00166805332992,0,0,0.06,0.0115366009995,2026-09-08T22:20:32.862482+00:00,study3b_fifo_runtime_v1
78077,C_8882,2011,2012,0.000100597681012,0,0,0.06,0.0115366009995,2026-09-08T22:20:32.862482+00:00,study3b_fifo_runtime_v1
78083,C_8883,2011,2012,0.00037496178993,0,0,0.06,0.0115366009995,2026-09-08T22:20:32.862482+00:00,study3b_fifo_runtime_v1
78085,C_8884,2011,2012,4.81804017909e-05,0,0,0.06,0.0115366009995,2026-09-08T22:20:32.862482+00:00,study3b_fifo_runtime_v1
78096,C_8886,2011,2012,0.00013732786465,0,0,0.06,0.0115366009995,2026-09-08T22:20:32.862482+00:00,study3b_fifo_runtime_v1
78105,C_8889,2011,2012,0.000326405046508,0,0,0.06,0.0115366009995,2026-09-08T22:20:32.862482+00:00,study3b_fifo_runtime_v1
78109,C_8890,2011,2012,0.00158696866129,0,0,0.06,0.0115366009995,2026-09-08T22:20:32.862482+00:00,study3b_fifo_runtime_v1
78114,C_8892,2011,2012,0.000184095813893,0,0,0.06,0.0115366009995,2026-09-08T22:20:32.862482+00:00,study3b_fifo_runtime_v1
78177,C_8904,2011,2012,0.000771696388256,0,0,0.06,0.0115366009995,2026-09-08T22:20:32.862482+00:00,study3b_fifo_runtime_v1
78180,C_8905,2011,2012,0.000295848032692,0,0,0.06,0.0115366009995,2026-09-08T22:20:32.862482+00:00,study3b_fifo_runtime_v1
78181,C_8906,2011,2012,4.35763467976e-05,0,0,0.06,0.0115366009995,2026-09-08T22:20:32.862482+00:00,study3b_fifo_runtime_v1
78189,C_8907,2011,2012,0.000509832403623,0,0,0.06,0.0115366009995,2026-09-08T22:20:32.862482+00:00,study3b_fifo_runtime_v1
78194,C_8909,2011,2012,0.000618888007011,0,0,0.06,0.0115366009995,2026-09-08T22:20:32.862482+00:00,study3b_fifo_runtime_v1
78202,C_8910,2011,2012,3.90335080738e-05,0,0,0.06,0.0115366009995,2026-09-08T22:20:32.862482+00:00,study3b_fifo_runtime_v1
78227,C_8914,2011,2012,7.80381596996e-05,0,0,0.06,0.0115366009995,2026-09-08T22:20:32.862482+00:00,study3b_fifo_runtime_v1
78239,C_8916,2011,2012,0.000166474899743,0,0,0.06,0.0115366009995,2026-09-08T22:20:32.862482+00:00,study3b_fifo_runtime_v1
78249,C_8918,2011,2012,0.00017644307809,0,0,0.06,0.0115366009995,2026-09-08T22:20:32.862482+00:00,study3b_fifo_runtime_v1
78261,C_8919,2011,2012,0.00105036154855,0,0,0.06,0.0115366009995,2026-09-08T22:20:32.862482+00:00,study3b_fifo_runtime_v1
78272,C_8920,2011,2012,0.00011124547018,0,0,0.06,0.0115366009995,2026-09-08T22:20:32.862482+00:00,study3b_fifo_runtime_v1
78288,C_8921,2011,2012,0.0530968867242,0,1,0.06,0.0115366009995,2026-09-08T22:20:32.862482+00:00,study3b_fifo_runtime_v1
78295,C_8922,2011,2012,0.000344440428307,0,0,0.06,0.0115366009995,2026-09-08T22:20:32.862482+00:00,study3b_fifo_runtime_v1
78302,C_8923,2011,2012,0.002085640328,0,0,0.06,0.0115366009995,2026-09-08T22:20:32.862482+00:00,study3b_fifo_runtime_v1
78312,C_8924,2011,2012,0.00583369052038,0,0,0.06,0.0115366009995,2026-09-08T22:20:32.862482+00:00,study3b_fifo_runtime_v1
78326,C_8925,2011,2012,0.000106117455289,0,0,0.06,0.0115366009995,2026-09-08T22:20:32.862482+00:00,study3b_fifo_runtime_v1
78341,C_8926,2011,2012,3.49945439666e-05,0,0,0.06,0.0115366009995,2026-09-08T22:20:32.862482+00:00,study3b_fifo_runtime_v1
78363,C_8928,2011,2012,9.29551315494e-05,0,0,0.06,0.0115366009995,2026-09-08T22:20:32.862482+00:00,study3b_fifo_runtime_v1
78386,C_8930,2011,2012,0.00071045034565,0,0,0.06,0.0115366009995,2026-09-08T22:20:32.862482+00:00,study3b_fifo_runtime_v1
78400,C_8931,2011,2012,0.000169726088643,0,0,0.06,0.0115366009995,2026-09-08T22:20:32.862482+00:00,study3b_fifo_runtime_v1
78410,C_8933,2011,2012,4.9493068218e-05,0,0,0.06,0.0115366009995,2026-09-08T22:20:32.862482+00:00,study3b_fifo_runtime_v1
78416,C_8934,2011,2012,0.00455525191501,0,0,0.06,0.0115366009995,2026-09-08T22:20:32.862482+00:00,study3b_fifo_runtime_v1
78428,C_8935,2011,2012,8.79335930222e-05,0,0,0.06,0.0115366009995,2026-09-08T22:20:32.862482+00:00,study3b_fifo_runtime_v1
78444,C_8937,2011,2012,4.43476710643e-06,0,0,0.06,0.0115366009995,2026-09-08T22:20:32.862482+00:00,study3b_fifo_runtime_v1
78459,C_8938,2011,2012,0.000120646982396,0,0,0.06,0.0115366009995,2026-09-08T22:20:32.862482+00:00,study3b_fifo_runtime_v1
78496,C_8943,2011,2012,0.000186772071174,0,0,0.06,0.0115366009995,2026-09-08T22:20:32.862482+00:00,study3b_fifo_runtime_v1
78527,C_8948,2011,2012,0.00146505015437,0,0,0.06,0.0115366009995,2026-09-08T22:20:32.862482+00:00,study3b_fifo_runtime_v1
78540,C_8950,2011,2012,8.64732937771e-05,0,0,0.06,0.0115366009995,2026-09-08T22:20:32.862482+00:00,study3b_fifo_runtime_v1
78555,C_8952,2011,2012,0.00625592982396,0,0,0.06,0.0115366009995,2026-09-08T22:20:32.862482+00:00,study3b_fifo_runtime_v1
78570,C_8954,2011,2012,7.88283650763e-05,0,0,0.06,0.0115366009995,2026-09-08T22:20:32.862482+00:00,study3b_fifo_runtime_v1
78583,C_8957,2011,2012,5.53318932361e-06,0,0,0.06,0.0115366009995,2026-09-08T22:20:32.862482+00:00,study3b_fifo_runtime_v1
78601,C_8958,2011,2012,0.0123337553814,0,1,0.06,0.0115366009995,2026-09-08T22:20:32.862482+00:00,study3b_fifo_runtime_v1
78608,C_8959,2011,2012,0.000395890412619,0,0,0.06,0.0115366009995,2026-09-08T22:20:32.862482+00:00,study3b_fifo_runtime_v1
78614,C_8960,2011,2012,0.000682776561007,0,0,0.06,0.0115366009995,2026-09-08T22:20:32.862482+00:00,study3b_fifo_runtime_v1
78623,C_8961,2011,2012,0.00112743768841,0,0,0.06,0.0115366009995,2026-09-08T22:20:32.862482+00:00,study3b_fifo_runtime_v1
78630,C_8963,2011,2012,5.13178529218e-05,0,0,0.06,0.0115366009995,2026-09-08T22:20:32.862482+00:00,study3b_fifo_runtime_v1
78633,C_8964,2011,2012,1.48117242134e-05,0,0,0.06,0.0115366009995,2026-09-08T22:20:32.862482+00:00,study3b_fifo_runtime_v1
78645,C_8966,2011,2012,0.0368962697685,0,1,0.06,0.0115366009995,2026-09-08T22:20:32.862482+00:00,study3b_fifo_runtime_v1
78653,C_8967,2011,2012,0.000260351371253,0,0,0.06,0.0115366009995,2026-09-08T22:20:32.862482+00:00,study3b_fifo_runtime_v1
