,AUC,F1,G_Mean,Recall,Precision
DES_KNORAE,0.6374301471288805,0.1640597844977407,0.32568073818544035,0.10890632210429164,0.3323943661971831
