fs,AUC,F1,Recall
cart_r20,0.569268,0.000000,0.000000
cart_r50,0.595136,0.000000,0.000000
cart_r80,0.593059,0.000000,0.000000
