fs,AUC,F1,Recall
cart_r20,0.639978,0.178289,0.509878
cart_r50,0.659867,0.186386,0.383819
cart_r80,0.658893,0.180455,0.305738
