fs,AUC,F1,Recall
cart_r20,0.528493,0.029624,0.017074
cart_r50,0.655463,0.191000,0.136133
cart_r80,0.662684,0.190412,0.130134
