fs,AUC,F1,Recall
cart_r20,0.513653,0.034483,0.042105
cart_r50,0.537092,0.000000,0.000000
cart_r80,0.551369,0.000000,0.000000
