fs,AUC,F1,Recall
cart_r20,0.618002,0.000000,0.000000
cart_r50,0.634499,0.000000,0.000000
cart_r80,0.642053,0.000000,0.000000
