,AUC,F1,Precision,Recall
DES_KNORAE,0.8559588562597946,0.22237860661505982,0.13932980599647266,0.5505226480836237
