split,drift_start_year,old_window,new_window,fs_variant,n_features_before,n_features_after,selected_preview,w_old,w_new,threshold,val_AUC,test_AUC,val_F1,test_F1,val_G_Mean,test_G_Mean,val_Recall,test_Recall,val_Precision,test_Precision,val_Type1_Error,test_Type1_Error,val_Type2_Error,test_Type2_Error
split_1+15,2000,1999-1999,2000-2014,no_fs,19,19,,1.00000000,0.00000000,0.06000000,0.56534648,0.57483272,0.15566323,0.05532710,0.54632105,0.55170435,0.50941526,0.51567944,0.09186774,0.02923168,0.41409943,0.40975406,0.49058474,0.48432056
split_1+15,2000,1999-1999,2000-2014,no_fs,19,19,,0.95000000,0.05000000,0.05000000,0.59491528,0.62763143,0.16388550,0.06026490,0.56364778,0.58277027,0.59861249,0.63414634,0.09493870,0.03163567,0.46927465,0.46444352,0.40138751,0.36585366
split_1+15,2000,1999-1999,2000-2014,no_fs,19,19,,0.90000000,0.10000000,0.07000000,0.61114565,0.65579009,0.17469969,0.06937269,0.58221343,0.62048660,0.58374628,0.65505226,0.10272061,0.03662575,0.41931540,0.41225511,0.41625372,0.34494774
split_1+15,2000,1999-1999,2000-2014,no_fs,19,19,,0.85000000,0.15000000,0.07000000,0.62341401,0.67609675,0.18001120,0.07154129,0.59331920,0.63399366,0.63726462,0.71080139,0.10480848,0.03766617,0.44759576,0.43451438,0.36273538,0.28919861
split_1+15,2000,1999-1999,2000-2014,no_fs,19,19,,0.80000000,0.20000000,0.17000000,0.63367347,0.69281103,0.18886861,0.07529844,0.55793528,0.57139582,0.41030723,0.42857143,0.12266667,0.04127517,0.24132029,0.23818258,0.58969277,0.57142857
split_1+15,2000,1999-1999,2000-2014,no_fs,19,19,,0.75000000,0.25000000,0.19000000,0.64249852,0.70739579,0.19820693,0.08275862,0.56201182,0.58539864,0.40535183,0.43902439,0.13117383,0.04568528,0.22078240,0.21942476,0.59464817,0.56097561
split_1+15,2000,1999-1999,2000-2014,no_fs,19,19,,0.70000000,0.30000000,0.18000000,0.65046125,0.72036984,0.20629605,0.08761329,0.58790278,0.61968203,0.45787909,0.50522648,0.13314121,0.04796560,0.24515077,0.23993331,0.54212091,0.49477352
split_1+15,2000,1999-1999,2000-2014,no_fs,19,19,,0.65000000,0.35000000,0.18000000,0.65750919,0.73216395,0.21070812,0.09008482,0.60006227,0.63511200,0.48364718,0.53658537,0.13469500,0.04916986,0.25550122,0.24827011,0.51635282,0.46341463
split_1+15,2000,1999-1999,2000-2014,no_fs,19,19,,0.60000000,0.40000000,0.21000000,0.66391745,0.74267240,0.21619025,0.09905660,0.58966260,0.63560326,0.44598612,0.51219512,0.14267597,0.05483029,0.22037490,0.21125469,0.55401388,0.48780488
split_1+15,2000,1999-1999,2000-2014,no_fs,19,19,,0.55000000,0.45000000,0.22000000,0.66974418,0.75227715,0.22157434,0.10204790,0.59522275,0.63851896,0.45193261,0.51219512,0.14676537,0.05666924,0.21605542,0.20400167,0.54806739,0.48780488
split_1+15,2000,1999-1999,2000-2014,no_fs,19,19,,0.50000000,0.50000000,0.32000000,0.67490907,0.76096951,0.22674419,0.13038549,0.52264168,0.59598558,0.30921705,0.40069686,0.17900172,0.07786053,0.11662592,0.11354731,0.69078295,0.59930314
split_1+15,2000,1999-1999,2000-2014,no_fs,19,19,,0.45000000,0.55000000,0.31000000,0.67951133,0.76862165,0.23360656,0.12805830,0.54349427,0.61203321,0.33894945,0.42857143,0.17821782,0.07527540,0.12852486,0.12596915,0.66105055,0.57142857
split_1+15,2000,1999-1999,2000-2014,no_fs,19,19,,0.40000000,0.60000000,0.36000000,0.68358312,0.77543460,0.23622671,0.14780903,0.51582216,0.59721815,0.29534192,0.39372822,0.19682959,0.09098229,0.09910350,0.09412255,0.70465808,0.60627178
split_1+15,2000,1999-1999,2000-2014,no_fs,19,19,,0.35000000,0.65000000,0.34000000,0.68713130,0.78145511,0.24212389,0.14123007,0.54610560,0.61936202,0.33894945,0.43205575,0.18832599,0.08441116,0.12013040,0.11213005,0.66105055,0.56794425
split_1+15,2000,1999-1999,2000-2014,no_fs,19,19,,0.30000000,0.70000000,0.29000000,0.69013669,0.78673344,0.24666098,0.13228895,0.59779092,0.66898137,0.43012884,0.52961672,0.17290837,0.07558429,0.16919315,0.15498124,0.56987116,0.47038328
split_1+15,2000,1999-1999,2000-2014,no_fs,19,19,,0.25000000,0.75000000,0.29000000,0.69269638,0.79123212,0.24869038,0.13276596,0.60666031,0.67611997,0.44697721,0.54355401,0.17226891,0.07561803,0.17660962,0.15898291,0.55302279,0.45644599
split_1+15,2000,1999-1999,2000-2014,no_fs,19,19,,0.20000000,0.80000000,0.30000000,0.69489113,0.79514955,0.25215697,0.13511188,0.60908625,0.67919064,0.44895937,0.54703833,0.17530960,0.07707413,0.17367563,0.15673197,0.55104063,0.45296167
split_1+15,2000,1999-1999,2000-2014,no_fs,19,19,,0.15000000,0.85000000,0.35000000,0.69667576,0.79852988,0.25263831,0.15061475,0.58008970,0.66886129,0.39147671,0.51219512,0.18649669,0.08828829,0.14042380,0.12655273,0.60852329,0.48780488
split_1+15,2000,1999-1999,2000-2014,no_fs,19,19,,0.10000000,0.90000000,0.31000000,0.69805475,0.80137020,0.25451560,0.13904197,0.61560792,0.69320528,0.46085233,0.57142857,0.17580340,0.07915058,0.17766911,0.15906628,0.53914767,0.42857143
split_1+15,2000,1999-1999,2000-2014,no_fs,19,19,,0.05000000,0.95000000,0.32000000,0.69897370,0.80374546,0.25556472,0.14041096,0.61606533,0.69399514,0.46085233,0.57142857,0.17680608,0.08003904,0.17644662,0.15714881,0.53914767,0.42857143
split_1+15,2000,1999-1999,2000-2014,no_fs,19,19,,0.00000000,1.00000000,0.37000000,0.69941828,0.80547383,0.25725882,0.15101838,0.59078177,0.67832124,0.40832507,0.52961672,0.18778487,0.08806489,0.14523227,0.13122134,0.59167493,0.47038328
split_1+15,2000,1999-1999,2000-2014,fs,19,9,"X1,X4,X6,X10,X11,X12,X13,X16",1.00000000,0.00000000,0.22000000,0.56476382,0.58373045,0.15794669,0.05859873,0.49675310,0.49676132,0.31714569,0.32055749,0.10515938,0.03224676,0.22192339,0.23017924,0.68285431,0.67944251
split_1+15,2000,1999-1999,2000-2014,fs,19,9,"X1,X4,X6,X10,X11,X12,X13,X16",0.95000000,0.05000000,0.23000000,0.58766513,0.62136750,0.16186141,0.06015038,0.49929618,0.49893534,0.31714569,0.32055749,0.10865874,0.03318903,0.21393643,0.22342643,0.68285431,0.67944251
split_1+15,2000,1999-1999,2000-2014,fs,19,9,"X1,X4,X6,X10,X11,X12,X13,X16",0.90000000,0.10000000,0.10000000,0.60277793,0.64590124,0.16779026,0.06371746,0.56925118,0.59498680,0.55500496,0.60975610,0.09883516,0.03361506,0.41613692,0.41942476,0.44499504,0.39024390
split_1+15,2000,1999-1999,2000-2014,fs,19,9,"X1,X4,X6,X10,X11,X12,X13,X16",0.85000000,0.15000000,0.12000000,0.61473269,0.66509507,0.17369174,0.06961283,0.57657595,0.61630315,0.54112983,0.62020906,0.10344828,0.03687591,0.38565607,0.38757816,0.45887017,0.37979094
split_1+15,2000,1999-1999,2000-2014,fs,19,9,"X1,X4,X6,X10,X11,X12,X13,X16",0.80000000,0.20000000,0.13000000,0.62486763,0.68120660,0.18106471,0.07410343,0.58944092,0.63495099,0.56293360,0.65156794,0.10788224,0.03928571,0.38280359,0.38124218,0.43706640,0.34843206
split_1+15,2000,1999-1999,2000-2014,fs,19,9,"X1,X4,X6,X10,X11,X12,X13,X16",0.75000000,0.25000000,0.23000000,0.63378829,0.69559500,0.18717340,0.08167082,0.54877544,0.59184294,0.39048563,0.45644599,0.12308654,0.04484765,0.22876936,0.23259692,0.60951437,0.54355401
split_1+15,2000,1999-1999,2000-2014,fs,19,9,"X1,X4,X6,X10,X11,X12,X13,X16",0.70000000,0.30000000,0.23000000,0.64189951,0.70846999,0.19632184,0.08698297,0.56805604,0.61606815,0.42319128,0.49825784,0.12780605,0.04765078,0.23748981,0.23826594,0.57680872,0.50174216
split_1+15,2000,1999-1999,2000-2014,fs,19,9,"X1,X4,X6,X10,X11,X12,X13,X16",0.65000000,0.35000000,0.23000000,0.64933528,0.72021763,0.20680454,0.09195402,0.58933067,0.64021451,0.46085233,0.54355401,0.13331422,0.05022537,0.24637327,0.24593581,0.53914767,0.45644599
split_1+15,2000,1999-1999,2000-2014,fs,19,9,"X1,X4,X6,X10,X11,X12,X13,X16",0.60000000,0.40000000,0.25000000,0.65614652,0.73096688,0.21314554,0.09529901,0.58939145,0.63458077,0.44995045,0.51916376,0.13964934,0.05246479,0.22795436,0.22434348,0.55004955,0.48083624
split_1+15,2000,1999-1999,2000-2014,fs,19,9,"X1,X4,X6,X10,X11,X12,X13,X16",0.55000000,0.45000000,0.29000000,0.66230301,0.74074505,0.22000000,0.10546139,0.57296108,0.63023648,0.40336967,0.48780488,0.15124489,0.05912162,0.18614507,0.18574406,0.59663033,0.51219512
split_1+15,2000,1999-1999,2000-2014,fs,19,9,"X1,X4,X6,X10,X11,X12,X13,X16",0.50000000,0.50000000,0.31000000,0.66788892,0.74948273,0.22569642,0.11133685,0.57073104,0.62951382,0.39345887,0.47735192,0.15823037,0.06301748,0.17212714,0.16982076,0.60654113,0.52264808
split_1+15,2000,1999-1999,2000-2014,fs,19,9,"X1,X4,X6,X10,X11,X12,X13,X16",0.45000000,0.55000000,0.34000000,0.67279444,0.75731264,0.23239875,0.11829945,0.56089090,0.61722156,0.36967294,0.44599303,0.16946842,0.06819393,0.14898126,0.14581075,0.63032706,0.55400697
split_1+15,2000,1999-1999,2000-2014,fs,19,9,"X1,X4,X6,X10,X11,X12,X13,X16",0.40000000,0.60000000,0.39000000,0.67703480,0.76422057,0.24044527,0.13154831,0.53429020,0.59200145,0.32111001,0.39372822,0.19217082,0.07896576,0.11100244,0.10987912,0.67888999,0.60627178
split_1+15,2000,1999-1999,2000-2014,fs,19,9,"X1,X4,X6,X10,X11,X12,X13,X16",0.35000000,0.65000000,0.40000000,0.68069623,0.77026490,0.24557522,0.13577332,0.54146140,0.59794413,0.33002973,0.40069686,0.19553729,0.08173419,0.11165444,0.10771155,0.66997027,0.59930314
split_1+15,2000,1999-1999,2000-2014,fs,19,9,"X1,X4,X6,X10,X11,X12,X13,X16",0.30000000,0.70000000,0.45000000,0.68382104,0.77543692,0.24837169,0.15124816,0.51006193,0.57428496,0.28344896,0.35888502,0.22102009,0.09581395,0.08215159,0.08103376,0.71655104,0.64111498
split_1+15,2000,1999-1999,2000-2014,fs,19,9,"X1,X4,X6,X10,X11,X12,X13,X16",0.25000000,0.75000000,0.48000000,0.68649603,0.77992195,0.25350795,0.15768302,0.49980162,0.56306181,0.26858276,0.34146341,0.24003543,0.10251046,0.06992665,0.07152980,0.73141724,0.65853659
split_1+15,2000,1999-1999,2000-2014,fs,19,9,"X1,X4,X6,X10,X11,X12,X13,X16",0.20000000,0.80000000,0.49000000,0.68869312,0.78376007,0.25577101,0.16375199,0.50481690,0.57698774,0.27452924,0.35888502,0.23941227,0.10607621,0.07171964,0.07236348,0.72547076,0.64111498
split_1+15,2000,1999-1999,2000-2014,fs,19,9,"X1,X4,X6,X10,X11,X12,X13,X16",0.15000000,0.85000000,0.50000000,0.69052291,0.78695885,0.26280018,0.16536661,0.51589168,0.58477755,0.28741328,0.36933798,0.24207012,0.10653266,0.07400163,0.07411421,0.71258672,0.63066202
split_1+15,2000,1999-1999,2000-2014,fs,19,9,"X1,X4,X6,X10,X11,X12,X13,X16",0.10000000,0.90000000,0.52000000,0.69196284,0.78963418,0.26167360,0.17031630,0.51045649,0.58326900,0.28047572,0.36585366,0.24523397,0.11099366,0.07098615,0.07011255,0.71952428,0.63414634
split_1+15,2000,1999-1999,2000-2014,fs,19,9,"X1,X4,X6,X10,X11,X12,X13,X16",0.05000000,0.95000000,0.54000000,0.69308651,0.79184910,0.26425856,0.17318901,0.50712400,0.58129099,0.27552032,0.36236934,0.25388128,0.11378556,0.06658517,0.06752814,0.72447968,0.63763066
split_1+15,2000,1999-1999,2000-2014,fs,19,9,"X1,X4,X6,X10,X11,X12,X13,X16",0.00000000,1.00000000,0.54000000,0.69381887,0.79363919,0.26630679,0.16888194,0.52097176,0.59040140,0.29335976,0.37630662,0.24382208,0.10887097,0.07481663,0.07369737,0.70664024,0.62369338
split_2+14,2001,1999-2000,2001-2014,no_fs,19,19,,1.00000000,0.00000000,0.06000000,0.56778991,0.59709490,0.15952611,0.05882353,0.55352497,0.57278960,0.56932153,0.57839721,0.09275873,0.03098749,0.46183331,0.43276365,0.43067847,0.42160279
split_2+14,2001,1999-2000,2001-2014,no_fs,19,19,,0.95000000,0.05000000,0.06000000,0.59075532,0.64343157,0.16597510,0.06352459,0.56531778,0.59769802,0.60963618,0.64808362,0.09606446,0.03339917,0.47577883,0.44877032,0.39036382,0.35191638
split_2+14,2001,1999-2000,2001-2014,no_fs,19,19,,0.90000000,0.10000000,0.06000000,0.60585934,0.67203873,0.17344313,0.06941716,0.57798716,0.62710652,0.66273353,0.73867596,0.09977794,0.03641986,0.49592236,0.46761150,0.33726647,0.26132404
split_2+14,2001,1999-2000,2001-2014,no_fs,19,19,,0.85000000,0.15000000,0.12000000,0.61764584,0.69339431,0.17892157,0.07855127,0.57533559,0.63058644,0.50245821,0.58188153,0.10883919,0.04211854,0.34121677,0.31663193,0.49754179,0.41811847
split_2+14,2001,1999-2000,2001-2014,no_fs,19,19,,0.80000000,0.20000000,0.12000000,0.62759760,0.71088767,0.18556350,0.08274286,0.58944146,0.65210688,0.53588987,0.63066202,0.11220918,0.04427593,0.35165552,0.32571905,0.46411013,0.36933798
split_2+14,2001,1999-2000,2001-2014,no_fs,19,19,,0.75000000,0.25000000,0.13000000,0.63639592,0.72591309,0.19355962,0.08744447,0.60057953,0.66707505,0.54670600,0.65156794,0.11759729,0.04686717,0.34023813,0.31704877,0.45329400,0.34843206
split_2+14,2001,1999-2000,2001-2014,no_fs,19,19,,0.70000000,0.30000000,0.21000000,0.64427053,0.73896702,0.19937092,0.09537167,0.56194135,0.61474297,0.40511308,0.47386760,0.13222080,0.05302144,0.22051868,0.20250104,0.59488692,0.52613240
split_2+14,2001,1999-2000,2001-2014,no_fs,19,19,,0.65000000,0.35000000,0.24000000,0.65140407,0.75059614,0.20676792,0.10086682,0.55539145,0.60585191,0.38151426,0.44599303,0.14181287,0.05686362,0.19148589,0.17699041,0.61848574,0.55400697
split_2+14,2001,1999-2000,2001-2014,no_fs,19,19,,0.60000000,0.40000000,0.25000000,0.65795812,0.76118388,0.21302098,0.10856454,0.55991942,0.62402277,0.38446411,0.47038328,0.14732479,0.06136364,0.18455391,0.17215506,0.61553589,0.52961672
split_2+14,2001,1999-2000,2001-2014,no_fs,19,19,,0.55000000,0.45000000,0.25000000,0.66386637,0.77055161,0.22459893,0.11377011,0.57915042,0.64502632,0.41297935,0.50522648,0.15424165,0.06410256,0.18781602,0.17649020,0.58702065,0.49477352
split_2+14,2001,1999-2000,2001-2014,no_fs,19,19,,0.50000000,0.50000000,0.26000000,0.66925851,0.77903133,0.22844591,0.11811973,0.57909975,0.65149455,0.40904621,0.51219512,0.15847619,0.06675749,0.18015006,0.17132138,0.59095379,0.48780488
split_2+14,2001,1999-2000,2001-2014,no_fs,19,19,,0.45000000,0.55000000,0.27000000,0.67410024,0.78657600,0.23390498,0.12448133,0.58154279,0.66081783,0.40904621,0.52264808,0.16377953,0.07065473,0.17321807,0.16448520,0.59095379,0.47735192
split_2+14,2001,1999-2000,2001-2014,no_fs,19,19,,0.40000000,0.60000000,0.30000000,0.67842253,0.79308800,0.23822715,0.13483146,0.56857228,0.65606649,0.38053097,0.50174216,0.17338710,0.07787994,0.15046485,0.14214256,0.61946903,0.49825784
split_2+14,2001,1999-2000,2001-2014,no_fs,19,19,,0.35000000,0.65000000,0.32000000,0.68232480,0.79905536,0.24132339,0.14257028,0.56147024,0.65597439,0.36578171,0.49477352,0.18005808,0.08328446,0.13815038,0.13030429,0.63421829,0.50522648
split_2+14,2001,1999-2000,2001-2014,no_fs,19,19,,0.30000000,0.70000000,0.30000000,0.68589580,0.80409607,0.24448420,0.14828048,0.58291608,0.70162422,0.40314651,0.57839721,0.17543860,0.08504098,0.15715218,0.14889537,0.59685349,0.42160279
split_2+14,2001,1999-2000,2001-2014,no_fs,19,19,,0.25000000,0.75000000,0.31000000,0.68909873,0.80847014,0.24782478,0.15041021,0.58572372,0.70101349,0.40609636,0.57491289,0.17832470,0.08652334,0.15519491,0.14522718,0.59390364,0.42508711
split_2+14,2001,1999-2000,2001-2014,no_fs,19,19,,0.20000000,0.80000000,0.33000000,0.69196743,0.81216186,0.25117739,0.15548044,0.58017551,0.69647113,0.39331367,0.56097561,0.18450185,0.09024664,0.14418529,0.13530638,0.60668633,0.43902439
split_2+14,2001,1999-2000,2001-2014,no_fs,19,19,,0.15000000,0.85000000,0.34000000,0.69448282,0.81522382,0.25411914,0.15874571,0.58173002,0.69967399,0.39429695,0.56445993,0.18747078,0.09236032,0.14173870,0.13272197,0.60570305,0.43554007
split_2+14,2001,1999-2000,2001-2014,no_fs,19,19,,0.10000000,0.90000000,0.35000000,0.69669613,0.81780126,0.25637755,0.16226979,0.58303575,0.70294244,0.39528024,0.56794425,0.18971213,0.09465738,0.14002610,0.12997082,0.60471976,0.43205575
split_2+14,2001,1999-2000,2001-2014,no_fs,19,19,,0.05000000,0.95000000,0.35000000,0.69865379,0.81985002,0.25626566,0.16328502,0.58672208,0.71387451,0.40216323,0.58885017,0.18804598,0.09478407,0.14402218,0.13455607,0.59783677,0.41114983
split_2+14,2001,1999-2000,2001-2014,no_fs,19,19,,0.00000000,1.00000000,0.35000000,0.70032462,0.82120715,0.25733496,0.16462841,0.59333563,0.72468476,0.41396264,0.60975610,0.18669623,0.09516041,0.14956777,0.13872447,0.58603736,0.39024390
split_2+14,2001,1999-2000,2001-2014,fs,19,9,"X1,X4,X6,X7,X10,X11,X12,X13",1.00000000,0.00000000,0.26000000,0.55353189,0.54206006,0.15629070,0.04929052,0.48405975,0.43057036,0.29498525,0.22996516,0.10630758,0.02760351,0.20567607,0.19383076,0.70501475,0.77003484
split_2+14,2001,1999-2000,2001-2014,fs,19,9,"X1,X4,X6,X7,X10,X11,X12,X13",0.95000000,0.05000000,0.28000000,0.57917009,0.58866833,0.15958034,0.05155054,0.48010034,0.42820667,0.28416912,0.22299652,0.11094050,0.02914390,0.18887620,0.17774073,0.71583088,0.77700348
split_2+14,2001,1999-2000,2001-2014,fs,19,9,"X1,X4,X6,X7,X10,X11,X12,X13",0.90000000,0.10000000,0.06000000,0.59673048,0.61900211,0.16668509,0.06155568,0.54906110,0.58493748,0.74139626,0.76655052,0.09389788,0.03206530,0.59337792,0.55364735,0.25860374,0.23344948
split_2+14,2001,1999-2000,2001-2014,fs,19,9,"X1,X4,X6,X7,X10,X11,X12,X13",0.85000000,0.15000000,0.10000000,0.61081345,0.64280398,0.17598927,0.06802244,0.58384597,0.61775784,0.64503441,0.67595819,0.10189500,0.03581318,0.47153809,0.43543143,0.35496559,0.32404181
split_2+14,2001,1999-2000,2001-2014,fs,19,9,"X1,X4,X6,X7,X10,X11,X12,X13",0.80000000,0.20000000,0.12000000,0.62281149,0.66253825,0.18202471,0.07443794,0.59454865,0.64126221,0.63028515,0.68641115,0.10637239,0.03935278,0.43916164,0.40091705,0.36971485,0.31358885
split_2+14,2001,1999-2000,2001-2014,fs,19,9,"X1,X4,X6,X7,X10,X11,X12,X13",0.75000000,0.25000000,0.15000000,0.63341230,0.67967054,0.18850502,0.07954062,0.60026167,0.64954072,0.58210423,0.65156794,0.11246201,0.04235561,0.38101452,0.35248020,0.41789577,0.34843206
split_2+14,2001,1999-2000,2001-2014,fs,19,9,"X1,X4,X6,X7,X10,X11,X12,X13",0.70000000,0.30000000,0.26000000,0.64297090,0.69504367,0.19980315,0.08283186,0.55966995,0.57042502,0.39921337,0.40766551,0.13324582,0.04609929,0.21538085,0.20183410,0.60078663,0.59233449
split_2+14,2001,1999-2000,2001-2014,fs,19,9,"X1,X4,X6,X7,X10,X11,X12,X13",0.65000000,0.35000000,0.26000000,0.65171845,0.70872213,0.20853308,0.09247757,0.57693011,0.60867319,0.42772861,0.46689895,0.13787639,0.05132133,0.22182352,0.20650271,0.57227139,0.53310105
split_2+14,2001,1999-2000,2001-2014,fs,19,9,"X1,X4,X6,X7,X10,X11,X12,X13",0.60000000,0.40000000,0.30000000,0.65962073,0.72120352,0.21861233,0.09689140,0.56546727,0.58818617,0.39036382,0.41811847,0.15181644,0.05479452,0.18088403,0.17257190,0.60963618,0.58188153
split_2+14,2001,1999-2000,2001-2014,fs,19,9,"X1,X4,X6,X7,X10,X11,X12,X13",0.55000000,0.45000000,0.29000000,0.66665901,0.73244543,0.22650231,0.10534180,0.58947656,0.63180300,0.43362832,0.49128920,0.15328467,0.05899582,0.19866253,0.18749479,0.56637168,0.50871080
split_2+14,2001,1999-2000,2001-2014,fs,19,9,"X1,X4,X6,X7,X10,X11,X12,X13",0.50000000,0.50000000,0.30000000,0.67290469,0.74246819,0.23465140,0.11064157,0.59793977,0.64100622,0.44346116,0.50174216,0.15953307,0.06217617,0.19376937,0.18107545,0.55653884,0.49825784
split_2+14,2001,1999-2000,2001-2014,fs,19,9,"X1,X4,X6,X7,X10,X11,X12,X13",0.45000000,0.55000000,0.32000000,0.67838809,0.75129184,0.24212545,0.11788784,0.59742685,0.64620558,0.43461160,0.50174216,0.16780562,0.06679035,0.17876366,0.16773656,0.56538840,0.49825784
split_2+14,2001,1999-2000,2001-2014,fs,19,9,"X1,X4,X6,X7,X10,X11,X12,X13",0.40000000,0.60000000,0.36000000,0.68304690,0.75911944,0.25039321,0.12077295,0.57883354,0.61264824,0.39134710,0.43554007,0.18408881,0.07010656,0.14385908,0.13822426,0.60865290,0.56445993
split_2+14,2001,1999-2000,2001-2014,fs,19,9,"X1,X4,X6,X7,X10,X11,X12,X13",0.35000000,0.65000000,0.37000000,0.68701284,0.76593964,0.25736926,0.12992126,0.58551236,0.63093759,0.39921337,0.45993031,0.18989710,0.07564470,0.14124939,0.13447270,0.60078663,0.54006969
split_2+14,2001,1999-2000,2001-2014,fs,19,9,"X1,X4,X6,X7,X10,X11,X12,X13",0.30000000,0.70000000,0.39000000,0.69030165,0.77182914,0.25894040,0.14038764,0.57785922,0.63951493,0.38446411,0.46689895,0.19520719,0.08261406,0.13146306,0.12405169,0.61553589,0.53310105
split_2+14,2001,1999-2000,2001-2014,fs,19,9,"X1,X4,X6,X7,X10,X11,X12,X13",0.25000000,0.75000000,0.38000000,0.69295849,0.77688845,0.25923645,0.13636364,0.59401801,0.65124370,0.41396264,0.49128920,0.18870462,0.07916901,0.14761050,0.13672363,0.58603736,0.50871080
split_2+14,2001,1999-2000,2001-2014,fs,19,9,"X1,X4,X6,X7,X10,X11,X12,X13",0.20000000,0.80000000,0.44000000,0.69511487,0.78122490,0.26031982,0.15208208,0.55411710,0.62729038,0.34414946,0.43902439,0.20933014,0.09197080,0.10781275,0.10370988,0.65585054,0.56097561
split_2+14,2001,1999-2000,2001-2014,fs,19,9,"X1,X4,X6,X7,X10,X11,X12,X13",0.15000000,0.85000000,0.46000000,0.69687006,0.78473319,0.26160338,0.16015132,0.54876812,0.63188001,0.33529990,0.44250871,0.21446541,0.09776751,0.10185940,0.09770738,0.66470010,0.55749129
split_2+14,2001,1999-2000,2001-2014,fs,19,9,"X1,X4,X6,X7,X10,X11,X12,X13",0.10000000,0.90000000,0.42000000,0.69823440,0.78753110,0.26251605,0.14803471,0.58884243,0.66401025,0.40216323,0.50522648,0.19485469,0.08672249,0.13782417,0.12730304,0.59783677,0.49477352
split_2+14,2001,1999-2000,2001-2014,fs,19,9,"X1,X4,X6,X7,X10,X11,X12,X13",0.05000000,0.95000000,0.52000000,0.69915754,0.78980963,0.26213592,0.17005267,0.51900124,0.60268930,0.29203540,0.39372822,0.23779023,0.10844530,0.07763823,0.07744894,0.70796460,0.60627178
split_2+14,2001,1999-2000,2001-2014,fs,19,9,"X1,X4,X6,X7,X10,X11,X12,X13",0.00000000,1.00000000,0.50000000,0.69969397,0.79143981,0.26344505,0.16775885,0.54729062,0.63614802,0.33235005,0.44599303,0.21820529,0.10330912,0.09876040,0.09262193,0.66764995,0.55400697
split_3+13,2002,1999-2001,2002-2014,no_fs,19,19,,1.00000000,0.00000000,0.13000000,0.59210843,0.61155359,0.17274678,0.06456346,0.56252712,0.56498642,0.47492625,0.45993031,0.10557377,0.03471857,0.33371391,0.30596082,0.52507375,0.54006969
split_3+13,2002,1999-2001,2002-2014,no_fs,19,19,,0.95000000,0.05000000,0.12000000,0.61198830,0.65591325,0.17975626,0.06662072,0.58006230,0.58315943,0.52212389,0.50522648,0.10856676,0.03566158,0.35557005,0.32688620,0.47787611,0.49477352
split_3+13,2002,1999-2001,2002-2014,no_fs,19,19,,0.90000000,0.10000000,0.14000000,0.62534451,0.68244928,0.18726184,0.07144642,0.58546881,0.59147251,0.50737463,0.49825784,0.11481976,0.03848224,0.32441690,0.29787411,0.49262537,0.50174216
split_3+13,2002,1999-2001,2002-2014,no_fs,19,19,,0.85000000,0.15000000,0.16000000,0.63606401,0.70258920,0.19239721,0.07792916,0.58550168,0.60305236,0.48770895,0.49825784,0.11983571,0.04227017,0.29709672,0.27011255,0.51229105,0.50174216
split_3+13,2002,1999-2001,2002-2014,no_fs,19,19,,0.80000000,0.20000000,0.15000000,0.64529407,0.71898425,0.19882612,0.08449279,0.60310829,0.64198431,0.53294002,0.58188153,0.12220970,0.04555374,0.31748491,0.29170488,0.46705998,0.41811847
split_3+13,2002,1999-2001,2002-2014,no_fs,19,19,,0.75000000,0.25000000,0.15000000,0.65335905,0.73297890,0.20604099,0.08839506,0.61718227,0.66131635,0.56342183,0.62369338,0.12607261,0.04756843,0.32392758,0.29879116,0.43657817,0.37630662
split_3+13,2002,1999-2001,2002-2014,no_fs,19,19,,0.70000000,0.30000000,0.18000000,0.66067009,0.74537765,0.21168909,0.09574768,0.61076021,0.66298360,0.51819076,0.59233449,0.13301363,0.05208333,0.28013375,0.25794081,0.48180924,0.40766551
split_3+13,2002,1999-2001,2002-2014,no_fs,19,19,,0.65000000,0.35000000,0.25000000,0.66722815,0.75647766,0.21776504,0.10825545,0.57483263,0.63074028,0.41101278,0.48432056,0.14812190,0.06093819,0.19605285,0.17857441,0.58898722,0.51567944
split_3+13,2002,1999-2001,2002-2014,no_fs,19,19,,0.60000000,0.40000000,0.25000000,0.67316747,0.76640470,0.22760041,0.11201236,0.59047476,0.64371901,0.43461160,0.50522648,0.15416812,0.06298871,0.19776545,0.17982493,0.56538840,0.49477352
split_3+13,2002,1999-2001,2002-2014,no_fs,19,19,,0.55000000,0.45000000,0.27000000,0.67858331,0.77522806,0.23329682,0.11828405,0.58601875,0.64298666,0.41887906,0.49477352,0.16166983,0.06717124,0.18015006,0.16440183,0.58112094,0.50522648
split_3+13,2002,1999-2001,2002-2014,no_fs,19,19,,0.50000000,0.50000000,0.27000000,0.68345399,0.78307134,0.23855681,0.12433538,0.59625822,0.66411261,0.43559489,0.52961672,0.16425658,0.07043559,0.18381993,0.16723635,0.56440511,0.47038328
split_3+13,2002,1999-2001,2002-2014,no_fs,19,19,,0.45000000,0.55000000,0.28000000,0.68782524,0.79006874,0.24463991,0.12536811,0.59992693,0.65966205,0.43756146,0.51916376,0.16978253,0.07129187,0.17745882,0.16181742,0.56243854,0.48083624
split_3+13,2002,1999-2001,2002-2014,no_fs,19,19,,0.40000000,0.60000000,0.35000000,0.69168260,0.79624147,0.25270506,0.14237288,0.55929630,0.62398506,0.35594887,0.43902439,0.19588745,0.08496291,0.12118741,0.11313047,0.64405113,0.56097561
split_3+13,2002,1999-2001,2002-2014,no_fs,19,19,,0.35000000,0.65000000,0.37000000,0.69511174,0.80144543,0.25900327,0.15366146,0.55746555,0.63204341,0.35004916,0.44599303,0.20554273,0.09282088,0.11221660,0.10429346,0.64995084,0.55400697
split_3+13,2002,1999-2001,2002-2014,no_fs,19,19,,0.30000000,0.70000000,0.37000000,0.69812534,0.80593191,0.26208378,0.15572342,0.56435750,0.64521093,0.35988201,0.46689895,0.20608108,0.09344491,0.11498940,0.10837849,0.64011799,0.53310105
split_3+13,2002,1999-2001,2002-2014,no_fs,19,19,,0.25000000,0.75000000,0.38000000,0.70075701,0.80974564,0.26468455,0.15867377,0.56446818,0.64617547,0.35889872,0.46689895,0.20964963,0.09557775,0.11221660,0.10571071,0.64110128,0.53310105
split_3+13,2002,1999-2001,2002-2014,no_fs,19,19,,0.20000000,0.80000000,0.38000000,0.70309846,0.81293687,0.26899750,0.15958066,0.57280189,0.65260693,0.37069813,0.47735192,0.21108623,0.09580420,0.11490785,0.10779491,0.62930187,0.52264808
split_3+13,2002,1999-2001,2002-2014,no_fs,19,19,,0.15000000,0.85000000,0.38000000,0.70504562,0.81551198,0.27015707,0.15646259,0.57895703,0.65357522,0.38053097,0.48083624,0.20941558,0.09343263,0.11914859,0.11162985,0.61946903,0.51916376
split_3+13,2002,1999-2001,2002-2014,no_fs,19,19,,0.10000000,0.90000000,0.40000000,0.70668189,0.81752676,0.26976070,0.16587112,0.57003837,0.65867251,0.36578171,0.48432056,0.21367030,0.10007199,0.11164573,0.10421009,0.63421829,0.51567944
split_3+13,2002,1999-2001,2002-2014,no_fs,19,19,,0.05000000,0.95000000,0.38000000,0.70800574,0.81892978,0.26889632,0.15884861,0.58705807,0.67589803,0.39528024,0.51916376,0.20375063,0.09376967,0.12811939,0.12005002,0.60471976,0.48083624
split_3+13,2002,1999-2001,2002-2014,no_fs,19,19,,0.00000000,1.00000000,0.38000000,0.70881176,0.81951539,0.26952224,0.16016641,0.59109391,0.68577653,0.40216323,0.53658537,0.20267592,0.09413203,0.13121840,0.12355148,0.59783677,0.46341463
split_3+13,2002,1999-2001,2002-2014,fs,19,9,"X1,X4,X6,X7,X11,X12,X13,X16",1.00000000,0.00000000,0.20000000,0.58452884,0.56846392,0.17269768,0.05984655,0.55467087,0.53713088,0.44346116,0.40766551,0.10722777,0.03229368,0.30623063,0.29228845,0.55653884,0.59233449
split_3+13,2002,1999-2001,2002-2014,fs,19,9,"X1,X4,X6,X7,X11,X12,X13,X16",0.95000000,0.05000000,0.23000000,0.60209408,0.60430871,0.17884131,0.06392694,0.55265832,0.53779755,0.41887906,0.39024390,0.11369095,0.03481505,0.27083673,0.25885786,0.58112094,0.60975610
split_3+13,2002,1999-2001,2002-2014,fs,19,9,"X1,X4,X6,X7,X11,X12,X13,X16",0.90000000,0.10000000,0.23000000,0.61559675,0.63034365,0.18400831,0.06524823,0.56250509,0.54440062,0.43559489,0.40069686,0.11664034,0.03551575,0.27360953,0.26035848,0.56440511,0.59930314
split_3+13,2002,1999-2001,2002-2014,fs,19,9,"X1,X4,X6,X7,X11,X12,X13,X16",0.85000000,0.15000000,0.21000000,0.62706398,0.65157477,0.18838062,0.06587137,0.57964784,0.56172017,0.47984267,0.44250871,0.11719500,0.03558420,0.29978796,0.28695290,0.52015733,0.55749129
split_3+13,2002,1999-2001,2002-2014,fs,19,9,"X1,X4,X6,X7,X11,X12,X13,X16",0.80000000,0.20000000,0.26000000,0.63716670,0.66978198,0.19462170,0.07370079,0.56485133,0.55990134,0.41986234,0.40766551,0.12666864,0.04051247,0.24009134,0.23101292,0.58013766,0.59233449
split_3+13,2002,1999-2001,2002-2014,fs,19,9,"X1,X4,X6,X7,X11,X12,X13,X16",0.75000000,0.25000000,0.30000000,0.64617194,0.68607216,0.20134925,0.07646622,0.55255515,0.53847040,0.38151426,0.35888502,0.13676419,0.04279186,0.19972272,0.19208003,0.61848574,0.64111498
split_3+13,2002,1999-2001,2002-2014,fs,19,9,"X1,X4,X6,X7,X11,X12,X13,X16",0.70000000,0.30000000,0.28000000,0.65435717,0.70064908,0.20701169,0.08126259,0.57560188,0.57556223,0.42674533,0.42160279,0.13664987,0.04496470,0.22361768,0.21425594,0.57325467,0.57839721
split_3+13,2002,1999-2001,2002-2014,fs,19,9,"X1,X4,X6,X7,X11,X12,X13,X16",0.65000000,0.35000000,0.27000000,0.66190020,0.71382153,0.21503928,0.09050633,0.59777553,0.62036838,0.47099312,0.49825784,0.13932519,0.04977376,0.24131463,0.22759483,0.52900688,0.50174216
split_3+13,2002,1999-2001,2002-2014,fs,19,9,"X1,X4,X6,X7,X11,X12,X13,X16",0.60000000,0.40000000,0.31000000,0.66871607,0.72594011,0.22233713,0.09412651,0.58252251,0.59502952,0.42281219,0.43554007,0.15082427,0.05276488,0.19743924,0.18707795,0.57718781,0.56445993
split_3+13,2002,1999-2001,2002-2014,fs,19,9,"X1,X4,X6,X7,X11,X12,X13,X16",0.55000000,0.45000000,0.31000000,0.67486019,0.73699959,0.23104326,0.10066617,0.59740148,0.61954397,0.44641101,0.47386760,0.15585307,0.05631470,0.20053825,0.18999583,0.55358899,0.52613240
split_3+13,2002,1999-2001,2002-2014,fs,19,9,"X1,X4,X6,X7,X11,X12,X13,X16",0.50000000,0.50000000,0.33000000,0.68029111,0.74681088,0.23535762,0.10812976,0.59158772,0.62370848,0.42871190,0.47038328,0.16220238,0.06108597,0.18365683,0.17298875,0.57128810,0.52961672
split_3+13,2002,1999-2001,2002-2014,fs,19,9,"X1,X4,X6,X7,X11,X12,X13,X16",0.45000000,0.55000000,0.41000000,0.68513336,0.75548813,0.24155653,0.13349225,0.53585968,0.59045158,0.32350049,0.39024390,0.19273579,0.08051761,0.11237971,0.10662776,0.67649951,0.60975610
split_3+13,2002,1999-2001,2002-2014,fs,19,9,"X1,X4,X6,X7,X11,X12,X13,X16",0.40000000,0.60000000,0.41000000,0.68931953,0.76323613,0.24667386,0.13604651,0.54606030,0.60244465,0.33726647,0.40766551,0.19444444,0.08164689,0.11588648,0.10971238,0.66273353,0.59233449
split_3+13,2002,1999-2001,2002-2014,fs,19,9,"X1,X4,X6,X7,X11,X12,X13,X16",0.35000000,0.65000000,0.39000000,0.69292513,0.76990471,0.25185664,0.13625062,0.57500252,0.64358046,0.38348083,0.47735192,0.18750000,0.07946636,0.13782417,0.13230513,0.61651917,0.52264808
split_3+13,2002,1999-2001,2002-2014,fs,19,9,"X1,X4,X6,X7,X11,X12,X13,X16",0.30000000,0.70000000,0.43000000,0.69596504,0.77565623,0.25519288,0.15103245,0.54902050,0.63118984,0.33824975,0.44599303,0.20488386,0.09090909,0.10887294,0.10671113,0.66175025,0.55400697
split_3+13,2002,1999-2001,2002-2014,fs,19,9,"X1,X4,X6,X7,X11,X12,X13,X16",0.25000000,0.75000000,0.46000000,0.69851298,0.78065716,0.26000000,0.16219751,0.53794797,0.62592793,0.31956735,0.43205575,0.21915037,0.09983897,0.09443810,0.09320550,0.68043265,0.56794425
split_3+13,2002,1999-2001,2002-2014,fs,19,9,"X1,X4,X6,X7,X11,X12,X13,X16",0.20000000,0.80000000,0.45000000,0.70056808,0.78486129,0.26319703,0.15886189,0.55735089,0.64623570,0.34808260,0.46689895,0.21159594,0.09571429,0.10756810,0.10554398,0.65191740,0.53310105
split_3+13,2002,1999-2001,2002-2014,fs,19,9,"X1,X4,X6,X7,X11,X12,X13,X16",0.15000000,0.85000000,0.45000000,0.70216730,0.78830000,0.26590422,0.15945330,0.56899079,0.65860304,0.36578171,0.48780488,0.20887142,0.09530293,0.11490785,0.11079617,0.63421829,0.51219512
split_3+13,2002,1999-2001,2002-2014,fs,19,9,"X1,X4,X6,X7,X11,X12,X13,X16",0.10000000,0.90000000,0.47000000,0.70332363,0.79114294,0.27083333,0.16000000,0.56547805,0.64659700,0.35791544,0.46689895,0.21783363,0.09654179,0.10658946,0.10454356,0.64208456,0.53310105
split_3+13,2002,1999-2001,2002-2014,fs,19,9,"X1,X4,X6,X7,X11,X12,X13,X16",0.05000000,0.95000000,0.48000000,0.70398652,0.79333811,0.26784400,0.16152019,0.56470324,0.65119218,0.35791544,0.47386760,0.21399177,0.09735147,0.10903605,0.10512714,0.64208456,0.52613240
split_3+13,2002,1999-2001,2002-2014,fs,19,9,"X1,X4,X6,X7,X11,X12,X13,X16",0.00000000,1.00000000,0.52000000,0.70426702,0.79496451,0.26710098,0.16974675,0.54156763,0.62788145,0.32251721,0.43205575,0.22793607,0.10562181,0.09060512,0.08753647,0.67748279,0.56794425
split_4+12,2003,1999-2002,2003-2014,no_fs,19,19,,1.00000000,0.00000000,0.15000000,0.59179125,0.61407323,0.16638561,0.06076344,0.55167972,0.53899423,0.44578313,0.40766551,0.10228058,0.03282828,0.31726777,0.28736974,0.55421687,0.59233449
split_4+12,2003,1999-2002,2003-2014,no_fs,19,19,,0.95000000,0.05000000,0.14000000,0.61195306,0.65914863,0.17183601,0.06985833,0.56669199,0.58826839,0.48393574,0.49825784,0.10446467,0.03756239,0.33639990,0.30546061,0.51606426,0.50174216
split_4+12,2003,1999-2002,2003-2014,no_fs,19,19,,0.90000000,0.10000000,0.13000000,0.62619835,0.68804423,0.17973360,0.07817889,0.58596594,0.63256667,0.53514056,0.59233449,0.10800405,0.04185130,0.35838150,0.32446853,0.46485944,0.40766551
split_4+12,2003,1999-2002,2003-2014,no_fs,19,19,,0.85000000,0.15000000,0.16000000,0.63778439,0.71022508,0.18747657,0.08257595,0.58749332,0.62987456,0.50200803,0.55400697,0.11526049,0.04461279,0.31246438,0.28386828,0.49799197,0.44599303
split_4+12,2003,1999-2002,2003-2014,no_fs,19,19,,0.80000000,0.20000000,0.20000000,0.64766851,0.72864855,0.19586507,0.08950617,0.57963535,0.62205643,0.45180723,0.50522648,0.12503473,0.04910261,0.25637059,0.23409754,0.54819277,0.49477352
split_4+12,2003,1999-2002,2003-2014,no_fs,19,19,,0.75000000,0.25000000,0.19000000,0.65638308,0.74442196,0.20404791,0.09823750,0.60052574,0.66632696,0.49598394,0.59233449,0.12844514,0.05356018,0.27289750,0.25043768,0.50401606,0.40766551
split_4+12,2003,1999-2002,2003-2014,no_fs,19,19,,0.70000000,0.30000000,0.21000000,0.66426971,0.75830580,0.21210121,0.10486656,0.60257742,0.67037288,0.48393574,0.58188153,0.13581291,0.05762595,0.24969470,0.22767820,0.51606426,0.41811847
split_4+12,2003,1999-2002,2003-2014,no_fs,19,19,,0.65000000,0.35000000,0.22000000,0.67130277,0.77065996,0.21773645,0.10830091,0.60568181,0.67401731,0.48192771,0.58188153,0.14063873,0.05970683,0.23878531,0.21925802,0.51807229,0.41811847
split_4+12,2003,1999-2002,2003-2014,no_fs,19,19,,0.60000000,0.40000000,0.22000000,0.67761300,0.78162097,0.22361360,0.11402947,0.61674830,0.69485768,0.50200803,0.62020906,0.14384350,0.06278660,0.24228609,0.22150896,0.49799197,0.37979094
split_4+12,2003,1999-2002,2003-2014,no_fs,19,19,,0.55000000,0.45000000,0.27000000,0.68325946,0.79118216,0.22956145,0.12584628,0.58897434,0.67505666,0.42570281,0.55052265,0.15715345,0.07104317,0.18513392,0.17223843,0.57429719,0.44947735
split_4+12,2003,1999-2002,2003-2014,no_fs,19,19,,0.50000000,0.50000000,0.28000000,0.68827316,0.79976529,0.23677582,0.13338857,0.59179539,0.68485823,0.42469880,0.56097561,0.16414435,0.07569346,0.17536432,0.16390163,0.57530120,0.43902439
split_4+12,2003,1999-2002,2003-2014,no_fs,19,19,,0.45000000,0.55000000,0.29000000,0.69264381,0.80724460,0.24331320,0.14126712,0.59459321,0.69614219,0.42469880,0.57491289,0.17049577,0.08052709,0.16754864,0.15706544,0.57530120,0.42508711
split_4+12,2003,1999-2002,2003-2014,no_fs,19,19,,0.40000000,0.60000000,0.42000000,0.69645545,0.81372189,0.24866785,0.17384844,0.50871063,0.61290327,0.28112450,0.40766551,0.22292994,0.11048159,0.07945942,0.07853272,0.71887550,0.59233449
split_4+12,2003,1999-2002,2003-2014,no_fs,19,19,,0.35000000,0.65000000,0.42000000,0.69983573,0.81925802,0.25432526,0.17642805,0.52021186,0.62495586,0.29518072,0.42508711,0.22340426,0.11131387,0.08320443,0.08120050,0.70481928,0.57491289
split_4+12,2003,1999-2002,2003-2014,no_fs,19,19,,0.30000000,0.70000000,0.44000000,0.70269133,0.82395220,0.26016260,0.18687259,0.51697515,0.62484104,0.28915663,0.42160279,0.23645320,0.12003968,0.07571440,0.07394748,0.71084337,0.57839721
split_4+12,2003,1999-2002,2003-2014,no_fs,19,19,,0.25000000,0.75000000,0.46000000,0.70522021,0.82791727,0.26491310,0.19218241,0.51333842,0.61882150,0.28313253,0.41114983,0.24889673,0.12539851,0.06928275,0.06861192,0.71686747,0.58885017
split_4+12,2003,1999-2002,2003-2014,no_fs,19,19,,0.20000000,0.80000000,0.44000000,0.70736500,0.83129992,0.26977951,0.19487909,0.53630451,0.66202140,0.31325301,0.47735192,0.23690205,0.12243074,0.08182040,0.08186744,0.68674699,0.52264808
split_4+12,2003,1999-2002,2003-2014,no_fs,19,19,,0.15000000,0.85000000,0.45000000,0.70911898,0.83402231,0.27308192,0.20028818,0.53909170,0.66744139,0.31626506,0.48432056,0.24027460,0.12624886,0.08108768,0.08020008,0.68373494,0.51567944
split_4+12,2003,1999-2002,2003-2014,no_fs,19,19,,0.10000000,0.90000000,0.45000000,0.71057363,0.83617012,0.27295918,0.19572708,0.54326068,0.67276871,0.32228916,0.49477352,0.23672566,0.12199313,0.08426280,0.08520217,0.67771084,0.50522648
split_4+12,2003,1999-2002,2003-2014,no_fs,19,19,,0.05000000,0.95000000,0.50000000,0.71175421,0.83781337,0.27311122,0.21767594,0.52162528,0.65759424,0.29216867,0.46341463,0.25638767,0.14224599,0.06871286,0.06686119,0.70783133,0.53658537
split_4+12,2003,1999-2002,2003-2014,no_fs,19,19,,0.00000000,1.00000000,0.52000000,0.71253540,0.83872171,0.27426364,0.22336770,0.51650566,0.65173081,0.28514056,0.45296167,0.26418605,0.14823261,0.06439795,0.06227595,0.71485944,0.54703833
split_4+12,2003,1999-2002,2003-2014,fs,19,9,"X1,X4,X6,X9,X11,X12,X13,X16",1.00000000,0.00000000,0.28000000,0.57474038,0.58045367,0.16886410,0.05771286,0.51298958,0.47417593,0.33433735,0.28222997,0.11295794,0.03214286,0.21289587,0.20333472,0.66566265,0.71777003
split_4+12,2003,1999-2002,2003-2014,fs,19,9,"X1,X4,X6,X9,X11,X12,X13,X16",0.95000000,0.05000000,0.31000000,0.59705361,0.62345983,0.17316258,0.05990415,0.50414430,0.46331227,0.31224900,0.26132404,0.11979969,0.03382950,0.18602947,0.17857441,0.68775100,0.73867596
split_4+12,2003,1999-2002,2003-2014,fs,19,9,"X1,X4,X6,X9,X11,X12,X13,X16",0.90000000,0.10000000,0.32000000,0.61318015,0.65238100,0.17826337,0.06830487,0.50616954,0.48714799,0.31124498,0.28571429,0.12489927,0.03878903,0.17682976,0.16940392,0.68875502,0.71428571
split_4+12,2003,1999-2002,2003-2014,fs,19,9,"X1,X4,X6,X9,X11,X12,X13,X16",0.85000000,0.15000000,0.33000000,0.62649814,0.67510998,0.18084474,0.07263294,0.50396641,0.49527500,0.30522088,0.29268293,0.12848690,0.04146101,0.16787430,0.16190079,0.69477912,0.70731707
split_4+12,2003,1999-2002,2003-2014,fs,19,9,"X1,X4,X6,X9,X11,X12,X13,X16",0.80000000,0.20000000,0.30000000,0.63801338,0.69439067,0.18731444,0.07214121,0.53046968,0.51649977,0.34839357,0.32752613,0.12809155,0.04053471,0.19229830,0.18549396,0.65160643,0.67247387
split_4+12,2003,1999-2002,2003-2014,fs,19,9,"X1,X4,X6,X9,X11,X12,X13,X16",0.75000000,0.25000000,0.31000000,0.64818964,0.71125019,0.19246862,0.07584830,0.53207503,0.52194327,0.34638554,0.33101045,0.13325608,0.04283138,0.18269152,0.17699041,0.65361446,0.66898955
split_4+12,2003,1999-2002,2003-2014,fs,19,9,"X1,X4,X6,X9,X11,X12,X13,X16",0.70000000,0.30000000,0.30000000,0.65732514,0.72623872,0.20127796,0.08656036,0.55309984,0.56856583,0.37951807,0.39721254,0.13695652,0.04857265,0.19392657,0.18616090,0.62048193,0.60278746
split_4+12,2003,1999-2002,2003-2014,fs,19,9,"X1,X4,X6,X9,X11,X12,X13,X16",0.65000000,0.35000000,0.35000000,0.66553890,0.73988697,0.21109011,0.09352858,0.53467608,0.54329392,0.33634538,0.34494774,0.15381084,0.05409836,0.15004478,0.14431013,0.66365462,0.65505226
split_4+12,2003,1999-2002,2003-2014,fs,19,9,"X1,X4,X6,X9,X11,X12,X13,X16",0.60000000,0.40000000,0.33000000,0.67304936,0.75227948,0.22068966,0.10846892,0.56535546,0.61497304,0.38554217,0.45296167,0.15458937,0.06161137,0.17096800,0.16506878,0.61445783,0.54703833
split_4+12,2003,1999-2002,2003-2014,fs,19,9,"X1,X4,X6,X9,X11,X12,X13,X16",0.55000000,0.45000000,0.33000000,0.67972958,0.76342727,0.22994350,0.11165444,0.58098208,0.62973504,0.40863454,0.47735192,0.15998428,0.06322104,0.17398030,0.16923718,0.59136546,0.52264808
split_4+12,2003,1999-2002,2003-2014,fs,19,9,"X1,X4,X6,X9,X11,X12,X13,X16",0.50000000,0.50000000,0.41000000,0.68566834,0.77326674,0.23722349,0.13202934,0.52803416,0.58083907,0.31224900,0.37630662,0.19126691,0.08005930,0.10705854,0.10345977,0.68775100,0.62369338
split_4+12,2003,1999-2002,2003-2014,fs,19,9,"X1,X4,X6,X9,X11,X12,X13,X16",0.45000000,0.55000000,0.42000000,0.69085877,0.78185190,0.24469317,0.13901064,0.53400185,0.58999978,0.31827309,0.38675958,0.19874608,0.08473282,0.10404624,0.09995832,0.68172691,0.61324042
split_4+12,2003,1999-2002,2003-2014,fs,19,9,"X1,X4,X6,X9,X11,X12,X13,X16",0.40000000,0.60000000,0.48000000,0.69535028,0.78934632,0.25128926,0.15435140,0.50003964,0.55197071,0.26907631,0.32752613,0.23570800,0.10096670,0.07074819,0.06977907,0.73092369,0.67247387
split_4+12,2003,1999-2002,2003-2014,fs,19,9,"X1,X4,X6,X9,X11,X12,X13,X16",0.35000000,0.65000000,0.47000000,0.69923744,0.79586849,0.25701754,0.16415663,0.52004072,0.59184588,0.29417671,0.37979094,0.22819315,0.10470701,0.08068062,0.07769904,0.70582329,0.62020906
split_4+12,2003,1999-2002,2003-2014,fs,19,9,"X1,X4,X6,X9,X11,X12,X13,X16",0.30000000,0.70000000,0.48000000,0.70258654,0.80148930,0.25917736,0.17134193,0.52047805,0.60296155,0.29417671,0.39372822,0.23162055,0.10949612,0.07913376,0.07661526,0.70582329,0.60627178
split_4+12,2003,1999-2002,2003-2014,fs,19,9,"X1,X4,X6,X9,X11,X12,X13,X16",0.25000000,0.75000000,0.49000000,0.70534111,0.80631971,0.26413428,0.18264840,0.52584989,0.62169326,0.30020080,0.41811847,0.23580442,0.11684518,0.07888952,0.07561484,0.69979920,0.58188153
split_4+12,2003,1999-2002,2003-2014,fs,19,9,"X1,X4,X6,X9,X11,X12,X13,X16",0.20000000,0.80000000,0.52000000,0.70764823,0.81024846,0.26602871,0.19404255,0.51046434,0.60957498,0.27911647,0.39721254,0.25411335,0.12837838,0.06643328,0.06452689,0.72088353,0.60278746
split_4+12,2003,1999-2002,2003-2014,fs,19,9,"X1,X4,X6,X9,X11,X12,X13,X16",0.15000000,0.85000000,0.54000000,0.70961196,0.81352669,0.26705940,0.20230701,0.50595940,0.61087738,0.27309237,0.39721254,0.26128722,0.13571429,0.06260686,0.06052522,0.72690763,0.60278746
split_4+12,2003,1999-2002,2003-2014,fs,19,9,"X1,X4,X6,X9,X11,X12,X13,X16",0.10000000,0.90000000,0.50000000,0.71109554,0.81595554,0.27336352,0.18294360,0.55086717,0.65074349,0.33333333,0.46341463,0.23168179,0.11396744,0.08963608,0.08620258,0.66666667,0.53658537
split_4+12,2003,1999-2002,2003-2014,fs,19,9,"X1,X4,X6,X9,X11,X12,X13,X16",0.05000000,0.95000000,0.52000000,0.71226222,0.81763482,0.27742211,0.18564177,0.54695080,0.64042954,0.32630522,0.44599303,0.24127691,0.11721612,0.08320443,0.08036682,0.67369478,0.55400697
split_4+12,2003,1999-2002,2003-2014,fs,19,9,"X1,X4,X6,X9,X11,X12,X13,X16",0.00000000,1.00000000,0.52000000,0.71306009,0.81835463,0.28026534,0.18961938,0.55639393,0.66084816,0.33935743,0.47735192,0.23870056,0.11830743,0.08776358,0.08511880,0.66064257,0.52264808
split_5+11,2004,1999-2003,2004-2014,no_fs,19,19,,1.00000000,0.00000000,0.20000000,0.59584118,0.62606690,0.17058824,0.06963958,0.54100249,0.54961223,0.40237859,0.39721254,0.10823780,0.03816538,0.27261614,0.23951647,0.59762141,0.60278746
split_5+11,2004,1999-2003,2004-2014,no_fs,19,19,,0.95000000,0.05000000,0.20000000,0.61325011,0.66532832,0.17557895,0.07262740,0.54892702,0.56159734,0.41328048,0.41463415,0.11146752,0.03979933,0.27090465,0.23934973,0.58671952,0.58536585
split_5+11,2004,1999-2003,2004-2014,no_fs,19,19,,0.90000000,0.10000000,0.13000000,0.62597236,0.69189195,0.18117458,0.07502207,0.58892936,0.62538286,0.55797820,0.59233449,0.10814445,0.04004711,0.37840261,0.33972489,0.44202180,0.40766551
split_5+11,2004,1999-2003,2004-2014,no_fs,19,19,,0.85000000,0.15000000,0.16000000,0.63643735,0.71269330,0.18914562,0.08121059,0.59223033,0.62967807,0.52329039,0.56097561,0.11543507,0.04377379,0.32974735,0.29320550,0.47670961,0.43902439
split_5+11,2004,1999-2003,2004-2014,no_fs,19,19,,0.80000000,0.20000000,0.16000000,0.64554668,0.72997082,0.19587629,0.08684802,0.60425571,0.65348587,0.54608523,0.60627178,0.11934156,0.04677419,0.33137734,0.29562318,0.45391477,0.39372822
split_5+11,2004,1999-2003,2004-2014,no_fs,19,19,,0.75000000,0.25000000,0.21000000,0.65370318,0.74496284,0.20230085,0.09853446,0.58647658,0.65096687,0.46184341,0.55052265,0.12951640,0.05410959,0.25525672,0.23026261,0.53815659,0.44947735
split_5+11,2004,1999-2003,2004-2014,no_fs,19,19,,0.70000000,0.30000000,0.23000000,0.66096258,0.75828779,0.21195145,0.10529868,0.58864436,0.65525574,0.44995045,0.54355401,0.13862595,0.05829596,0.22991035,0.21008754,0.55004955,0.45644599
split_5+11,2004,1999-2003,2004-2014,no_fs,19,19,,0.65000000,0.35000000,0.26000000,0.66751551,0.77025009,0.21897810,0.11368910,0.57844397,0.64830793,0.41625372,0.51219512,0.14856739,0.06394084,0.19616952,0.17940809,0.58374628,0.48780488
split_5+11,2004,1999-2003,2004-2014,no_fs,19,19,,0.60000000,0.40000000,0.27000000,0.67333679,0.78077393,0.22534450,0.12000000,0.58021849,0.65277138,0.41328048,0.51219512,0.15490342,0.06796117,0.18541157,0.16807003,0.58671952,0.48780488
split_5+11,2004,1999-2003,2004-2014,no_fs,19,19,,0.55000000,0.45000000,0.33000000,0.67855030,0.79005218,0.23414961,0.13911182,0.54784598,0.63097580,0.34588702,0.45296167,0.17697769,0.08217446,0.13227384,0.12105044,0.65411298,0.54703833
split_5+11,2004,1999-2003,2004-2014,no_fs,19,19,,0.50000000,0.50000000,0.33000000,0.68316416,0.79831085,0.24165554,0.14142480,0.55790372,0.63994085,0.35877106,0.46689895,0.18218420,0.08333333,0.13243684,0.12288454,0.64122894,0.53310105
split_5+11,2004,1999-2003,2004-2014,no_fs,19,19,,0.45000000,0.55000000,0.36000000,0.68723772,0.80553018,0.25277162,0.15523466,0.54910710,0.63465516,0.33894945,0.44947735,0.20153212,0.09381818,0.11043195,0.10387662,0.66105055,0.55052265
split_5+11,2004,1999-2003,2004-2014,no_fs,19,19,,0.40000000,0.60000000,0.39000000,0.69083174,0.81172353,0.25525040,0.16800000,0.53273170,0.63185403,0.31318137,0.43902439,0.21540559,0.10387469,0.09380603,0.09062109,0.68681863,0.56097561
split_5+11,2004,1999-2003,2004-2014,no_fs,19,19,,0.35000000,0.65000000,0.41000000,0.69397763,0.81705124,0.25938567,0.16903409,0.52533068,0.61643959,0.30128840,0.41463415,0.22771536,0.10615522,0.08402608,0.08353481,0.69871160,0.58536585
split_5+11,2004,1999-2003,2004-2014,no_fs,19,19,,0.30000000,0.70000000,0.39000000,0.69670601,0.82165769,0.26206355,0.17743980,0.54633806,0.66407587,0.33102081,0.48780488,0.21688312,0.10844307,0.09828851,0.09595665,0.66897919,0.51219512
split_5+11,2004,1999-2003,2004-2014,no_fs,19,19,,0.25000000,0.75000000,0.41000000,0.69910811,0.82553271,0.26529774,0.18486269,0.53976119,0.66183380,0.32011893,0.48083624,0.22650771,0.11442786,0.08989405,0.08903710,0.67988107,0.51916376
split_5+11,2004,1999-2003,2004-2014,no_fs,19,19,,0.20000000,0.80000000,0.42000000,0.70114423,0.82881921,0.26849543,0.18699187,0.54046160,0.66234843,0.32011893,0.48083624,0.23120974,0.11606392,0.08753056,0.08761984,0.67988107,0.51916376
split_5+11,2004,1999-2003,2004-2014,no_fs,19,19,,0.15000000,0.85000000,0.40000000,0.70283690,0.83148641,0.26985351,0.18047882,0.55853749,0.67909334,0.34687810,0.51219512,0.22082019,0.10953800,0.10065200,0.09962484,0.65312190,0.48780488
split_5+11,2004,1999-2003,2004-2014,no_fs,19,19,,0.10000000,0.90000000,0.43000000,0.70428147,0.83357090,0.27172583,0.19060403,0.54790568,0.67157208,0.33002973,0.49477352,0.23092926,0.11803824,0.09038305,0.08845352,0.66997027,0.50522648
split_5+11,2004,1999-2003,2004-2014,no_fs,19,19,,0.05000000,0.95000000,0.45000000,0.70531387,0.83515954,0.27157360,0.19747899,0.53974735,0.67106733,0.31813677,0.49128920,0.23690037,0.12357581,0.08427058,0.08336807,0.68186323,0.50871080
split_5+11,2004,1999-2003,2004-2014,no_fs,19,19,,0.00000000,1.00000000,0.44000000,0.70588235,0.83611028,0.27128310,0.19240838,0.54780749,0.68226134,0.33002973,0.51219512,0.23029046,0.11845286,0.09070905,0.09120467,0.66997027,0.48780488
split_5+11,2004,1999-2003,2004-2014,fs,19,9,"X1,X4,X6,X9,X11,X12,X13,X16",1.00000000,0.00000000,0.38000000,0.58129378,0.60189365,0.17177097,0.06286837,0.46850910,0.43780251,0.25569871,0.22299652,0.12932331,0.03659234,0.14156479,0.14047520,0.74430129,0.77700348
split_5+11,2004,1999-2003,2004-2014,fs,19,9,"X1,X4,X6,X9,X11,X12,X13,X16",0.95000000,0.05000000,0.30000000,0.60066738,0.63660701,0.17466111,0.06803219,0.51437465,0.51034215,0.33201189,0.32404181,0.11850018,0.03800572,0.20309698,0.19624844,0.66798811,0.67595819
split_5+11,2004,1999-2003,2004-2014,fs,19,9,"X1,X4,X6,X9,X11,X12,X13,X16",0.90000000,0.10000000,0.36000000,0.61545492,0.66165490,0.17896389,0.07321594,0.48880127,0.48387860,0.28245788,0.27526132,0.13097426,0.04222341,0.15411573,0.14939558,0.71754212,0.72473868
split_5+11,2004,1999-2003,2004-2014,fs,19,9,"X1,X4,X6,X9,X11,X12,X13,X16",0.85000000,0.15000000,0.28000000,0.62788473,0.68219772,0.18199609,0.07776262,0.53604430,0.55982040,0.36868186,0.39721254,0.12081845,0.04310019,0.22061940,0.21100459,0.63131814,0.60278746
split_5+11,2004,1999-2003,2004-2014,fs,19,9,"X1,X4,X6,X9,X11,X12,X13,X16",0.80000000,0.20000000,0.17000000,0.63857705,0.69973000,0.18970013,0.07812500,0.60261907,0.64082674,0.57680872,0.62717770,0.11351668,0.04165702,0.37041565,0.34522718,0.42319128,0.37282230
split_5+11,2004,1999-2003,2004-2014,fs,19,9,"X1,X4,X6,X9,X11,X12,X13,X16",0.75000000,0.25000000,0.23000000,0.64818459,0.71526986,0.19737639,0.08346972,0.58999516,0.62428037,0.48463826,0.53310105,0.12392296,0.04527967,0.28174409,0.26894539,0.51536174,0.46689895
split_5+11,2004,1999-2003,2004-2014,fs,19,9,"X1,X4,X6,X9,X11,X12,X13,X16",0.70000000,0.30000000,0.25000000,0.65681055,0.72925508,0.20555915,0.09085546,0.59261094,0.63613249,0.47274529,0.53658537,0.13133260,0.04962939,0.25713121,0.24585244,0.52725471,0.46341463
split_5+11,2004,1999-2003,2004-2014,fs,19,9,"X1,X4,X6,X9,X11,X12,X13,X16",0.65000000,0.35000000,0.27000000,0.66466019,0.74192906,0.21081577,0.09726637,0.59019658,0.64252366,0.45589693,0.53310105,0.13710879,0.05351522,0.23594132,0.22559400,0.54410307,0.46689895
split_5+11,2004,1999-2003,2004-2014,fs,19,9,"X1,X4,X6,X9,X11,X12,X13,X16",0.60000000,0.40000000,0.37000000,0.67169868,0.75351925,0.21987455,0.10630899,0.53352976,0.56789206,0.33002973,0.37282230,0.16485149,0.06199305,0.13748981,0.13497291,0.66997027,0.62717770
split_5+11,2004,1999-2003,2004-2014,fs,19,9,"X1,X4,X6,X9,X11,X12,X13,X16",0.55000000,0.45000000,0.39000000,0.67804107,0.76394810,0.23329799,0.11509229,0.53604159,0.56984369,0.32705649,0.36933798,0.18131868,0.06816720,0.12143439,0.12080033,0.67294351,0.63066202
split_5+11,2004,1999-2003,2004-2014,fs,19,9,"X1,X4,X6,X9,X11,X12,X13,X16",0.50000000,0.50000000,0.40000000,0.68365307,0.77331321,0.24268689,0.12570781,0.54254601,0.58536366,0.33300297,0.38675958,0.19090909,0.07505071,0.11605542,0.11404752,0.66699703,0.61324042
split_5+11,2004,1999-2003,2004-2014,fs,19,9,"X1,X4,X6,X9,X11,X12,X13,X16",0.45000000,0.55000000,0.42000000,0.68864070,0.78155184,0.24673328,0.13056742,0.53400031,0.57803621,0.31813677,0.37282230,0.20150659,0.07914201,0.10366748,0.10379325,0.68186323,0.62717770
split_5+11,2004,1999-2003,2004-2014,fs,19,9,"X1,X4,X6,X9,X11,X12,X13,X16",0.40000000,0.60000000,0.40000000,0.69285251,0.78880283,0.25339367,0.13636364,0.56271783,0.62169326,0.36075322,0.43902439,0.19527897,0.08071749,0.12224939,0.11963318,0.63924678,0.56097561
split_5+11,2004,1999-2003,2004-2014,fs,19,9,"X1,X4,X6,X9,X11,X12,X13,X16",0.35000000,0.65000000,0.40000000,0.69647759,0.79496596,0.25815311,0.14090431,0.57117427,0.63972793,0.37264618,0.46689895,0.19747899,0.08297214,0.12453138,0.12346811,0.62735382,0.53310105
split_5+11,2004,1999-2003,2004-2014,fs,19,9,"X1,X4,X6,X9,X11,X12,X13,X16",0.30000000,0.70000000,0.41000000,0.69962198,0.80033551,0.25822253,0.14771520,0.56709529,0.65232801,0.36570862,0.48432056,0.19956733,0.08714734,0.12061940,0.12138391,0.63429138,0.51567944
split_5+11,2004,1999-2003,2004-2014,fs,19,9,"X1,X4,X6,X9,X11,X12,X13,X16",0.25000000,0.75000000,0.38000000,0.70220469,0.80483709,0.26164764,0.14620690,0.59858030,0.68858589,0.42021804,0.55400697,0.18996416,0.08421610,0.14735126,0.14414339,0.57978196,0.44599303
split_5+11,2004,1999-2003,2004-2014,fs,19,9,"X1,X4,X6,X9,X11,X12,X13,X16",0.20000000,0.80000000,0.38000000,0.70435203,0.80859011,0.26320555,0.14612281,0.60524862,0.69542557,0.43211100,0.56794425,0.18923611,0.08384774,0.15224124,0.14847853,0.56788900,0.43205575
split_5+11,2004,1999-2003,2004-2014,fs,19,9,"X1,X4,X6,X9,X11,X12,X13,X16",0.15000000,0.85000000,0.36000000,0.70607564,0.81156754,0.26536313,0.14215686,0.62477667,0.71122530,0.47076313,0.60627178,0.18475301,0.08051828,0.17082315,0.16565236,0.52923687,0.39372822
split_5+11,2004,1999-2003,2004-2014,fs,19,9,"X1,X4,X6,X9,X11,X12,X13,X16",0.10000000,0.90000000,0.39000000,0.70733424,0.81383358,0.26650660,0.15004492,0.61045309,0.70421674,0.44003964,0.58188153,0.19113216,0.08612687,0.15313773,0.14772822,0.55996036,0.41811847
split_5+11,2004,1999-2003,2004-2014,fs,19,9,"X1,X4,X6,X9,X11,X12,X13,X16",0.05000000,0.95000000,0.39000000,0.70819495,0.81534263,0.26757236,0.14821350,0.61527246,0.70493884,0.44895937,0.58536585,0.19057636,0.08484848,0.15680522,0.15106294,0.55104063,0.41463415
split_5+11,2004,1999-2003,2004-2014,fs,19,9,"X1,X4,X6,X9,X11,X12,X13,X16",0.00000000,1.00000000,0.50000000,0.70857143,0.81587958,0.26957224,0.17859488,0.54808823,0.65605764,0.33102081,0.47386760,0.22736555,0.11003236,0.09250204,0.09170488,0.66897919,0.52613240
split_6+10,2005,1999-2004,2005-2014,no_fs,19,19,,1.00000000,0.00000000,0.17000000,0.60415469,0.63625436,0.17678959,0.07099698,0.57217992,0.58833208,0.48802395,0.49128920,0.10794702,0.03826323,0.32915207,0.29545644,0.51197605,0.50871080
split_6+10,2005,1999-2004,2005-2014,no_fs,19,19,,0.95000000,0.05000000,0.17000000,0.62153806,0.67423273,0.17973856,0.07315843,0.57672704,0.59704229,0.49401198,0.50522648,0.10985353,0.03943432,0.32670848,0.29445602,0.50598802,0.49477352
split_6+10,2005,1999-2004,2005-2014,no_fs,19,19,,0.90000000,0.10000000,0.29000000,0.63426369,0.70022846,0.18477044,0.07953604,0.51889435,0.52712231,0.32934132,0.33449477,0.12840467,0.04513399,0.18245500,0.16932055,0.67065868,0.66550523
split_6+10,2005,1999-2004,2005-2014,no_fs,19,19,,0.85000000,0.15000000,0.29000000,0.64468627,0.72085611,0.19187359,0.08354430,0.52769381,0.53655624,0.33932136,0.34494774,0.13375295,0.04752760,0.17935978,0.16540225,0.66067864,0.65505226
split_6+10,2005,1999-2004,2005-2014,no_fs,19,19,,0.80000000,0.20000000,0.30000000,0.65376635,0.73826812,0.19751626,0.09022556,0.52705057,0.54766329,0.33333333,0.35540070,0.14033613,0.05167173,0.16665309,0.15606503,0.66666667,0.64459930
split_6+10,2005,1999-2004,2005-2014,no_fs,19,19,,0.75000000,0.25000000,0.20000000,0.66176582,0.75354975,0.20576805,0.09841727,0.60301505,0.66780056,0.50199601,0.59581882,0.12940571,0.05363864,0.27563737,0.25152147,0.49800399,0.40418118
split_6+10,2005,1999-2004,2005-2014,no_fs,19,19,,0.70000000,0.30000000,0.23000000,0.66893979,0.76720991,0.21081703,0.10691004,0.59133256,0.66839927,0.45708583,0.57142857,0.13700269,0.05897159,0.23499226,0.21817424,0.54291417,0.42857143
split_6+10,2005,1999-2004,2005-2014,no_fs,19,19,,0.65000000,0.35000000,0.26000000,0.67535858,0.77935580,0.22101167,0.11690246,0.58404045,0.66692633,0.42514970,0.54703833,0.14931651,0.06544393,0.19768673,0.18691121,0.57485030,0.45296167
split_6+10,2005,1999-2004,2005-2014,no_fs,19,19,,0.60000000,0.40000000,0.29000000,0.68109078,0.79013381,0.22815249,0.12806188,0.56954253,0.66130031,0.38822355,0.51916376,0.16154485,0.07303922,0.16445386,0.15764902,0.61177645,0.48083624
split_6+10,2005,1999-2004,2005-2014,no_fs,19,19,,0.55000000,0.45000000,0.27000000,0.68617160,0.79963472,0.23605847,0.12936103,0.59596230,0.68870104,0.43512974,0.57491289,0.16196137,0.07287986,0.18375825,0.17498958,0.56487026,0.42508711
split_6+10,2005,1999-2004,2005-2014,no_fs,19,19,,0.50000000,0.50000000,0.36000000,0.69061860,0.80801989,0.24565382,0.15913201,0.53805583,0.64217161,0.32435130,0.45993031,0.19768856,0.09620991,0.10743667,0.10337641,0.67564870,0.54006969
split_6+10,2005,1999-2004,2005-2014,no_fs,19,19,,0.45000000,0.55000000,0.37000000,0.69446852,0.81536209,0.25294580,0.16770964,0.53793193,0.64891052,0.32135729,0.46689895,0.20854922,0.10221205,0.09953572,0.09812422,0.67864271,0.53310105
split_6+10,2005,1999-2004,2005-2014,no_fs,19,19,,0.40000000,0.60000000,0.37000000,0.69786118,0.82170417,0.25526932,0.17321867,0.54182256,0.66493594,0.32634731,0.49128920,0.20961538,0.10514541,0.10043170,0.10004168,0.67365269,0.50871080
split_6+10,2005,1999-2004,2005-2014,no_fs,19,19,,0.35000000,0.65000000,0.39000000,0.70080520,0.82694212,0.25862069,0.18400000,0.53452555,0.66162177,0.31437126,0.48083624,0.21966527,0.11376752,0.09114605,0.08962068,0.68562874,0.51916376
split_6+10,2005,1999-2004,2005-2014,no_fs,19,19,,0.30000000,0.70000000,0.35000000,0.70338959,0.83154305,0.26499102,0.17256637,0.57083170,0.69404536,0.36826347,0.54355401,0.20695457,0.10256410,0.11517472,0.11379742,0.63173653,0.45644599
split_6+10,2005,1999-2004,2005-2014,no_fs,19,19,,0.25000000,0.75000000,0.36000000,0.70553915,0.83528067,0.26720351,0.18037436,0.56900833,0.70226730,0.36427146,0.55400697,0.21098266,0.10772358,0.11118351,0.10979575,0.63572854,0.44599303
split_6+10,2005,1999-2004,2005-2014,no_fs,19,19,,0.20000000,0.80000000,0.37000000,0.70737274,0.83849920,0.27123696,0.18382781,0.56945075,0.70146356,0.36327345,0.55052265,0.21640904,0.11033520,0.10735522,0.10621092,0.63672655,0.44947735
split_6+10,2005,1999-2004,2005-2014,no_fs,19,19,,0.15000000,0.85000000,0.38000000,0.70885548,0.84113125,0.27389985,0.18712753,0.56826238,0.70054343,0.36027944,0.54703833,0.22093023,0.11286844,0.10368983,0.10287620,0.63972056,0.45296167
split_6+10,2005,1999-2004,2005-2014,no_fs,19,19,,0.10000000,0.90000000,0.39000000,0.71002664,0.84317275,0.27479738,0.19303604,0.56533804,0.70414104,0.35528942,0.55052265,0.22404028,0.11703704,0.10043170,0.09937474,0.64471058,0.44947735
split_6+10,2005,1999-2004,2005-2014,no_fs,19,19,,0.05000000,0.95000000,0.41000000,0.71083361,0.84444041,0.27294686,0.19807074,0.55391799,0.69767585,0.33832335,0.53658537,0.22874494,0.12145110,0.09310092,0.09287203,0.66167665,0.46341463
split_6+10,2005,1999-2004,2005-2014,no_fs,19,19,,0.00000000,1.00000000,0.39000000,0.71117974,0.84450373,0.27430294,0.19426565,0.57022964,0.71960619,0.36327345,0.57839721,0.22033898,0.11673699,0.10491162,0.10471030,0.63672655,0.42160279
split_6+10,2005,1999-2004,2005-2014,fs,19,9,"X1,X4,X6,X9,X10,X11,X12,X13",1.00000000,0.00000000,0.28000000,0.59519431,0.60148450,0.17744219,0.07147457,0.53650061,0.54721518,0.37524950,0.38675958,0.11619283,0.03937567,0.23295593,0.22576073,0.62475050,0.61324042
split_6+10,2005,1999-2004,2005-2014,fs,19,9,"X1,X4,X6,X9,X10,X11,X12,X13",0.95000000,0.05000000,0.30000000,0.61432608,0.64167242,0.17971888,0.07540521,0.53002051,0.54484784,0.35728543,0.37282230,0.12005366,0.04194434,0.21373300,0.20375156,0.64271457,0.62717770
split_6+10,2005,1999-2004,2005-2014,fs,19,9,"X1,X4,X6,X9,X10,X11,X12,X13",0.90000000,0.10000000,0.34000000,0.62917823,0.67039025,0.18421808,0.08141447,0.51375430,0.53489217,0.32035928,0.34494774,0.12927910,0.04615385,0.17610165,0.17057107,0.67964072,0.65505226
split_6+10,2005,1999-2004,2005-2014,fs,19,9,"X1,X4,X6,X9,X10,X11,X12,X13",0.85000000,0.15000000,0.37000000,0.64165893,0.69299577,0.18931884,0.08969466,0.50139783,0.52980910,0.29540918,0.32752613,0.13929412,0.05196241,0.14897776,0.14297624,0.70459082,0.67247387
split_6+10,2005,1999-2004,2005-2014,fs,19,9,"X1,X4,X6,X9,X10,X11,X12,X13",0.80000000,0.20000000,0.39000000,0.65243643,0.71214806,0.19672131,0.09893617,0.49512477,0.53246568,0.28143713,0.32404181,0.15120643,0.05838041,0.12894029,0.12505211,0.71856287,0.67595819
split_6+10,2005,1999-2004,2005-2014,fs,19,9,"X1,X4,X6,X9,X10,X11,X12,X13",0.75000000,0.25000000,0.39000000,0.66189215,0.72891696,0.20148989,0.09989142,0.49803766,0.53052794,0.28343313,0.32055749,0.15630160,0.05916399,0.12486764,0.12196749,0.71656687,0.67944251
split_6+10,2005,1999-2004,2005-2014,fs,19,9,"X1,X4,X6,X9,X10,X11,X12,X13",0.70000000,0.30000000,0.25000000,0.67041501,0.74417157,0.21009842,0.09387998,0.60254014,0.64533743,0.49001996,0.55052265,0.13371460,0.05131536,0.25910239,0.24351813,0.50998004,0.44947735
split_6+10,2005,1999-2004,2005-2014,fs,19,9,"X1,X4,X6,X9,X10,X11,X12,X13",0.65000000,0.35000000,0.30000000,0.67812160,0.75790072,0.22090016,0.10854419,0.58442865,0.64586656,0.42614770,0.51567944,0.14909218,0.06065574,0.19850126,0.19107962,0.57385230,0.48432056
split_6+10,2005,1999-2004,2005-2014,fs,19,9,"X1,X4,X6,X9,X10,X11,X12,X13",0.60000000,0.40000000,0.32000000,0.68509523,0.77037340,0.23126219,0.11608222,0.58386470,0.64497453,0.41417166,0.50174216,0.16041747,0.06563355,0.17691618,0.17090454,0.58582834,0.49825784
split_6+10,2005,1999-2004,2005-2014,fs,19,9,"X1,X4,X6,X9,X10,X11,X12,X13",0.55000000,0.45000000,0.38000000,0.69126222,0.78147283,0.24094708,0.12965964,0.54994959,0.60645190,0.34530938,0.41811847,0.18502674,0.07672634,0.12413456,0.12038349,0.65469062,0.58188153
split_6+10,2005,1999-2004,2005-2014,fs,19,9,"X1,X4,X6,X9,X10,X11,X12,X13",0.50000000,0.50000000,0.43000000,0.69659110,0.79109095,0.25197505,0.14542936,0.52469141,0.57772582,0.30239521,0.36585366,0.21596579,0.09075194,0.08959844,0.08770321,0.69760479,0.63414634
split_6+10,2005,1999-2004,2005-2014,fs,19,9,"X1,X4,X6,X9,X10,X11,X12,X13",0.45000000,0.55000000,0.43000000,0.70121425,0.79930314,0.25782537,0.15279673,0.53296918,0.59626358,0.31237525,0.39024390,0.21949509,0.09499576,0.09065733,0.08895373,0.68762475,0.60975610
split_6+10,2005,1999-2004,2005-2014,fs,19,9,"X1,X4,X6,X9,X10,X11,X12,X13",0.40000000,0.60000000,0.43000000,0.70517046,0.80646814,0.26407452,0.15858453,0.54324210,0.61830986,0.32534930,0.42160279,0.22222222,0.09765940,0.09293801,0.09320550,0.67465070,0.57839721
split_6+10,2005,1999-2004,2005-2014,fs,19,9,"X1,X4,X6,X9,X10,X11,X12,X13",0.35000000,0.65000000,0.41000000,0.70849797,0.81256534,0.26503341,0.17411492,0.56351110,0.68309171,0.35628743,0.52264808,0.21099291,0.10445682,0.10873992,0.10721134,0.64371257,0.47735192
split_6+10,2005,1999-2004,2005-2014,fs,19,9,"X1,X4,X6,X9,X10,X11,X12,X13",0.30000000,0.70000000,0.42000000,0.71128038,0.81775856,0.26803341,0.17835910,0.56177735,0.68439809,0.35229541,0.52264808,0.21629902,0.10752688,0.10417855,0.10379325,0.64770459,0.47735192
split_6+10,2005,1999-2004,2005-2014,fs,19,9,"X1,X4,X6,X9,X10,X11,X12,X13",0.25000000,0.75000000,0.38000000,0.71354733,0.82203909,0.26981009,0.16542843,0.59686787,0.71131066,0.41117764,0.58188153,0.20077973,0.09642032,0.13358312,0.13047103,0.58882236,0.41811847
split_6+10,2005,1999-2004,2005-2014,fs,19,9,"X1,X4,X6,X9,X10,X11,X12,X13",0.20000000,0.80000000,0.47000000,0.71539344,0.82551179,0.27195226,0.19126819,0.54016969,0.66334628,0.31836327,0.48083624,0.23735119,0.11937716,0.08348945,0.08486870,0.68163673,0.51916376
split_6+10,2005,1999-2004,2005-2014,fs,19,9,"X1,X4,X6,X9,X10,X11,X12,X13",0.15000000,0.85000000,0.50000000,0.71675262,0.82825132,0.27573696,0.20091324,0.53026110,0.65239013,0.30339321,0.45993031,0.25270158,0.12852970,0.07322636,0.07461442,0.69660679,0.54006969
split_6+10,2005,1999-2004,2005-2014,fs,19,9,"X1,X4,X6,X9,X10,X11,X12,X13",0.10000000,0.90000000,0.46000000,0.71767063,0.83029108,0.27707006,0.18527919,0.56074365,0.67840688,0.34730539,0.50871080,0.23046358,0.11326610,0.09464853,0.09528970,0.65269461,0.49128920
split_6+10,2005,1999-2004,2005-2014,fs,19,9,"X1,X4,X6,X9,X10,X11,X12,X13",0.05000000,0.95000000,0.46000000,0.71815305,0.83138096,0.27903352,0.18860992,0.56761642,0.69517072,0.35728543,0.53658537,0.22890026,0.11441308,0.09823247,0.09937474,0.64271457,0.46341463
split_6+10,2005,1999-2004,2005-2014,fs,19,9,"X1,X4,X6,X9,X10,X11,X12,X13",0.00000000,1.00000000,0.49000000,0.71791596,0.83139520,0.28297162,0.19350474,0.55610269,0.67433314,0.33832335,0.49825784,0.24318508,0.12006717,0.08593305,0.08736974,0.66167665,0.50174216
split_7+9,2006,1999-2005,2006-2014,no_fs,19,19,,1.00000000,0.00000000,0.21000000,0.63255548,0.66284297,0.20368852,0.08009219,0.59224288,0.60114307,0.48299320,0.48432056,0.12905739,0.04365578,0.27379592,0.25385577,0.51700680,0.51567944
split_7+9,2006,1999-2005,2006-2014,no_fs,19,19,,0.95000000,0.05000000,0.28000000,0.64546629,0.69371704,0.20810741,0.08658346,0.56000146,0.56295682,0.39164237,0.38675958,0.14170183,0.04874835,0.19926531,0.18057524,0.60835763,0.61324042
split_7+9,2006,1999-2005,2006-2014,no_fs,19,19,,0.90000000,0.10000000,0.26000000,0.65546855,0.71535817,0.21428571,0.08941004,0.57719498,0.58555046,0.42274052,0.42508711,0.14351699,0.04995905,0.21191837,0.19341392,0.57725948,0.57491289
split_7+9,2006,1999-2005,2006-2014,no_fs,19,19,,0.85000000,0.15000000,0.27000000,0.66397890,0.73323089,0.22005141,0.09483094,0.57734519,0.59025230,0.41593780,0.42508711,0.14959804,0.05336833,0.19861224,0.18040850,0.58406220,0.57491289
split_7+9,2006,1999-2005,2006-2014,no_fs,19,19,,0.80000000,0.20000000,0.26000000,0.67136816,0.74863568,0.22617854,0.09973555,0.59038675,0.61196486,0.43828960,0.45993031,0.15241636,0.05593220,0.20473469,0.18574406,0.56171040,0.54006969
split_7+9,2006,1999-2005,2006-2014,no_fs,19,19,,0.75000000,0.25000000,0.25000000,0.67794157,0.76224966,0.23449282,0.10269483,0.60745127,0.62956250,0.46841594,0.49128920,0.15639195,0.05734038,0.21224490,0.19324719,0.53158406,0.50871080
split_7+9,2006,1999-2005,2006-2014,no_fs,19,19,,0.70000000,0.30000000,0.26000000,0.68378933,0.77439206,0.24073134,0.11553175,0.60751722,0.65626770,0.46064140,0.52613240,0.16294259,0.06489042,0.19877551,0.18140892,0.53935860,0.47386760
split_7+9,2006,1999-2005,2006-2014,no_fs,19,19,,0.65000000,0.35000000,0.30000000,0.68904262,0.78529628,0.24857742,0.13037448,0.58387969,0.64824946,0.40330418,0.49128920,0.17965368,0.07515991,0.15469388,0.14464360,0.59669582,0.50871080
split_7+9,2006,1999-2005,2006-2014,no_fs,19,19,,0.60000000,0.40000000,0.28000000,0.69363043,0.79489915,0.25633803,0.13156771,0.60630222,0.67200491,0.44217687,0.53658537,0.18048393,0.07497566,0.16865306,0.15839933,0.55782313,0.46341463
split_7+9,2006,1999-2005,2006-2014,no_fs,19,19,,0.55000000,0.45000000,0.32000000,0.69769782,0.80346747,0.26072607,0.14765101,0.57753093,0.66004460,0.38386783,0.49825784,0.19740130,0.08666667,0.13110204,0.12563568,0.61613217,0.50174216
split_7+9,2006,1999-2005,2006-2014,no_fs,19,19,,0.50000000,0.50000000,0.34000000,0.70113326,0.81097728,0.26776741,0.15712682,0.56703979,0.65779983,0.36248785,0.48780488,0.21229368,0.09364548,0.11297959,0.11296373,0.63751215,0.51219512
split_7+9,2006,1999-2005,2006-2014,no_fs,19,19,,0.45000000,0.55000000,0.35000000,0.70408980,0.81762436,0.27411546,0.16832262,0.56570898,0.66947792,0.35762877,0.50174216,0.22222222,0.10112360,0.10514286,0.10671113,0.64237123,0.49825784
split_7+9,2006,1999-2005,2006-2014,no_fs,19,19,,0.40000000,0.60000000,0.34000000,0.70660098,0.82344618,0.27548807,0.17322835,0.57382629,0.69048960,0.37026239,0.53658537,0.21934370,0.10328638,0.11069388,0.11146311,0.62973761,0.46341463
split_7+9,2006,1999-2005,2006-2014,no_fs,19,19,,0.35000000,0.65000000,0.37000000,0.70876591,0.82841457,0.27742448,0.18481013,0.55466798,0.67828184,0.33916424,0.50871080,0.23470074,0.11291570,0.09289796,0.09562318,0.66083576,0.49128920
split_7+9,2006,1999-2005,2006-2014,no_fs,19,19,,0.30000000,0.70000000,0.38000000,0.71056330,0.83280258,0.28024440,0.19208306,0.55206624,0.68420112,0.33430515,0.51567944,0.24123422,0.11802233,0.08832653,0.09220509,0.66569485,0.48432056
split_7+9,2006,1999-2005,2006-2014,no_fs,19,19,,0.25000000,0.75000000,0.39000000,0.71207195,0.83657302,0.28010033,0.19654714,0.54611211,0.68529984,0.32555879,0.51567944,0.24578136,0.12141099,0.08391837,0.08928720,0.67444121,0.48432056
split_7+9,2006,1999-2005,2006-2014,no_fs,19,19,,0.20000000,0.80000000,0.38000000,0.71325575,0.83994260,0.28051738,0.19419924,0.55407096,0.69668130,0.33722060,0.53658537,0.24013841,0.11855273,0.08963265,0.09545644,0.66277940,0.46341463
split_7+9,2006,1999-2005,2006-2014,no_fs,19,19,,0.15000000,0.85000000,0.40000000,0.71416727,0.84280500,0.28171404,0.20440882,0.54443591,0.69722604,0.32264334,0.53310105,0.25000000,0.12644628,0.08130612,0.08812005,0.67735666,0.46689895
split_7+9,2006,1999-2005,2006-2014,no_fs,19,19,,0.10000000,0.90000000,0.42000000,0.71475647,0.84516952,0.28395062,0.21142857,0.53805249,0.68861668,0.31292517,0.51567944,0.25988701,0.13297394,0.07485714,0.08045019,0.68707483,0.48432056
split_7+9,2006,1999-2005,2006-2014,no_fs,19,19,,0.05000000,0.95000000,0.34000000,0.71472823,0.84705706,0.27967013,0.17830290,0.58019104,0.71446164,0.37900875,0.57839721,0.22159091,0.10539683,0.11183673,0.11746561,0.62099125,0.42160279
split_7+9,2006,1999-2005,2006-2014,no_fs,19,19,,0.00000000,1.00000000,0.40000000,0.71367264,0.84837236,0.27864798,0.20499680,0.54779374,0.71113708,0.32847425,0.55749129,0.24194703,0.12558870,0.08644898,0.09287203,0.67152575,0.44250871
split_7+9,2006,1999-2005,2006-2014,fs,19,9,"X1,X4,X6,X9,X10,X11,X12,X13",1.00000000,0.00000000,0.26000000,0.61491902,0.60540818,0.19061708,0.07358813,0.56739504,0.57765793,0.43828960,0.44947735,0.12179314,0.04007456,0.26546939,0.25760734,0.56171040,0.55052265
split_7+9,2006,1999-2005,2006-2014,fs,19,9,"X1,X4,X6,X9,X10,X11,X12,X13",0.95000000,0.05000000,0.29000000,0.63009913,0.64246630,0.19720974,0.07979408,0.55962677,0.57871473,0.40524781,0.43205575,0.13031250,0.04395604,0.22718367,0.22484368,0.59475219,0.56794425
split_7+9,2006,1999-2005,2006-2014,fs,19,9,"X1,X4,X6,X9,X10,X11,X12,X13",0.90000000,0.10000000,0.28000000,0.64245382,0.66891054,0.20368664,0.08133670,0.57353506,0.58839133,0.42954325,0.44947735,0.13349441,0.04471404,0.23420408,0.22976240,0.57045675,0.55052265
split_7+9,2006,1999-2005,2006-2014,fs,19,9,"X1,X4,X6,X9,X10,X11,X12,X13",0.85000000,0.15000000,0.30000000,0.65302279,0.69041224,0.21002979,0.08458390,0.56976726,0.58416624,0.41107872,0.43205575,0.14104702,0.04688091,0.21028571,0.21017090,0.58892128,0.56794425
split_7+9,2006,1999-2005,2006-2014,fs,19,9,"X1,X4,X6,X9,X10,X11,X12,X13",0.80000000,0.20000000,0.30000000,0.66216561,0.70880172,0.21636546,0.08984105,0.57667355,0.59951969,0.41885326,0.45296167,0.14585448,0.04986575,0.20604082,0.20650271,0.58114674,0.54703833
split_7+9,2006,1999-2005,2006-2014,fs,19,9,"X1,X4,X6,X9,X10,X11,X12,X13",0.75000000,0.25000000,0.30000000,0.67040860,0.72553677,0.22334258,0.09433962,0.58551735,0.61212646,0.43051506,0.47038328,0.15078285,0.05242718,0.20367347,0.20341809,0.56948494,0.52961672
split_7+9,2006,1999-2005,2006-2014,fs,19,9,"X1,X4,X6,X9,X10,X11,X12,X13",0.70000000,0.30000000,0.32000000,0.67781309,0.74041536,0.23012212,0.10061920,0.58049397,0.60920460,0.41205053,0.45296167,0.15963855,0.05659556,0.18220408,0.18065861,0.58794947,0.54703833
split_7+9,2006,1999-2005,2006-2014,fs,19,9,"X1,X4,X6,X9,X10,X11,X12,X13",0.65000000,0.35000000,0.32000000,0.68437707,0.75405403,0.23779656,0.11033951,0.58953192,0.63910169,0.42371234,0.49825784,0.16527672,0.06203905,0.17975510,0.18024177,0.57628766,0.50174216
split_7+9,2006,1999-2005,2006-2014,fs,19,9,"X1,X4,X6,X9,X10,X11,X12,X13",0.60000000,0.40000000,0.38000000,0.69032189,0.76634486,0.24957613,0.12605932,0.55885543,0.60283122,0.35762877,0.41463415,0.19166667,0.07432854,0.12669388,0.12355148,0.64237123,0.58536585
split_7+9,2006,1999-2005,2006-2014,fs,19,9,"X1,X4,X6,X9,X10,X11,X12,X13",0.55000000,0.45000000,0.39000000,0.69548648,0.77734219,0.25706215,0.13927577,0.55873759,0.62074403,0.35374150,0.43554007,0.20188575,0.08289125,0.11746939,0.11529804,0.64625850,0.56445993
split_7+9,2006,1999-2005,2006-2014,fs,19,9,"X1,X4,X6,X9,X10,X11,X12,X13",0.50000000,0.50000000,0.40000000,0.70002650,0.78711891,0.26248633,0.14962011,0.55783925,0.63071840,0.34985423,0.44599303,0.21003501,0.08988764,0.11053061,0.10804502,0.65014577,0.55400697
split_7+9,2006,1999-2005,2006-2014,fs,19,9,"X1,X4,X6,X9,X10,X11,X12,X13",0.45000000,0.55000000,0.42000000,0.70391559,0.79560357,0.26625146,0.15877081,0.54759284,0.62497770,0.33236152,0.43205575,0.22207792,0.09725490,0.09779592,0.09595665,0.66763848,0.56794425
split_7+9,2006,1999-2005,2006-2014,fs,19,9,"X1,X4,X6,X9,X10,X11,X12,X13",0.40000000,0.60000000,0.38000000,0.70726495,0.80304598,0.26959459,0.15464453,0.58246199,0.67426314,0.38775510,0.51916376,0.20662869,0.09085366,0.12506122,0.12430179,0.61224490,0.48083624
split_7+9,2006,1999-2005,2006-2014,fs,19,9,"X1,X4,X6,X9,X10,X11,X12,X13",0.35000000,0.65000000,0.39000000,0.70999631,0.80955247,0.27266436,0.16025641,0.58055341,0.67832295,0.38289602,0.52264808,0.21171413,0.09463722,0.11975510,0.11963318,0.61710398,0.47735192
split_7+9,2006,1999-2005,2006-2014,fs,19,9,"X1,X4,X6,X9,X10,X11,X12,X13",0.30000000,0.70000000,0.38000000,0.71230559,0.81517851,0.27712855,0.16072325,0.59349889,0.69694393,0.40330418,0.55749129,0.21108850,0.09389671,0.12661224,0.12872030,0.59669582,0.44250871
split_7+9,2006,1999-2005,2006-2014,fs,19,9,"X1,X4,X6,X9,X10,X11,X12,X13",0.25000000,0.75000000,0.40000000,0.71416251,0.82002489,0.28051766,0.16711590,0.58671900,0.69025356,0.38969874,0.54006969,0.21912568,0.09885204,0.11665306,0.11779908,0.61030126,0.45993031
split_7+9,2006,1999-2005,2006-2014,fs,19,9,"X1,X4,X6,X9,X10,X11,X12,X13",0.20000000,0.80000000,0.42000000,0.71563690,0.82427812,0.28518519,0.17152659,0.57868090,0.68226198,0.37414966,0.52264808,0.23040096,0.10259918,0.10497959,0.10937891,0.62585034,0.47735192
split_7+9,2006,1999-2005,2006-2014,fs,19,9,"X1,X4,X6,X9,X10,X11,X12,X13",0.15000000,0.85000000,0.43000000,0.71684584,0.82785655,0.28788454,0.17595308,0.57574897,0.68366555,0.36831876,0.52264808,0.23628429,0.10578279,0.10000000,0.10571071,0.63168124,0.47735192
split_7+9,2006,1999-2005,2006-2014,fs,19,9,"X1,X4,X6,X9,X10,X11,X12,X13",0.10000000,0.90000000,0.44000000,0.71778918,0.83095628,0.29001157,0.18040621,0.57442723,0.68696301,0.36540330,0.52613240,0.24040921,0.10886806,0.09697959,0.10304293,0.63459670,0.47386760
split_7+9,2006,1999-2005,2006-2014,fs,19,9,"X1,X4,X6,X9,X10,X11,X12,X13",0.05000000,0.95000000,0.44000000,0.71834743,0.83358426,0.28886355,0.18044237,0.57658647,0.69470738,0.36929057,0.54006969,0.23720350,0.10831586,0.09975510,0.10637766,0.63070943,0.45993031
split_7+9,2006,1999-2005,2006-2014,fs,19,9,"X1,X4,X6,X9,X10,X11,X12,X13",0.00000000,1.00000000,0.43000000,0.71845874,0.83590462,0.28757696,0.17429675,0.58631552,0.69838163,0.38581147,0.55052265,0.22921478,0.10353866,0.10897959,0.11404752,0.61418853,0.44947735
split_8+8,2007,1999-2006,2007-2014,no_fs,19,19,,1.00000000,0.00000000,0.31000000,0.63728802,0.67469750,0.20871496,0.08905535,0.53765908,0.55711724,0.35107376,0.37282230,0.14849921,0.05056711,0.17659104,0.16748645,0.64892624,0.62717770
split_8+8,2007,1999-2006,2007-2014,no_fs,19,19,,0.95000000,0.05000000,0.30000000,0.64937607,0.70433238,0.21309230,0.08979592,0.54592192,0.56362746,0.36321195,0.38327526,0.15077519,0.05085529,0.17945778,0.17115465,0.63678805,0.61672474
split_8+8,2007,1999-2006,2007-2014,no_fs,19,19,,0.90000000,0.10000000,0.31000000,0.65908589,0.72554883,0.21916236,0.09532138,0.54523716,0.56561230,0.35667600,0.37979094,0.15817805,0.05450000,0.16651650,0.15764902,0.64332400,0.62020906
split_8+8,2007,1999-2006,2007-2014,no_fs,19,19,,0.85000000,0.15000000,0.30000000,0.66738486,0.74277087,0.22410866,0.10146174,0.55421033,0.58762586,0.36974790,0.41114983,0.16077954,0.05787151,0.16930134,0.16015006,0.63025210,0.58885017
split_8+8,2007,1999-2006,2007-2014,no_fs,19,19,,0.80000000,0.20000000,0.35000000,0.67465078,0.75746137,0.22927329,0.11322809,0.52398894,0.56452248,0.31372549,0.36236934,0.18064516,0.06709677,0.12482595,0.12055023,0.68627451,0.63763066
split_8+8,2007,1999-2006,2007-2014,no_fs,19,19,,0.75000000,0.25000000,0.33000000,0.68104314,0.77064718,0.23529412,0.12061856,0.54082188,0.59620682,0.33800187,0.40766551,0.18045862,0.07078040,0.13465476,0.12805336,0.66199813,0.59233449
split_8+8,2007,1999-2006,2007-2014,no_fs,19,19,,0.70000000,0.30000000,0.32000000,0.68673689,0.78228675,0.24209518,0.12563323,0.55240520,0.61299024,0.35387488,0.43205575,0.18398058,0.07350326,0.13768531,0.13030429,0.64612512,0.56794425
split_8+8,2007,1999-2006,2007-2014,no_fs,19,19,,0.65000000,0.35000000,0.32000000,0.69182635,0.79279113,0.25153573,0.13811007,0.56091976,0.63657824,0.36321195,0.46341463,0.19238378,0.08114704,0.13375379,0.12555231,0.63678805,0.53658537
split_8+8,2007,1999-2006,2007-2014,no_fs,19,19,,0.60000000,0.40000000,0.32000000,0.69633933,0.80208798,0.25725594,0.14712154,0.56328413,0.65013144,0.36414566,0.48083624,0.19887812,0.08684707,0.12867557,0.12096707,0.63585434,0.51916376
split_8+8,2007,1999-2006,2007-2014,no_fs,19,19,,0.55000000,0.45000000,0.30000000,0.70026080,0.81023307,0.26225414,0.14774951,0.58066074,0.67504741,0.39215686,0.52613240,0.19699812,0.08594195,0.14022442,0.13388912,0.60784314,0.47386760
split_8+8,2007,1999-2006,2007-2014,no_fs,19,19,,0.50000000,0.50000000,0.28000000,0.70368877,0.81734433,0.26544487,0.14905149,0.59603893,0.70032944,0.41923436,0.57491289,0.19420415,0.08562532,0.15259235,0.14689454,0.58076564,0.42508711
split_8+8,2007,1999-2006,2007-2014,no_fs,19,19,,0.45000000,0.55000000,0.34000000,0.70664269,0.82362744,0.26730486,0.17177177,0.55076838,0.66854875,0.33893557,0.49825784,0.22066869,0.10377358,0.10500450,0.10295957,0.66106443,0.50174216
split_8+8,2007,1999-2006,2007-2014,no_fs,19,19,,0.40000000,0.60000000,0.33000000,0.70911824,0.82897868,0.27168459,0.17670683,0.56128006,0.69162243,0.35387488,0.53658537,0.22047702,0.10576923,0.10975510,0.10854523,0.64612512,0.46341463
split_8+8,2007,1999-2006,2007-2014,no_fs,19,19,,0.35000000,0.65000000,0.37000000,0.71121754,0.83357438,0.27161501,0.19267300,0.53313708,0.67206326,0.31092437,0.49477352,0.24112962,0.11962932,0.08583832,0.08711963,0.68907563,0.50522648
split_8+8,2007,1999-2006,2007-2014,no_fs,19,19,,0.30000000,0.70000000,0.38000000,0.71303929,0.83737446,0.27242246,0.19305556,0.52806085,0.66586666,0.30345472,0.48432056,0.24714829,0.12055507,0.08108772,0.08453522,0.69654528,0.51567944
split_8+8,2007,1999-2006,2007-2014,no_fs,19,19,,0.25000000,0.75000000,0.39000000,0.71443546,0.84062087,0.27261037,0.20186113,0.52341284,0.67201269,0.29691877,0.49128920,0.25198098,0.12702703,0.07732001,0.08078366,0.70308123,0.50871080
split_8+8,2007,1999-2006,2007-2014,no_fs,19,19,,0.20000000,0.80000000,0.39000000,0.71556085,0.84324101,0.27284318,0.20298084,0.52547903,0.67645499,0.29971989,0.49825784,0.25039002,0.12745098,0.07871243,0.08161734,0.70028011,0.50174216
split_8+8,2007,1999-2006,2007-2014,no_fs,19,19,,0.15000000,0.85000000,0.37000000,0.71623588,0.84546842,0.27389558,0.20341207,0.53877756,0.70096584,0.31839402,0.54006969,0.24031008,0.12530315,0.08829552,0.09020425,0.68160598,0.45993031
split_8+8,2007,1999-2006,2007-2014,no_fs,19,19,,0.10000000,0.90000000,0.37000000,0.71642317,0.84730020,0.27323272,0.20519481,0.54053432,0.70729521,0.32119514,0.55052265,0.23773324,0.12609737,0.09034319,0.09128804,0.67880486,0.44947735
split_8+8,2007,1999-2006,2007-2014,no_fs,19,19,,0.05000000,0.95000000,0.31000000,0.71586336,0.84855333,0.27346939,0.19538379,0.57467303,0.74863140,0.37535014,0.63414634,0.21508828,0.11548223,0.12015726,0.11621509,0.62464986,0.36585366
split_8+8,2007,1999-2006,2007-2014,no_fs,19,19,,0.00000000,1.00000000,0.31000000,0.71356668,0.84914882,0.27466938,0.19701810,0.57665224,0.75434890,0.37815126,0.64459930,0.21565495,0.11627907,0.12064870,0.11721551,0.62184874,0.35540070
split_8+8,2007,1999-2006,2007-2014,fs,19,9,"X1,X4,X6,X7,X9,X11,X12,X13",1.00000000,0.00000000,0.32000000,0.62943380,0.63778375,0.20508982,0.07859359,0.55168490,0.56073651,0.38375350,0.39721254,0.13993871,0.04361132,0.20689655,0.20842018,0.61624650,0.60278746
split_8+8,2007,1999-2006,2007-2014,fs,19,9,"X1,X4,X6,X7,X9,X11,X12,X13",0.95000000,0.05000000,0.31000000,0.64114762,0.66495622,0.21423331,0.08067797,0.56792746,0.57157245,0.40896359,0.41463415,0.14512922,0.04468644,0.21131952,0.21208837,0.59103641,0.58536585
split_8+8,2007,1999-2006,2007-2014,fs,19,9,"X1,X4,X6,X7,X9,X11,X12,X13",0.90000000,0.10000000,0.33000000,0.65100473,0.68646939,0.21701343,0.08718527,0.55836955,0.57279670,0.38468721,0.40418118,0.15113720,0.04886268,0.18953231,0.18824510,0.61531279,0.59581882
split_8+8,2007,1999-2006,2007-2014,fs,19,9,"X1,X4,X6,X7,X9,X11,X12,X13",0.85000000,0.15000000,0.31000000,0.65952747,0.70481429,0.22150000,0.08907741,0.57394097,0.59211258,0.41363212,0.43902439,0.15124616,0.04956727,0.20362028,0.20141726,0.58636788,0.56097561
split_8+8,2007,1999-2006,2007-2014,fs,19,9,"X1,X4,X6,X7,X9,X11,X12,X13",0.80000000,0.20000000,0.38000000,0.66703142,0.72120309,0.22860792,0.09697552,0.53632177,0.54971581,0.33426704,0.35191638,0.17370209,0.05623608,0.13948726,0.14130888,0.66573296,0.64808362
split_8+8,2007,1999-2006,2007-2014,fs,19,9,"X1,X4,X6,X7,X9,X11,X12,X13",0.75000000,0.25000000,0.41000000,0.67371830,0.73588792,0.23683255,0.10991501,0.52017433,0.54687030,0.30438842,0.33797909,0.19381688,0.06562923,0.11106561,0.11513130,0.69561158,0.66202091
split_8+8,2007,1999-2006,2007-2014,fs,19,9,"X1,X4,X6,X7,X9,X11,X12,X13",0.70000000,0.30000000,0.36000000,0.67970656,0.74932412,0.24430769,0.10390805,0.56265238,0.57919339,0.37068161,0.39372822,0.18219367,0.05985169,0.14595790,0.14797832,0.62931839,0.60627178
split_8+8,2007,1999-2006,2007-2014,fs,19,9,"X1,X4,X6,X7,X9,X11,X12,X13",0.65000000,0.35000000,0.38000000,0.68502610,0.76138838,0.25353060,0.11592689,0.55498661,0.58124551,0.35200747,0.38675958,0.19810825,0.06818182,0.12498976,0.12646936,0.64799253,0.61324042
split_8+8,2007,1999-2006,2007-2014,fs,19,9,"X1,X4,X6,X7,X9,X11,X12,X13",0.60000000,0.40000000,0.37000000,0.68971544,0.77257220,0.26298488,0.12111959,0.57046001,0.60061952,0.37348273,0.41463415,0.20294267,0.07091776,0.12867557,0.12997082,0.62651727,0.58536585
split_8+8,2007,1999-2006,2007-2014,fs,19,9,"X1,X4,X6,X7,X9,X11,X12,X13",0.55000000,0.45000000,0.35000000,0.69369851,0.78269488,0.26904177,0.12651163,0.59198354,0.63690009,0.40896359,0.47386760,0.20045767,0.07300054,0.14309116,0.14397666,0.59103641,0.52613240
split_8+8,2007,1999-2006,2007-2014,fs,19,9,"X1,X4,X6,X7,X9,X11,X12,X13",0.50000000,0.50000000,0.41000000,0.69710911,0.79168324,0.27472105,0.15579481,0.54896483,0.62193571,0.33333333,0.42857143,0.23363874,0.09520124,0.09591285,0.09745727,0.66666667,0.57142857
split_8+8,2007,1999-2006,2007-2014,fs,19,9,"X1,X4,X6,X7,X9,X11,X12,X13",0.45000000,0.55000000,0.41000000,0.69986805,0.79966188,0.28090318,0.16236627,0.55649945,0.63680658,0.34267040,0.44947735,0.23800259,0.09907834,0.09624048,0.09779075,0.65732960,0.55052265
split_8+8,2007,1999-2006,2007-2014,fs,19,9,"X1,X4,X6,X7,X9,X11,X12,X13",0.40000000,0.60000000,0.38000000,0.70211785,0.80672435,0.28639781,0.15409836,0.58754422,0.65868529,0.39122316,0.49128920,0.22587601,0.09138043,0.11761815,0.11688203,0.60877684,0.50871080
split_8+8,2007,1999-2006,2007-2014,fs,19,9,"X1,X4,X6,X7,X9,X11,X12,X13",0.35000000,0.65000000,0.44000000,0.70383235,0.81276926,0.28997514,0.17755682,0.54792137,0.63196137,0.32679739,0.43554007,0.26061057,0.11150758,0.08133344,0.08303460,0.67320261,0.56445993
split_8+8,2007,1999-2006,2007-2014,fs,19,9,"X1,X4,X6,X7,X9,X11,X12,X13",0.30000000,0.70000000,0.41000000,0.70508799,0.81794360,0.29177521,0.17359413,0.57386308,0.66707331,0.36601307,0.49477352,0.24257426,0.10526316,0.10025391,0.10062526,0.63398693,0.50522648
split_8+8,2007,1999-2006,2007-2014,fs,19,9,"X1,X4,X6,X7,X9,X11,X12,X13",0.25000000,0.75000000,0.44000000,0.70601428,0.82240510,0.29286002,0.18156809,0.55670926,0.64826290,0.33893557,0.45993031,0.25781250,0.11311054,0.08559260,0.08628595,0.66106443,0.54006969
split_8+8,2007,1999-2006,2007-2014,fs,19,9,"X1,X4,X6,X7,X9,X11,X12,X13",0.20000000,0.80000000,0.44000000,0.70663963,0.82624584,0.29517351,0.18341200,0.56152248,0.65726086,0.34547152,0.47386760,0.25766017,0.11371237,0.08731264,0.08837015,0.65452848,0.52613240
split_8+8,2007,1999-2006,2007-2014,fs,19,9,"X1,X4,X6,X7,X9,X11,X12,X13",0.15000000,0.85000000,0.47000000,0.70695770,0.82945275,0.29426861,0.19613670,0.54489706,0.65144907,0.32119514,0.45993031,0.27150750,0.12464589,0.07559997,0.07728220,0.67880486,0.54006969
split_8+8,2007,1999-2006,2007-2014,fs,19,9,"X1,X4,X6,X7,X9,X11,X12,X13",0.10000000,0.90000000,0.48000000,0.70694531,0.83220593,0.29437229,0.19669670,0.54229547,0.64935778,0.31746032,0.45644599,0.27441485,0.12535885,0.07363420,0.07619842,0.68253968,0.54355401
split_8+8,2007,1999-2006,2007-2014,fs,19,9,"X1,X4,X6,X7,X9,X11,X12,X13",0.05000000,0.95000000,0.50000000,0.70662074,0.83431947,0.29549550,0.19873817,0.53447312,0.63853807,0.30625584,0.43902439,0.28546562,0.12844037,0.06724547,0.07127970,0.69374416,0.56097561
split_8+8,2007,1999-2006,2007-2014,fs,19,9,"X1,X4,X6,X7,X9,X11,X12,X13",0.00000000,1.00000000,0.52000000,0.70579609,0.83582067,0.29247911,0.19816819,0.52499176,0.62221635,0.29411765,0.41463415,0.29085873,0.13019694,0.06290441,0.06627762,0.70588235,0.58536585
split_9+7,2008,1999-2007,2008-2014,no_fs,19,19,,1.00000000,0.00000000,0.33000000,0.64234560,0.71321907,0.21654222,0.09630267,0.54231960,0.57232081,0.35299625,0.39024390,0.15617233,0.05492889,0.16681680,0.16065027,0.64700375,0.60975610
split_9+7,2008,1999-2007,2008-2014,no_fs,19,19,,0.95000000,0.05000000,0.32000000,0.65126136,0.73547311,0.21969266,0.09965928,0.54813410,0.58446229,0.36142322,0.40766551,0.15780867,0.05676856,0.16870035,0.16206753,0.63857678,0.59233449
split_9+7,2008,1999-2007,2008-2014,no_fs,19,19,,0.90000000,0.10000000,0.35000000,0.65867808,0.75180745,0.22413244,0.11045365,0.53210561,0.58072903,0.32958801,0.39024390,0.16980222,0.06433084,0.14093850,0.13580659,0.67041199,0.60975610
split_9+7,2008,1999-2007,2008-2014,no_fs,19,19,,0.85000000,0.15000000,0.34000000,0.66514228,0.76526863,0.22624722,0.11585665,0.53506938,0.59599508,0.33333333,0.41114983,0.17123617,0.06742857,0.14110228,0.13605669,0.66666667,0.58885017
split_9+7,2008,1999-2007,2008-2014,no_fs,19,19,,0.80000000,0.20000000,0.27000000,0.67088253,0.77689513,0.23374613,0.11236802,0.58511092,0.65057786,0.42415730,0.51916376,0.16132479,0.06300211,0.19285890,0.18474364,0.57584270,0.48083624
split_9+7,2008,1999-2007,2008-2014,no_fs,19,19,,0.75000000,0.25000000,0.30000000,0.67609537,0.78723103,0.24313267,0.12505504,0.57244540,0.64714305,0.38951311,0.49477352,0.17672048,0.07157258,0.15870936,0.15356398,0.61048689,0.50522648
split_9+7,2008,1999-2007,2008-2014,no_fs,19,19,,0.70000000,0.30000000,0.29000000,0.68074635,0.79636376,0.25222637,0.13165873,0.58702604,0.66861826,0.41104869,0.52961672,0.18193121,0.07517310,0.16165752,0.15589829,0.58895131,0.47038328
split_9+7,2008,1999-2007,2008-2014,no_fs,19,19,,0.65000000,0.35000000,0.31000000,0.68498621,0.80456375,0.25494505,0.14505713,0.57173717,0.66460712,0.38014981,0.50871080,0.19178082,0.08458864,0.14011956,0.13172155,0.61985019,0.49128920
split_9+7,2008,1999-2007,2008-2014,no_fs,19,19,,0.60000000,0.40000000,0.37000000,0.68882619,0.81177756,0.25906736,0.17029973,0.52582846,0.63023533,0.30430712,0.43554007,0.22553782,0.10584251,0.09139301,0.08803668,0.69569288,0.56445993
split_9+7,2008,1999-2007,2008-2014,no_fs,19,19,,0.55000000,0.45000000,0.29000000,0.69222637,0.81804352,0.26306085,0.15633937,0.58570795,0.70211631,0.40074906,0.57142857,0.19579140,0.09055770,0.14396855,0.13730721,0.59925094,0.42857143
split_9+7,2008,1999-2007,2008-2014,no_fs,19,19,,0.50000000,0.50000000,0.29000000,0.69529139,0.82337995,0.26604069,0.16526472,0.58521294,0.71124245,0.39794007,0.58188153,0.19981194,0.09630911,0.13938252,0.13063777,0.60205993,0.41811847
split_9+7,2008,1999-2007,2008-2014,no_fs,19,19,,0.45000000,0.55000000,0.27000000,0.69796397,0.82789316,0.26798561,0.16705772,0.59676081,0.73079920,0.41853933,0.62020906,0.19708995,0.09652928,0.14912784,0.13889120,0.58146067,0.37979094
split_9+7,2008,1999-2007,2008-2014,no_fs,19,19,,0.40000000,0.60000000,0.36000000,0.70035456,0.83181291,0.26771654,0.19522472,0.52642397,0.66635159,0.30243446,0.48432056,0.24014870,0.12225154,0.08369503,0.08320133,0.69756554,0.51567944
split_9+7,2008,1999-2007,2008-2014,no_fs,19,19,,0.35000000,0.65000000,0.33000000,0.70243283,0.83518423,0.26829268,0.19961856,0.54506033,0.70395290,0.32958801,0.54703833,0.22622108,0.12208398,0.09859962,0.09412255,0.67041199,0.45296167
split_9+7,2008,1999-2007,2008-2014,no_fs,19,19,,0.30000000,0.70000000,0.36000000,0.70427528,0.83807626,0.26897133,0.20918728,0.52401850,0.68814829,0.29868914,0.51567944,0.24463190,0.13120567,0.08066497,0.08170071,0.70131086,0.48432056
split_9+7,2008,1999-2007,2008-2014,no_fs,19,19,,0.25000000,0.75000000,0.27000000,0.70586584,0.84054303,0.26981559,0.17698210,0.58232056,0.72640132,0.39044944,0.60278746,0.20612951,0.10371703,0.13152076,0.12463526,0.60955056,0.39721254
split_9+7,2008,1999-2007,2008-2014,no_fs,19,19,,0.20000000,0.80000000,0.25000000,0.70731469,0.84255867,0.27373613,0.17221135,0.59729677,0.72966589,0.41573034,0.61324042,0.20404412,0.10017075,0.14183933,0.13180492,0.58426966,0.38675958
split_9+7,2008,1999-2007,2008-2014,no_fs,19,19,,0.15000000,0.85000000,0.25000000,0.70856065,0.84429256,0.27397260,0.17279047,0.59539401,0.72648290,0.41198502,0.60627178,0.20522388,0.10075275,0.13954631,0.12947061,0.58801498,0.39372822
split_9+7,2008,1999-2007,2008-2014,no_fs,19,19,,0.10000000,0.90000000,0.25000000,0.70967905,0.84560524,0.27355815,0.17430279,0.59224844,0.72881166,0.40636704,0.60975610,0.20617577,0.10168507,0.13684383,0.12888704,0.59363296,0.39024390
split_9+7,2008,1999-2007,2008-2014,no_fs,19,19,,0.05000000,0.95000000,0.24000000,0.71046091,0.84665359,0.27230911,0.17370209,0.59681207,0.73536357,0.41573034,0.62369338,0.20246238,0.10090192,0.14323151,0.13297207,0.58426966,0.37630662
split_9+7,2008,1999-2007,2008-2014,no_fs,19,19,,0.00000000,1.00000000,0.23000000,0.71007905,0.84710383,0.27199039,0.17416268,0.60107049,0.74057277,0.42415730,0.63414634,0.20017676,0.10094287,0.14822701,0.13513964,0.57584270,0.36585366
split_9+7,2008,1999-2007,2008-2014,fs,19,9,"X1,X4,X6,X7,X9,X11,X12,X13",1.00000000,0.00000000,0.44000000,0.63614459,0.68113108,0.22061358,0.09665810,0.51234800,0.53368602,0.29962547,0.32752613,0.17457720,0.05669481,0.12390468,0.13038766,0.70037453,0.67247387
split_9+7,2008,1999-2007,2008-2014,fs,19,9,"X1,X4,X6,X7,X9,X11,X12,X13",0.95000000,0.05000000,0.42000000,0.64519837,0.70170469,0.22525825,0.09866798,0.52453873,0.54844613,0.31647940,0.34843206,0.17485773,0.05747126,0.13061993,0.13672363,0.68352060,0.65156794
split_9+7,2008,1999-2007,2008-2014,fs,19,9,"X1,X4,X6,X7,X9,X11,X12,X13",0.90000000,0.10000000,0.39000000,0.65277497,0.71799777,0.22906941,0.10377788,0.54261036,0.58115255,0.34456929,0.39721254,0.17156177,0.05968586,0.14552453,0.14972905,0.65543071,0.60278746
split_9+7,2008,1999-2007,2008-2014,fs,19,9,"X1,X4,X6,X7,X9,X11,X12,X13",0.85000000,0.15000000,0.39000000,0.65956019,0.73232139,0.23533143,0.10790345,0.54645992,0.58354086,0.34737828,0.39721254,0.17793765,0.06243154,0.14036524,0.14272614,0.65262172,0.60278746
split_9+7,2008,1999-2007,2008-2014,fs,19,9,"X1,X4,X6,X7,X9,X11,X12,X13",0.80000000,0.20000000,0.36000000,0.66566842,0.74480801,0.24061484,0.11177988,0.56704538,0.61714908,0.38108614,0.45296167,0.17580994,0.06375674,0.15625256,0.15914965,0.61891386,0.54703833
split_9+7,2008,1999-2007,2008-2014,fs,19,9,"X1,X4,X6,X7,X9,X11,X12,X13",0.75000000,0.25000000,0.35000000,0.67124365,0.75624890,0.24636839,0.11579395,0.57758583,0.63069814,0.39700375,0.47386760,0.17860152,0.06595538,0.15969208,0.16056690,0.60299625,0.52613240
split_9+7,2008,1999-2007,2008-2014,fs,19,9,"X1,X4,X6,X7,X9,X11,X12,X13",0.70000000,0.30000000,0.34000000,0.67625494,0.76670419,0.25460829,0.11670190,0.58937355,0.63487687,0.41385768,0.48083624,0.18386023,0.06641001,0.16067480,0.16173406,0.58614232,0.51916376
split_9+7,2008,1999-2007,2008-2014,fs,19,9,"X1,X4,X6,X7,X9,X11,X12,X13",0.65000000,0.35000000,0.37000000,0.68082793,0.77633334,0.25964683,0.13061224,0.56853260,0.62333578,0.37172285,0.44599303,0.19949749,0.07650926,0.13045615,0.12880367,0.62827715,0.55400697
split_9+7,2008,1999-2007,2008-2014,fs,19,9,"X1,X4,X6,X7,X9,X11,X12,X13",0.60000000,0.40000000,0.39000000,0.68489193,0.78513986,0.26500000,0.14194299,0.55557230,0.61535552,0.34737828,0.42508711,0.21420323,0.08519553,0.11145688,0.10921217,0.65262172,0.57491289
split_9+7,2008,1999-2007,2008-2014,fs,19,9,"X1,X4,X6,X7,X9,X11,X12,X13",0.55000000,0.45000000,0.39000000,0.68841204,0.79301538,0.27369191,0.15053763,0.55961053,0.62679424,0.35018727,0.43902439,0.22462462,0.09084355,0.10572435,0.10512714,0.64981273,0.56097561
split_9+7,2008,1999-2007,2008-2014,fs,19,9,"X1,X4,X6,X7,X9,X11,X12,X13",0.50000000,0.50000000,0.40000000,0.69138850,0.79996166,0.27947933,0.16655907,0.55566407,0.63798237,0.34176030,0.44947735,0.23639896,0.10221870,0.09655229,0.09445602,0.65823970,0.55052265
split_9+7,2008,1999-2007,2008-2014,fs,19,9,"X1,X4,X6,X7,X9,X11,X12,X13",0.45000000,0.55000000,0.40000000,0.69388272,0.80616430,0.28351310,0.16764898,0.55842320,0.63611879,0.34456929,0.44599303,0.24083770,0.10322581,0.09499631,0.09270529,0.65543071,0.55400697
split_9+7,2008,1999-2007,2008-2014,fs,19,9,"X1,X4,X6,X7,X9,X11,X12,X13",0.40000000,0.60000000,0.42000000,0.69601352,0.81148010,0.28371711,0.17882690,0.54412936,0.63224859,0.32303371,0.43554007,0.25293255,0.11251125,0.08344935,0.08220092,0.67696629,0.56445993
split_9+7,2008,1999-2007,2008-2014,fs,19,9,"X1,X4,X6,X7,X9,X11,X12,X13",0.35000000,0.65000000,0.40000000,0.69776621,0.81604414,0.28318584,0.17578125,0.55834740,0.65322112,0.34456929,0.47038328,0.24036577,0.10808647,0.09524199,0.09287203,0.65543071,0.52961672
split_9+7,2008,1999-2007,2008-2014,fs,19,9,"X1,X4,X6,X7,X9,X11,X12,X13",0.30000000,0.70000000,0.40000000,0.69916657,0.82010042,0.28385616,0.18099548,0.56031411,0.66502439,0.34737828,0.48780488,0.23997413,0.11111111,0.09622472,0.09337224,0.65262172,0.51219512
split_9+7,2008,1999-2007,2008-2014,fs,19,9,"X1,X4,X6,X7,X9,X11,X12,X13",0.25000000,0.75000000,0.42000000,0.70028673,0.82349614,0.28343313,0.18627451,0.55040327,0.65151483,0.33239700,0.46341463,0.24704245,0.11656442,0.08860863,0.08403501,0.66760300,0.53658537
split_9+7,2008,1999-2007,2008-2014,fs,19,9,"X1,X4,X6,X7,X9,X11,X12,X13",0.20000000,0.80000000,0.44000000,0.70116766,0.82650175,0.28073090,0.19773585,0.53898980,0.64956285,0.31647940,0.45644599,0.25223881,0.12620424,0.08205716,0.07561484,0.68352060,0.54355401
split_9+7,2008,1999-2007,2008-2014,fs,19,9,"X1,X4,X6,X7,X9,X11,X12,X13",0.15000000,0.85000000,0.46000000,0.70171561,0.82914513,0.27888792,0.20463629,0.52734163,0.64413448,0.30056180,0.44599303,0.26012966,0.13278008,0.07476865,0.06969571,0.69943820,0.55400697
split_9+7,2008,1999-2007,2008-2014,fs,19,9,"X1,X4,X6,X7,X9,X11,X12,X13",0.10000000,0.90000000,0.47000000,0.70192499,0.83149309,0.27765535,0.20428336,0.52301379,0.63492674,0.29494382,0.43205575,0.26228143,0.13376483,0.07255753,0.06694456,0.70505618,0.56794425
split_9+7,2008,1999-2007,2008-2014,fs,19,9,"X1,X4,X6,X7,X9,X11,X12,X13",0.05000000,0.95000000,0.44000000,0.70178152,0.83354621,0.27719581,0.19322278,0.54210082,0.65520830,0.32209738,0.46689895,0.24328147,0.12181818,0.08762591,0.08053356,0.67790262,0.53310105
split_9+7,2008,1999-2007,2008-2014,fs,19,9,"X1,X4,X6,X7,X9,X11,X12,X13",0.00000000,1.00000000,0.47000000,0.70113465,0.83508372,0.27696290,0.19648562,0.52696810,0.63125864,0.30056180,0.42857143,0.25680000,0.12746114,0.07607895,0.07019591,0.69943820,0.57142857
split_10+6,2009,1999-2008,2009-2014,no_fs,19,19,,1.00000000,0.00000000,0.32000000,0.65976245,0.73243410,0.22542373,0.10766721,0.56299003,0.61804367,0.38255034,0.45993031,0.15979175,0.06096998,0.17146126,0.16948729,0.61744966,0.54006969
split_10+6,2009,1999-2008,2009-2014,no_fs,19,19,,0.95000000,0.05000000,0.31000000,0.66645458,0.74678387,0.23404255,0.10819540,0.57586909,0.62198895,0.40076702,0.46689895,0.16528272,0.06118721,0.17252370,0.17140475,0.59923298,0.53310105
split_10+6,2009,1999-2008,2009-2014,no_fs,19,19,,0.90000000,0.10000000,0.30000000,0.67210144,0.75890361,0.23798883,0.10897436,0.58135368,0.62607735,0.40843720,0.47386760,0.16791486,0.06156632,0.17252370,0.17282201,0.59156280,0.52613240
split_10+6,2009,1999-2008,2009-2014,no_fs,19,19,,0.85000000,0.15000000,0.30000000,0.67704426,0.76951052,0.24043716,0.11281626,0.57856439,0.62875338,0.40076702,0.47386760,0.17173377,0.06403013,0.16475973,0.16573572,0.59923298,0.52613240
split_10+6,2009,1999-2008,2009-2014,no_fs,19,19,,0.80000000,0.20000000,0.30000000,0.68151592,0.77910657,0.24653495,0.11984700,0.58099356,0.64221910,0.40076702,0.49128920,0.17802385,0.06824782,0.15773128,0.16048353,0.59923298,0.50871080
split_10+6,2009,1999-2008,2009-2014,no_fs,19,19,,0.75000000,0.25000000,0.29000000,0.68553268,0.78779834,0.25110262,0.12632471,0.58718648,0.66025229,0.40939597,0.51916376,0.18108567,0.07191120,0.15781301,0.16031680,0.59060403,0.48083624
split_10+6,2009,1999-2008,2009-2014,no_fs,19,19,,0.70000000,0.30000000,0.28000000,0.68912146,0.79566864,0.25340678,0.13411567,0.59292616,0.68364643,0.41898370,0.55749129,0.18162926,0.07622677,0.16091860,0.16165069,0.58101630,0.44250871
split_10+6,2009,1999-2008,2009-2014,no_fs,19,19,,0.65000000,0.35000000,0.29000000,0.69228777,0.80271542,0.25509574,0.14591883,0.58164016,0.69017570,0.39597315,0.55749129,0.18815490,0.08394544,0.14563583,0.14556065,0.60402685,0.44250871
split_10+6,2009,1999-2008,2009-2014,no_fs,19,19,,0.60000000,0.40000000,0.35000000,0.69510415,0.80910310,0.25821782,0.16511484,0.53200632,0.64606622,0.31255992,0.46341463,0.21997301,0.10045317,0.09447532,0.09929137,0.68744008,0.53658537
split_10+6,2009,1999-2008,2009-2014,no_fs,19,19,,0.55000000,0.45000000,0.31000000,0.69752960,0.81477125,0.26364281,0.16802168,0.56182849,0.69057962,0.35666347,0.54006969,0.20910624,0.09948652,0.11498856,0.11696540,0.64333653,0.45993031
split_10+6,2009,1999-2008,2009-2014,no_fs,19,19,,0.50000000,0.50000000,0.32000000,0.69971340,0.81975794,0.26415094,0.17869822,0.54872346,0.68645202,0.33557047,0.52613240,0.21779714,0.10762651,0.10272965,0.10437682,0.66442953,0.47386760
split_10+6,2009,1999-2008,2009-2014,no_fs,19,19,,0.45000000,0.55000000,0.32000000,0.70167275,0.82409134,0.26584710,0.18573186,0.54664624,0.68849371,0.33173538,0.52613240,0.22179487,0.11277072,0.09921543,0.09904127,0.66826462,0.47386760
split_10+6,2009,1999-2008,2009-2014,no_fs,19,19,,0.40000000,0.60000000,0.30000000,0.70337611,0.82790071,0.26934307,0.18372093,0.56159581,0.70143085,0.35378715,0.55052265,0.21744255,0.11025820,0.10853220,0.10629429,0.64621285,0.44947735
split_10+6,2009,1999-2008,2009-2014,no_fs,19,19,,0.35000000,0.65000000,0.29000000,0.70485110,0.83116484,0.27046520,0.18518519,0.56544211,0.70565876,0.35953979,0.55749129,0.21676301,0.11103400,0.11073880,0.10679450,0.64046021,0.44250871
split_10+6,2009,1999-2008,2009-2014,no_fs,19,19,,0.30000000,0.70000000,0.24000000,0.70616475,0.83415506,0.27027027,0.17249877,0.59555881,0.72807893,0.41227229,0.60975610,0.20102852,0.10045924,0.13966983,0.13063777,0.58772771,0.39024390
split_10+6,2009,1999-2008,2009-2014,no_fs,19,19,,0.25000000,0.75000000,0.25000000,0.70731150,0.83682371,0.27066184,0.17962185,0.58572665,0.72387341,0.39405561,0.59581882,0.20611836,0.10575139,0.12937234,0.12055023,0.60594439,0.40418118
split_10+6,2009,1999-2008,2009-2014,no_fs,19,19,,0.20000000,0.80000000,0.27000000,0.70830240,0.83939446,0.26950355,0.19063927,0.56809965,0.72035763,0.36433365,0.58188153,0.21384356,0.11399317,0.11417130,0.10821175,0.63566635,0.41811847
split_10+6,2009,1999-2008,2009-2014,no_fs,19,19,,0.15000000,0.85000000,0.28000000,0.70911488,0.84181591,0.26904849,0.19474313,0.56151858,0.71413569,0.35378715,0.56794425,0.21705882,0.11751983,0.10877738,0.10204252,0.64621285,0.43205575
split_10+6,2009,1999-2008,2009-2014,no_fs,19,19,,0.10000000,0.90000000,0.23000000,0.70976778,0.84392016,0.26696833,0.18134982,0.58563240,0.73326541,0.39597315,0.61324042,0.20136519,0.10640871,0.13386728,0.12321801,0.60402685,0.38675958
split_10+6,2009,1999-2008,2009-2014,no_fs,19,19,,0.05000000,0.95000000,0.20000000,0.71027260,0.84541004,0.26554013,0.17403709,0.59894300,0.74217490,0.42186002,0.63763066,0.19374725,0.10077093,0.14964041,0.13614006,0.57813998,0.36236934
split_10+6,2009,1999-2008,2009-2014,no_fs,19,19,,0.00000000,1.00000000,0.20000000,0.70976931,0.84415719,0.26378313,0.17454195,0.59484442,0.73906917,0.41514861,0.63066202,0.19330357,0.10128707,0.14767898,0.13388912,0.58485139,0.36933798
split_10+6,2009,1999-2008,2009-2014,fs,19,9,"X1,X4,X6,X7,X9,X11,X12,X13",1.00000000,0.00000000,0.45000000,0.65110246,0.69800948,0.22038171,0.10178668,0.50906295,0.53618717,0.29338447,0.32752613,0.17647059,0.06025641,0.11670481,0.12221759,0.70661553,0.67247387
split_10+6,2009,1999-2008,2009-2014,fs,19,9,"X1,X4,X6,X7,X9,X11,X12,X13",0.95000000,0.05000000,0.43000000,0.65911209,0.71196274,0.22315202,0.10569948,0.51872024,0.55654497,0.30680729,0.35540070,0.17534247,0.06208156,0.12299771,0.12847020,0.69319271,0.64459930
split_10+6,2009,1999-2008,2009-2014,fs,19,9,"X1,X4,X6,X7,X9,X11,X12,X13",0.90000000,0.10000000,0.44000000,0.66606166,0.72413680,0.22912047,0.11341943,0.51415406,0.55771652,0.29721956,0.35191638,0.18641010,0.06760375,0.11057535,0.11613172,0.70278044,0.64808362
split_10+6,2009,1999-2008,2009-2014,fs,19,9,"X1,X4,X6,X7,X9,X11,X12,X13",0.85000000,0.15000000,0.42000000,0.67214077,0.73501590,0.23175966,0.11555076,0.52379722,0.57228097,0.31064238,0.37282230,0.18482601,0.06837061,0.11678653,0.12155065,0.68935762,0.62717770
split_10+6,2009,1999-2008,2009-2014,fs,19,9,"X1,X4,X6,X7,X9,X11,X12,X13",0.80000000,0.20000000,0.41000000,0.67752756,0.74481005,0.23681378,0.12006490,0.52899169,0.58307324,0.31639501,0.38675958,0.18922018,0.07106274,0.11556064,0.12096707,0.68360499,0.61324042
split_10+6,2009,1999-2008,2009-2014,fs,19,9,"X1,X4,X6,X7,X9,X11,X12,X13",0.75000000,0.25000000,0.38000000,0.68235457,0.75395759,0.24344942,0.11974270,0.55291478,0.60407675,0.35186961,0.42160279,0.18610548,0.06978085,0.13117032,0.13447270,0.64813039,0.57839721
split_10+6,2009,1999-2008,2009-2014,fs,19,9,"X1,X4,X6,X7,X9,X11,X12,X13",0.70000000,0.30000000,0.37000000,0.68667586,0.76240042,0.25041186,0.12382368,0.56243707,0.61415770,0.36433365,0.43554007,0.19076305,0.07217090,0.13174240,0.13397249,0.63566635,0.56445993
split_10+6,2009,1999-2008,2009-2014,fs,19,9,"X1,X4,X6,X7,X9,X11,X12,X13",0.65000000,0.35000000,0.38000000,0.69052161,0.77022772,0.25583827,0.13725490,0.55669854,0.62204639,0.35186961,0.43902439,0.20098576,0.08134280,0.11923831,0.11863276,0.64813039,0.56097561
split_10+6,2009,1999-2008,2009-2014,fs,19,9,"X1,X4,X6,X7,X9,X11,X12,X13",0.60000000,0.40000000,0.35000000,0.69384033,0.77746738,0.25746388,0.13620774,0.57616258,0.64738853,0.38446788,0.48432056,0.19353282,0.07924743,0.13656424,0.13463943,0.61553212,0.51567944
split_10+6,2009,1999-2008,2009-2014,fs,19,9,"X1,X4,X6,X7,X9,X11,X12,X13",0.55000000,0.45000000,0.37000000,0.69664664,0.78411562,0.26243386,0.15262860,0.56149116,0.64618940,0.35666347,0.47038328,0.20758929,0.09109312,0.11605100,0.11229679,0.64333653,0.52961672
split_10+6,2009,1999-2008,2009-2014,fs,19,9,"X1,X4,X6,X7,X9,X11,X12,X13",0.50000000,0.50000000,0.31000000,0.69890120,0.78991304,0.26659039,0.13681917,0.61174696,0.68016358,0.44678811,0.54703833,0.18997146,0.07818725,0.16238967,0.15431430,0.55321189,0.45296167
split_10+6,2009,1999-2008,2009-2014,fs,19,9,"X1,X4,X6,X7,X9,X11,X12,X13",0.45000000,0.55000000,0.38000000,0.70077772,0.79496335,0.26904496,0.16467630,0.55731336,0.64172408,0.34707574,0.45644599,0.21966019,0.10046012,0.10509971,0.09779075,0.65292426,0.54355401
split_10+6,2009,1999-2008,2009-2014,fs,19,9,"X1,X4,X6,X7,X9,X11,X12,X13",0.40000000,0.60000000,0.45000000,0.70222916,0.79957445,0.27281106,0.18353345,0.51431787,0.59061612,0.28379674,0.37282230,0.26264419,0.12172924,0.06791435,0.06436015,0.71620326,0.62717770
split_10+6,2009,1999-2008,2009-2014,fs,19,9,"X1,X4,X6,X7,X9,X11,X12,X13",0.35000000,0.65000000,0.47000000,0.70336412,0.80368853,0.27632850,0.20000000,0.50754624,0.59313677,0.27420901,0.37282230,0.27848101,0.13665390,0.06055901,0.05635682,0.72579099,0.62717770
split_10+6,2009,1999-2008,2009-2014,fs,19,9,"X1,X4,X6,X7,X9,X11,X12,X13",0.30000000,0.70000000,0.47000000,0.70419787,0.80737154,0.27806976,0.19907834,0.51156261,0.59553335,0.27900288,0.37630662,0.27714286,0.13533835,0.06203008,0.05752397,0.72099712,0.62369338
split_10+6,2009,1999-2008,2009-2014,fs,19,9,"X1,X4,X6,X7,X9,X11,X12,X13",0.25000000,0.75000000,0.38000000,0.70474955,0.81058339,0.27732942,0.17204301,0.56900222,0.65430903,0.36241611,0.47386760,0.22459893,0.10510046,0.10665250,0.09654023,0.63758389,0.52613240
split_10+6,2009,1999-2008,2009-2014,fs,19,9,"X1,X4,X6,X7,X9,X11,X12,X13",0.20000000,0.80000000,0.47000000,0.70498767,0.81346002,0.27859779,0.20017873,0.51968657,0.60565626,0.28954938,0.39024390,0.26844444,0.13461538,0.06726054,0.06002501,0.71045062,0.60975610
split_10+6,2009,1999-2008,2009-2014,fs,19,9,"X1,X4,X6,X7,X9,X11,X12,X13",0.15000000,0.85000000,0.46000000,0.70493815,0.81606970,0.27802295,0.19159664,0.52877390,0.60916741,0.30201342,0.39721254,0.25756337,0.12624585,0.07420726,0.06577741,0.69798658,0.60278746
split_10+6,2009,1999-2008,2009-2014,fs,19,9,"X1,X4,X6,X7,X9,X11,X12,X13",0.10000000,0.90000000,0.45000000,0.70453352,0.81868142,0.27770701,0.19267516,0.53691749,0.62593698,0.31351870,0.42160279,0.24923780,0.12487100,0.08050016,0.07069612,0.68648130,0.57839721
split_10+6,2009,1999-2008,2009-2014,fs,19,9,"X1,X4,X6,X7,X9,X11,X12,X13",0.05000000,0.95000000,0.48000000,0.70356440,0.82126670,0.27710301,0.19703575,0.52369579,0.60762523,0.29530201,0.39372822,0.26101695,0.13139535,0.07126512,0.06227595,0.70469799,0.60627178
split_10+6,2009,1999-2008,2009-2014,fs,19,9,"X1,X4,X6,X7,X9,X11,X12,X13",0.00000000,1.00000000,0.48000000,0.70161316,0.82365329,0.27659574,0.19965577,0.52641247,0.61530973,0.29913710,0.40418118,0.25721352,0.13257143,0.07363517,0.06327637,0.70086290,0.59581882
split_11+5,2010,1999-2009,2010-2014,no_fs,19,19,,1.00000000,0.00000000,0.36000000,0.66061241,0.74434905,0.22236025,0.11852543,0.53938793,0.61540556,0.34160305,0.44250871,0.16482505,0.06842672,0.14831167,0.14414339,0.65839695,0.55749129
split_11+5,2010,1999-2009,2010-2014,no_fs,19,19,,0.95000000,0.05000000,0.37000000,0.66608335,0.75778874,0.22769640,0.12368024,0.53223366,0.61004513,0.32633588,0.42857143,0.17484663,0.07226792,0.13195977,0.13163818,0.67366412,0.57142857
split_11+5,2010,1999-2009,2010-2014,no_fs,19,19,,0.90000000,0.10000000,0.36000000,0.67088067,0.76897633,0.23076923,0.12802419,0.53499072,0.62015296,0.32919847,0.44250871,0.17765191,0.07483795,0.13056986,0.13088787,0.67080153,0.55749129
split_11+5,2010,1999-2009,2010-2014,no_fs,19,19,,0.85000000,0.15000000,0.32000000,0.67520335,0.77864703,0.23455309,0.12722420,0.56150419,0.65018483,0.37309160,0.49825784,0.17104112,0.07292198,0.15493418,0.15156315,0.62690840,0.50174216
split_11+5,2010,1999-2009,2010-2014,no_fs,19,19,,0.80000000,0.20000000,0.33000000,0.67920941,0.78740677,0.23953638,0.13906325,0.55320123,0.65813536,0.35496183,0.50174216,0.18075802,0.08071749,0.13784646,0.13672363,0.64503817,0.49825784
split_11+5,2010,1999-2009,2010-2014,no_fs,19,19,,0.75000000,0.25000000,0.29000000,0.68284544,0.79528317,0.24572588,0.13977128,0.58233863,0.69528103,0.40458015,0.57491289,0.17644611,0.07955641,0.16180198,0.15914965,0.59541985,0.42508711
split_11+5,2010,1999-2009,2010-2014,no_fs,19,19,,0.70000000,0.30000000,0.39000000,0.68618081,0.80226720,0.25379427,0.17015342,0.51302164,0.62350818,0.28721374,0.42508711,0.22734139,0.10636443,0.08363993,0.08545227,0.71278626,0.57491289
split_11+5,2010,1999-2009,2010-2014,no_fs,19,19,,0.65000000,0.35000000,0.37000000,0.68926750,0.80853114,0.26317940,0.17866667,0.52933624,0.65184312,0.30725191,0.46689895,0.23016440,0.11046991,0.08805494,0.08995415,0.69274809,0.53310105
split_11+5,2010,1999-2009,2010-2014,no_fs,19,19,,0.60000000,0.40000000,0.37000000,0.69202123,0.81401019,0.26997477,0.19426974,0.53012224,0.66613948,0.30629771,0.48432056,0.24135338,0.12150350,0.08249530,0.08378491,0.69370229,0.51567944
split_11+5,2010,1999-2009,2010-2014,no_fs,19,19,,0.55000000,0.45000000,0.38000000,0.69454867,0.81877495,0.27073061,0.20318423,0.51711815,0.65722506,0.28816794,0.46689895,0.25528318,0.12984496,0.07203009,0.07486453,0.71183206,0.53310105
split_11+5,2010,1999-2009,2010-2014,no_fs,19,19,,0.50000000,0.50000000,0.37000000,0.69682233,0.82299158,0.27292867,0.20950966,0.52176950,0.67356507,0.29389313,0.49128920,0.25475600,0.13314448,0.07366528,0.07653189,0.70610687,0.50871080
split_11+5,2010,1999-2009,2010-2014,no_fs,19,19,,0.45000000,0.55000000,0.37000000,0.69892132,0.82673239,0.27626285,0.21646341,0.52309995,0.67701644,0.29484733,0.49477352,0.25988225,0.13853659,0.07194833,0.07361401,0.70515267,0.50522648
split_11+5,2010,1999-2009,2010-2014,no_fs,19,19,,0.40000000,0.60000000,0.36000000,0.70086935,0.82996138,0.27504394,0.21573034,0.52566252,0.68112297,0.29866412,0.50174216,0.25488599,0.13740458,0.07480991,0.07536474,0.70133588,0.49825784
split_11+5,2010,1999-2009,2010-2014,no_fs,19,19,,0.35000000,0.65000000,0.36000000,0.70268460,0.83282291,0.27674624,0.22035195,0.52598759,0.68198220,0.29866412,0.50174216,0.25782537,0.14117647,0.07366528,0.07303043,0.70133588,0.49825784
split_11+5,2010,1999-2009,2010-2014,no_fs,19,19,,0.30000000,0.70000000,0.35000000,0.70438664,0.83538205,0.27577207,0.21875000,0.52856642,0.68799525,0.30248092,0.51219512,0.25339728,0.13907285,0.07636334,0.07586494,0.69751908,0.48780488
split_11+5,2010,1999-2009,2010-2014,no_fs,19,19,,0.25000000,0.75000000,0.32000000,0.70604118,0.83768977,0.27673469,0.21241379,0.54347044,0.70103400,0.32347328,0.53658537,0.24179743,0.13241617,0.08691031,0.08411838,0.67652672,0.46341463
split_11+5,2010,1999-2009,2010-2014,no_fs,19,19,,0.20000000,0.80000000,0.30000000,0.70759867,0.83963266,0.27518620,0.20286086,0.55079782,0.70280440,0.33492366,0.54355401,0.23353293,0.12470024,0.09418690,0.09128804,0.66507634,0.45644599
split_11+5,2010,1999-2009,2010-2014,no_fs,19,19,,0.15000000,0.85000000,0.33000000,0.70912097,0.84127184,0.27357689,0.22063037,0.53153842,0.70275480,0.30725191,0.53658537,0.24655436,0.13886384,0.08045131,0.07961651,0.69274809,0.46341463
split_11+5,2010,1999-2009,2010-2014,no_fs,19,19,,0.10000000,0.90000000,0.33000000,0.71068821,0.84259905,0.27157360,0.21933622,0.53045281,0.69842946,0.30629771,0.52961672,0.24392097,0.13830755,0.08135067,0.07894956,0.69370229,0.47038328
split_11+5,2010,1999-2009,2010-2014,no_fs,19,19,,0.05000000,0.95000000,0.31000000,0.71228416,0.84364536,0.27084181,0.21059783,0.53827764,0.70263389,0.31774809,0.54006969,0.23600283,0.13080169,0.08813670,0.08586911,0.68225191,0.45993031
split_11+5,2010,1999-2009,2010-2014,no_fs,19,19,,0.00000000,1.00000000,0.31000000,0.71350423,0.84299962,0.26747967,0.21152542,0.53491503,0.70483252,0.31393130,0.54355401,0.23300283,0.13131313,0.08854550,0.08603585,0.68606870,0.45644599
split_11+5,2010,1999-2009,2010-2014,fs,19,9,"X1,X4,X6,X7,X9,X11,X12,X13",1.00000000,0.00000000,0.43000000,0.65920159,0.71933428,0.22896734,0.10658915,0.53555440,0.57446475,0.33110687,0.38327526,0.17498739,0.06190208,0.13375848,0.13897457,0.66889313,0.61672474
split_11+5,2010,1999-2009,2010-2014,fs,19,9,"X1,X4,X6,X7,X9,X11,X12,X13",0.95000000,0.05000000,0.44000000,0.66531412,0.73240941,0.23296858,0.10951621,0.52671312,0.56060232,0.31488550,0.35888502,0.18487395,0.06461731,0.11896002,0.12430179,0.68511450,0.64111498
split_11+5,2010,1999-2009,2010-2014,fs,19,9,"X1,X4,X6,X7,X9,X11,X12,X13",0.90000000,0.10000000,0.44000000,0.67084666,0.74408951,0.23726346,0.11898017,0.52547504,0.56918930,0.31106870,0.36585366,0.19176471,0.07104195,0.11233750,0.11446436,0.68893130,0.63414634
split_11+5,2010,1999-2009,2010-2014,fs,19,9,"X1,X4,X6,X7,X9,X11,X12,X13",0.85000000,0.15000000,0.43000000,0.67579970,0.75462889,0.24165457,0.12792690,0.53106222,0.58843699,0.31774809,0.39024390,0.19496487,0.07650273,0.11241926,0.11271363,0.68225191,0.60975610
split_11+5,2010,1999-2009,2010-2014,fs,19,9,"X1,X4,X6,X7,X9,X11,X12,X13",0.80000000,0.20000000,0.36000000,0.68037324,0.76433473,0.24992508,0.11984368,0.58051750,0.63683122,0.39790076,0.48083624,0.18217562,0.06845238,0.15305372,0.15656524,0.60209924,0.51916376
split_11+5,2010,1999-2009,2010-2014,fs,19,9,"X1,X4,X6,X7,X9,X11,X12,X13",0.75000000,0.25000000,0.41000000,0.68447521,0.77328387,0.25352113,0.13761468,0.54535191,0.60951922,0.33492366,0.41811847,0.20395119,0.08236102,0.11201047,0.11146311,0.66507634,0.58188153
split_11+5,2010,1999-2009,2010-2014,fs,19,9,"X1,X4,X6,X7,X9,X11,X12,X13",0.70000000,0.30000000,0.40000000,0.68818485,0.78140209,0.25989921,0.14055300,0.55309136,0.61486581,0.34446565,0.42508711,0.20867052,0.08419600,0.11192871,0.11062943,0.65553435,0.57491289
split_11+5,2010,1999-2009,2010-2014,fs,19,9,"X1,X4,X6,X7,X9,X11,X12,X13",0.65000000,0.35000000,0.37000000,0.69152076,0.78899512,0.26420168,0.14631579,0.57268479,0.65177070,0.37500000,0.48432056,0.20394395,0.08617483,0.12541902,0.12288454,0.62500000,0.51567944
split_11+5,2010,1999-2009,2010-2014,fs,19,9,"X1,X4,X6,X7,X9,X11,X12,X13",0.60000000,0.40000000,0.37000000,0.69442752,0.79579296,0.26967071,0.15307263,0.57204867,0.65037736,0.37118321,0.47735192,0.21175830,0.09115103,0.11838770,0.11388078,0.62881679,0.52264808
split_11+5,2010,1999-2009,2010-2014,fs,19,9,"X1,X4,X6,X7,X9,X11,X12,X13",0.55000000,0.45000000,0.38000000,0.69689879,0.80190149,0.27740986,0.15980332,0.56718928,0.63817631,0.35973282,0.45296167,0.22574850,0.09701493,0.10571499,0.10087536,0.64026718,0.54703833
split_11+5,2010,1999-2009,2010-2014,fs,19,9,"X1,X4,X6,X7,X9,X11,X12,X13",0.50000000,0.50000000,0.35000000,0.69900121,0.80745142,0.27697479,0.16281628,0.58688544,0.67544253,0.39312977,0.51567944,0.21380384,0.09666884,0.12386559,0.11529804,0.60687023,0.48432056
split_11+5,2010,1999-2009,2010-2014,fs,19,9,"X1,X4,X6,X7,X9,X11,X12,X13",0.45000000,0.55000000,0.39000000,0.70079118,0.81236055,0.27570093,0.17185386,0.55279705,0.63502487,0.33778626,0.44250871,0.23289474,0.10663308,0.09533153,0.08870363,0.66221374,0.55749129
split_11+5,2010,1999-2009,2010-2014,fs,19,9,"X1,X4,X6,X7,X9,X11,X12,X13",0.40000000,0.60000000,0.40000000,0.70228384,0.81685400,0.27594529,0.18117481,0.54588360,0.63944180,0.32729008,0.44599303,0.23852573,0.11367673,0.08952661,0.08320133,0.67270992,0.55400697
split_11+5,2010,1999-2009,2010-2014,fs,19,9,"X1,X4,X6,X7,X9,X11,X12,X13",0.35000000,0.65000000,0.38000000,0.70354385,0.82085160,0.27358848,0.17701453,0.55661904,0.65142499,0.34446565,0.46689895,0.22690132,0.10920945,0.10056414,0.09112130,0.65553435,0.53310105
split_11+5,2010,1999-2009,2010-2014,fs,19,9,"X1,X4,X6,X7,X9,X11,X12,X13",0.30000000,0.70000000,0.31000000,0.70460165,0.82435306,0.27450980,0.15946502,0.59769559,0.68734474,0.41412214,0.54006969,0.20529801,0.09354255,0.13735590,0.12521884,0.58587786,0.45993031
split_11+5,2010,1999-2009,2010-2014,fs,19,9,"X1,X4,X6,X7,X9,X11,X12,X13",0.25000000,0.75000000,0.35000000,0.70548486,0.82738336,0.27554616,0.16886228,0.57481895,0.66364115,0.37309160,0.49128920,0.21843575,0.10195228,0.11438149,0.10354314,0.62690840,0.50871080
split_11+5,2010,1999-2009,2010-2014,fs,19,9,"X1,X4,X6,X7,X9,X11,X12,X13",0.20000000,0.80000000,0.34000000,0.70624418,0.82986523,0.27360441,0.16880093,0.57765976,0.67161036,0.37881679,0.50522648,0.21413161,0.10132774,0.11912354,0.10721134,0.62118321,0.49477352
split_11+5,2010,1999-2009,2010-2014,fs,19,9,"X1,X4,X6,X7,X9,X11,X12,X13",0.15000000,0.85000000,0.37000000,0.70670614,0.83200898,0.27111111,0.17994859,0.55903217,0.66474915,0.34923664,0.48780488,0.22154964,0.11032309,0.10514267,0.09412255,0.65076336,0.51219512
split_11+5,2010,1999-2009,2010-2014,fs,19,9,"X1,X4,X6,X7,X9,X11,X12,X13",0.10000000,0.90000000,0.38000000,0.70692318,0.83399762,0.27049490,0.18363273,0.55402420,0.66153088,0.34160305,0.48083624,0.22388993,0.11348684,0.10146349,0.08987078,0.65839695,0.51916376
split_11+5,2010,1999-2009,2010-2014,fs,19,9,"X1,X4,X6,X7,X9,X11,X12,X13",0.05000000,0.95000000,0.43000000,0.70675728,0.83574253,0.26988755,0.19230769,0.53211888,0.63505643,0.30916031,0.43554007,0.23946785,0.12339585,0.08413049,0.07403085,0.69083969,0.56445993
split_11+5,2010,1999-2009,2010-2014,fs,19,9,"X1,X4,X6,X7,X9,X11,X12,X13",0.00000000,1.00000000,0.43000000,0.70512303,0.83682574,0.26910299,0.19003831,0.53195259,0.63234024,0.30916031,0.43205575,0.23823529,0.12180747,0.08470280,0.07453105,0.69083969,0.56794425
split_12+4,2011,1999-2010,2011-2014,no_fs,19,19,,1.00000000,0.00000000,0.28000000,0.67210795,0.76749052,0.22974308,0.10782609,0.59463633,0.65614397,0.44625720,0.54006969,0.15469062,0.05989181,0.20764893,0.20283451,0.55374280,0.45993031
split_12+4,2011,1999-2010,2011-2014,no_fs,19,19,,0.95000000,0.05000000,0.30000000,0.67736257,0.77802540,0.23274696,0.11566450,0.58112115,0.65636795,0.41266795,0.52613240,0.16208066,0.06497418,0.18166217,0.18115882,0.58733205,0.47386760
split_12+4,2011,1999-2010,2011-2014,no_fs,19,19,,0.90000000,0.10000000,0.34000000,0.68194697,0.78662625,0.23803526,0.12863850,0.55741150,0.63989069,0.36276392,0.47735192,0.17713215,0.07433532,0.14349922,0.14222593,0.63723608,0.52264808
split_12+4,2011,1999-2010,2011-2014,no_fs,19,19,,0.85000000,0.15000000,0.35000000,0.68601259,0.79417106,0.24183227,0.13531522,0.54807216,0.63339409,0.34452975,0.45993031,0.18629995,0.07932692,0.12813598,0.12771988,0.65547025,0.54006969
split_12+4,2011,1999-2010,2011-2014,no_fs,19,19,,0.80000000,0.20000000,0.34000000,0.68976133,0.80090252,0.24729730,0.14094650,0.55380448,0.64564862,0.35124760,0.47735192,0.19082377,0.08267954,0.12682847,0.12671947,0.64875240,0.52264808
split_12+4,2011,1999-2010,2011-2014,no_fs,19,19,,0.75000000,0.25000000,0.33000000,0.69316563,0.80683618,0.25281859,0.14483821,0.55778576,0.65503760,0.35508637,0.49128920,0.19628647,0.08493976,0.12380485,0.12663610,0.64491363,0.50871080
split_12+4,2011,1999-2010,2011-2014,no_fs,19,19,,0.70000000,0.30000000,0.31000000,0.69631249,0.81214676,0.25891678,0.15148515,0.57201014,0.68035296,0.37619962,0.53310105,0.19738167,0.08828621,0.13026068,0.13172155,0.62380038,0.46689895
split_12+4,2011,1999-2010,2011-2014,no_fs,19,19,,0.65000000,0.35000000,0.33000000,0.69906220,0.81678981,0.26458566,0.16685846,0.55276648,0.67098292,0.34165067,0.50522648,0.21588842,0.09993108,0.10566315,0.10887870,0.65834933,0.49477352
split_12+4,2011,1999-2010,2011-2014,no_fs,19,19,,0.60000000,0.40000000,0.34000000,0.70154515,0.82089227,0.27124183,0.18135377,0.53912338,0.66923403,0.31861804,0.49477352,0.23613087,0.11102424,0.08776661,0.09478950,0.68138196,0.50522648
split_12+4,2011,1999-2010,2011-2014,no_fs,19,19,,0.55000000,0.45000000,0.34000000,0.70376154,0.82438734,0.27204030,0.18898708,0.53397011,0.66492611,0.31094050,0.48432056,0.24179104,0.11739865,0.08302689,0.08711963,0.68905950,0.51567944
split_12+4,2011,1999-2010,2011-2014,no_fs,19,19,,0.50000000,0.50000000,0.28000000,0.70573018,0.82739963,0.27314326,0.17994580,0.57395591,0.71503508,0.37236084,0.57839721,0.21567538,0.10654685,0.11530604,0.11604835,0.62763916,0.42160279
split_12+4,2011,1999-2010,2011-2014,no_fs,19,19,,0.45000000,0.55000000,0.28000000,0.70743554,0.82992536,0.27769679,0.18689459,0.57111414,0.71365780,0.36564299,0.57142857,0.22385429,0.11171662,0.10795130,0.10871196,0.63435701,0.42857143
split_12+4,2011,1999-2010,2011-2014,no_fs,19,19,,0.40000000,0.60000000,0.30000000,0.70901307,0.83214522,0.28004856,0.19831497,0.55015116,0.69575840,0.33205374,0.53310105,0.24212736,0.12181529,0.08850208,0.09195498,0.66794626,0.46689895
split_12+4,2011,1999-2010,2011-2014,no_fs,19,19,,0.35000000,0.65000000,0.29000000,0.71042873,0.83410393,0.27780008,0.19584955,0.54965770,0.69116427,0.33205374,0.52613240,0.23878537,0.12031873,0.09013647,0.09203835,0.66794626,0.47386760
split_12+4,2011,1999-2010,2011-2014,no_fs,19,19,,0.30000000,0.70000000,0.28000000,0.71175396,0.83581167,0.27968127,0.19597664,0.55326680,0.69119600,0.33685221,0.52613240,0.23910082,0.12041467,0.09128054,0.09195498,0.66314779,0.47386760
split_12+4,2011,1999-2010,2011-2014,no_fs,19,19,,0.25000000,0.75000000,0.30000000,0.71305214,0.83735325,0.27940552,0.20548909,0.53884117,0.68323458,0.31573896,0.50871080,0.25057121,0.12874780,0.08041187,0.08236765,0.68426104,0.49128920
split_12+4,2011,1999-2010,2011-2014,no_fs,19,19,,0.20000000,0.80000000,0.30000000,0.71432028,0.83881699,0.27839453,0.20901933,0.53661709,0.68397904,0.31285988,0.50871080,0.25076923,0.13153153,0.07959467,0.08036682,0.68714012,0.49128920
split_12+4,2011,1999-2010,2011-2014,no_fs,19,19,,0.15000000,0.85000000,0.32000000,0.71559014,0.84017440,0.28032345,0.21423106,0.52733995,0.67232255,0.29942418,0.48780488,0.26351351,0.13725490,0.07125930,0.07336390,0.70057582,0.51219512
split_12+4,2011,1999-2010,2011-2014,no_fs,19,19,,0.10000000,0.90000000,0.31000000,0.71686958,0.84155651,0.27978817,0.21375187,0.53072952,0.67863143,0.30422265,0.49825784,0.25898693,0.13606089,0.07411947,0.07569821,0.69577735,0.50174216
split_12+4,2011,1999-2010,2011-2014,no_fs,19,19,,0.05000000,0.95000000,0.31000000,0.71817128,0.84336069,0.27849224,0.21321321,0.52839866,0.67640690,0.30134357,0.49477352,0.25886232,0.13588517,0.07346572,0.07528137,0.69865643,0.50522648
split_12+4,2011,1999-2010,2011-2014,no_fs,19,19,,0.00000000,1.00000000,0.30000000,0.71767940,0.84493045,0.27360140,0.20594634,0.52676499,0.67497231,0.30038388,0.49477352,0.25120385,0.13003663,0.07624418,0.07919967,0.69961612,0.50522648
split_12+4,2011,1999-2010,2011-2014,fs,19,9,"X1,X4,X6,X7,X9,X11,X12,X13",1.00000000,0.00000000,0.45000000,0.66327171,0.73699436,0.23881648,0.11634056,0.53532527,0.57925608,0.32533589,0.38327526,0.18864775,0.06857855,0.11914685,0.12455190,0.67466411,0.61672474
split_12+4,2011,1999-2010,2011-2014,fs,19,9,"X1,X4,X6,X7,X9,X11,X12,X13",0.95000000,0.05000000,0.43000000,0.66942489,0.74838020,0.24129610,0.12074303,0.54265282,0.59626382,0.33589251,0.40766551,0.18827327,0.07086614,0.12331454,0.12788662,0.66410749,0.59233449
split_12+4,2011,1999-2010,2011-2014,fs,19,9,"X1,X4,X6,X7,X9,X11,X12,X13",0.90000000,0.10000000,0.41000000,0.67489064,0.75847166,0.24697174,0.12424850,0.55427500,0.61234353,0.35220729,0.43205575,0.19015544,0.07255705,0.12772738,0.13213839,0.64779271,0.56794425
split_12+4,2011,1999-2010,2011-2014,fs,19,9,"X1,X4,X6,X7,X9,X11,X12,X13",0.85000000,0.15000000,0.41000000,0.67983039,0.76767497,0.25052338,0.13312034,0.55071139,0.61831174,0.34452975,0.43554007,0.19682018,0.07856694,0.11971889,0.12221759,0.65547025,0.56445993
split_12+4,2011,1999-2010,2011-2014,fs,19,9,"X1,X4,X6,X7,X9,X11,X12,X13",0.80000000,0.20000000,0.42000000,0.68431915,0.77605535,0.25279642,0.14209591,0.53920978,0.61108989,0.32533589,0.41811847,0.20670732,0.08559201,0.10631691,0.10687787,0.67466411,0.58188153
split_12+4,2011,1999-2010,2011-2014,fs,19,9,"X1,X4,X6,X7,X9,X11,X12,X13",0.75000000,0.25000000,0.42000000,0.68839461,0.78373422,0.25888717,0.14996849,0.53822028,0.61140022,0.32149712,0.41463415,0.21668823,0.09153846,0.09896216,0.09845769,0.67850288,0.58536585
split_12+4,2011,1999-2010,2011-2014,fs,19,9,"X1,X4,X6,X7,X9,X11,X12,X13",0.70000000,0.30000000,0.39000000,0.69203783,0.79061368,0.26023392,0.14916810,0.55162887,0.63473502,0.34165067,0.45296167,0.21015348,0.08928571,0.10934052,0.11054606,0.65834933,0.54703833
split_12+4,2011,1999-2010,2011-2014,fs,19,9,"X1,X4,X6,X7,X9,X11,X12,X13",0.65000000,0.35000000,0.37000000,0.69525127,0.79663710,0.26793920,0.15156507,0.56733874,0.65182485,0.36372361,0.48083624,0.21208730,0.08996089,0.11506088,0.11638183,0.63627639,0.51916376
split_12+4,2011,1999-2010,2011-2014,fs,19,9,"X1,X4,X6,X7,X9,X11,X12,X13",0.60000000,0.40000000,0.39000000,0.69796993,0.80206997,0.26903353,0.16914138,0.54446968,0.64296814,0.32725528,0.45644599,0.22839920,0.10380349,0.09414072,0.09428929,0.67274472,0.54355401
split_12+4,2011,1999-2010,2011-2014,fs,19,9,"X1,X4,X6,X7,X9,X11,X12,X13",0.55000000,0.45000000,0.39000000,0.70027537,0.80658143,0.27173474,0.18033898,0.54185100,0.65011982,0.32245681,0.46341463,0.23480084,0.11195286,0.08948272,0.08795331,0.67754319,0.53658537
split_12+4,2011,1999-2010,2011-2014,fs,19,9,"X1,X4,X6,X7,X9,X11,X12,X13",0.50000000,0.50000000,0.37000000,0.70218142,0.81039995,0.27297402,0.17734628,0.55235772,0.65783030,0.33781190,0.47735192,0.22901757,0.10890302,0.09683746,0.09345561,0.66218810,0.52264808
split_12+4,2011,1999-2010,2011-2014,fs,19,9,"X1,X4,X6,X7,X9,X11,X12,X13",0.45000000,0.55000000,0.34000000,0.70373652,0.81370315,0.27600849,0.16891496,0.57588490,0.66966534,0.37428023,0.50174216,0.21860987,0.10155148,0.11391681,0.10621092,0.62571977,0.49825784
split_12+4,2011,1999-2010,2011-2014,fs,19,9,"X1,X4,X6,X7,X9,X11,X12,X13",0.40000000,0.60000000,0.32000000,0.70492404,0.81632620,0.27475163,0.17062147,0.58173764,0.68389134,0.38483685,0.52613240,0.21363879,0.10182063,0.12061780,0.11104627,0.61516315,0.47386760
split_12+4,2011,1999-2010,2011-2014,fs,19,9,"X1,X4,X6,X7,X9,X11,X12,X13",0.35000000,0.65000000,0.29000000,0.70582805,0.81837961,0.27284264,0.16692268,0.59666855,0.70482592,0.41266795,0.56794425,0.20379147,0.09783914,0.13728855,0.12530221,0.58733205,0.43205575
split_12+4,2011,1999-2010,2011-2014,fs,19,9,"X1,X4,X6,X7,X9,X11,X12,X13",0.30000000,0.70000000,0.31000000,0.70644636,0.82000107,0.27078385,0.17573696,0.57947567,0.69321512,0.38291747,0.54006969,0.20944882,0.10494245,0.12306938,0.11021259,0.61708253,0.45993031
split_12+4,2011,1999-2010,2011-2014,fs,19,9,"X1,X4,X6,X7,X9,X11,X12,X13",0.25000000,0.75000000,0.34000000,0.70678100,0.82108922,0.26898851,0.18332272,0.55814903,0.67383736,0.34836852,0.50174216,0.21907061,0.11214953,0.10574487,0.09503960,0.65163148,0.49825784
split_12+4,2011,1999-2010,2011-2014,fs,19,9,"X1,X4,X6,X7,X9,X11,X12,X13",0.20000000,0.80000000,0.32000000,0.70689295,0.82189182,0.26988636,0.18051405,0.56845382,0.68699493,0.36468330,0.52613240,0.21420519,0.10894661,0.11391681,0.10295957,0.63531670,0.47386760
split_12+4,2011,1999-2010,2011-2014,fs,19,9,"X1,X4,X6,X7,X9,X11,X12,X13",0.15000000,0.85000000,0.32000000,0.70661368,0.82229994,0.26804861,0.18039687,0.56504002,0.68500264,0.35988484,0.52264808,0.21355353,0.10901163,0.11285446,0.10220925,0.64011516,0.47735192
split_12+4,2011,1999-2010,2011-2014,fs,19,9,"X1,X4,X6,X7,X9,X11,X12,X13",0.10000000,0.90000000,0.32000000,0.70591659,0.82226015,0.26461097,0.18006042,0.56057892,0.68293733,0.35412668,0.51916376,0.21121923,0.10891813,0.11260930,0.10162568,0.64587332,0.48083624
split_12+4,2011,1999-2010,2011-2014,fs,19,9,"X1,X4,X6,X7,X9,X11,X12,X13",0.05000000,0.95000000,0.31000000,0.70466869,0.82134106,0.26315789,0.17654028,0.56368513,0.68189083,0.35988484,0.51916376,0.20741150,0.10635261,0.11710387,0.10437682,0.64011516,0.48083624
split_12+4,2011,1999-2010,2011-2014,fs,19,9,"X1,X4,X6,X7,X9,X11,X12,X13",0.00000000,1.00000000,0.28000000,0.70281682,0.81621262,0.26138614,0.17334065,0.57497516,0.69805297,0.38003839,0.55052265,0.19919517,0.10286458,0.13009725,0.11488120,0.61996161,0.44947735
split_13+3,2012,1999-2011,2012-2014,no_fs,19,19,,1.00000000,0.00000000,0.40000000,0.68227775,0.77434587,0.24166099,0.13116531,0.54714328,0.60917552,0.34266409,0.42160279,0.18664564,0.07766367,0.12635792,0.11979992,0.65733591,0.57839721
split_13+3,2012,1999-2011,2012-2014,no_fs,19,19,,0.95000000,0.05000000,0.44000000,0.68571135,0.78330809,0.24637681,0.14705882,0.51750907,0.59005000,0.29536680,0.38327526,0.21132597,0.09098428,0.09327779,0.09162151,0.70463320,0.61672474
split_13+3,2012,1999-2011,2012-2014,no_fs,19,19,,0.90000000,0.10000000,0.42000000,0.68880184,0.79109617,0.25305479,0.14834092,0.52913339,0.59966164,0.30984556,0.39721254,0.21385743,0.09120000,0.09638161,0.09470613,0.69015444,0.60278746
split_13+3,2012,1999-2011,2012-2014,no_fs,19,19,,0.85000000,0.15000000,0.42000000,0.69156672,0.79805871,0.25811823,0.15395189,0.52289425,0.59656360,0.29922780,0.39024390,0.22693997,0.09589041,0.08625337,0.08803668,0.70077220,0.60975610
split_13+3,2012,1999-2011,2012-2014,no_fs,19,19,,0.80000000,0.20000000,0.40000000,0.69407252,0.80417392,0.26237624,0.15973154,0.52926681,0.61413618,0.30694981,0.41463415,0.22910663,0.09891937,0.08739688,0.09037099,0.69305019,0.58536585
split_13+3,2012,1999-2011,2012-2014,no_fs,19,19,,0.75000000,0.25000000,0.38000000,0.69637003,0.80982552,0.26845093,0.16276042,0.53927557,0.62827341,0.31949807,0.43554007,0.23146853,0.10008006,0.08976558,0.09370571,0.68050193,0.56445993
split_13+3,2012,1999-2011,2012-2014,no_fs,19,19,,0.70000000,0.30000000,0.37000000,0.69842447,0.81491010,0.27250206,0.17234469,0.53949818,0.63950767,0.31853282,0.44947735,0.23809524,0.10661157,0.08625337,0.09012088,0.68146718,0.55052265
split_13+3,2012,1999-2011,2012-2014,no_fs,19,19,,0.65000000,0.35000000,0.35000000,0.70024026,0.81946688,0.27468509,0.17589577,0.54524137,0.65325113,0.32625483,0.47038328,0.23719298,0.10817308,0.08878543,0.09278866,0.67374517,0.52961672
split_13+3,2012,1999-2011,2012-2014,no_fs,19,19,,0.60000000,0.40000000,0.32000000,0.70184065,0.82343863,0.27718224,0.18485391,0.56104610,0.69603473,0.34942085,0.54006969,0.22969543,0.11151079,0.09915870,0.10295957,0.65057915,0.45993031
split_13+3,2012,1999-2011,2012-2014,no_fs,19,19,,0.55000000,0.45000000,0.30000000,0.70322191,0.82686718,0.27875609,0.18677494,0.56752943,0.70802566,0.35907336,0.56097561,0.22780159,0.11203897,0.10299763,0.10637766,0.64092664,0.43902439
split_13+3,2012,1999-2011,2012-2014,no_fs,19,19,,0.50000000,0.50000000,0.28000000,0.70443240,0.82959973,0.27796113,0.18602029,0.57151252,0.71522741,0.36583012,0.57491289,0.22412774,0.11096167,0.10716328,0.11021259,0.63416988,0.42508711
split_13+3,2012,1999-2011,2012-2014,no_fs,19,19,,0.45000000,0.55000000,0.28000000,0.70549833,0.83189628,0.27968750,0.19574468,0.55915059,0.71062998,0.34555985,0.56097561,0.23490814,0.11855670,0.09523810,0.09979158,0.65444015,0.43902439
split_13+3,2012,1999-2011,2012-2014,no_fs,19,19,,0.40000000,0.60000000,0.26000000,0.70635202,0.83393284,0.28125000,0.19952494,0.56631620,0.72483767,0.35617761,0.58536585,0.23236776,0.12025770,0.09956710,0.10245936,0.64382239,0.41463415
split_13+3,2012,1999-2011,2012-2014,no_fs,19,19,,0.35000000,0.65000000,0.24000000,0.70709375,0.83548517,0.28159645,0.19096627,0.57362102,0.72045863,0.36776062,0.58188153,0.22814371,0.11422709,0.10528465,0.10796165,0.63223938,0.41811847
split_13+3,2012,1999-2011,2012-2014,no_fs,19,19,,0.30000000,0.70000000,0.24000000,0.70772078,0.83679379,0.28174450,0.19914997,0.56397872,0.71725341,0.35231660,0.57142857,0.23472669,0.12058824,0.09719840,0.09970821,0.64768340,0.42857143
split_13+3,2012,1999-2011,2012-2014,no_fs,19,19,,0.25000000,0.75000000,0.24000000,0.70830113,0.83781221,0.27846093,0.19610308,0.55445619,0.70109367,0.33880309,0.54355401,0.23636364,0.11963190,0.09262436,0.09570654,0.66119691,0.45644599
split_13+3,2012,1999-2011,2012-2014,no_fs,19,19,,0.20000000,0.80000000,0.24000000,0.70888755,0.83881699,0.27563843,0.20128205,0.54675408,0.70437388,0.32818533,0.54703833,0.23759609,0.12333071,0.08911215,0.09303877,0.67181467,0.45296167
split_13+3,2012,1999-2011,2012-2014,no_fs,19,19,,0.15000000,0.85000000,0.22000000,0.70943163,0.83966868,0.27518620,0.19422250,0.55370703,0.70446686,0.33880309,0.55052265,0.23168317,0.11791045,0.09507474,0.09854106,0.66119691,0.44947735
split_13+3,2012,1999-2011,2012-2014,no_fs,19,19,,0.10000000,0.90000000,0.20000000,0.70999148,0.84036322,0.26879271,0.19008264,0.55405698,0.70901577,0.34169884,0.56097561,0.22152691,0.11442786,0.10160908,0.10387662,0.65830116,0.43902439
split_13+3,2012,1999-2011,2012-2014,no_fs,19,19,,0.05000000,0.95000000,0.23000000,0.71055117,0.84085123,0.26666667,0.20392157,0.53154594,0.70306227,0.30888031,0.54355401,0.23460411,0.12550282,0.08527322,0.09062109,0.69111969,0.45644599
split_13+3,2012,1999-2011,2012-2014,no_fs,19,19,,0.00000000,1.00000000,0.21000000,0.70761119,0.83802833,0.26237425,0.19536631,0.53461039,0.70089974,0.31467181,0.54355401,0.22498275,0.11908397,0.09172588,0.09620675,0.68532819,0.45644599
split_13+3,2012,1999-2011,2012-2014,fs,19,9,"X1,X4,X6,X7,X9,X11,X12,X13",1.00000000,0.00000000,0.42000000,0.67038308,0.74187561,0.24474660,0.12001875,0.57089106,0.61815458,0.38223938,0.44599303,0.18000000,0.06933911,0.14734951,0.14322634,0.61776062,0.55400697
split_13+3,2012,1999-2011,2012-2014,fs,19,9,"X1,X4,X6,X7,X9,X11,X12,X13",0.95000000,0.05000000,0.40000000,0.67586048,0.75267831,0.24795888,0.12123974,0.57930682,0.62839315,0.39575290,0.46341463,0.18053721,0.06974305,0.15200523,0.14789496,0.60424710,0.53658537
split_13+3,2012,1999-2011,2012-2014,fs,19,9,"X1,X4,X6,X7,X9,X11,X12,X13",0.90000000,0.10000000,0.45000000,0.68064518,0.76235249,0.25294985,0.14166667,0.54316982,0.60876553,0.33108108,0.41463415,0.20465394,0.08542714,0.10887854,0.10621092,0.66891892,0.58536585
split_13+3,2012,1999-2011,2012-2014,fs,19,9,"X1,X4,X6,X7,X9,X11,X12,X13",0.85000000,0.15000000,0.46000000,0.68487903,0.77101115,0.25757576,0.15250836,0.53152236,0.60082019,0.31177606,0.39721254,0.21942935,0.09437086,0.09384955,0.09120467,0.68822394,0.60278746
split_13+3,2012,1999-2011,2012-2014,fs,19,9,"X1,X4,X6,X7,X9,X11,X12,X13",0.80000000,0.20000000,0.44000000,0.68861775,0.77907868,0.26338413,0.15013055,0.54201312,0.60245236,0.32528958,0.40069686,0.22127380,0.09236948,0.09687168,0.09420592,0.67471042,0.59930314
split_13+3,2012,1999-2011,2012-2014,fs,19,9,"X1,X4,X6,X7,X9,X11,X12,X13",0.75000000,0.25000000,0.43000000,0.69198426,0.78648188,0.26550079,0.16010674,0.54057035,0.61648506,0.32239382,0.41811847,0.22567568,0.09900990,0.09360451,0.09103793,0.67760618,0.58188153
split_13+3,2012,1999-2011,2012-2014,fs,19,9,"X1,X4,X6,X7,X9,X11,X12,X13",0.70000000,0.30000000,0.44000000,0.69488001,0.79316120,0.27336245,0.17463933,0.52811198,0.60838392,0.30212355,0.40069686,0.24960128,0.11165049,0.07686025,0.07628178,0.69787645,0.59930314
split_13+3,2012,1999-2011,2012-2014,fs,19,9,"X1,X4,X6,X7,X9,X11,X12,X13",0.65000000,0.35000000,0.37000000,0.69744487,0.79917184,0.27197704,0.16087963,0.56994185,0.65707676,0.36583012,0.48432056,0.21644774,0.09646079,0.11206404,0.10854523,0.63416988,0.51567944
split_13+3,2012,1999-2011,2012-2014,fs,19,9,"X1,X4,X6,X7,X9,X11,X12,X13",0.60000000,0.40000000,0.43000000,0.69950940,0.80448721,0.27611940,0.18540773,0.51649267,0.59342246,0.28571429,0.37630662,0.26714801,0.12300683,0.06632361,0.06419341,0.71428571,0.62369338
split_13+3,2012,1999-2011,2012-2014,fs,19,9,"X1,X4,X6,X7,X9,X11,X12,X13",0.55000000,0.45000000,0.40000000,0.70120993,0.80901828,0.27826855,0.19273302,0.53045241,0.62826439,0.30405405,0.42508711,0.25651466,0.12461696,0.07457323,0.07144644,0.69594595,0.57491289
split_13+3,2012,1999-2011,2012-2014,fs,19,9,"X1,X4,X6,X7,X9,X11,X12,X13",0.50000000,0.50000000,0.41000000,0.70242849,0.81269373,0.27738599,0.20068611,0.51598021,0.61787374,0.28474903,0.40766551,0.27039413,0.13310580,0.06501674,0.06352647,0.71525097,0.59233449
split_13+3,2012,1999-2011,2012-2014,fs,19,9,"X1,X4,X6,X7,X9,X11,X12,X13",0.45000000,0.55000000,0.33000000,0.70326799,0.81566564,0.27583643,0.18136952,0.56619813,0.67934481,0.35810811,0.51219512,0.22430472,0.11019490,0.10479458,0.09895790,0.64189189,0.48780488
split_13+3,2012,1999-2011,2012-2014,fs,19,9,"X1,X4,X6,X7,X9,X11,X12,X13",0.40000000,0.60000000,0.36000000,0.70373406,0.81799559,0.27670311,0.19259259,0.53971442,0.64631975,0.31756757,0.45296167,0.24515648,0.12229539,0.08274116,0.07778241,0.68243243,0.54703833
split_13+3,2012,1999-2011,2012-2014,fs,19,9,"X1,X4,X6,X7,X9,X11,X12,X13",0.35000000,0.65000000,0.27000000,0.70380719,0.81978873,0.27419355,0.16910230,0.59608133,0.70386500,0.41023166,0.56445993,0.20591085,0.09944751,0.13387242,0.12230096,0.58976834,0.43554007
split_13+3,2012,1999-2011,2012-2014,fs,19,9,"X1,X4,X6,X7,X9,X11,X12,X13",0.30000000,0.70000000,0.32000000,0.70356503,0.82106627,0.27031190,0.18971276,0.55255634,0.67135707,0.33880309,0.49477352,0.22485586,0.11735537,0.09883199,0.08903710,0.66119691,0.50522648
split_13+3,2012,1999-2011,2012-2014,fs,19,9,"X1,X4,X6,X7,X9,X11,X12,X13",0.25000000,0.75000000,0.31000000,0.70296390,0.82197518,0.27213987,0.18762215,0.55735572,0.67495381,0.34555985,0.50174216,0.22445141,0.11538462,0.10103733,0.09203835,0.65444015,0.49825784
split_13+3,2012,1999-2011,2012-2014,fs,19,9,"X1,X4,X6,X7,X9,X11,X12,X13",0.20000000,0.80000000,0.30000000,0.70191342,0.82266450,0.27105953,0.18586887,0.55954342,0.67856315,0.34942085,0.50871080,0.22140673,0.11370717,0.10397778,0.09487286,0.65057915,0.49128920
split_13+3,2012,1999-2011,2012-2014,fs,19,9,"X1,X4,X6,X7,X9,X11,X12,X13",0.15000000,0.85000000,0.29000000,0.70036605,0.82302527,0.26794967,0.18557994,0.55875226,0.68250249,0.34942085,0.51567944,0.21728691,0.11314985,0.10650984,0.09670696,0.65057915,0.48432056
split_13+3,2012,1999-2011,2012-2014,fs,19,9,"X1,X4,X6,X7,X9,X11,X12,X13",0.10000000,0.90000000,0.30000000,0.69797815,0.82299768,0.26936284,0.18991487,0.55357559,0.67757313,0.34073359,0.50522648,0.22271293,0.11693548,0.10062893,0.09128804,0.65926641,0.49477352
split_13+3,2012,1999-2011,2012-2014,fs,19,9,"X1,X4,X6,X7,X9,X11,X12,X13",0.05000000,0.95000000,0.29000000,0.69391279,0.82162632,0.26933233,0.18761966,0.55604551,0.68103980,0.34459459,0.51219512,0.22105263,0.11484375,0.10275259,0.09445602,0.65540541,0.48780488
split_13+3,2012,1999-2011,2012-2014,fs,19,9,"X1,X4,X6,X7,X9,X11,X12,X13",0.00000000,1.00000000,0.33000000,0.68358722,0.81541147,0.26650165,0.19278882,0.53353082,0.64856619,0.31177606,0.45644599,0.23270893,0.12220149,0.08698848,0.07844935,0.68822394,0.54355401
split_14+2,2013,1999-2012,2013-2014,no_fs,19,19,,1.00000000,0.00000000,0.42000000,0.68286702,0.77602340,0.24461482,0.14244016,0.53452214,0.61552827,0.32149712,0.42508711,0.19740719,0.08555400,0.11130179,0.10871196,0.67850288,0.57491289
split_14+2,2013,1999-2012,2013-2014,no_fs,19,19,,0.95000000,0.05000000,0.42000000,0.68692037,0.78470951,0.24876002,0.14613003,0.52992904,0.60800899,0.31285988,0.41114983,0.20645978,0.08885542,0.10239438,0.10087536,0.68714012,0.58885017
split_14+2,2013,1999-2012,2013-2014,no_fs,19,19,,0.90000000,0.10000000,0.45000000,0.69044999,0.79188018,0.25416301,0.15805022,0.50666035,0.58564843,0.27831094,0.37282230,0.23387097,0.10028116,0.07763341,0.08003335,0.72168906,0.62717770
split_14+2,2013,1999-2012,2013-2014,no_fs,19,19,,0.85000000,0.15000000,0.43000000,0.69359038,0.79816416,0.26297578,0.15982721,0.51837814,0.59565625,0.29174664,0.38675958,0.23937008,0.10072595,0.07894092,0.08261776,0.70825336,0.61324042
split_14+2,2013,1999-2012,2013-2014,no_fs,19,19,,0.80000000,0.20000000,0.43000000,0.69639480,0.80372150,0.26800365,0.17034700,0.51221746,0.59069358,0.28214971,0.37630662,0.25520833,0.11009174,0.07011522,0.07278033,0.71785029,0.62369338
split_14+2,2013,1999-2012,2013-2014,no_fs,19,19,,0.75000000,0.25000000,0.38000000,0.69885783,0.80874784,0.27224705,0.16429495,0.54131108,0.63304659,0.32149712,0.44250871,0.23608175,0.10087371,0.08858380,0.09437266,0.67850288,0.55749129
split_14+2,2013,1999-2012,2013-2014,no_fs,19,19,,0.70000000,0.30000000,0.37000000,0.70108323,0.81310709,0.27743271,0.16622340,0.54242623,0.62919743,0.32149712,0.43554007,0.24399126,0.10271159,0.08482471,0.09103793,0.67850288,0.56445993
split_14+2,2013,1999-2012,2013-2014,no_fs,19,19,,0.65000000,0.35000000,0.35000000,0.70305587,0.81697833,0.27897519,0.17057292,0.54798186,0.64335271,0.32917466,0.45644599,0.24206069,0.10488391,0.08776661,0.09320550,0.67082534,0.54355401
split_14+2,2013,1999-2012,2013-2014,no_fs,19,19,,0.60000000,0.40000000,0.37000000,0.70475558,0.82039119,0.28465116,0.19010819,0.52385062,0.63006892,0.29366603,0.42857143,0.27617329,0.12214499,0.06553894,0.07369737,0.70633397,0.57142857
split_14+2,2013,1999-2012,2013-2014,no_fs,19,19,,0.55000000,0.45000000,0.36000000,0.70620041,0.82329891,0.28772920,0.19070134,0.52437718,0.62557188,0.29366603,0.42160279,0.28202765,0.12321792,0.06365939,0.07177991,0.70633397,0.57839721
split_14+2,2013,1999-2012,2013-2014,no_fs,19,19,,0.50000000,0.50000000,0.35000000,0.70744369,0.82588390,0.29198473,0.19123506,0.52508606,0.62334510,0.29366603,0.41811847,0.29032258,0.12396694,0.06112609,0.07069612,0.70633397,0.58188153
split_14+2,2013,1999-2012,2013-2014,no_fs,19,19,,0.45000000,0.55000000,0.31000000,0.70846323,0.82811218,0.29339207,0.18450704,0.54424644,0.64677420,0.31957774,0.45644599,0.27117264,0.11562224,0.07313884,0.08353481,0.68042226,0.54355401
split_14+2,2013,1999-2012,2013-2014,no_fs,19,19,,0.40000000,0.60000000,0.29000000,0.70926787,0.83010662,0.29270386,0.18591934,0.54948118,0.65786165,0.32725528,0.47386760,0.26475155,0.11564626,0.07738825,0.08670279,0.67274472,0.52613240
split_14+2,2013,1999-2012,2013-2014,no_fs,19,19,,0.35000000,0.65000000,0.26000000,0.70990610,0.83176149,0.29105691,0.18401015,0.56018671,0.67604843,0.34357006,0.50522648,0.25246827,0.11249030,0.08662254,0.09537307,0.65642994,0.49477352
split_14+2,2013,1999-2012,2013-2014,no_fs,19,19,,0.30000000,0.70000000,0.23000000,0.71037845,0.83319095,0.29206593,0.18095801,0.57463482,0.69101526,0.36564299,0.53310105,0.24313976,0.10897436,0.09691918,0.10429346,0.63435701,0.46689895
split_14+2,2013,1999-2012,2013-2014,no_fs,19,19,,0.25000000,0.75000000,0.22000000,0.71065522,0.83449085,0.29334365,0.18214075,0.57372071,0.69330207,0.36372361,0.53658537,0.24578470,0.10968661,0.09503963,0.10421009,0.63627639,0.46341463
split_14+2,2013,1999-2012,2013-2014,no_fs,19,19,,0.20000000,0.80000000,0.20000000,0.71078756,0.83578349,0.29384966,0.17286777,0.57864375,0.68462852,0.37140115,0.52613240,0.24309045,0.10342466,0.09847185,0.10912880,0.62859885,0.47386760
split_14+2,2013,1999-2012,2013-2014,no_fs,19,19,,0.15000000,0.85000000,0.17000000,0.71087034,0.83709676,0.29252438,0.16587427,0.58880033,0.69350985,0.38867562,0.54703833,0.23451071,0.09775841,0.10803301,0.12080033,0.61132438,0.45296167
split_14+2,2013,1999-2012,2013-2014,no_fs,19,19,,0.10000000,0.90000000,0.16000000,0.71109393,0.83833334,0.29169675,0.16605360,0.58801908,0.69541805,0.38771593,0.55052265,0.23379630,0.09777228,0.10819645,0.12155065,0.61228407,0.44947735
split_14+2,2013,1999-2012,2013-2014,no_fs,19,19,,0.05000000,0.95000000,0.16000000,0.71168361,0.83899476,0.28791774,0.16630670,0.58014839,0.68808834,0.37619962,0.53658537,0.23319453,0.09840256,0.10533628,0.11763235,0.62380038,0.46341463
split_14+2,2013,1999-2012,2013-2014,no_fs,19,19,,0.00000000,1.00000000,0.17000000,0.71149586,0.83004911,0.28625954,0.16515837,0.56965352,0.67237871,0.35988484,0.50871080,0.23764259,0.09858204,0.09830841,0.11129637,0.64011516,0.49128920
split_14+2,2013,1999-2012,2013-2014,fs,19,9,"X1,X4,X6,X7,X9,X11,X12,X13",1.00000000,0.00000000,0.51000000,0.66832709,0.72882197,0.24237428,0.13636364,0.50696891,0.56061761,0.28214971,0.34494774,0.21242775,0.08497854,0.08907412,0.08887036,0.71785029,0.65505226
split_14+2,2013,1999-2012,2013-2014,fs,19,9,"X1,X4,X6,X7,X9,X11,X12,X13",0.95000000,0.05000000,0.49000000,0.67413803,0.74037789,0.24817518,0.14189189,0.51656174,0.57677474,0.29366603,0.36585366,0.21488764,0.08801341,0.09136226,0.09070446,0.70633397,0.63414634
split_14+2,2013,1999-2012,2013-2014,fs,19,9,"X1,X4,X6,X7,X9,X11,X12,X13",0.90000000,0.10000000,0.48000000,0.67917303,0.75015490,0.25154131,0.14225352,0.51732773,0.56713222,0.29366603,0.35191638,0.21998562,0.08914387,0.08866552,0.08603585,0.70633397,0.64808362
split_14+2,2013,1999-2012,2013-2014,fs,19,9,"X1,X4,X6,X7,X9,X11,X12,X13",0.85000000,0.15000000,0.45000000,0.68371778,0.75888240,0.25791325,0.14257685,0.53476967,0.58644471,0.31669866,0.37979094,0.21753461,0.08776167,0.09700090,0.09445602,0.68330134,0.62020906
split_14+2,2013,1999-2012,2013-2014,fs,19,9,"X1,X4,X6,X7,X9,X11,X12,X13",0.80000000,0.20000000,0.43000000,0.68774744,0.76678175,0.26228240,0.14358974,0.54159584,0.59369358,0.32533589,0.39024390,0.21970188,0.08798115,0.09839013,0.09679033,0.67466411,0.60975610
split_14+2,2013,1999-2012,2013-2014,fs,19,9,"X1,X4,X6,X7,X9,X11,X12,X13",0.75000000,0.25000000,0.48000000,0.69131961,0.77397754,0.26569343,0.16845878,0.49613772,0.55448787,0.26199616,0.32752613,0.26949654,0.11338963,0.06047234,0.06127553,0.73800384,0.67247387
split_14+2,2013,1999-2012,2013-2014,fs,19,9,"X1,X4,X6,X7,X9,X11,X12,X13",0.70000000,0.30000000,0.41000000,0.69448909,0.78036537,0.27258193,0.15416098,0.54527952,0.59894695,0.32725528,0.39372822,0.23356164,0.09584394,0.09144398,0.08887036,0.67274472,0.60627178
split_14+2,2013,1999-2012,2013-2014,fs,19,9,"X1,X4,X6,X7,X9,X11,X12,X13",0.65000000,0.35000000,0.42000000,0.69726140,0.78608567,0.27738516,0.16348358,0.52818890,0.58684133,0.30134357,0.37282230,0.25695581,0.10469667,0.07420119,0.07628178,0.69865643,0.62717770
split_14+2,2013,1999-2012,2013-2014,fs,19,9,"X1,X4,X6,X7,X9,X11,X12,X13",0.60000000,0.40000000,0.40000000,0.69958640,0.79115601,0.28335506,0.16654275,0.53759291,0.59955554,0.31285988,0.39024390,0.25893566,0.10586011,0.07624418,0.07886619,0.68714012,0.60975610
split_14+2,2013,1999-2012,2013-2014,fs,19,9,"X1,X4,X6,X7,X9,X11,X12,X13",0.55000000,0.45000000,0.39000000,0.70149724,0.79555172,0.28821726,0.17404351,0.54056225,0.61060960,0.31573896,0.40418118,0.26510878,0.11089866,0.07452807,0.07753231,0.68426104,0.59581882
split_14+2,2013,1999-2012,2013-2014,fs,19,9,"X1,X4,X6,X7,X9,X11,X12,X13",0.50000000,0.50000000,0.39000000,0.70300967,0.79935658,0.28377153,0.17679558,0.52867213,0.60166809,0.30038388,0.39024390,0.26890034,0.11428571,0.06954319,0.07236348,0.69961612,0.60975610
split_14+2,2013,1999-2012,2013-2014,fs,19,9,"X1,X4,X6,X7,X9,X11,X12,X13",0.45000000,0.55000000,0.32000000,0.70417131,0.80264222,0.28421447,0.16296296,0.57156664,0.64333488,0.36372361,0.45993031,0.23323077,0.09902476,0.10182234,0.10012505,0.63627639,0.54006969
split_14+2,2013,1999-2012,2013-2014,fs,19,9,"X1,X4,X6,X7,X9,X11,X12,X13",0.40000000,0.60000000,0.33000000,0.70506599,0.80566060,0.28184713,0.17112299,0.55565114,0.63702413,0.33973129,0.44599303,0.24081633,0.10587262,0.09119882,0.09012088,0.66026871,0.55400697
split_14+2,2013,1999-2012,2013-2014,fs,19,9,"X1,X4,X6,X7,X9,X11,X12,X13",0.35000000,0.65000000,0.35000000,0.70575276,0.80827755,0.27844828,0.17391304,0.53459263,0.61058201,0.30998081,0.40418118,0.25273865,0.11079274,0.07804200,0.07761567,0.69001919,0.59581882
split_14+2,2013,1999-2012,2013-2014,fs,19,9,"X1,X4,X6,X7,X9,X11,X12,X13",0.30000000,0.70000000,0.37000000,0.70618700,0.81054824,0.27767528,0.17190083,0.51903039,0.58105707,0.28886756,0.36236934,0.26731794,0.11267606,0.06741848,0.06827845,0.71113244,0.63763066
split_14+2,2013,1999-2012,2013-2014,fs,19,9,"X1,X4,X6,X7,X9,X11,X12,X13",0.25000000,0.75000000,0.38000000,0.70644181,0.81268763,0.27488152,0.17682403,0.51050620,0.57939396,0.27831094,0.35888502,0.27153558,0.11731207,0.06357767,0.06461025,0.72168906,0.64111498
split_14+2,2013,1999-2012,2013-2014,fs,19,9,"X1,X4,X6,X7,X9,X11,X12,X13",0.20000000,0.80000000,0.39000000,0.70650847,0.81442166,0.27374574,0.17647059,0.50357351,0.56901856,0.26967370,0.34494774,0.27794263,0.11856287,0.05965514,0.06135890,0.73032630,0.65505226
split_14+2,2013,1999-2012,2013-2014,fs,19,9,"X1,X4,X6,X7,X9,X11,X12,X13",0.15000000,0.85000000,0.30000000,0.70630456,0.81596368,0.27454110,0.16318274,0.54764823,0.61953084,0.33013436,0.42160279,0.23497268,0.10117057,0.09152570,0.08962068,0.66986564,0.57839721
split_14+2,2013,1999-2012,2013-2014,fs,19,9,"X1,X4,X6,X7,X9,X11,X12,X13",0.10000000,0.90000000,0.29000000,0.70559136,0.81732081,0.27205018,0.16105611,0.54899105,0.62120199,0.33301344,0.42508711,0.22995361,0.09934853,0.09495791,0.09220509,0.66698656,0.57491289
split_14+2,2013,1999-2012,2013-2014,fs,19,9,"X1,X4,X6,X7,X9,X11,X12,X13",0.05000000,0.95000000,0.28000000,0.70429342,0.81820125,0.27079304,0.16170763,0.55058691,0.62798438,0.33589251,0.43554007,0.22683085,0.09928515,0.09749122,0.09453939,0.66410749,0.56445993
split_14+2,2013,1999-2012,2013-2014,fs,19,9,"X1,X4,X6,X7,X9,X11,X12,X13",0.00000000,1.00000000,0.34000000,0.70031458,0.81225453,0.27188737,0.17579029,0.52364285,0.60625213,0.29654511,0.39721254,0.25101543,0.11287129,0.07534526,0.07469779,0.70345489,0.60278746
split_15+1,2014,1999-2013,2014-2014,no_fs,19,19,,1.00000000,0.00000000,0.37000000,0.68018734,0.78095809,0.24513739,0.13359337,0.56830584,0.64234257,0.37845567,0.47735192,0.18127854,0.07766440,0.14660670,0.13563985,0.62154433,0.52264808
split_15+1,2014,1999-2013,2014-2014,no_fs,19,19,,0.95000000,0.05000000,0.35000000,0.68327722,0.78847633,0.24712296,0.13802951,0.57468831,0.65949117,0.38894185,0.50522648,0.18109188,0.07993385,0.15085854,0.13914131,0.61105815,0.49477352
split_15+1,2014,1999-2013,2014-2014,no_fs,19,19,,0.90000000,0.10000000,0.37000000,0.68595314,0.79468507,0.24957955,0.14316703,0.55566188,0.63662455,0.35367016,0.45993031,0.19282744,0.08477842,0.12698283,0.11879950,0.64632984,0.54006969
split_15+1,2014,1999-2013,2014-2014,no_fs,19,19,,0.85000000,0.15000000,0.37000000,0.68838765,0.79996471,0.25000000,0.14908257,0.54473292,0.63470527,0.33555767,0.45296167,0.19920770,0.08922443,0.11569910,0.11062943,0.66444233,0.54703833
split_15+1,2014,1999-2013,2014-2014,no_fs,19,19,,0.80000000,0.20000000,0.35000000,0.69057203,0.80453862,0.25296995,0.15085968,0.55149623,0.64757247,0.34509056,0.47386760,0.19966906,0.08970976,0.11864268,0.11504794,0.65490944,0.52613240
split_15+1,2014,1999-2013,2014-2014,no_fs,19,19,,0.75000000,0.25000000,0.32000000,0.69258189,0.80865343,0.25728314,0.14899121,0.57029060,0.66250629,0.37464252,0.50174216,0.19591226,0.08748481,0.13188880,0.12521884,0.62535748,0.49825784
split_15+1,2014,1999-2013,2014-2014,no_fs,19,19,,0.70000000,0.30000000,0.41000000,0.69440603,0.81232424,0.25965251,0.19283276,0.49053549,0.60694960,0.25643470,0.39372822,0.26295210,0.12768362,0.06165168,0.06436015,0.74356530,0.60627178
split_15+1,2014,1999-2013,2014-2014,no_fs,19,19,,0.65000000,0.35000000,0.40000000,0.69611868,0.81537807,0.26302730,0.19713262,0.48799771,0.60025087,0.25262154,0.38327526,0.27432712,0.13268999,0.05731807,0.05994164,0.74737846,0.61672474
split_15+1,2014,1999-2013,2014-2014,no_fs,19,19,,0.60000000,0.40000000,0.37000000,0.69768171,0.81801389,0.26288416,0.19071310,0.49793471,0.61142373,0.26501430,0.40069686,0.26078799,0.12513602,0.06443173,0.06702793,0.73498570,0.59930314
split_15+1,2014,1999-2013,2014-2014,no_fs,19,19,,0.55000000,0.45000000,0.35000000,0.69909706,0.82032699,0.26462396,0.19333875,0.50345920,0.62138246,0.27168732,0.41463415,0.25791855,0.12605932,0.06704824,0.06877866,0.72831268,0.58536585
split_15+1,2014,1999-2013,2014-2014,no_fs,19,19,,0.50000000,0.50000000,0.31000000,0.70042052,0.82225085,0.26318045,0.19290780,0.51892235,0.65945109,0.29265968,0.47386760,0.23909657,0.12110419,0.07988553,0.08228429,0.70734032,0.52613240
split_15+1,2014,1999-2013,2014-2014,no_fs,19,19,,0.45000000,0.55000000,0.28000000,0.70168268,0.82365242,0.26606998,0.19329389,0.53305422,0.68248036,0.31172545,0.51219512,0.23207949,0.11912480,0.08847097,0.09062109,0.68827455,0.48780488
split_15+1,2014,1999-2013,2014-2014,no_fs,19,19,,0.40000000,0.60000000,0.23000000,0.70282619,0.82462670,0.26916284,0.17250674,0.56709484,0.70146398,0.36320305,0.55749129,0.21380471,0.10204082,0.11455437,0.11738224,0.63679695,0.44250871
split_15+1,2014,1999-2013,2014-2014,no_fs,19,19,,0.35000000,0.65000000,0.23000000,0.70393327,0.82541332,0.27082541,0.18246027,0.55263550,0.69532281,0.33937083,0.54006969,0.22531646,0.10977337,0.10008177,0.10479366,0.66062917,0.45993031
split_15+1,2014,1999-2013,2014-2014,no_fs,19,19,,0.30000000,0.70000000,0.21000000,0.70496193,0.82589174,0.26972201,0.17191011,0.55420227,0.68814723,0.34223070,0.53310105,0.22256665,0.10247823,0.10253475,0.11171321,0.65776930,0.46689895
split_15+1,2014,1999-2013,2014-2014,no_fs,19,19,,0.25000000,0.75000000,0.16000000,0.70593448,0.82623567,0.26998689,0.15958451,0.58451820,0.71222218,0.39275500,0.58885017,0.20569146,0.09229929,0.13008994,0.13855773,0.60724500,0.41114983
split_15+1,2014,1999-2013,2014-2014,no_fs,19,19,,0.20000000,0.80000000,0.13000000,0.70702444,0.82660661,0.26744543,0.15391420,0.59556649,0.71783919,0.41468065,0.60627178,0.19736842,0.08814590,0.14464432,0.15006253,0.58531935,0.39372822
split_15+1,2014,1999-2013,2014-2014,no_fs,19,19,,0.15000000,0.85000000,0.10000000,0.70832464,0.82675447,0.26712723,0.14850686,0.60942757,0.73064616,0.44232602,0.64111498,0.19134021,0.08397992,0.16034342,0.16731972,0.55767398,0.35888502
split_15+1,2014,1999-2013,2014-2014,no_fs,19,19,,0.10000000,0.90000000,0.07000000,0.70995934,0.82646951,0.26193001,0.14059120,0.62056062,0.74136017,0.47092469,0.67944251,0.18141755,0.07840772,0.18225675,0.19107962,0.52907531,0.32055749
split_15+1,2014,1999-2013,2014-2014,no_fs,19,19,,0.05000000,0.95000000,0.17000000,0.71237705,0.82520650,0.25786164,0.17129356,0.53182948,0.67239383,0.31267874,0.50522648,0.21939799,0.10312945,0.09542110,0.10512714,0.68732126,0.49477352
split_15+1,2014,1999-2013,2014-2014,no_fs,19,19,,0.00000000,1.00000000,0.16000000,0.70809025,0.81380250,0.25604996,0.16578483,0.53139665,0.66268384,0.31267874,0.49128920,0.21678784,0.09971711,0.09689289,0.10612755,0.68732126,0.50871080
split_15+1,2014,1999-2013,2014-2014,fs,19,9,"X1,X4,X6,X7,X9,X11,X12,X13",1.00000000,0.00000000,0.48000000,0.67082905,0.74892123,0.24726477,0.13510253,0.53608478,0.59100232,0.32316492,0.39024390,0.20023627,0.08169220,0.11071137,0.10496040,0.67683508,0.60975610
split_15+1,2014,1999-2013,2014-2014,fs,19,9,"X1,X4,X6,X7,X9,X11,X12,X13",0.95000000,0.05000000,0.50000000,0.67444999,0.75536410,0.25112474,0.14851485,0.51633350,0.57851719,0.29265968,0.36585366,0.21991404,0.09316770,0.08904334,0.08520217,0.70734032,0.63414634
split_15+1,2014,1999-2013,2014-2014,fs,19,9,"X1,X4,X6,X7,X9,X11,X12,X13",0.90000000,0.10000000,0.44000000,0.67769682,0.76114409,0.25260136,0.13856813,0.54546277,0.60986226,0.33555767,0.41811847,0.20253165,0.08304498,0.11332788,0.11046269,0.66444233,0.58188153
split_15+1,2014,1999-2013,2014-2014,fs,19,9,"X1,X4,X6,X7,X9,X11,X12,X13",0.85000000,0.15000000,0.46000000,0.68074501,0.76631465,0.25554212,0.15352697,0.52406287,0.59411152,0.30219256,0.38675958,0.22136872,0.09577222,0.09116926,0.08736974,0.69780744,0.61324042
split_15+1,2014,1999-2013,2014-2014,fs,19,9,"X1,X4,X6,X7,X9,X11,X12,X13",0.80000000,0.20000000,0.47000000,0.68350007,0.77105705,0.25967096,0.16057234,0.50763555,0.57130710,0.27836034,0.35191638,0.24333333,0.10401648,0.07424366,0.07253022,0.72163966,0.64808362
split_15+1,2014,1999-2013,2014-2014,fs,19,9,"X1,X4,X6,X7,X9,X11,X12,X13",0.75000000,0.25000000,0.43000000,0.68603038,0.77524201,0.26191463,0.15554026,0.52481025,0.59930307,0.30123928,0.39372822,0.23167155,0.09691252,0.08569092,0.08778658,0.69876072,0.60627178
split_15+1,2014,1999-2013,2014-2014,fs,19,9,"X1,X4,X6,X7,X9,X11,X12,X13",0.70000000,0.30000000,0.41000000,0.68833098,0.77913416,0.26552288,0.15807560,0.53161223,0.60458338,0.30981888,0.40069686,0.23230879,0.09845890,0.08781684,0.08778658,0.69018112,0.59930314
split_15+1,2014,1999-2013,2014-2014,fs,19,9,"X1,X4,X6,X7,X9,X11,X12,X13",0.65000000,0.35000000,0.38000000,0.69037237,0.78249822,0.26997673,0.15325670,0.54745715,0.61458796,0.33174452,0.41811847,0.22759974,0.09382330,0.09656582,0.09662359,0.66825548,0.58188153
split_15+1,2014,1999-2013,2014-2014,fs,19,9,"X1,X4,X6,X7,X9,X11,X12,X13",0.60000000,0.40000000,0.37000000,0.69216970,0.78531618,0.27392871,0.16291391,0.54455603,0.62391453,0.32602479,0.42857143,0.23618785,0.10057236,0.09043336,0.09170488,0.67397521,0.57142857
split_15+1,2014,1999-2013,2014-2014,fs,19,9,"X1,X4,X6,X7,X9,X11,X12,X13",0.55000000,0.45000000,0.36000000,0.69358327,0.78769667,0.27927928,0.16540317,0.54507752,0.61784059,0.32507150,0.41811847,0.24479541,0.10309278,0.08601799,0.08703627,0.67492850,0.58188153
split_15+1,2014,1999-2013,2014-2014,fs,19,9,"X1,X4,X6,X7,X9,X11,X12,X13",0.50000000,0.50000000,0.33000000,0.69471131,0.78965103,0.28095975,0.16271621,0.55935900,0.63260938,0.34604385,0.44250871,0.23648208,0.09968603,0.09582993,0.09562318,0.65395615,0.55749129
split_15+1,2014,1999-2013,2014-2014,fs,19,9,"X1,X4,X6,X7,X9,X11,X12,X13",0.45000000,0.55000000,0.30000000,0.69558782,0.79113684,0.28100988,0.15735736,0.57197194,0.63952629,0.36606292,0.45644599,0.22802850,0.09506531,0.10629599,0.10395998,0.63393708,0.54355401
split_15+1,2014,1999-2013,2014-2014,fs,19,9,"X1,X4,X6,X7,X9,X11,X12,X13",0.40000000,0.60000000,0.32000000,0.69626986,0.79226246,0.27832512,0.17299578,0.54357393,0.62642917,0.32316492,0.42857143,0.24441240,0.10837004,0.08569092,0.08436849,0.67683508,0.57142857
split_15+1,2014,1999-2013,2014-2014,fs,19,9,"X1,X4,X6,X7,X9,X11,X12,X13",0.35000000,0.65000000,0.23000000,0.69688268,0.79312286,0.27963918,0.15053763,0.59907489,0.68175300,0.41372736,0.53658537,0.21119221,0.08754974,0.13254293,0.13380575,0.58627264,0.46341463
split_15+1,2014,1999-2013,2014-2014,fs,19,9,"X1,X4,X6,X7,X9,X11,X12,X13",0.30000000,0.70000000,0.20000000,0.69739915,0.79381856,0.27733659,0.14466546,0.60837595,0.68953566,0.43279314,0.55749129,0.20404494,0.08311688,0.14480785,0.14714464,0.56720686,0.44250871
split_15+1,2014,1999-2013,2014-2014,fs,19,9,"X1,X4,X6,X7,X9,X11,X12,X13",0.25000000,0.75000000,0.20000000,0.69799583,0.79437745,0.27308448,0.14825724,0.58813724,0.67527479,0.39752145,0.52613240,0.20798005,0.08628571,0.12984464,0.13330554,0.60247855,0.47386760
split_15+1,2014,1999-2013,2014-2014,fs,19,9,"X1,X4,X6,X7,X9,X11,X12,X13",0.20000000,0.80000000,0.21000000,0.69872105,0.79481056,0.26904263,0.15211569,0.56935282,0.65989275,0.36701621,0.49477352,0.21235521,0.08987342,0.11676206,0.11988328,0.63298379,0.50522648
split_15+1,2014,1999-2013,2014-2014,fs,19,9,"X1,X4,X6,X7,X9,X11,X12,X13",0.15000000,0.85000000,0.13000000,0.69972820,0.79526458,0.26431216,0.13333333,0.60832867,0.68810185,0.44232602,0.56794425,0.18846466,0.07553290,0.16336877,0.16631930,0.55767398,0.43205575
split_15+1,2014,1999-2013,2014-2014,fs,19,9,"X1,X4,X6,X7,X9,X11,X12,X13",0.10000000,0.90000000,0.22000000,0.70127490,0.79573835,0.26173752,0.15474795,0.54912473,0.64076690,0.33746425,0.45993031,0.21376812,0.09302326,0.10645953,0.10729471,0.66253575,0.54006969
split_15+1,2014,1999-2013,2014-2014,fs,19,9,"X1,X4,X6,X7,X9,X11,X12,X13",0.05000000,0.95000000,0.23000000,0.70373116,0.79545804,0.25977011,0.15271839,0.53932815,0.62534803,0.32316492,0.43554007,0.21716848,0.09259259,0.09991823,0.10212589,0.67683508,0.56445993
split_15+1,2014,1999-2013,2014-2014,fs,19,9,"X1,X4,X6,X7,X9,X11,X12,X13",0.00000000,1.00000000,0.28000000,0.70282491,0.77988854,0.25809164,0.15633803,0.51786064,0.59481663,0.29265968,0.38675958,0.23082707,0.09796999,0.08364677,0.08520217,0.70734032,0.61324042
