,AUC,F1,G_Mean,Recall,Precision,Type1_Error,Type2_Error
ensemble_old_3,0.6509328343960041,0.18576051779935276,0.3575048125401071,0.1324411628980157,0.31094257854821233,0.034970033540440974,0.8675588371019843
ensemble_new_3,0.6664676328667649,0.18705035971223022,0.35023221526504805,0.12598061836640517,0.363031914893617,0.026337493814262935,0.8740193816335948
ensemble_all_6,0.6659935674677894,0.17409470752089137,0.3353813253221147,0.11536686663590216,0.3546099290780142,0.02501786990707648,0.8846331333640979
ensemble_2_old_hybrid_new_hybrid,0.6608095246154339,0.16806136680613668,0.32924270004187883,0.11121365943700968,0.3437945791726106,0.025292791554406995,0.8887863405629903
ensemble_3_type_a,0.6609991786858511,0.17697300990775539,0.3409217454855359,0.11952007383479464,0.34078947368421053,0.027547149062517182,0.8804799261652053
ensemble_3_type_b,0.6631002169457848,0.1477832512315271,0.29768373737244375,0.08998615597600369,0.413135593220339,0.0152306592621103,0.9100138440239963
