,AUC,F1,G_Mean,Recall,Precision,Type1_Error,Type2_Error
ensemble_old_3,0.5455574499007798,0.14774774774774774,0.5495005596289789,0.5540540540540541,0.08523908523908524,0.4550155118924509,0.44594594594594594
ensemble_new_3,0.5942312529696191,0.0,0.0,0.0,0.0,0.0,1.0
ensemble_all_6,0.5454526398166522,0.0,0.0,0.0,0.0,0.0,1.0
ensemble_2_old_hybrid_new_hybrid,0.5452709690041645,0.0,0.0,0.0,0.0,0.0,1.0
ensemble_3_type_a,0.5346502138125716,0.14647887323943662,0.5086248489629538,0.35135135135135137,0.09252669039145907,0.26370217166494314,0.6486486486486487
ensemble_3_type_b,0.5483244361217474,0.0,0.0,0.0,0.0,0.0,1.0
ensemble_4,0.5340912266972246,0.0,0.0,0.0,0.0,0.0,1.0
ensemble_5,0.5454246904608848,0.14730878186968838,0.5093387087513952,0.35135135135135137,0.0931899641577061,0.26163391933815927,0.6486486486486487
