,AUC,F1,G_Mean,Recall,Precision,Type1_Error,Type2_Error
ensemble_old_3,0.5490041170579727,0.16725352112676056,0.0,1.0,0.09125840537944284,1.0,0.0
ensemble_new_3,0.5478135084010236,0.0,0.0,0.0,0.0,0.0,1.0
ensemble_all_6,0.5440525203071103,0.1831831831831832,0.5440023694304299,0.6421052631578947,0.10683012259194395,0.5391120507399577,0.35789473684210527
ensemble_2_old_hybrid_new_hybrid,0.5912262156448203,0.21161290322580645,0.5634938458784974,0.8631578947368421,0.12058823529411765,0.6321353065539113,0.1368421052631579
ensemble_3_type_a,0.5638199621675754,0.16725352112676056,0.0,1.0,0.09125840537944284,1.0,0.0
ensemble_3_type_b,0.5737454100367197,0.0,0.0,0.0,0.0,0.0,1.0
ensemble_4,0.5563035495716034,0.19032761310452417,0.5593813843017763,0.6421052631578947,0.11172161172161173,0.5126849894291755,0.35789473684210527
ensemble_5,0.546099922109714,0.16725352112676056,0.0,1.0,0.09125840537944284,1.0,0.0
