,AUC,F1,Precision,Recall
retrain,0.5434153751436583,0.0,0.0,0.0
finetune,0.5910994751086324,0.0,0.0,0.0
ensemble_old_3,0.5368373027271153,0.14702525581394785,0.08222430973833977,0.7245907879710697
ensemble_new_3,0.5821311781404392,0.0,0.0,0.0
ensemble_all_6,0.5339926449722837,0.061061061061061066,0.03561004086398132,0.21403508771929824
ensemble_2_old_hybrid_new_hybrid,0.5711004361201083,0.12573933292240258,0.09058367533059736,0.3487521620953793
ensemble_3_type_a,0.5363541988275142,0.14821382842509603,0.08631389065710648,0.6194645349574927
ensemble_3_type_b,0.5681256972311778,0.0,0.0,0.0
