,AUC,F1,G_Mean,Recall,Precision,Type1_Error,Type2_Error
ensemble_old_3,0.5368373027271153,0.14702525581394785,0.34891379522540483,0.7245907879710697,0.08222430973833977,0.6853488132425009,0.2754092120289304
ensemble_new_3,0.5821311781404392,0.0,0.0,0.0,0.0,0.0,1.0
ensemble_all_6,0.5339926449722837,0.061061061061061066,0.18133412314347663,0.21403508771929824,0.03561004086398132,0.18176587258342233,0.7859649122807019
ensemble_2_old_hybrid_new_hybrid,0.5711004361201083,0.12573933292240258,0.3249925847401838,0.3487521620953793,0.09058367533059736,0.2357976795042247,0.6512478379046207
ensemble_3_type_a,0.5363541988275142,0.14821382842509603,0.34449416024013985,0.6194645349574927,0.08631389065710648,0.5734677341975928,0.3805354650425073
ensemble_3_type_b,0.5681256972311778,0.0,0.0,0.0,0.0,0.0,1.0
