source_row_id,company_name,feature_year,predicted_event_year,y_proba,y_pred_f1,y_pred_fpr5,f1_threshold,fpr5_threshold,state_updated_at,runtime_version
13,C_1,2012,2013,4.10110660596e-05,0,0,0.08,0.00734832882881,2026-09-08T22:27:07.472733+00:00,study3b_fifo_runtime_v1
75,C_7,2012,2013,2.11175811273e-05,0,0,0.08,0.00734832882881,2026-09-08T22:27:07.472733+00:00,study3b_fifo_runtime_v1
103,C_9,2012,2013,3.80838937417e-05,0,0,0.08,0.00734832882881,2026-09-08T22:27:07.472733+00:00,study3b_fifo_runtime_v1
123,C_10,2012,2013,0.000113740541565,0,0,0.08,0.00734832882881,2026-09-08T22:27:07.472733+00:00,study3b_fifo_runtime_v1
143,C_11,2012,2013,0.00125511176884,0,0,0.08,0.00734832882881,2026-09-08T22:27:07.472733+00:00,study3b_fifo_runtime_v1
186,C_14,2012,2013,4.32767119491e-05,0,0,0.08,0.00734832882881,2026-09-08T22:27:07.472733+00:00,study3b_fifo_runtime_v1
211,C_17,2012,2013,0.000111883513455,0,0,0.08,0.00734832882881,2026-09-08T22:27:07.472733+00:00,study3b_fifo_runtime_v1
232,C_19,2012,2013,0.00054497102974,0,0,0.08,0.00734832882881,2026-09-08T22:27:07.472733+00:00,study3b_fifo_runtime_v1
252,C_20,2012,2013,0.00127881381195,0,0,0.08,0.00734832882881,2026-09-08T22:27:07.472733+00:00,study3b_fifo_runtime_v1
274,C_22,2012,2013,0.0161002259701,0,1,0.08,0.00734832882881,2026-09-08T22:27:07.472733+00:00,study3b_fifo_runtime_v1
297,C_24,2012,2013,8.58783678268e-05,0,0,0.08,0.00734832882881,2026-09-08T22:27:07.472733+00:00,study3b_fifo_runtime_v1
316,C_26,2012,2013,9.16845147003e-06,0,0,0.08,0.00734832882881,2026-09-08T22:27:07.472733+00:00,study3b_fifo_runtime_v1
336,C_27,2012,2013,2.99820094369e-05,0,0,0.08,0.00734832882881,2026-09-08T22:27:07.472733+00:00,study3b_fifo_runtime_v1
375,C_30,2012,2013,0.000300592422718,0,0,0.08,0.00734832882881,2026-09-08T22:27:07.472733+00:00,study3b_fifo_runtime_v1
395,C_31,2012,2013,6.25783650321e-05,0,0,0.08,0.00734832882881,2026-09-08T22:27:07.472733+00:00,study3b_fifo_runtime_v1
455,C_37,2012,2013,5.41256449651e-05,0,0,0.08,0.00734832882881,2026-09-08T22:27:07.472733+00:00,study3b_fifo_runtime_v1
468,C_39,2012,2013,0.00727138109505,0,0,0.08,0.00734832882881,2026-09-08T22:27:07.472733+00:00,study3b_fifo_runtime_v1
482,C_40,2012,2013,5.21633955941e-05,0,0,0.08,0.00734832882881,2026-09-08T22:27:07.472733+00:00,study3b_fifo_runtime_v1
526,C_46,2012,2013,5.12617116328e-05,0,0,0.08,0.00734832882881,2026-09-08T22:27:07.472733+00:00,study3b_fifo_runtime_v1
569,C_50,2012,2013,0.000114924689115,0,0,0.08,0.00734832882881,2026-09-08T22:27:07.472733+00:00,study3b_fifo_runtime_v1
588,C_51,2012,2013,0.0167244262993,0,1,0.08,0.00734832882881,2026-09-08T22:27:07.472733+00:00,study3b_fifo_runtime_v1
609,C_54,2012,2013,7.70637416281e-06,0,0,0.08,0.00734832882881,2026-09-08T22:27:07.472733+00:00,study3b_fifo_runtime_v1
629,C_55,2012,2013,0.000382466969313,0,0,0.08,0.00734832882881,2026-09-08T22:27:07.472733+00:00,study3b_fifo_runtime_v1
643,C_56,2012,2013,0.00036038827966,0,0,0.08,0.00734832882881,2026-09-08T22:27:07.472733+00:00,study3b_fifo_runtime_v1
663,C_57,2012,2013,7.3596725997e-05,0,0,0.08,0.00734832882881,2026-09-08T22:27:07.472733+00:00,study3b_fifo_runtime_v1
678,C_58,2012,2013,4.55093368146e-06,0,0,0.08,0.00734832882881,2026-09-08T22:27:07.472733+00:00,study3b_fifo_runtime_v1
701,C_60,2012,2013,2.15278269025e-05,0,0,0.08,0.00734832882881,2026-09-08T22:27:07.472733+00:00,study3b_fifo_runtime_v1
719,C_61,2012,2013,0.000172947489773,0,0,0.08,0.00734832882881,2026-09-08T22:27:07.472733+00:00,study3b_fifo_runtime_v1
739,C_62,2012,2013,5.59537293157e-05,0,0,0.08,0.00734832882881,2026-09-08T22:27:07.472733+00:00,study3b_fifo_runtime_v1
763,C_64,2012,2013,0.00360853620805,0,0,0.08,0.00734832882881,2026-09-08T22:27:07.472733+00:00,study3b_fifo_runtime_v1
790,C_66,2012,2013,0.000145453304867,0,0,0.08,0.00734832882881,2026-09-08T22:27:07.472733+00:00,study3b_fifo_runtime_v1
813,C_69,2012,2013,1.66274385265e-05,0,0,0.08,0.00734832882881,2026-09-08T22:27:07.472733+00:00,study3b_fifo_runtime_v1
830,C_70,2012,2013,0.000117924188089,0,0,0.08,0.00734832882881,2026-09-08T22:27:07.472733+00:00,study3b_fifo_runtime_v1
850,C_71,2012,2013,4.97151195304e-05,0,0,0.08,0.00734832882881,2026-09-08T22:27:07.472733+00:00,study3b_fifo_runtime_v1
893,C_75,2012,2013,2.19075518544e-05,0,0,0.08,0.00734832882881,2026-09-08T22:27:07.472733+00:00,study3b_fifo_runtime_v1
931,C_79,2012,2013,4.7040051868e-05,0,0,0.08,0.00734832882881,2026-09-08T22:27:07.472733+00:00,study3b_fifo_runtime_v1
951,C_80,2012,2013,0.00105177937075,0,0,0.08,0.00734832882881,2026-09-08T22:27:07.472733+00:00,study3b_fifo_runtime_v1
978,C_82,2012,2013,0.000138901217724,0,0,0.08,0.00734832882881,2026-09-08T22:27:07.472733+00:00,study3b_fifo_runtime_v1
1001,C_84,2012,2013,5.48734897166e-06,0,0,0.08,0.00734832882881,2026-09-08T22:27:07.472733+00:00,study3b_fifo_runtime_v1
1021,C_85,2012,2013,2.5058950996e-05,0,0,0.08,0.00734832882881,2026-09-08T22:27:07.472733+00:00,study3b_fifo_runtime_v1
1040,C_86,2012,2013,4.45696459792e-05,0,0,0.08,0.00734832882881,2026-09-08T22:27:07.472733+00:00,study3b_fifo_runtime_v1
1054,C_87,2012,2013,1.74145170604e-05,0,0,0.08,0.00734832882881,2026-09-08T22:27:07.472733+00:00,study3b_fifo_runtime_v1
1081,C_90,2012,2013,0.00259429262951,0,0,0.08,0.00734832882881,2026-09-08T22:27:07.472733+00:00,study3b_fifo_runtime_v1
1119,C_93,2012,2013,2.94784131256e-05,0,0,0.08,0.00734832882881,2026-09-08T22:27:07.472733+00:00,study3b_fifo_runtime_v1
1139,C_94,2012,2013,2.03357540158e-05,0,0,0.08,0.00734832882881,2026-09-08T22:27:07.472733+00:00,study3b_fifo_runtime_v1
1184,C_98,2012,2013,2.90236621368e-05,0,0,0.08,0.00734832882881,2026-09-08T22:27:07.472733+00:00,study3b_fifo_runtime_v1
1195,C_99,2012,2013,0.00205755163915,0,0,0.08,0.00734832882881,2026-09-08T22:27:07.472733+00:00,study3b_fifo_runtime_v1
1211,C_100,2012,2013,2.93667962978e-05,0,0,0.08,0.00734832882881,2026-09-08T22:27:07.472733+00:00,study3b_fifo_runtime_v1
1226,C_101,2012,2013,0.000194084874238,0,0,0.08,0.00734832882881,2026-09-08T22:27:07.472733+00:00,study3b_fifo_runtime_v1
1246,C_102,2012,2013,1.52040202011e-05,0,0,0.08,0.00734832882881,2026-09-08T22:27:07.472733+00:00,study3b_fifo_runtime_v1
1266,C_103,2012,2013,1.45432741192e-05,0,0,0.08,0.00734832882881,2026-09-08T22:27:07.472733+00:00,study3b_fifo_runtime_v1
1288,C_105,2012,2013,2.18470086111e-06,0,0,0.08,0.00734832882881,2026-09-08T22:27:07.472733+00:00,study3b_fifo_runtime_v1
1308,C_106,2012,2013,4.00389617425e-05,0,0,0.08,0.00734832882881,2026-09-08T22:27:07.472733+00:00,study3b_fifo_runtime_v1
1346,C_108,2012,2013,6.28349007457e-05,0,0,0.08,0.00734832882881,2026-09-08T22:27:07.472733+00:00,study3b_fifo_runtime_v1
1366,C_109,2012,2013,0.000132636545459,0,0,0.08,0.00734832882881,2026-09-08T22:27:07.472733+00:00,study3b_fifo_runtime_v1
1380,C_110,2012,2013,0.00144861114677,0,0,0.08,0.00734832882881,2026-09-08T22:27:07.472733+00:00,study3b_fifo_runtime_v1
1409,C_113,2012,2013,0.000321952800732,0,0,0.08,0.00734832882881,2026-09-08T22:27:07.472733+00:00,study3b_fifo_runtime_v1
1429,C_114,2012,2013,3.02161060972e-05,0,0,0.08,0.00734832882881,2026-09-08T22:27:07.472733+00:00,study3b_fifo_runtime_v1
1450,C_116,2012,2013,1.87994191947e-05,0,0,0.08,0.00734832882881,2026-09-08T22:27:07.472733+00:00,study3b_fifo_runtime_v1
1470,C_117,2012,2013,1.89233596757e-05,0,0,0.08,0.00734832882881,2026-09-08T22:27:07.472733+00:00,study3b_fifo_runtime_v1
1490,C_118,2012,2013,0.000453079323051,0,0,0.08,0.00734832882881,2026-09-08T22:27:07.472733+00:00,study3b_fifo_runtime_v1
1511,C_120,2012,2013,0.000376182870241,0,0,0.08,0.00734832882881,2026-09-08T22:27:07.472733+00:00,study3b_fifo_runtime_v1
1533,C_123,2012,2013,6.01788406129e-06,0,0,0.08,0.00734832882881,2026-09-08T22:27:07.472733+00:00,study3b_fifo_runtime_v1
1551,C_124,2012,2013,0.000781952170655,0,0,0.08,0.00734832882881,2026-09-08T22:27:07.472733+00:00,study3b_fifo_runtime_v1
1609,C_130,2012,2013,5.28217606188e-05,0,0,0.08,0.00734832882881,2026-09-08T22:27:07.472733+00:00,study3b_fifo_runtime_v1
1638,C_132,2012,2013,0.000451170984888,0,0,0.08,0.00734832882881,2026-09-08T22:27:07.472733+00:00,study3b_fifo_runtime_v1
1665,C_134,2012,2013,0.000829784665257,0,0,0.08,0.00734832882881,2026-09-08T22:27:07.472733+00:00,study3b_fifo_runtime_v1
1685,C_135,2012,2013,0.000133892870508,0,0,0.08,0.00734832882881,2026-09-08T22:27:07.472733+00:00,study3b_fifo_runtime_v1
1705,C_136,2012,2013,9.6855828815e-06,0,0,0.08,0.00734832882881,2026-09-08T22:27:07.472733+00:00,study3b_fifo_runtime_v1
1731,C_139,2012,2013,0.00112642999738,0,0,0.08,0.00734832882881,2026-09-08T22:27:07.472733+00:00,study3b_fifo_runtime_v1
1748,C_141,2012,2013,2.54134556599e-05,0,0,0.08,0.00734832882881,2026-09-08T22:27:07.472733+00:00,study3b_fifo_runtime_v1
1782,C_144,2012,2013,0.000595063960645,0,0,0.08,0.00734832882881,2026-09-08T22:27:07.472733+00:00,study3b_fifo_runtime_v1
1796,C_145,2012,2013,6.48317882224e-06,0,0,0.08,0.00734832882881,2026-09-08T22:27:07.472733+00:00,study3b_fifo_runtime_v1
1814,C_146,2012,2013,1.62039814313e-05,0,0,0.08,0.00734832882881,2026-09-08T22:27:07.472733+00:00,study3b_fifo_runtime_v1
1845,C_148,2012,2013,1.57558170031e-05,0,0,0.08,0.00734832882881,2026-09-08T22:27:07.472733+00:00,study3b_fifo_runtime_v1
1911,C_156,2012,2013,0.000180898481631,0,0,0.08,0.00734832882881,2026-09-08T22:27:07.472733+00:00,study3b_fifo_runtime_v1
1929,C_157,2012,2013,3.29436988977e-05,0,0,0.08,0.00734832882881,2026-09-08T22:27:07.472733+00:00,study3b_fifo_runtime_v1
1957,C_161,2012,2013,6.59987344989e-05,0,0,0.08,0.00734832882881,2026-09-08T22:27:07.472733+00:00,study3b_fifo_runtime_v1
1973,C_163,2012,2013,8.96154597285e-05,0,0,0.08,0.00734832882881,2026-09-08T22:27:07.472733+00:00,study3b_fifo_runtime_v1
1993,C_164,2012,2013,2.63592610281e-05,0,0,0.08,0.00734832882881,2026-09-08T22:27:07.472733+00:00,study3b_fifo_runtime_v1
2024,C_166,2012,2013,2.96367434203e-05,0,0,0.08,0.00734832882881,2026-09-08T22:27:07.472733+00:00,study3b_fifo_runtime_v1
2031,C_167,2012,2013,7.49199971324e-05,0,0,0.08,0.00734832882881,2026-09-08T22:27:07.472733+00:00,study3b_fifo_runtime_v1
2047,C_168,2012,2013,0.000217588574742,0,0,0.08,0.00734832882881,2026-09-08T22:27:07.472733+00:00,study3b_fifo_runtime_v1
2076,C_170,2012,2013,0.000780545407906,0,0,0.08,0.00734832882881,2026-09-08T22:27:07.472733+00:00,study3b_fifo_runtime_v1
2099,C_172,2012,2013,0.000238635126152,0,0,0.08,0.00734832882881,2026-09-08T22:27:07.472733+00:00,study3b_fifo_runtime_v1
2137,C_175,2012,2013,0.000258546002442,0,0,0.08,0.00734832882881,2026-09-08T22:27:07.472733+00:00,study3b_fifo_runtime_v1
2151,C_176,2012,2013,1.88930025615e-05,0,0,0.08,0.00734832882881,2026-09-08T22:27:07.472733+00:00,study3b_fifo_runtime_v1
2186,C_179,2012,2013,0.000109890010208,0,0,0.08,0.00734832882881,2026-09-08T22:27:07.472733+00:00,study3b_fifo_runtime_v1
2227,C_185,2012,2013,7.13111512596e-06,0,0,0.08,0.00734832882881,2026-09-08T22:27:07.472733+00:00,study3b_fifo_runtime_v1
2247,C_186,2012,2013,0.00841704849154,0,1,0.08,0.00734832882881,2026-09-08T22:27:07.472733+00:00,study3b_fifo_runtime_v1
2279,C_190,2012,2013,0.000488053221488,0,0,0.08,0.00734832882881,2026-09-08T22:27:07.472733+00:00,study3b_fifo_runtime_v1
2324,C_194,2012,2013,2.17178894673e-05,0,0,0.08,0.00734832882881,2026-09-08T22:27:07.472733+00:00,study3b_fifo_runtime_v1
2351,C_197,2012,2013,1.69651393662e-05,0,0,0.08,0.00734832882881,2026-09-08T22:27:07.472733+00:00,study3b_fifo_runtime_v1
2371,C_198,2012,2013,1.73145563167e-05,0,0,0.08,0.00734832882881,2026-09-08T22:27:07.472733+00:00,study3b_fifo_runtime_v1
2391,C_199,2012,2013,5.17282060173e-05,0,0,0.08,0.00734832882881,2026-09-08T22:27:07.472733+00:00,study3b_fifo_runtime_v1
2413,C_201,2012,2013,0.0010575504275,0,0,0.08,0.00734832882881,2026-09-08T22:27:07.472733+00:00,study3b_fifo_runtime_v1
2431,C_202,2012,2013,0.00019956601318,0,0,0.08,0.00734832882881,2026-09-08T22:27:07.472733+00:00,study3b_fifo_runtime_v1
2451,C_203,2012,2013,0.00012283110118,0,0,0.08,0.00734832882881,2026-09-08T22:27:07.472733+00:00,study3b_fifo_runtime_v1
2465,C_204,2012,2013,6.360662519e-05,0,0,0.08,0.00734832882881,2026-09-08T22:27:07.472733+00:00,study3b_fifo_runtime_v1
2491,C_206,2012,2013,1.78169175342e-05,0,0,0.08,0.00734832882881,2026-09-08T22:27:07.472733+00:00,study3b_fifo_runtime_v1
2547,C_211,2012,2013,0.000116825111036,0,0,0.08,0.00734832882881,2026-09-08T22:27:07.472733+00:00,study3b_fifo_runtime_v1
2589,C_214,2012,2013,1.27627472466e-05,0,0,0.08,0.00734832882881,2026-09-08T22:27:07.472733+00:00,study3b_fifo_runtime_v1
2609,C_215,2012,2013,1.7472604668e-05,0,0,0.08,0.00734832882881,2026-09-08T22:27:07.472733+00:00,study3b_fifo_runtime_v1
2628,C_216,2012,2013,4.6101584303e-05,0,0,0.08,0.00734832882881,2026-09-08T22:27:07.472733+00:00,study3b_fifo_runtime_v1
2658,C_218,2012,2013,3.48492139892e-05,0,0,0.08,0.00734832882881,2026-09-08T22:27:07.472733+00:00,study3b_fifo_runtime_v1
2687,C_220,2012,2013,0.000144632082083,0,0,0.08,0.00734832882881,2026-09-08T22:27:07.472733+00:00,study3b_fifo_runtime_v1
2707,C_221,2012,2013,6.01431565883e-06,0,0,0.08,0.00734832882881,2026-09-08T22:27:07.472733+00:00,study3b_fifo_runtime_v1
2732,C_223,2012,2013,0.000377321382985,0,0,0.08,0.00734832882881,2026-09-08T22:27:07.472733+00:00,study3b_fifo_runtime_v1
2752,C_224,2012,2013,3.31903424922e-06,0,0,0.08,0.00734832882881,2026-09-08T22:27:07.472733+00:00,study3b_fifo_runtime_v1
2786,C_230,2012,2013,0.00095835904358,0,0,0.08,0.00734832882881,2026-09-08T22:27:07.472733+00:00,study3b_fifo_runtime_v1
2820,C_233,2012,2013,1.5293719116e-05,0,0,0.08,0.00734832882881,2026-09-08T22:27:07.472733+00:00,study3b_fifo_runtime_v1
2841,C_235,2012,2013,0.000524343224242,0,0,0.08,0.00734832882881,2026-09-08T22:27:07.472733+00:00,study3b_fifo_runtime_v1
2873,C_239,2012,2013,0.000161303163623,0,0,0.08,0.00734832882881,2026-09-08T22:27:07.472733+00:00,study3b_fifo_runtime_v1
2900,C_241,2012,2013,2.69107476925e-06,0,0,0.08,0.00734832882881,2026-09-08T22:27:07.472733+00:00,study3b_fifo_runtime_v1
2929,C_243,2012,2013,4.8398560466e-05,0,0,0.08,0.00734832882881,2026-09-08T22:27:07.472733+00:00,study3b_fifo_runtime_v1
2962,C_246,2012,2013,0.000637421384454,0,0,0.08,0.00734832882881,2026-09-08T22:27:07.472733+00:00,study3b_fifo_runtime_v1
2990,C_249,2012,2013,0.000175905661308,0,0,0.08,0.00734832882881,2026-09-08T22:27:07.472733+00:00,study3b_fifo_runtime_v1
3010,C_250,2012,2013,0.00015689333668,0,0,0.08,0.00734832882881,2026-09-08T22:27:07.472733+00:00,study3b_fifo_runtime_v1
3030,C_251,2012,2013,0.000114487826067,0,0,0.08,0.00734832882881,2026-09-08T22:27:07.472733+00:00,study3b_fifo_runtime_v1
3050,C_252,2012,2013,5.26390358573e-05,0,0,0.08,0.00734832882881,2026-09-08T22:27:07.472733+00:00,study3b_fifo_runtime_v1
3081,C_254,2012,2013,4.35869114881e-05,0,0,0.08,0.00734832882881,2026-09-08T22:27:07.472733+00:00,study3b_fifo_runtime_v1
3101,C_255,2012,2013,0.000228000630159,0,0,0.08,0.00734832882881,2026-09-08T22:27:07.472733+00:00,study3b_fifo_runtime_v1
3148,C_259,2012,2013,1.84008749784e-05,0,0,0.08,0.00734832882881,2026-09-08T22:27:07.472733+00:00,study3b_fifo_runtime_v1
3188,C_264,2012,2013,4.40537551185e-05,0,0,0.08,0.00734832882881,2026-09-08T22:27:07.472733+00:00,study3b_fifo_runtime_v1
3225,C_268,2012,2013,3.11708863592e-05,0,0,0.08,0.00734832882881,2026-09-08T22:27:07.472733+00:00,study3b_fifo_runtime_v1
3252,C_270,2012,2013,7.17000511941e-05,0,0,0.08,0.00734832882881,2026-09-08T22:27:07.472733+00:00,study3b_fifo_runtime_v1
3263,C_271,2012,2013,2.4112770916e-05,0,0,0.08,0.00734832882881,2026-09-08T22:27:07.472733+00:00,study3b_fifo_runtime_v1
3283,C_272,2012,2013,1.38896912176e-05,0,0,0.08,0.00734832882881,2026-09-08T22:27:07.472733+00:00,study3b_fifo_runtime_v1
3303,C_273,2012,2013,3.81652498618e-05,0,0,0.08,0.00734832882881,2026-09-08T22:27:07.472733+00:00,study3b_fifo_runtime_v1
3323,C_274,2012,2013,5.19733584952e-05,0,0,0.08,0.00734832882881,2026-09-08T22:27:07.472733+00:00,study3b_fifo_runtime_v1
3356,C_276,2012,2013,9.10555536393e-05,0,0,0.08,0.00734832882881,2026-09-08T22:27:07.472733+00:00,study3b_fifo_runtime_v1
3378,C_278,2012,2013,1.09504144348e-05,0,0,0.08,0.00734832882881,2026-09-08T22:27:07.472733+00:00,study3b_fifo_runtime_v1
3400,C_280,2012,2013,6.57953569316e-05,0,0,0.08,0.00734832882881,2026-09-08T22:27:07.472733+00:00,study3b_fifo_runtime_v1
3419,C_281,2012,2013,1.35745058287e-05,0,0,0.08,0.00734832882881,2026-09-08T22:27:07.472733+00:00,study3b_fifo_runtime_v1
3431,C_282,2012,2013,4.89379344799e-05,0,0,0.08,0.00734832882881,2026-09-08T22:27:07.472733+00:00,study3b_fifo_runtime_v1
3445,C_283,2012,2013,0.000130577012897,0,0,0.08,0.00734832882881,2026-09-08T22:27:07.472733+00:00,study3b_fifo_runtime_v1
3465,C_284,2012,2013,8.32989462651e-06,0,0,0.08,0.00734832882881,2026-09-08T22:27:07.472733+00:00,study3b_fifo_runtime_v1
3481,C_285,2012,2013,0.00120885379147,0,0,0.08,0.00734832882881,2026-09-08T22:27:07.472733+00:00,study3b_fifo_runtime_v1
3501,C_286,2012,2013,0.000152052132762,0,0,0.08,0.00734832882881,2026-09-08T22:27:07.472733+00:00,study3b_fifo_runtime_v1
3527,C_288,2012,2013,0.000164489509189,0,0,0.08,0.00734832882881,2026-09-08T22:27:07.472733+00:00,study3b_fifo_runtime_v1
3545,C_289,2012,2013,5.06507240061e-05,0,0,0.08,0.00734832882881,2026-09-08T22:27:07.472733+00:00,study3b_fifo_runtime_v1
3559,C_290,2012,2013,6.99266684023e-06,0,0,0.08,0.00734832882881,2026-09-08T22:27:07.472733+00:00,study3b_fifo_runtime_v1
3589,C_292,2012,2013,0.000188119753147,0,0,0.08,0.00734832882881,2026-09-08T22:27:07.472733+00:00,study3b_fifo_runtime_v1
3694,C_305,2012,2013,4.9212398153e-05,0,0,0.08,0.00734832882881,2026-09-08T22:27:07.472733+00:00,study3b_fifo_runtime_v1
3714,C_306,2012,2013,2.61788245552e-05,0,0,0.08,0.00734832882881,2026-09-08T22:27:07.472733+00:00,study3b_fifo_runtime_v1
3754,C_309,2012,2013,6.88151485519e-05,0,0,0.08,0.00734832882881,2026-09-08T22:27:07.472733+00:00,study3b_fifo_runtime_v1
3776,C_311,2012,2013,9.46745603869e-06,0,0,0.08,0.00734832882881,2026-09-08T22:27:07.472733+00:00,study3b_fifo_runtime_v1
3807,C_315,2012,2013,1.25160613607e-05,0,0,0.08,0.00734832882881,2026-09-08T22:27:07.472733+00:00,study3b_fifo_runtime_v1
3839,C_317,2012,2013,3.97817966586e-05,0,0,0.08,0.00734832882881,2026-09-08T22:27:07.472733+00:00,study3b_fifo_runtime_v1
3859,C_318,2012,2013,7.47536905692e-05,0,0,0.08,0.00734832882881,2026-09-08T22:27:07.472733+00:00,study3b_fifo_runtime_v1
3879,C_319,2012,2013,2.06571476156e-05,0,0,0.08,0.00734832882881,2026-09-08T22:27:07.472733+00:00,study3b_fifo_runtime_v1
3908,C_322,2012,2013,7.33374545234e-05,0,0,0.08,0.00734832882881,2026-09-08T22:27:07.472733+00:00,study3b_fifo_runtime_v1
3928,C_323,2012,2013,7.75674470788e-06,0,0,0.08,0.00734832882881,2026-09-08T22:27:07.472733+00:00,study3b_fifo_runtime_v1
3948,C_324,2012,2013,0.000538693158887,0,0,0.08,0.00734832882881,2026-09-08T22:27:07.472733+00:00,study3b_fifo_runtime_v1
3963,C_325,2012,2013,0.000228702832828,0,0,0.08,0.00734832882881,2026-09-08T22:27:07.472733+00:00,study3b_fifo_runtime_v1
4007,C_329,2012,2013,1.92652933038e-05,0,0,0.08,0.00734832882881,2026-09-08T22:27:07.472733+00:00,study3b_fifo_runtime_v1
4040,C_332,2012,2013,5.00538089909e-06,0,0,0.08,0.00734832882881,2026-09-08T22:27:07.472733+00:00,study3b_fifo_runtime_v1
4058,C_333,2012,2013,0.00160279928241,0,0,0.08,0.00734832882881,2026-09-08T22:27:07.472733+00:00,study3b_fifo_runtime_v1
4077,C_334,2012,2013,0.000298931176076,0,0,0.08,0.00734832882881,2026-09-08T22:27:07.472733+00:00,study3b_fifo_runtime_v1
4112,C_337,2012,2013,0.000148401726619,0,0,0.08,0.00734832882881,2026-09-08T22:27:07.472733+00:00,study3b_fifo_runtime_v1
4143,C_339,2012,2013,1.88395806617e-05,0,0,0.08,0.00734832882881,2026-09-08T22:27:07.472733+00:00,study3b_fifo_runtime_v1
4161,C_341,2012,2013,1.19727455967e-05,0,0,0.08,0.00734832882881,2026-09-08T22:27:07.472733+00:00,study3b_fifo_runtime_v1
4181,C_342,2012,2013,8.70309959282e-05,0,0,0.08,0.00734832882881,2026-09-08T22:27:07.472733+00:00,study3b_fifo_runtime_v1
4200,C_343,2012,2013,0.000866845715791,0,0,0.08,0.00734832882881,2026-09-08T22:27:07.472733+00:00,study3b_fifo_runtime_v1
4229,C_345,2012,2013,8.49616189953e-05,0,0,0.08,0.00734832882881,2026-09-08T22:27:07.472733+00:00,study3b_fifo_runtime_v1
4249,C_346,2012,2013,0.00168639747426,0,0,0.08,0.00734832882881,2026-09-08T22:27:07.472733+00:00,study3b_fifo_runtime_v1
4280,C_349,2012,2013,4.99512789247e-05,0,0,0.08,0.00734832882881,2026-09-08T22:27:07.472733+00:00,study3b_fifo_runtime_v1
4315,C_352,2012,2013,8.26812829473e-05,0,0,0.08,0.00734832882881,2026-09-08T22:27:07.472733+00:00,study3b_fifo_runtime_v1
4335,C_353,2012,2013,4.55644294561e-05,0,0,0.08,0.00734832882881,2026-09-08T22:27:07.472733+00:00,study3b_fifo_runtime_v1
4356,C_355,2012,2013,0.0168491192162,0,1,0.08,0.00734832882881,2026-09-08T22:27:07.472733+00:00,study3b_fifo_runtime_v1
4371,C_356,2012,2013,8.61572698341e-05,0,0,0.08,0.00734832882881,2026-09-08T22:27:07.472733+00:00,study3b_fifo_runtime_v1
4399,C_359,2012,2013,2.20780366362e-05,0,0,0.08,0.00734832882881,2026-09-08T22:27:07.472733+00:00,study3b_fifo_runtime_v1
4428,C_363,2012,2013,0.000107511215901,0,0,0.08,0.00734832882881,2026-09-08T22:27:07.472733+00:00,study3b_fifo_runtime_v1
4445,C_365,2012,2013,3.53300856659e-05,0,0,0.08,0.00734832882881,2026-09-08T22:27:07.472733+00:00,study3b_fifo_runtime_v1
4463,C_367,2012,2013,0.000252572615864,0,0,0.08,0.00734832882881,2026-09-08T22:27:07.472733+00:00,study3b_fifo_runtime_v1
4486,C_369,2012,2013,0.000251408870099,0,0,0.08,0.00734832882881,2026-09-08T22:27:07.472733+00:00,study3b_fifo_runtime_v1
4510,C_372,2012,2013,7.05878555891e-05,0,0,0.08,0.00734832882881,2026-09-08T22:27:07.472733+00:00,study3b_fifo_runtime_v1
4536,C_374,2012,2013,3.47291534126e-05,0,0,0.08,0.00734832882881,2026-09-08T22:27:07.472733+00:00,study3b_fifo_runtime_v1
4559,C_376,2012,2013,1.37677297971e-05,0,0,0.08,0.00734832882881,2026-09-08T22:27:07.472733+00:00,study3b_fifo_runtime_v1
4579,C_377,2012,2013,0.000168139216839,0,0,0.08,0.00734832882881,2026-09-08T22:27:07.472733+00:00,study3b_fifo_runtime_v1
4621,C_381,2012,2013,8.06595126051e-05,0,0,0.08,0.00734832882881,2026-09-08T22:27:07.472733+00:00,study3b_fifo_runtime_v1
4643,C_385,2012,2013,4.31111539001e-06,0,0,0.08,0.00734832882881,2026-09-08T22:27:07.472733+00:00,study3b_fifo_runtime_v1
4663,C_386,2012,2013,0.000216053958866,0,0,0.08,0.00734832882881,2026-09-08T22:27:07.472733+00:00,study3b_fifo_runtime_v1
4683,C_387,2012,2013,0.00217799586244,0,0,0.08,0.00734832882881,2026-09-08T22:27:07.472733+00:00,study3b_fifo_runtime_v1
4697,C_388,2012,2013,0.000158427472343,0,0,0.08,0.00734832882881,2026-09-08T22:27:07.472733+00:00,study3b_fifo_runtime_v1
4717,C_389,2012,2013,4.72401698062e-05,0,0,0.08,0.00734832882881,2026-09-08T22:27:07.472733+00:00,study3b_fifo_runtime_v1
4735,C_392,2012,2013,0.00168867234606,0,0,0.08,0.00734832882881,2026-09-08T22:27:07.472733+00:00,study3b_fifo_runtime_v1
4755,C_393,2012,2013,2.54573660641e-05,0,0,0.08,0.00734832882881,2026-09-08T22:27:07.472733+00:00,study3b_fifo_runtime_v1
4767,C_394,2012,2013,0.000533118494786,0,0,0.08,0.00734832882881,2026-09-08T22:27:07.472733+00:00,study3b_fifo_runtime_v1
4808,C_397,2012,2013,2.23148254008e-05,0,0,0.08,0.00734832882881,2026-09-08T22:27:07.472733+00:00,study3b_fifo_runtime_v1
4828,C_398,2012,2013,2.07363609661e-05,0,0,0.08,0.00734832882881,2026-09-08T22:27:07.472733+00:00,study3b_fifo_runtime_v1
4848,C_399,2012,2013,2.35156167037e-05,0,0,0.08,0.00734832882881,2026-09-08T22:27:07.472733+00:00,study3b_fifo_runtime_v1
4868,C_400,2012,2013,1.27196535686e-05,0,0,0.08,0.00734832882881,2026-09-08T22:27:07.472733+00:00,study3b_fifo_runtime_v1
4888,C_401,2012,2013,0.0335042849183,0,1,0.08,0.00734832882881,2026-09-08T22:27:07.472733+00:00,study3b_fifo_runtime_v1
4915,C_403,2012,2013,0.000116683535452,0,0,0.08,0.00734832882881,2026-09-08T22:27:07.472733+00:00,study3b_fifo_runtime_v1
4931,C_404,2012,2013,0.000113077061542,0,0,0.08,0.00734832882881,2026-09-08T22:27:07.472733+00:00,study3b_fifo_runtime_v1
4953,C_406,2012,2013,2.34019080381e-05,0,0,0.08,0.00734832882881,2026-09-08T22:27:07.472733+00:00,study3b_fifo_runtime_v1
4973,C_407,2012,2013,0.000101440615254,0,0,0.08,0.00734832882881,2026-09-08T22:27:07.472733+00:00,study3b_fifo_runtime_v1
5016,C_410,2012,2013,0.000109095730295,0,0,0.08,0.00734832882881,2026-09-08T22:27:07.472733+00:00,study3b_fifo_runtime_v1
5031,C_412,2012,2013,0.000211238104384,0,0,0.08,0.00734832882881,2026-09-08T22:27:07.472733+00:00,study3b_fifo_runtime_v1
5051,C_413,2012,2013,0.000288983661449,0,0,0.08,0.00734832882881,2026-09-08T22:27:07.472733+00:00,study3b_fifo_runtime_v1
5072,C_415,2012,2013,5.45667317056e-05,0,0,0.08,0.00734832882881,2026-09-08T22:27:07.472733+00:00,study3b_fifo_runtime_v1
5092,C_416,2012,2013,1.76384655788e-05,0,0,0.08,0.00734832882881,2026-09-08T22:27:07.472733+00:00,study3b_fifo_runtime_v1
5111,C_417,2012,2013,1.94981730601e-05,0,0,0.08,0.00734832882881,2026-09-08T22:27:07.472733+00:00,study3b_fifo_runtime_v1
5131,C_418,2012,2013,1.35166083055e-05,0,0,0.08,0.00734832882881,2026-09-08T22:27:07.472733+00:00,study3b_fifo_runtime_v1
5183,C_423,2012,2013,0.000216796412133,0,0,0.08,0.00734832882881,2026-09-08T22:27:07.472733+00:00,study3b_fifo_runtime_v1
5212,C_426,2012,2013,7.53079584683e-05,0,0,0.08,0.00734832882881,2026-09-08T22:27:07.472733+00:00,study3b_fifo_runtime_v1
5238,C_428,2012,2013,0.000176113797352,0,0,0.08,0.00734832882881,2026-09-08T22:27:07.472733+00:00,study3b_fifo_runtime_v1
5294,C_437,2012,2013,0.000489591620862,0,0,0.08,0.00734832882881,2026-09-08T22:27:07.472733+00:00,study3b_fifo_runtime_v1
5327,C_439,2012,2013,9.19696176425e-05,0,0,0.08,0.00734832882881,2026-09-08T22:27:07.472733+00:00,study3b_fifo_runtime_v1
5378,C_444,2012,2013,6.75577684888e-05,0,0,0.08,0.00734832882881,2026-09-08T22:27:07.472733+00:00,study3b_fifo_runtime_v1
5403,C_447,2012,2013,4.8668760428e-05,0,0,0.08,0.00734832882881,2026-09-08T22:27:07.472733+00:00,study3b_fifo_runtime_v1
5424,C_449,2012,2013,2.11673250305e-05,0,0,0.08,0.00734832882881,2026-09-08T22:27:07.472733+00:00,study3b_fifo_runtime_v1
5458,C_453,2012,2013,0.000770220940467,0,0,0.08,0.00734832882881,2026-09-08T22:27:07.472733+00:00,study3b_fifo_runtime_v1
5476,C_454,2012,2013,4.29662431998e-05,0,0,0.08,0.00734832882881,2026-09-08T22:27:07.472733+00:00,study3b_fifo_runtime_v1
5496,C_455,2012,2013,1.7409955035e-05,0,0,0.08,0.00734832882881,2026-09-08T22:27:07.472733+00:00,study3b_fifo_runtime_v1
5516,C_456,2012,2013,0.00103128910996,0,0,0.08,0.00734832882881,2026-09-08T22:27:07.472733+00:00,study3b_fifo_runtime_v1
5571,C_463,2012,2013,0.000139737938298,0,0,0.08,0.00734832882881,2026-09-08T22:27:07.472733+00:00,study3b_fifo_runtime_v1
5591,C_464,2012,2013,6.90993829267e-06,0,0,0.08,0.00734832882881,2026-09-08T22:27:07.472733+00:00,study3b_fifo_runtime_v1
5619,C_466,2012,2013,7.10268750481e-06,0,0,0.08,0.00734832882881,2026-09-08T22:27:07.472733+00:00,study3b_fifo_runtime_v1
5639,C_467,2012,2013,8.9109489636e-05,0,0,0.08,0.00734832882881,2026-09-08T22:27:07.472733+00:00,study3b_fifo_runtime_v1
5659,C_468,2012,2013,7.09808737156e-05,0,0,0.08,0.00734832882881,2026-09-08T22:27:07.472733+00:00,study3b_fifo_runtime_v1
5704,C_471,2012,2013,0.00330909900367,0,0,0.08,0.00734832882881,2026-09-08T22:27:07.472733+00:00,study3b_fifo_runtime_v1
5728,C_473,2012,2013,0.000276690378087,0,0,0.08,0.00734832882881,2026-09-08T22:27:07.472733+00:00,study3b_fifo_runtime_v1
5746,C_475,2012,2013,0.000470340921311,0,0,0.08,0.00734832882881,2026-09-08T22:27:07.472733+00:00,study3b_fifo_runtime_v1
5766,C_476,2012,2013,1.59211140272e-05,0,0,0.08,0.00734832882881,2026-09-08T22:27:07.472733+00:00,study3b_fifo_runtime_v1
5786,C_477,2012,2013,0.0282817576081,0,1,0.08,0.00734832882881,2026-09-08T22:27:07.472733+00:00,study3b_fifo_runtime_v1
5821,C_480,2012,2013,0.00558632286265,0,0,0.08,0.00734832882881,2026-09-08T22:27:07.472733+00:00,study3b_fifo_runtime_v1
5837,C_481,2012,2013,4.04743332183e-05,0,0,0.08,0.00734832882881,2026-09-08T22:27:07.472733+00:00,study3b_fifo_runtime_v1
5865,C_483,2012,2013,1.29695936266e-05,0,0,0.08,0.00734832882881,2026-09-08T22:27:07.472733+00:00,study3b_fifo_runtime_v1
5885,C_484,2012,2013,6.8249682954e-05,0,0,0.08,0.00734832882881,2026-09-08T22:27:07.472733+00:00,study3b_fifo_runtime_v1
5926,C_488,2012,2013,7.62561103329e-05,0,0,0.08,0.00734832882881,2026-09-08T22:27:07.472733+00:00,study3b_fifo_runtime_v1
5944,C_489,2012,2013,0.00159915268887,0,0,0.08,0.00734832882881,2026-09-08T22:27:07.472733+00:00,study3b_fifo_runtime_v1
5959,C_490,2012,2013,0.000832158315461,0,0,0.08,0.00734832882881,2026-09-08T22:27:07.472733+00:00,study3b_fifo_runtime_v1
5979,C_491,2012,2013,0.000121214201499,0,0,0.08,0.00734832882881,2026-09-08T22:27:07.472733+00:00,study3b_fifo_runtime_v1
5999,C_492,2012,2013,0.000122600715258,0,0,0.08,0.00734832882881,2026-09-08T22:27:07.472733+00:00,study3b_fifo_runtime_v1
6026,C_494,2012,2013,8.50725973578e-06,0,0,0.08,0.00734832882881,2026-09-08T22:27:07.472733+00:00,study3b_fifo_runtime_v1
6046,C_495,2012,2013,6.29719988865e-06,0,0,0.08,0.00734832882881,2026-09-08T22:27:07.472733+00:00,study3b_fifo_runtime_v1
6067,C_497,2012,2013,0.00576128065586,0,0,0.08,0.00734832882881,2026-09-08T22:27:07.472733+00:00,study3b_fifo_runtime_v1
6087,C_498,2012,2013,0.0133331371471,0,1,0.08,0.00734832882881,2026-09-08T22:27:07.472733+00:00,study3b_fifo_runtime_v1
6100,C_499,2012,2013,3.72523099941e-05,0,0,0.08,0.00734832882881,2026-09-08T22:27:07.472733+00:00,study3b_fifo_runtime_v1
6115,C_500,2012,2013,0.000450316321803,0,0,0.08,0.00734832882881,2026-09-08T22:27:07.472733+00:00,study3b_fifo_runtime_v1
6139,C_502,2012,2013,3.72715694539e-05,0,0,0.08,0.00734832882881,2026-09-08T22:27:07.472733+00:00,study3b_fifo_runtime_v1
6159,C_503,2012,2013,1.73712960532e-05,0,0,0.08,0.00734832882881,2026-09-08T22:27:07.472733+00:00,study3b_fifo_runtime_v1
6194,C_508,2012,2013,0.000102922203951,0,0,0.08,0.00734832882881,2026-09-08T22:27:07.472733+00:00,study3b_fifo_runtime_v1
6228,C_511,2012,2013,1.55559282575e-05,0,0,0.08,0.00734832882881,2026-09-08T22:27:07.472733+00:00,study3b_fifo_runtime_v1
6251,C_513,2012,2013,7.79438778409e-05,0,0,0.08,0.00734832882881,2026-09-08T22:27:07.472733+00:00,study3b_fifo_runtime_v1
6284,C_516,2012,2013,5.67120841879e-05,0,0,0.08,0.00734832882881,2026-09-08T22:27:07.472733+00:00,study3b_fifo_runtime_v1
6304,C_517,2012,2013,0.000311804556986,0,0,0.08,0.00734832882881,2026-09-08T22:27:07.472733+00:00,study3b_fifo_runtime_v1
6345,C_520,2012,2013,0.000102868623799,0,0,0.08,0.00734832882881,2026-09-08T22:27:07.472733+00:00,study3b_fifo_runtime_v1
6364,C_521,2012,2013,0.000153688160935,0,0,0.08,0.00734832882881,2026-09-08T22:27:07.472733+00:00,study3b_fifo_runtime_v1
6394,C_523,2012,2013,0.0073382020928,0,0,0.08,0.00734832882881,2026-09-08T22:27:07.472733+00:00,study3b_fifo_runtime_v1
6418,C_525,2012,2013,2.32847014559e-05,0,0,0.08,0.00734832882881,2026-09-08T22:27:07.472733+00:00,study3b_fifo_runtime_v1
6438,C_526,2012,2013,0.00197461363859,0,0,0.08,0.00734832882881,2026-09-08T22:27:07.472733+00:00,study3b_fifo_runtime_v1
6460,C_528,2012,2013,1.01866089608e-05,0,0,0.08,0.00734832882881,2026-09-08T22:27:07.472733+00:00,study3b_fifo_runtime_v1
6478,C_530,2012,2013,0.000515482679475,0,0,0.08,0.00734832882881,2026-09-08T22:27:07.472733+00:00,study3b_fifo_runtime_v1
6489,C_531,2012,2013,0.00154594553169,0,0,0.08,0.00734832882881,2026-09-08T22:27:07.472733+00:00,study3b_fifo_runtime_v1
6509,C_532,2012,2013,0.000644399959128,0,0,0.08,0.00734832882881,2026-09-08T22:27:07.472733+00:00,study3b_fifo_runtime_v1
6542,C_535,2012,2013,0.000126539962366,0,0,0.08,0.00734832882881,2026-09-08T22:27:07.472733+00:00,study3b_fifo_runtime_v1
6576,C_538,2012,2013,0.000160802461323,0,0,0.08,0.00734832882881,2026-09-08T22:27:07.472733+00:00,study3b_fifo_runtime_v1
6602,C_540,2012,2013,8.54801037349e-05,0,0,0.08,0.00734832882881,2026-09-08T22:27:07.472733+00:00,study3b_fifo_runtime_v1
6622,C_541,2012,2013,0.000632408249658,0,0,0.08,0.00734832882881,2026-09-08T22:27:07.472733+00:00,study3b_fifo_runtime_v1
6640,C_542,2012,2013,0.000112269095553,0,0,0.08,0.00734832882881,2026-09-08T22:27:07.472733+00:00,study3b_fifo_runtime_v1
6660,C_543,2012,2013,0.000182850519195,0,0,0.08,0.00734832882881,2026-09-08T22:27:07.472733+00:00,study3b_fifo_runtime_v1
6679,C_544,2012,2013,0.000851096585393,0,0,0.08,0.00734832882881,2026-09-08T22:27:07.472733+00:00,study3b_fifo_runtime_v1
6699,C_545,2012,2013,0.000131635999423,0,0,0.08,0.00734832882881,2026-09-08T22:27:07.472733+00:00,study3b_fifo_runtime_v1
6719,C_546,2012,2013,2.74395588349e-05,0,0,0.08,0.00734832882881,2026-09-08T22:27:07.472733+00:00,study3b_fifo_runtime_v1
6740,C_548,2012,2013,7.94435327407e-05,0,0,0.08,0.00734832882881,2026-09-08T22:27:07.472733+00:00,study3b_fifo_runtime_v1
6760,C_549,2012,2013,4.71061539429e-05,0,0,0.08,0.00734832882881,2026-09-08T22:27:07.472733+00:00,study3b_fifo_runtime_v1
6787,C_551,2012,2013,1.15843831736e-05,0,0,0.08,0.00734832882881,2026-09-08T22:27:07.472733+00:00,study3b_fifo_runtime_v1
6807,C_552,2012,2013,1.36642947837e-05,0,0,0.08,0.00734832882881,2026-09-08T22:27:07.472733+00:00,study3b_fifo_runtime_v1
6827,C_553,2012,2013,0.0935015082359,1,1,0.08,0.00734832882881,2026-09-08T22:27:07.472733+00:00,study3b_fifo_runtime_v1
6847,C_554,2012,2013,7.42316842661e-05,0,0,0.08,0.00734832882881,2026-09-08T22:27:07.472733+00:00,study3b_fifo_runtime_v1
6889,C_559,2012,2013,1.89954716916e-05,0,0,0.08,0.00734832882881,2026-09-08T22:27:07.472733+00:00,study3b_fifo_runtime_v1
6919,C_561,2012,2013,5.40753208043e-05,0,0,0.08,0.00734832882881,2026-09-08T22:27:07.472733+00:00,study3b_fifo_runtime_v1
6939,C_562,2012,2013,6.81784949847e-05,0,0,0.08,0.00734832882881,2026-09-08T22:27:07.472733+00:00,study3b_fifo_runtime_v1
6959,C_563,2012,2013,8.71657266543e-06,0,0,0.08,0.00734832882881,2026-09-08T22:27:07.472733+00:00,study3b_fifo_runtime_v1
6983,C_565,2012,2013,3.26634326484e-05,0,0,0.08,0.00734832882881,2026-09-08T22:27:07.472733+00:00,study3b_fifo_runtime_v1
7003,C_566,2012,2013,0.000276230159216,0,0,0.08,0.00734832882881,2026-09-08T22:27:07.472733+00:00,study3b_fifo_runtime_v1
7049,C_572,2012,2013,0.000603818509262,0,0,0.08,0.00734832882881,2026-09-08T22:27:07.472733+00:00,study3b_fifo_runtime_v1
7079,C_576,2012,2013,0.0338702239096,0,1,0.08,0.00734832882881,2026-09-08T22:27:07.472733+00:00,study3b_fifo_runtime_v1
7108,C_579,2012,2013,2.12100640056e-05,0,0,0.08,0.00734832882881,2026-09-08T22:27:07.472733+00:00,study3b_fifo_runtime_v1
7127,C_580,2012,2013,0.00371425156482,0,0,0.08,0.00734832882881,2026-09-08T22:27:07.472733+00:00,study3b_fifo_runtime_v1
7144,C_581,2012,2013,0.01877957955,0,1,0.08,0.00734832882881,2026-09-08T22:27:07.472733+00:00,study3b_fifo_runtime_v1
7154,C_582,2012,2013,0.0106010781601,0,1,0.08,0.00734832882881,2026-09-08T22:27:07.472733+00:00,study3b_fifo_runtime_v1
7174,C_583,2012,2013,2.57370320469e-05,0,0,0.08,0.00734832882881,2026-09-08T22:27:07.472733+00:00,study3b_fifo_runtime_v1
7194,C_584,2012,2013,0.000152522567078,0,0,0.08,0.00734832882881,2026-09-08T22:27:07.472733+00:00,study3b_fifo_runtime_v1
7215,C_586,2012,2013,0.000342919491231,0,0,0.08,0.00734832882881,2026-09-08T22:27:07.472733+00:00,study3b_fifo_runtime_v1
7235,C_588,2012,2013,0.000224230592721,0,0,0.08,0.00734832882881,2026-09-08T22:27:07.472733+00:00,study3b_fifo_runtime_v1
7276,C_595,2012,2013,1.07453388409e-05,0,0,0.08,0.00734832882881,2026-09-08T22:27:07.472733+00:00,study3b_fifo_runtime_v1
7308,C_598,2012,2013,0.000151087573613,0,0,0.08,0.00734832882881,2026-09-08T22:27:07.472733+00:00,study3b_fifo_runtime_v1
7351,C_604,2012,2013,4.53161446785e-05,0,0,0.08,0.00734832882881,2026-09-08T22:27:07.472733+00:00,study3b_fifo_runtime_v1
7365,C_605,2012,2013,3.87756917917e-05,0,0,0.08,0.00734832882881,2026-09-08T22:27:07.472733+00:00,study3b_fifo_runtime_v1
7385,C_606,2012,2013,1.85385633813e-05,0,0,0.08,0.00734832882881,2026-09-08T22:27:07.472733+00:00,study3b_fifo_runtime_v1
7405,C_607,2012,2013,0.00554848834872,0,0,0.08,0.00734832882881,2026-09-08T22:27:07.472733+00:00,study3b_fifo_runtime_v1
7439,C_612,2012,2013,3.49403635482e-05,0,0,0.08,0.00734832882881,2026-09-08T22:27:07.472733+00:00,study3b_fifo_runtime_v1
7455,C_614,2012,2013,0.000156379595865,0,0,0.08,0.00734832882881,2026-09-08T22:27:07.472733+00:00,study3b_fifo_runtime_v1
7475,C_615,2012,2013,9.23885891098e-05,0,0,0.08,0.00734832882881,2026-09-08T22:27:07.472733+00:00,study3b_fifo_runtime_v1
7490,C_616,2012,2013,7.09397454557e-06,0,0,0.08,0.00734832882881,2026-09-08T22:27:07.472733+00:00,study3b_fifo_runtime_v1
7521,C_619,2012,2013,4.97395121783e-05,0,0,0.08,0.00734832882881,2026-09-08T22:27:07.472733+00:00,study3b_fifo_runtime_v1
7540,C_620,2012,2013,0.000253689213423,0,0,0.08,0.00734832882881,2026-09-08T22:27:07.472733+00:00,study3b_fifo_runtime_v1
7559,C_621,2012,2013,1.430435168e-05,0,0,0.08,0.00734832882881,2026-09-08T22:27:07.472733+00:00,study3b_fifo_runtime_v1
7580,C_623,2012,2013,3.55333650077e-05,0,0,0.08,0.00734832882881,2026-09-08T22:27:07.472733+00:00,study3b_fifo_runtime_v1
7606,C_625,2012,2013,4.40216281277e-05,0,0,0.08,0.00734832882881,2026-09-08T22:27:07.472733+00:00,study3b_fifo_runtime_v1
7626,C_628,2012,2013,0.000111920853669,0,0,0.08,0.00734832882881,2026-09-08T22:27:07.472733+00:00,study3b_fifo_runtime_v1
7646,C_629,2012,2013,0.000121268618386,0,0,0.08,0.00734832882881,2026-09-08T22:27:07.472733+00:00,study3b_fifo_runtime_v1
7666,C_630,2012,2013,1.1893386727e-05,0,0,0.08,0.00734832882881,2026-09-08T22:27:07.472733+00:00,study3b_fifo_runtime_v1
7689,C_632,2012,2013,0.00207480159588,0,0,0.08,0.00734832882881,2026-09-08T22:27:07.472733+00:00,study3b_fifo_runtime_v1
7746,C_639,2012,2013,4.18667623308e-05,0,0,0.08,0.00734832882881,2026-09-08T22:27:07.472733+00:00,study3b_fifo_runtime_v1
7766,C_640,2012,2013,0.000133966677822,0,0,0.08,0.00734832882881,2026-09-08T22:27:07.472733+00:00,study3b_fifo_runtime_v1
7793,C_643,2012,2013,4.07459629059e-05,0,0,0.08,0.00734832882881,2026-09-08T22:27:07.472733+00:00,study3b_fifo_runtime_v1
7801,C_644,2012,2013,1.85253811651e-05,0,0,0.08,0.00734832882881,2026-09-08T22:27:07.472733+00:00,study3b_fifo_runtime_v1
7830,C_646,2012,2013,1.33860585265e-05,0,0,0.08,0.00734832882881,2026-09-08T22:27:07.472733+00:00,study3b_fifo_runtime_v1
7848,C_647,2012,2013,7.37938607926e-05,0,0,0.08,0.00734832882881,2026-09-08T22:27:07.472733+00:00,study3b_fifo_runtime_v1
7870,C_649,2012,2013,1.19125297715e-05,0,0,0.08,0.00734832882881,2026-09-08T22:27:07.472733+00:00,study3b_fifo_runtime_v1
7892,C_651,2012,2013,0.000266809394816,0,0,0.08,0.00734832882881,2026-09-08T22:27:07.472733+00:00,study3b_fifo_runtime_v1
7932,C_656,2012,2013,0.000238137072301,0,0,0.08,0.00734832882881,2026-09-08T22:27:07.472733+00:00,study3b_fifo_runtime_v1
7963,C_660,2012,2013,5.66347443964e-05,0,0,0.08,0.00734832882881,2026-09-08T22:27:07.472733+00:00,study3b_fifo_runtime_v1
7990,C_662,2012,2013,2.29479192058e-05,0,0,0.08,0.00734832882881,2026-09-08T22:27:07.472733+00:00,study3b_fifo_runtime_v1
8009,C_665,2012,2013,0.000129171399749,0,0,0.08,0.00734832882881,2026-09-08T22:27:07.472733+00:00,study3b_fifo_runtime_v1
8045,C_668,2012,2013,0.00244552385993,0,0,0.08,0.00734832882881,2026-09-08T22:27:07.472733+00:00,study3b_fifo_runtime_v1
8065,C_669,2012,2013,8.98384387256e-05,0,0,0.08,0.00734832882881,2026-09-08T22:27:07.472733+00:00,study3b_fifo_runtime_v1
8072,C_670,2012,2013,0.000162578900927,0,0,0.08,0.00734832882881,2026-09-08T22:27:07.472733+00:00,study3b_fifo_runtime_v1
8086,C_671,2012,2013,0.000102420541225,0,0,0.08,0.00734832882881,2026-09-08T22:27:07.472733+00:00,study3b_fifo_runtime_v1
8106,C_672,2012,2013,8.91915988177e-05,0,0,0.08,0.00734832882881,2026-09-08T22:27:07.472733+00:00,study3b_fifo_runtime_v1
8130,C_674,2012,2013,3.50031186827e-05,0,0,0.08,0.00734832882881,2026-09-08T22:27:07.472733+00:00,study3b_fifo_runtime_v1
8150,C_675,2012,2013,7.33019041945e-05,0,0,0.08,0.00734832882881,2026-09-08T22:27:07.472733+00:00,study3b_fifo_runtime_v1
8170,C_676,2012,2013,0.000186888661119,0,0,0.08,0.00734832882881,2026-09-08T22:27:07.472733+00:00,study3b_fifo_runtime_v1
8217,C_682,2012,2013,0.0123114995658,0,1,0.08,0.00734832882881,2026-09-08T22:27:07.472733+00:00,study3b_fifo_runtime_v1
8232,C_683,2012,2013,4.38539973402e-05,0,0,0.08,0.00734832882881,2026-09-08T22:27:07.472733+00:00,study3b_fifo_runtime_v1
8271,C_689,2012,2013,1.06709512693e-05,0,0,0.08,0.00734832882881,2026-09-08T22:27:07.472733+00:00,study3b_fifo_runtime_v1
8291,C_691,2012,2013,0.034699883312,0,1,0.08,0.00734832882881,2026-09-08T22:27:07.472733+00:00,study3b_fifo_runtime_v1
8331,C_697,2012,2013,1.42111557579e-05,0,0,0.08,0.00734832882881,2026-09-08T22:27:07.472733+00:00,study3b_fifo_runtime_v1
8345,C_698,2012,2013,9.75083385129e-05,0,0,0.08,0.00734832882881,2026-09-08T22:27:07.472733+00:00,study3b_fifo_runtime_v1
8372,C_703,2012,2013,2.31532612815e-05,0,0,0.08,0.00734832882881,2026-09-08T22:27:07.472733+00:00,study3b_fifo_runtime_v1
8394,C_705,2012,2013,0.000761218601838,0,0,0.08,0.00734832882881,2026-09-08T22:27:07.472733+00:00,study3b_fifo_runtime_v1
8409,C_707,2012,2013,4.39006944362e-05,0,0,0.08,0.00734832882881,2026-09-08T22:27:07.472733+00:00,study3b_fifo_runtime_v1
8429,C_708,2012,2013,8.84764813236e-05,0,0,0.08,0.00734832882881,2026-09-08T22:27:07.472733+00:00,study3b_fifo_runtime_v1
8468,C_712,2012,2013,4.28390158049e-05,0,0,0.08,0.00734832882881,2026-09-08T22:27:07.472733+00:00,study3b_fifo_runtime_v1
8492,C_714,2012,2013,3.19310747727e-05,0,0,0.08,0.00734832882881,2026-09-08T22:27:07.472733+00:00,study3b_fifo_runtime_v1
8512,C_715,2012,2013,0.000306662084768,0,0,0.08,0.00734832882881,2026-09-08T22:27:07.472733+00:00,study3b_fifo_runtime_v1
8532,C_716,2012,2013,1.24838888951e-05,0,0,0.08,0.00734832882881,2026-09-08T22:27:07.472733+00:00,study3b_fifo_runtime_v1
8552,C_717,2012,2013,0.00025257607922,0,0,0.08,0.00734832882881,2026-09-08T22:27:07.472733+00:00,study3b_fifo_runtime_v1
8578,C_719,2012,2013,8.46995098982e-05,0,0,0.08,0.00734832882881,2026-09-08T22:27:07.472733+00:00,study3b_fifo_runtime_v1
8598,C_720,2012,2013,1.28240453705e-05,0,0,0.08,0.00734832882881,2026-09-08T22:27:07.472733+00:00,study3b_fifo_runtime_v1
8619,C_722,2012,2013,6.55329567962e-05,0,0,0.08,0.00734832882881,2026-09-08T22:27:07.472733+00:00,study3b_fifo_runtime_v1
8639,C_723,2012,2013,0.000453370361356,0,0,0.08,0.00734832882881,2026-09-08T22:27:07.472733+00:00,study3b_fifo_runtime_v1
8665,C_725,2012,2013,1.57475460583e-05,0,0,0.08,0.00734832882881,2026-09-08T22:27:07.472733+00:00,study3b_fifo_runtime_v1
8691,C_727,2012,2013,7.09210580681e-05,0,0,0.08,0.00734832882881,2026-09-08T22:27:07.472733+00:00,study3b_fifo_runtime_v1
8732,C_730,2012,2013,1.74562828761e-05,0,0,0.08,0.00734832882881,2026-09-08T22:27:07.472733+00:00,study3b_fifo_runtime_v1
8752,C_731,2012,2013,0.0027597041335,0,0,0.08,0.00734832882881,2026-09-08T22:27:07.472733+00:00,study3b_fifo_runtime_v1
8772,C_732,2012,2013,0.000104052473034,0,0,0.08,0.00734832882881,2026-09-08T22:27:07.472733+00:00,study3b_fifo_runtime_v1
8792,C_733,2012,2013,0.0013913117582,0,0,0.08,0.00734832882881,2026-09-08T22:27:07.472733+00:00,study3b_fifo_runtime_v1
8810,C_735,2012,2013,0.000325144006638,0,0,0.08,0.00734832882881,2026-09-08T22:27:07.472733+00:00,study3b_fifo_runtime_v1
8844,C_737,2012,2013,2.67387094937e-05,0,0,0.08,0.00734832882881,2026-09-08T22:27:07.472733+00:00,study3b_fifo_runtime_v1
8864,C_738,2012,2013,0.0001193230637,0,0,0.08,0.00734832882881,2026-09-08T22:27:07.472733+00:00,study3b_fifo_runtime_v1
8896,C_741,2012,2013,9.92515051621e-05,0,0,0.08,0.00734832882881,2026-09-08T22:27:07.472733+00:00,study3b_fifo_runtime_v1
8918,C_743,2012,2013,4.59626753582e-05,0,0,0.08,0.00734832882881,2026-09-08T22:27:07.472733+00:00,study3b_fifo_runtime_v1
8938,C_744,2012,2013,0.0119993267581,0,1,0.08,0.00734832882881,2026-09-08T22:27:07.472733+00:00,study3b_fifo_runtime_v1
8957,C_745,2012,2013,1.72363725142e-05,0,0,0.08,0.00734832882881,2026-09-08T22:27:07.472733+00:00,study3b_fifo_runtime_v1
8985,C_748,2012,2013,3.91504545405e-05,0,0,0.08,0.00734832882881,2026-09-08T22:27:07.472733+00:00,study3b_fifo_runtime_v1
9004,C_750,2012,2013,0.0046903337352,0,0,0.08,0.00734832882881,2026-09-08T22:27:07.472733+00:00,study3b_fifo_runtime_v1
9027,C_752,2012,2013,3.64989355148e-05,0,0,0.08,0.00734832882881,2026-09-08T22:27:07.472733+00:00,study3b_fifo_runtime_v1
9062,C_756,2012,2013,2.82983164652e-05,0,0,0.08,0.00734832882881,2026-09-08T22:27:07.472733+00:00,study3b_fifo_runtime_v1
9082,C_757,2012,2013,3.37830897479e-05,0,0,0.08,0.00734832882881,2026-09-08T22:27:07.472733+00:00,study3b_fifo_runtime_v1
9102,C_758,2012,2013,0.000141604046803,0,0,0.08,0.00734832882881,2026-09-08T22:27:07.472733+00:00,study3b_fifo_runtime_v1
9119,C_759,2012,2013,0.00189092196524,0,0,0.08,0.00734832882881,2026-09-08T22:27:07.472733+00:00,study3b_fifo_runtime_v1
9150,C_762,2012,2013,0.000773072242737,0,0,0.08,0.00734832882881,2026-09-08T22:27:07.472733+00:00,study3b_fifo_runtime_v1
9188,C_766,2012,2013,4.6987854148e-05,0,0,0.08,0.00734832882881,2026-09-08T22:27:07.472733+00:00,study3b_fifo_runtime_v1
9208,C_767,2012,2013,2.74816065939e-05,0,0,0.08,0.00734832882881,2026-09-08T22:27:07.472733+00:00,study3b_fifo_runtime_v1
9242,C_771,2012,2013,7.03957121004e-05,0,0,0.08,0.00734832882881,2026-09-08T22:27:07.472733+00:00,study3b_fifo_runtime_v1
9264,C_773,2012,2013,6.51553709758e-05,0,0,0.08,0.00734832882881,2026-09-08T22:27:07.472733+00:00,study3b_fifo_runtime_v1
9284,C_774,2012,2013,2.57860319834e-05,0,0,0.08,0.00734832882881,2026-09-08T22:27:07.472733+00:00,study3b_fifo_runtime_v1
9304,C_775,2012,2013,0.00236506201327,0,0,0.08,0.00734832882881,2026-09-08T22:27:07.472733+00:00,study3b_fifo_runtime_v1
9339,C_778,2012,2013,0.000309855269734,0,0,0.08,0.00734832882881,2026-09-08T22:27:07.472733+00:00,study3b_fifo_runtime_v1
9359,C_779,2012,2013,7.67795645515e-05,0,0,0.08,0.00734832882881,2026-09-08T22:27:07.472733+00:00,study3b_fifo_runtime_v1
9385,C_781,2012,2013,0.000191665327293,0,0,0.08,0.00734832882881,2026-09-08T22:27:07.472733+00:00,study3b_fifo_runtime_v1
9404,C_782,2012,2013,7.83499417594e-05,0,0,0.08,0.00734832882881,2026-09-08T22:27:07.472733+00:00,study3b_fifo_runtime_v1
9426,C_784,2012,2013,3.47738023265e-05,0,0,0.08,0.00734832882881,2026-09-08T22:27:07.472733+00:00,study3b_fifo_runtime_v1
9491,C_792,2012,2013,4.44138777311e-06,0,0,0.08,0.00734832882881,2026-09-08T22:27:07.472733+00:00,study3b_fifo_runtime_v1
9522,C_794,2012,2013,1.92169482034e-05,0,0,0.08,0.00734832882881,2026-09-08T22:27:07.472733+00:00,study3b_fifo_runtime_v1
9542,C_795,2012,2013,6.52493690723e-05,0,0,0.08,0.00734832882881,2026-09-08T22:27:07.472733+00:00,study3b_fifo_runtime_v1
9561,C_796,2012,2013,4.29230422014e-05,0,0,0.08,0.00734832882881,2026-09-08T22:27:07.472733+00:00,study3b_fifo_runtime_v1
9581,C_797,2012,2013,0.00101844745222,0,0,0.08,0.00734832882881,2026-09-08T22:27:07.472733+00:00,study3b_fifo_runtime_v1
9609,C_799,2012,2013,0.000211331949686,0,0,0.08,0.00734832882881,2026-09-08T22:27:07.472733+00:00,study3b_fifo_runtime_v1
9629,C_800,2012,2013,0.0954353511333,1,1,0.08,0.00734832882881,2026-09-08T22:27:07.472733+00:00,study3b_fifo_runtime_v1
9643,C_801,2012,2013,1.74031174538e-05,0,0,0.08,0.00734832882881,2026-09-08T22:27:07.472733+00:00,study3b_fifo_runtime_v1
9673,C_805,2012,2013,0.00589914387092,0,0,0.08,0.00734832882881,2026-09-08T22:27:07.472733+00:00,study3b_fifo_runtime_v1
9711,C_810,2012,2013,1.67614689417e-05,0,0,0.08,0.00734832882881,2026-09-08T22:27:07.472733+00:00,study3b_fifo_runtime_v1
9731,C_811,2012,2013,1.66844820342e-05,0,0,0.08,0.00734832882881,2026-09-08T22:27:07.472733+00:00,study3b_fifo_runtime_v1
9750,C_812,2012,2013,0.00745129352435,0,1,0.08,0.00734832882881,2026-09-08T22:27:07.472733+00:00,study3b_fifo_runtime_v1
9772,C_814,2012,2013,0.00014805518731,0,0,0.08,0.00734832882881,2026-09-08T22:27:07.472733+00:00,study3b_fifo_runtime_v1
9788,C_815,2012,2013,2.71697876997e-06,0,0,0.08,0.00734832882881,2026-09-08T22:27:07.472733+00:00,study3b_fifo_runtime_v1
9813,C_817,2012,2013,0.000121399993077,0,0,0.08,0.00734832882881,2026-09-08T22:27:07.472733+00:00,study3b_fifo_runtime_v1
9832,C_818,2012,2013,5.32408193976e-05,0,0,0.08,0.00734832882881,2026-09-08T22:27:07.472733+00:00,study3b_fifo_runtime_v1
9861,C_820,2012,2013,6.8876419391e-05,0,0,0.08,0.00734832882881,2026-09-08T22:27:07.472733+00:00,study3b_fifo_runtime_v1
9878,C_821,2012,2013,5.27036945641e-06,0,0,0.08,0.00734832882881,2026-09-08T22:27:07.472733+00:00,study3b_fifo_runtime_v1
9906,C_824,2012,2013,0.000706127146259,0,0,0.08,0.00734832882881,2026-09-08T22:27:07.472733+00:00,study3b_fifo_runtime_v1
9923,C_826,2012,2013,0.000379438250093,0,0,0.08,0.00734832882881,2026-09-08T22:27:07.472733+00:00,study3b_fifo_runtime_v1
9939,C_827,2012,2013,2.36569121626e-05,0,0,0.08,0.00734832882881,2026-09-08T22:27:07.472733+00:00,study3b_fifo_runtime_v1
9973,C_830,2012,2013,4.65997763968e-05,0,0,0.08,0.00734832882881,2026-09-08T22:27:07.472733+00:00,study3b_fifo_runtime_v1
10030,C_838,2012,2013,0.00176911894232,0,0,0.08,0.00734832882881,2026-09-08T22:27:07.472733+00:00,study3b_fifo_runtime_v1
10045,C_839,2012,2013,0.000500687339809,0,0,0.08,0.00734832882881,2026-09-08T22:27:07.472733+00:00,study3b_fifo_runtime_v1
10065,C_840,2012,2013,0.000261425971985,0,0,0.08,0.00734832882881,2026-09-08T22:27:07.472733+00:00,study3b_fifo_runtime_v1
10119,C_846,2012,2013,1.09031052489e-05,0,0,0.08,0.00734832882881,2026-09-08T22:27:07.472733+00:00,study3b_fifo_runtime_v1
10142,C_848,2012,2013,1.3176034372e-05,0,0,0.08,0.00734832882881,2026-09-08T22:27:07.472733+00:00,study3b_fifo_runtime_v1
10178,C_853,2012,2013,2.91214037134e-05,0,0,0.08,0.00734832882881,2026-09-08T22:27:07.472733+00:00,study3b_fifo_runtime_v1
10198,C_854,2012,2013,2.60207543761e-05,0,0,0.08,0.00734832882881,2026-09-08T22:27:07.472733+00:00,study3b_fifo_runtime_v1
10239,C_861,2012,2013,6.1545410972e-06,0,0,0.08,0.00734832882881,2026-09-08T22:27:07.472733+00:00,study3b_fifo_runtime_v1
10259,C_862,2012,2013,0.000954480085056,0,0,0.08,0.00734832882881,2026-09-08T22:27:07.472733+00:00,study3b_fifo_runtime_v1
10277,C_863,2012,2013,3.46193046425e-05,0,0,0.08,0.00734832882881,2026-09-08T22:27:07.472733+00:00,study3b_fifo_runtime_v1
10287,C_864,2012,2013,0.0125041631982,0,1,0.08,0.00734832882881,2026-09-08T22:27:07.472733+00:00,study3b_fifo_runtime_v1
10307,C_865,2012,2013,6.79248114466e-05,0,0,0.08,0.00734832882881,2026-09-08T22:27:07.472733+00:00,study3b_fifo_runtime_v1
10359,C_869,2012,2013,4.88161058456e-05,0,0,0.08,0.00734832882881,2026-09-08T22:27:07.472733+00:00,study3b_fifo_runtime_v1
10379,C_870,2012,2013,3.74431547243e-05,0,0,0.08,0.00734832882881,2026-09-08T22:27:07.472733+00:00,study3b_fifo_runtime_v1
10395,C_871,2012,2013,0.000822494912427,0,0,0.08,0.00734832882881,2026-09-08T22:27:07.472733+00:00,study3b_fifo_runtime_v1
10414,C_872,2012,2013,5.68421964999e-05,0,0,0.08,0.00734832882881,2026-09-08T22:27:07.472733+00:00,study3b_fifo_runtime_v1
10458,C_876,2012,2013,0.00563657702878,0,0,0.08,0.00734832882881,2026-09-08T22:27:07.472733+00:00,study3b_fifo_runtime_v1
10475,C_877,2012,2013,5.42649686395e-05,0,0,0.08,0.00734832882881,2026-09-08T22:27:07.472733+00:00,study3b_fifo_runtime_v1
10498,C_880,2012,2013,5.23706839886e-05,0,0,0.08,0.00734832882881,2026-09-08T22:27:07.472733+00:00,study3b_fifo_runtime_v1
10526,C_882,2012,2013,7.86328382674e-05,0,0,0.08,0.00734832882881,2026-09-08T22:27:07.472733+00:00,study3b_fifo_runtime_v1
10546,C_883,2012,2013,6.94438631399e-06,0,0,0.08,0.00734832882881,2026-09-08T22:27:07.472733+00:00,study3b_fifo_runtime_v1
10573,C_885,2012,2013,1.03083157228e-05,0,0,0.08,0.00734832882881,2026-09-08T22:27:07.472733+00:00,study3b_fifo_runtime_v1
10592,C_886,2012,2013,6.28485940979e-05,0,0,0.08,0.00734832882881,2026-09-08T22:27:07.472733+00:00,study3b_fifo_runtime_v1
10611,C_887,2012,2013,0.000418129813625,0,0,0.08,0.00734832882881,2026-09-08T22:27:07.472733+00:00,study3b_fifo_runtime_v1
10630,C_889,2012,2013,5.82828070037e-05,0,0,0.08,0.00734832882881,2026-09-08T22:27:07.472733+00:00,study3b_fifo_runtime_v1
10650,C_890,2012,2013,2.30304722209e-05,0,0,0.08,0.00734832882881,2026-09-08T22:27:07.472733+00:00,study3b_fifo_runtime_v1
10681,C_892,2012,2013,3.58526881428e-06,0,0,0.08,0.00734832882881,2026-09-08T22:27:07.472733+00:00,study3b_fifo_runtime_v1
10719,C_897,2012,2013,2.23309198191e-05,0,0,0.08,0.00734832882881,2026-09-08T22:27:07.472733+00:00,study3b_fifo_runtime_v1
10739,C_898,2012,2013,3.01736235997e-05,0,0,0.08,0.00734832882881,2026-09-08T22:27:07.472733+00:00,study3b_fifo_runtime_v1
10759,C_899,2012,2013,1.41763712236e-05,0,0,0.08,0.00734832882881,2026-09-08T22:27:07.472733+00:00,study3b_fifo_runtime_v1
10779,C_900,2012,2013,2.53537091339e-05,0,0,0.08,0.00734832882881,2026-09-08T22:27:07.472733+00:00,study3b_fifo_runtime_v1
10799,C_901,2012,2013,5.06079522893e-05,0,0,0.08,0.00734832882881,2026-09-08T22:27:07.472733+00:00,study3b_fifo_runtime_v1
10819,C_902,2012,2013,0.000271353055723,0,0,0.08,0.00734832882881,2026-09-08T22:27:07.472733+00:00,study3b_fifo_runtime_v1
10836,C_904,2012,2013,0.000254508835496,0,0,0.08,0.00734832882881,2026-09-08T22:27:07.472733+00:00,study3b_fifo_runtime_v1
10867,C_906,2012,2013,5.81907916057e-05,0,0,0.08,0.00734832882881,2026-09-08T22:27:07.472733+00:00,study3b_fifo_runtime_v1
10887,C_907,2012,2013,2.42998066824e-05,0,0,0.08,0.00734832882881,2026-09-08T22:27:07.472733+00:00,study3b_fifo_runtime_v1
10923,C_911,2012,2013,2.5813753382e-05,0,0,0.08,0.00734832882881,2026-09-08T22:27:07.472733+00:00,study3b_fifo_runtime_v1
10951,C_913,2012,2013,0.000149637693539,0,0,0.08,0.00734832882881,2026-09-08T22:27:07.472733+00:00,study3b_fifo_runtime_v1
10971,C_914,2012,2013,5.14679450134e-05,0,0,0.08,0.00734832882881,2026-09-08T22:27:07.472733+00:00,study3b_fifo_runtime_v1
11018,C_918,2012,2013,0.000190333405044,0,0,0.08,0.00734832882881,2026-09-08T22:27:07.472733+00:00,study3b_fifo_runtime_v1
11059,C_921,2012,2013,3.30792136083e-05,0,0,0.08,0.00734832882881,2026-09-08T22:27:07.472733+00:00,study3b_fifo_runtime_v1
11091,C_923,2012,2013,0.000207328193937,0,0,0.08,0.00734832882881,2026-09-08T22:27:07.472733+00:00,study3b_fifo_runtime_v1
11108,C_925,2012,2013,3.31734663632e-05,0,0,0.08,0.00734832882881,2026-09-08T22:27:07.472733+00:00,study3b_fifo_runtime_v1
11122,C_926,2012,2013,0.0247238408774,0,1,0.08,0.00734832882881,2026-09-08T22:27:07.472733+00:00,study3b_fifo_runtime_v1
11152,C_930,2012,2013,2.48130891123e-05,0,0,0.08,0.00734832882881,2026-09-08T22:27:07.472733+00:00,study3b_fifo_runtime_v1
11173,C_932,2012,2013,0.000520963803865,0,0,0.08,0.00734832882881,2026-09-08T22:27:07.472733+00:00,study3b_fifo_runtime_v1
11193,C_933,2012,2013,1.0816574104e-05,0,0,0.08,0.00734832882881,2026-09-08T22:27:07.472733+00:00,study3b_fifo_runtime_v1
11226,C_940,2012,2013,8.63602981553e-05,0,0,0.08,0.00734832882881,2026-09-08T22:27:07.472733+00:00,study3b_fifo_runtime_v1
11248,C_942,2012,2013,0.00152484735008,0,0,0.08,0.00734832882881,2026-09-08T22:27:07.472733+00:00,study3b_fifo_runtime_v1
11255,C_943,2012,2013,0.0126064652577,0,1,0.08,0.00734832882881,2026-09-08T22:27:07.472733+00:00,study3b_fifo_runtime_v1
11319,C_949,2012,2013,8.27893964015e-05,0,0,0.08,0.00734832882881,2026-09-08T22:27:07.472733+00:00,study3b_fifo_runtime_v1
11339,C_950,2012,2013,8.69506329764e-05,0,0,0.08,0.00734832882881,2026-09-08T22:27:07.472733+00:00,study3b_fifo_runtime_v1
11371,C_952,2012,2013,4.49610051874e-05,0,0,0.08,0.00734832882881,2026-09-08T22:27:07.472733+00:00,study3b_fifo_runtime_v1
11391,C_953,2012,2013,6.21588187641e-05,0,0,0.08,0.00734832882881,2026-09-08T22:27:07.472733+00:00,study3b_fifo_runtime_v1
11421,C_956,2012,2013,4.51579981018e-05,0,0,0.08,0.00734832882881,2026-09-08T22:27:07.472733+00:00,study3b_fifo_runtime_v1
11441,C_957,2012,2013,0.000592249445617,0,0,0.08,0.00734832882881,2026-09-08T22:27:07.472733+00:00,study3b_fifo_runtime_v1
11461,C_958,2012,2013,3.9655387809e-05,0,0,0.08,0.00734832882881,2026-09-08T22:27:07.472733+00:00,study3b_fifo_runtime_v1
11481,C_959,2012,2013,0.00116996571887,0,0,0.08,0.00734832882881,2026-09-08T22:27:07.472733+00:00,study3b_fifo_runtime_v1
11502,C_962,2012,2013,5.53586323804e-05,0,0,0.08,0.00734832882881,2026-09-08T22:27:07.472733+00:00,study3b_fifo_runtime_v1
11544,C_966,2012,2013,1.83660777111e-05,0,0,0.08,0.00734832882881,2026-09-08T22:27:07.472733+00:00,study3b_fifo_runtime_v1
11579,C_969,2012,2013,7.63643984101e-05,0,0,0.08,0.00734832882881,2026-09-08T22:27:07.472733+00:00,study3b_fifo_runtime_v1
11599,C_970,2012,2013,0.000859322666656,0,0,0.08,0.00734832882881,2026-09-08T22:27:07.472733+00:00,study3b_fifo_runtime_v1
11613,C_972,2012,2013,6.75441187923e-05,0,0,0.08,0.00734832882881,2026-09-08T22:27:07.472733+00:00,study3b_fifo_runtime_v1
11633,C_973,2012,2013,8.58314961079e-05,0,0,0.08,0.00734832882881,2026-09-08T22:27:07.472733+00:00,study3b_fifo_runtime_v1
11657,C_976,2012,2013,8.1206599134e-06,0,0,0.08,0.00734832882881,2026-09-08T22:27:07.472733+00:00,study3b_fifo_runtime_v1
11684,C_978,2012,2013,0.0011639543809,0,0,0.08,0.00734832882881,2026-09-08T22:27:07.472733+00:00,study3b_fifo_runtime_v1
11701,C_980,2012,2013,9.39949022722e-05,0,0,0.08,0.00734832882881,2026-09-08T22:27:07.472733+00:00,study3b_fifo_runtime_v1
11735,C_983,2012,2013,5.13611048518e-05,0,0,0.08,0.00734832882881,2026-09-08T22:27:07.472733+00:00,study3b_fifo_runtime_v1
11749,C_984,2012,2013,1.20142321975e-05,0,0,0.08,0.00734832882881,2026-09-08T22:27:07.472733+00:00,study3b_fifo_runtime_v1
11769,C_985,2012,2013,0.000735211127903,0,0,0.08,0.00734832882881,2026-09-08T22:27:07.472733+00:00,study3b_fifo_runtime_v1
11801,C_988,2012,2013,9.96355156531e-05,0,0,0.08,0.00734832882881,2026-09-08T22:27:07.472733+00:00,study3b_fifo_runtime_v1
11849,C_994,2012,2013,0.000165387114976,0,0,0.08,0.00734832882881,2026-09-08T22:27:07.472733+00:00,study3b_fifo_runtime_v1
11879,C_997,2012,2013,3.41381819453e-05,0,0,0.08,0.00734832882881,2026-09-08T22:27:07.472733+00:00,study3b_fifo_runtime_v1
11899,C_998,2012,2013,9.74942668108e-06,0,0,0.08,0.00734832882881,2026-09-08T22:27:07.472733+00:00,study3b_fifo_runtime_v1
11919,C_999,2012,2013,0.000117743802548,0,0,0.08,0.00734832882881,2026-09-08T22:27:07.472733+00:00,study3b_fifo_runtime_v1
11939,C_1000,2012,2013,3.03583128698e-05,0,0,0.08,0.00734832882881,2026-09-08T22:27:07.472733+00:00,study3b_fifo_runtime_v1
11959,C_1001,2012,2013,0.000191540268133,0,0,0.08,0.00734832882881,2026-09-08T22:27:07.472733+00:00,study3b_fifo_runtime_v1
11979,C_1002,2012,2013,2.78755123873e-05,0,0,0.08,0.00734832882881,2026-09-08T22:27:07.472733+00:00,study3b_fifo_runtime_v1
11999,C_1003,2012,2013,0.00268739555031,0,0,0.08,0.00734832882881,2026-09-08T22:27:07.472733+00:00,study3b_fifo_runtime_v1
12018,C_1004,2012,2013,1.17440222311e-05,0,0,0.08,0.00734832882881,2026-09-08T22:27:07.472733+00:00,study3b_fifo_runtime_v1
12060,C_1007,2012,2013,0.000135574431624,0,0,0.08,0.00734832882881,2026-09-08T22:27:07.472733+00:00,study3b_fifo_runtime_v1
12082,C_1009,2012,2013,7.22637050785e-05,0,0,0.08,0.00734832882881,2026-09-08T22:27:07.472733+00:00,study3b_fifo_runtime_v1
12102,C_1010,2012,2013,7.83427094575e-05,0,0,0.08,0.00734832882881,2026-09-08T22:27:07.472733+00:00,study3b_fifo_runtime_v1
12127,C_1012,2012,2013,9.48392917053e-05,0,0,0.08,0.00734832882881,2026-09-08T22:27:07.472733+00:00,study3b_fifo_runtime_v1
12165,C_1015,2012,2013,4.55979625258e-06,0,0,0.08,0.00734832882881,2026-09-08T22:27:07.472733+00:00,study3b_fifo_runtime_v1
12183,C_1016,2012,2013,0.000175112683792,0,0,0.08,0.00734832882881,2026-09-08T22:27:07.472733+00:00,study3b_fifo_runtime_v1
12203,C_1017,2012,2013,7.64762535255e-06,0,0,0.08,0.00734832882881,2026-09-08T22:27:07.472733+00:00,study3b_fifo_runtime_v1
12233,C_1019,2012,2013,2.41696234298e-05,0,0,0.08,0.00734832882881,2026-09-08T22:27:07.472733+00:00,study3b_fifo_runtime_v1
12259,C_1021,2012,2013,0.000114155460324,0,0,0.08,0.00734832882881,2026-09-08T22:27:07.472733+00:00,study3b_fifo_runtime_v1
12279,C_1022,2012,2013,2.14310548472e-05,0,0,0.08,0.00734832882881,2026-09-08T22:27:07.472733+00:00,study3b_fifo_runtime_v1
12296,C_1024,2012,2013,7.30927640689e-05,0,0,0.08,0.00734832882881,2026-09-08T22:27:07.472733+00:00,study3b_fifo_runtime_v1
12316,C_1025,2012,2013,0.000863651221152,0,0,0.08,0.00734832882881,2026-09-08T22:27:07.472733+00:00,study3b_fifo_runtime_v1
12336,C_1026,2012,2013,2.19111170736e-05,0,0,0.08,0.00734832882881,2026-09-08T22:27:07.472733+00:00,study3b_fifo_runtime_v1
12351,C_1027,2012,2013,0.000894875032827,0,0,0.08,0.00734832882881,2026-09-08T22:27:07.472733+00:00,study3b_fifo_runtime_v1
12385,C_1030,2012,2013,3.68856090063e-05,0,0,0.08,0.00734832882881,2026-09-08T22:27:07.472733+00:00,study3b_fifo_runtime_v1
12401,C_1031,2012,2013,0.00110653531738,0,0,0.08,0.00734832882881,2026-09-08T22:27:07.472733+00:00,study3b_fifo_runtime_v1
12421,C_1032,2012,2013,7.49177706894e-05,0,0,0.08,0.00734832882881,2026-09-08T22:27:07.472733+00:00,study3b_fifo_runtime_v1
12441,C_1033,2012,2013,1.54489862325e-05,0,0,0.08,0.00734832882881,2026-09-08T22:27:07.472733+00:00,study3b_fifo_runtime_v1
12460,C_1034,2012,2013,0.000161578893312,0,0,0.08,0.00734832882881,2026-09-08T22:27:07.472733+00:00,study3b_fifo_runtime_v1
12487,C_1037,2012,2013,7.61373958085e-05,0,0,0.08,0.00734832882881,2026-09-08T22:27:07.472733+00:00,study3b_fifo_runtime_v1
12507,C_1038,2012,2013,3.4608063288e-05,0,0,0.08,0.00734832882881,2026-09-08T22:27:07.472733+00:00,study3b_fifo_runtime_v1
12527,C_1039,2012,2013,0.000360936974175,0,0,0.08,0.00734832882881,2026-09-08T22:27:07.472733+00:00,study3b_fifo_runtime_v1
12554,C_1041,2012,2013,0.00108377344441,0,0,0.08,0.00734832882881,2026-09-08T22:27:07.472733+00:00,study3b_fifo_runtime_v1
12590,C_1045,2012,2013,6.23031701252e-06,0,0,0.08,0.00734832882881,2026-09-08T22:27:07.472733+00:00,study3b_fifo_runtime_v1
12607,C_1046,2012,2013,0.00202583079226,0,0,0.08,0.00734832882881,2026-09-08T22:27:07.472733+00:00,study3b_fifo_runtime_v1
12632,C_1048,2012,2013,2.10614070966e-05,0,0,0.08,0.00734832882881,2026-09-08T22:27:07.472733+00:00,study3b_fifo_runtime_v1
12652,C_1049,2012,2013,0.000256896222709,0,0,0.08,0.00734832882881,2026-09-08T22:27:07.472733+00:00,study3b_fifo_runtime_v1
12692,C_1053,2012,2013,0.000109006745333,0,0,0.08,0.00734832882881,2026-09-08T22:27:07.472733+00:00,study3b_fifo_runtime_v1
12710,C_1054,2012,2013,0.00235432642512,0,0,0.08,0.00734832882881,2026-09-08T22:27:07.472733+00:00,study3b_fifo_runtime_v1
12739,C_1057,2012,2013,2.37435615418e-05,0,0,0.08,0.00734832882881,2026-09-08T22:27:07.472733+00:00,study3b_fifo_runtime_v1
12743,C_1058,2012,2013,9.3673763331e-05,0,0,0.08,0.00734832882881,2026-09-08T22:27:07.472733+00:00,study3b_fifo_runtime_v1
12759,C_1059,2012,2013,2.88084829663e-05,0,0,0.08,0.00734832882881,2026-09-08T22:27:07.472733+00:00,study3b_fifo_runtime_v1
12781,C_1061,2012,2013,4.9208974815e-05,0,0,0.08,0.00734832882881,2026-09-08T22:27:07.472733+00:00,study3b_fifo_runtime_v1
12805,C_1063,2012,2013,2.85780220111e-06,0,0,0.08,0.00734832882881,2026-09-08T22:27:07.472733+00:00,study3b_fifo_runtime_v1
12843,C_1068,2012,2013,4.02723999287e-05,0,0,0.08,0.00734832882881,2026-09-08T22:27:07.472733+00:00,study3b_fifo_runtime_v1
12862,C_1070,2012,2013,0.00150098127779,0,0,0.08,0.00734832882881,2026-09-08T22:27:07.472733+00:00,study3b_fifo_runtime_v1
12876,C_1071,2012,2013,0.000230488323723,0,0,0.08,0.00734832882881,2026-09-08T22:27:07.472733+00:00,study3b_fifo_runtime_v1
12893,C_1073,2012,2013,0.000221684007556,0,0,0.08,0.00734832882881,2026-09-08T22:27:07.472733+00:00,study3b_fifo_runtime_v1
12923,C_1077,2012,2013,0.0001935853943,0,0,0.08,0.00734832882881,2026-09-08T22:27:07.472733+00:00,study3b_fifo_runtime_v1
12943,C_1078,2012,2013,4.20391879743e-05,0,0,0.08,0.00734832882881,2026-09-08T22:27:07.472733+00:00,study3b_fifo_runtime_v1
12959,C_1079,2012,2013,0.000448911770945,0,0,0.08,0.00734832882881,2026-09-08T22:27:07.472733+00:00,study3b_fifo_runtime_v1
12981,C_1081,2012,2013,7.74395721237e-06,0,0,0.08,0.00734832882881,2026-09-08T22:27:07.472733+00:00,study3b_fifo_runtime_v1
13001,C_1082,2012,2013,0.000131452296046,0,0,0.08,0.00734832882881,2026-09-08T22:27:07.472733+00:00,study3b_fifo_runtime_v1
13020,C_1083,2012,2013,0.0125593915582,0,1,0.08,0.00734832882881,2026-09-08T22:27:07.472733+00:00,study3b_fifo_runtime_v1
13036,C_1084,2012,2013,0.00173938926309,0,0,0.08,0.00734832882881,2026-09-08T22:27:07.472733+00:00,study3b_fifo_runtime_v1
13061,C_1086,2012,2013,1.07653313535e-05,0,0,0.08,0.00734832882881,2026-09-08T22:27:07.472733+00:00,study3b_fifo_runtime_v1
13088,C_1088,2012,2013,5.3533945902e-05,0,0,0.08,0.00734832882881,2026-09-08T22:27:07.472733+00:00,study3b_fifo_runtime_v1
13108,C_1089,2012,2013,1.73582502612e-05,0,0,0.08,0.00734832882881,2026-09-08T22:27:07.472733+00:00,study3b_fifo_runtime_v1
13132,C_1091,2012,2013,0.000109684508061,0,0,0.08,0.00734832882881,2026-09-08T22:27:07.472733+00:00,study3b_fifo_runtime_v1
13159,C_1094,2012,2013,0.000108174637717,0,0,0.08,0.00734832882881,2026-09-08T22:27:07.472733+00:00,study3b_fifo_runtime_v1
13179,C_1095,2012,2013,0.000101312842162,0,0,0.08,0.00734832882881,2026-09-08T22:27:07.472733+00:00,study3b_fifo_runtime_v1
13199,C_1096,2012,2013,0.000614947406575,0,0,0.08,0.00734832882881,2026-09-08T22:27:07.472733+00:00,study3b_fifo_runtime_v1
13220,C_1098,2012,2013,3.99591190217e-05,0,0,0.08,0.00734832882881,2026-09-08T22:27:07.472733+00:00,study3b_fifo_runtime_v1
13236,C_1100,2012,2013,2.03654653887e-05,0,0,0.08,0.00734832882881,2026-09-08T22:27:07.472733+00:00,study3b_fifo_runtime_v1
13277,C_1104,2012,2013,7.51374172978e-05,0,0,0.08,0.00734832882881,2026-09-08T22:27:07.472733+00:00,study3b_fifo_runtime_v1
13303,C_1106,2012,2013,1.8137621737e-05,0,0,0.08,0.00734832882881,2026-09-08T22:27:07.472733+00:00,study3b_fifo_runtime_v1
13339,C_1109,2012,2013,5.56289414817e-05,0,0,0.08,0.00734832882881,2026-09-08T22:27:07.472733+00:00,study3b_fifo_runtime_v1
13366,C_1112,2012,2013,0.000363958271919,0,0,0.08,0.00734832882881,2026-09-08T22:27:07.472733+00:00,study3b_fifo_runtime_v1
13386,C_1113,2012,2013,5.20479079569e-05,0,0,0.08,0.00734832882881,2026-09-08T22:27:07.472733+00:00,study3b_fifo_runtime_v1
13428,C_1117,2012,2013,0.00846767891198,0,1,0.08,0.00734832882881,2026-09-08T22:27:07.472733+00:00,study3b_fifo_runtime_v1
13448,C_1118,2012,2013,6.79568256601e-05,0,0,0.08,0.00734832882881,2026-09-08T22:27:07.472733+00:00,study3b_fifo_runtime_v1
13471,C_1120,2012,2013,3.81149875466e-05,0,0,0.08,0.00734832882881,2026-09-08T22:27:07.472733+00:00,study3b_fifo_runtime_v1
13491,C_1121,2012,2013,0.000140462841955,0,0,0.08,0.00734832882881,2026-09-08T22:27:07.472733+00:00,study3b_fifo_runtime_v1
13511,C_1122,2012,2013,1.80684983206e-05,0,0,0.08,0.00734832882881,2026-09-08T22:27:07.472733+00:00,study3b_fifo_runtime_v1
13531,C_1123,2012,2013,0.000199227783014,0,0,0.08,0.00734832882881,2026-09-08T22:27:07.472733+00:00,study3b_fifo_runtime_v1
13548,C_1124,2012,2013,1.82710409717e-05,0,0,0.08,0.00734832882881,2026-09-08T22:27:07.472733+00:00,study3b_fifo_runtime_v1
13567,C_1125,2012,2013,0.00346296769567,0,0,0.08,0.00734832882881,2026-09-08T22:27:07.472733+00:00,study3b_fifo_runtime_v1
13587,C_1126,2012,2013,0.000238408931182,0,0,0.08,0.00734832882881,2026-09-08T22:27:07.472733+00:00,study3b_fifo_runtime_v1
13607,C_1127,2012,2013,0.00222122599371,0,0,0.08,0.00734832882881,2026-09-08T22:27:07.472733+00:00,study3b_fifo_runtime_v1
13625,C_1129,2012,2013,0.0208786781877,0,1,0.08,0.00734832882881,2026-09-08T22:27:07.472733+00:00,study3b_fifo_runtime_v1
13639,C_1130,2012,2013,1.51243139044e-05,0,0,0.08,0.00734832882881,2026-09-08T22:27:07.472733+00:00,study3b_fifo_runtime_v1
13659,C_1131,2012,2013,8.62812448759e-05,0,0,0.08,0.00734832882881,2026-09-08T22:27:07.472733+00:00,study3b_fifo_runtime_v1
13679,C_1132,2012,2013,0.000122940909932,0,0,0.08,0.00734832882881,2026-09-08T22:27:07.472733+00:00,study3b_fifo_runtime_v1
13707,C_1135,2012,2013,0.00189933821093,0,0,0.08,0.00734832882881,2026-09-08T22:27:07.472733+00:00,study3b_fifo_runtime_v1
13727,C_1136,2012,2013,6.05050408922e-05,0,0,0.08,0.00734832882881,2026-09-08T22:27:07.472733+00:00,study3b_fifo_runtime_v1
13747,C_1137,2012,2013,0.000387705396861,0,0,0.08,0.00734832882881,2026-09-08T22:27:07.472733+00:00,study3b_fifo_runtime_v1
13778,C_1141,2012,2013,6.66087144054e-05,0,0,0.08,0.00734832882881,2026-09-08T22:27:07.472733+00:00,study3b_fifo_runtime_v1
13798,C_1142,2012,2013,0.000770693004597,0,0,0.08,0.00734832882881,2026-09-08T22:27:07.472733+00:00,study3b_fifo_runtime_v1
13818,C_1143,2012,2013,0.000249581091339,0,0,0.08,0.00734832882881,2026-09-08T22:27:07.472733+00:00,study3b_fifo_runtime_v1
13848,C_1145,2012,2013,1.99780242838e-05,0,0,0.08,0.00734832882881,2026-09-08T22:27:07.472733+00:00,study3b_fifo_runtime_v1
13868,C_1146,2012,2013,8.49282423587e-06,0,0,0.08,0.00734832882881,2026-09-08T22:27:07.472733+00:00,study3b_fifo_runtime_v1
13888,C_1147,2012,2013,0.00966929923743,0,1,0.08,0.00734832882881,2026-09-08T22:27:07.472733+00:00,study3b_fifo_runtime_v1
13903,C_1148,2012,2013,0.000779047200922,0,0,0.08,0.00734832882881,2026-09-08T22:27:07.472733+00:00,study3b_fifo_runtime_v1
13939,C_1153,2012,2013,7.71938503021e-05,0,0,0.08,0.00734832882881,2026-09-08T22:27:07.472733+00:00,study3b_fifo_runtime_v1
13991,C_1160,2012,2013,1.0447843124e-05,0,0,0.08,0.00734832882881,2026-09-08T22:27:07.472733+00:00,study3b_fifo_runtime_v1
14019,C_1163,2012,2013,1.34273041112e-05,0,0,0.08,0.00734832882881,2026-09-08T22:27:07.472733+00:00,study3b_fifo_runtime_v1
14039,C_1164,2012,2013,4.88934347231e-05,0,0,0.08,0.00734832882881,2026-09-08T22:27:07.472733+00:00,study3b_fifo_runtime_v1
14059,C_1165,2012,2013,0.000175497742021,0,0,0.08,0.00734832882881,2026-09-08T22:27:07.472733+00:00,study3b_fifo_runtime_v1
14097,C_1168,2012,2013,0.000437731505372,0,0,0.08,0.00734832882881,2026-09-08T22:27:07.472733+00:00,study3b_fifo_runtime_v1
14117,C_1169,2012,2013,1.16224082376e-05,0,0,0.08,0.00734832882881,2026-09-08T22:27:07.472733+00:00,study3b_fifo_runtime_v1
14155,C_1173,2012,2013,0.000135924477945,0,0,0.08,0.00734832882881,2026-09-08T22:27:07.472733+00:00,study3b_fifo_runtime_v1
14167,C_1174,2012,2013,0.000561870983802,0,0,0.08,0.00734832882881,2026-09-08T22:27:07.472733+00:00,study3b_fifo_runtime_v1
14181,C_1175,2012,2013,2.3389393391e-05,0,0,0.08,0.00734832882881,2026-09-08T22:27:07.472733+00:00,study3b_fifo_runtime_v1
14208,C_1177,2012,2013,5.51847333554e-05,0,0,0.08,0.00734832882881,2026-09-08T22:27:07.472733+00:00,study3b_fifo_runtime_v1
14228,C_1178,2012,2013,7.58612950449e-05,0,0,0.08,0.00734832882881,2026-09-08T22:27:07.472733+00:00,study3b_fifo_runtime_v1
14248,C_1179,2012,2013,5.47167146578e-05,0,0,0.08,0.00734832882881,2026-09-08T22:27:07.472733+00:00,study3b_fifo_runtime_v1
14293,C_1184,2012,2013,0.0156003097072,0,1,0.08,0.00734832882881,2026-09-08T22:27:07.472733+00:00,study3b_fifo_runtime_v1
14324,C_1188,2012,2013,0.00305743119679,0,0,0.08,0.00734832882881,2026-09-08T22:27:07.472733+00:00,study3b_fifo_runtime_v1
14357,C_1190,2012,2013,1.45298699863e-05,0,0,0.08,0.00734832882881,2026-09-08T22:27:07.472733+00:00,study3b_fifo_runtime_v1
14376,C_1191,2012,2013,9.35885182116e-05,0,0,0.08,0.00734832882881,2026-09-08T22:27:07.472733+00:00,study3b_fifo_runtime_v1
14396,C_1192,2012,2013,0.000933280505706,0,0,0.08,0.00734832882881,2026-09-08T22:27:07.472733+00:00,study3b_fifo_runtime_v1
14416,C_1193,2012,2013,1.15317589007e-05,0,0,0.08,0.00734832882881,2026-09-08T22:27:07.472733+00:00,study3b_fifo_runtime_v1
14436,C_1194,2012,2013,2.61920449702e-05,0,0,0.08,0.00734832882881,2026-09-08T22:27:07.472733+00:00,study3b_fifo_runtime_v1
14463,C_1196,2012,2013,2.88993269351e-05,0,0,0.08,0.00734832882881,2026-09-08T22:27:07.472733+00:00,study3b_fifo_runtime_v1
14494,C_1199,2012,2013,0.000122291632579,0,0,0.08,0.00734832882881,2026-09-08T22:27:07.472733+00:00,study3b_fifo_runtime_v1
14514,C_1200,2012,2013,0.000108786240162,0,0,0.08,0.00734832882881,2026-09-08T22:27:07.472733+00:00,study3b_fifo_runtime_v1
14528,C_1201,2012,2013,0.00029130873736,0,0,0.08,0.00734832882881,2026-09-08T22:27:07.472733+00:00,study3b_fifo_runtime_v1
14560,C_1204,2012,2013,1.10853652586e-05,0,0,0.08,0.00734832882881,2026-09-08T22:27:07.472733+00:00,study3b_fifo_runtime_v1
14587,C_1207,2012,2013,0.000266563351033,0,0,0.08,0.00734832882881,2026-09-08T22:27:07.472733+00:00,study3b_fifo_runtime_v1
14607,C_1208,2012,2013,4.08919331676e-05,0,0,0.08,0.00734832882881,2026-09-08T22:27:07.472733+00:00,study3b_fifo_runtime_v1
14637,C_1210,2012,2013,1.9387995053e-05,0,0,0.08,0.00734832882881,2026-09-08T22:27:07.472733+00:00,study3b_fifo_runtime_v1
14657,C_1211,2012,2013,4.31568369095e-05,0,0,0.08,0.00734832882881,2026-09-08T22:27:07.472733+00:00,study3b_fifo_runtime_v1
14677,C_1212,2012,2013,2.52146128332e-05,0,0,0.08,0.00734832882881,2026-09-08T22:27:07.472733+00:00,study3b_fifo_runtime_v1
14696,C_1213,2012,2013,0.00559946382418,0,0,0.08,0.00734832882881,2026-09-08T22:27:07.472733+00:00,study3b_fifo_runtime_v1
14723,C_1215,2012,2013,0.000136914182804,0,0,0.08,0.00734832882881,2026-09-08T22:27:07.472733+00:00,study3b_fifo_runtime_v1
14743,C_1216,2012,2013,0.000131900771521,0,0,0.08,0.00734832882881,2026-09-08T22:27:07.472733+00:00,study3b_fifo_runtime_v1
14770,C_1219,2012,2013,0.000148559207446,0,0,0.08,0.00734832882881,2026-09-08T22:27:07.472733+00:00,study3b_fifo_runtime_v1
14793,C_1222,2012,2013,0.000216918691876,0,0,0.08,0.00734832882881,2026-09-08T22:27:07.472733+00:00,study3b_fifo_runtime_v1
14824,C_1226,2012,2013,0.0115048959851,0,1,0.08,0.00734832882881,2026-09-08T22:27:07.472733+00:00,study3b_fifo_runtime_v1
14841,C_1227,2012,2013,0.00321673508734,0,0,0.08,0.00734832882881,2026-09-08T22:27:07.472733+00:00,study3b_fifo_runtime_v1
14861,C_1228,2012,2013,0.000291283125989,0,0,0.08,0.00734832882881,2026-09-08T22:27:07.472733+00:00,study3b_fifo_runtime_v1
14881,C_1229,2012,2013,4.39070536231e-05,0,0,0.08,0.00734832882881,2026-09-08T22:27:07.472733+00:00,study3b_fifo_runtime_v1
14917,C_1232,2012,2013,3.11805451929e-05,0,0,0.08,0.00734832882881,2026-09-08T22:27:07.472733+00:00,study3b_fifo_runtime_v1
14933,C_1233,2012,2013,0.000227384371101,0,0,0.08,0.00734832882881,2026-09-08T22:27:07.472733+00:00,study3b_fifo_runtime_v1
14953,C_1234,2012,2013,2.07659995795e-05,0,0,0.08,0.00734832882881,2026-09-08T22:27:07.472733+00:00,study3b_fifo_runtime_v1
14983,C_1237,2012,2013,0.00264289067127,0,0,0.08,0.00734832882881,2026-09-08T22:27:07.472733+00:00,study3b_fifo_runtime_v1
15003,C_1238,2012,2013,4.40201365564e-05,0,0,0.08,0.00734832882881,2026-09-08T22:27:07.472733+00:00,study3b_fifo_runtime_v1
15028,C_1240,2012,2013,4.53435895906e-05,0,0,0.08,0.00734832882881,2026-09-08T22:27:07.472733+00:00,study3b_fifo_runtime_v1
15058,C_1243,2012,2013,0.000429753679782,0,0,0.08,0.00734832882881,2026-09-08T22:27:07.472733+00:00,study3b_fifo_runtime_v1
15078,C_1244,2012,2013,0.000373945455067,0,0,0.08,0.00734832882881,2026-09-08T22:27:07.472733+00:00,study3b_fifo_runtime_v1
15097,C_1245,2012,2013,0.000378171593184,0,0,0.08,0.00734832882881,2026-09-08T22:27:07.472733+00:00,study3b_fifo_runtime_v1
15117,C_1246,2012,2013,0.00040990152047,0,0,0.08,0.00734832882881,2026-09-08T22:27:07.472733+00:00,study3b_fifo_runtime_v1
15137,C_1247,2012,2013,1.81354153028e-05,0,0,0.08,0.00734832882881,2026-09-08T22:27:07.472733+00:00,study3b_fifo_runtime_v1
15165,C_1250,2012,2013,0.000127567589516,0,0,0.08,0.00734832882881,2026-09-08T22:27:07.472733+00:00,study3b_fifo_runtime_v1
15182,C_1251,2012,2013,1.84665350389e-05,0,0,0.08,0.00734832882881,2026-09-08T22:27:07.472733+00:00,study3b_fifo_runtime_v1
15202,C_1252,2012,2013,4.02712248615e-06,0,0,0.08,0.00734832882881,2026-09-08T22:27:07.472733+00:00,study3b_fifo_runtime_v1
15222,C_1253,2012,2013,1.13323667392e-05,0,0,0.08,0.00734832882881,2026-09-08T22:27:07.472733+00:00,study3b_fifo_runtime_v1
15242,C_1254,2012,2013,2.82368728222e-05,0,0,0.08,0.00734832882881,2026-09-08T22:27:07.472733+00:00,study3b_fifo_runtime_v1
15251,C_1256,2012,2013,0.000164676297572,0,0,0.08,0.00734832882881,2026-09-08T22:27:07.472733+00:00,study3b_fifo_runtime_v1
15268,C_1258,2012,2013,7.93196886661e-05,0,0,0.08,0.00734832882881,2026-09-08T22:27:07.472733+00:00,study3b_fifo_runtime_v1
15322,C_1266,2012,2013,0.0012815828668,0,0,0.08,0.00734832882881,2026-09-08T22:27:07.472733+00:00,study3b_fifo_runtime_v1
15359,C_1269,2012,2013,0.000781220907811,0,0,0.08,0.00734832882881,2026-09-08T22:27:07.472733+00:00,study3b_fifo_runtime_v1
15379,C_1270,2012,2013,0.000391503825085,0,0,0.08,0.00734832882881,2026-09-08T22:27:07.472733+00:00,study3b_fifo_runtime_v1
15396,C_1271,2012,2013,0.000107814827061,0,0,0.08,0.00734832882881,2026-09-08T22:27:07.472733+00:00,study3b_fifo_runtime_v1
15418,C_1273,2012,2013,0.000264676753432,0,0,0.08,0.00734832882881,2026-09-08T22:27:07.472733+00:00,study3b_fifo_runtime_v1
15456,C_1278,2012,2013,0.000581297499593,0,0,0.08,0.00734832882881,2026-09-08T22:27:07.472733+00:00,study3b_fifo_runtime_v1
15479,C_1280,2012,2013,6.8143781391e-06,0,0,0.08,0.00734832882881,2026-09-08T22:27:07.472733+00:00,study3b_fifo_runtime_v1
15500,C_1282,2012,2013,3.37749006576e-05,0,0,0.08,0.00734832882881,2026-09-08T22:27:07.472733+00:00,study3b_fifo_runtime_v1
15527,C_1284,2012,2013,0.0012441581348,0,0,0.08,0.00734832882881,2026-09-08T22:27:07.472733+00:00,study3b_fifo_runtime_v1
15557,C_1288,2012,2013,0.000769625010435,0,0,0.08,0.00734832882881,2026-09-08T22:27:07.472733+00:00,study3b_fifo_runtime_v1
15577,C_1289,2012,2013,4.99245943502e-05,0,0,0.08,0.00734832882881,2026-09-08T22:27:07.472733+00:00,study3b_fifo_runtime_v1
15598,C_1291,2012,2013,8.91095260158e-05,0,0,0.08,0.00734832882881,2026-09-08T22:27:07.472733+00:00,study3b_fifo_runtime_v1
15620,C_1293,2012,2013,2.94390865747e-05,0,0,0.08,0.00734832882881,2026-09-08T22:27:07.472733+00:00,study3b_fifo_runtime_v1
15649,C_1295,2012,2013,0.000260189292021,0,0,0.08,0.00734832882881,2026-09-08T22:27:07.472733+00:00,study3b_fifo_runtime_v1
15669,C_1296,2012,2013,0.00794193707407,0,1,0.08,0.00734832882881,2026-09-08T22:27:07.472733+00:00,study3b_fifo_runtime_v1
15693,C_1298,2012,2013,0.00160855602007,0,0,0.08,0.00734832882881,2026-09-08T22:27:07.472733+00:00,study3b_fifo_runtime_v1
15721,C_1300,2012,2013,0.000123059449834,0,0,0.08,0.00734832882881,2026-09-08T22:27:07.472733+00:00,study3b_fifo_runtime_v1
15741,C_1301,2012,2013,1.57382291945e-05,0,0,0.08,0.00734832882881,2026-09-08T22:27:07.472733+00:00,study3b_fifo_runtime_v1
15761,C_1302,2012,2013,1.36604212457e-05,0,0,0.08,0.00734832882881,2026-09-08T22:27:07.472733+00:00,study3b_fifo_runtime_v1
15794,C_1306,2012,2013,1.17968857012e-05,0,0,0.08,0.00734832882881,2026-09-08T22:27:07.472733+00:00,study3b_fifo_runtime_v1
15814,C_1307,2012,2013,6.17876867182e-05,0,0,0.08,0.00734832882881,2026-09-08T22:27:07.472733+00:00,study3b_fifo_runtime_v1
15843,C_1310,2012,2013,2.58371492237e-05,0,0,0.08,0.00734832882881,2026-09-08T22:27:07.472733+00:00,study3b_fifo_runtime_v1
15878,C_1314,2012,2013,7.70856640884e-05,0,0,0.08,0.00734832882881,2026-09-08T22:27:07.472733+00:00,study3b_fifo_runtime_v1
15898,C_1315,2012,2013,7.04794874764e-05,0,0,0.08,0.00734832882881,2026-09-08T22:27:07.472733+00:00,study3b_fifo_runtime_v1
15930,C_1319,2012,2013,3.42907551385e-05,0,0,0.08,0.00734832882881,2026-09-08T22:27:07.472733+00:00,study3b_fifo_runtime_v1
15957,C_1325,2012,2013,3.98769152525e-05,0,0,0.08,0.00734832882881,2026-09-08T22:27:07.472733+00:00,study3b_fifo_runtime_v1
15978,C_1327,2012,2013,1.00374936665e-05,0,0,0.08,0.00734832882881,2026-09-08T22:27:07.472733+00:00,study3b_fifo_runtime_v1
15997,C_1328,2012,2013,0.000103366626718,0,0,0.08,0.00734832882881,2026-09-08T22:27:07.472733+00:00,study3b_fifo_runtime_v1
16027,C_1331,2012,2013,1.34668989631e-05,0,0,0.08,0.00734832882881,2026-09-08T22:27:07.472733+00:00,study3b_fifo_runtime_v1
16047,C_1332,2012,2013,0.000102767255157,0,0,0.08,0.00734832882881,2026-09-08T22:27:07.472733+00:00,study3b_fifo_runtime_v1
16078,C_1337,2012,2013,4.53470602224e-05,0,0,0.08,0.00734832882881,2026-09-08T22:27:07.472733+00:00,study3b_fifo_runtime_v1
16098,C_1338,2012,2013,0.000645755964797,0,0,0.08,0.00734832882881,2026-09-08T22:27:07.472733+00:00,study3b_fifo_runtime_v1
16128,C_1341,2012,2013,3.44578911609e-05,0,0,0.08,0.00734832882881,2026-09-08T22:27:07.472733+00:00,study3b_fifo_runtime_v1
16160,C_1344,2012,2013,1.57862486958e-05,0,0,0.08,0.00734832882881,2026-09-08T22:27:07.472733+00:00,study3b_fifo_runtime_v1
16180,C_1345,2012,2013,0.00056511251023,0,0,0.08,0.00734832882881,2026-09-08T22:27:07.472733+00:00,study3b_fifo_runtime_v1
16207,C_1347,2012,2013,8.03455841378e-05,0,0,0.08,0.00734832882881,2026-09-08T22:27:07.472733+00:00,study3b_fifo_runtime_v1
16229,C_1349,2012,2013,9.65698291111e-06,0,0,0.08,0.00734832882881,2026-09-08T22:27:07.472733+00:00,study3b_fifo_runtime_v1
16244,C_1350,2012,2013,0.00299887545407,0,0,0.08,0.00734832882881,2026-09-08T22:27:07.472733+00:00,study3b_fifo_runtime_v1
16272,C_1353,2012,2013,0.000191449245904,0,0,0.08,0.00734832882881,2026-09-08T22:27:07.472733+00:00,study3b_fifo_runtime_v1
16316,C_1359,2012,2013,5.40866021765e-05,0,0,0.08,0.00734832882881,2026-09-08T22:27:07.472733+00:00,study3b_fifo_runtime_v1
16336,C_1360,2012,2013,8.8890801635e-06,0,0,0.08,0.00734832882881,2026-09-08T22:27:07.472733+00:00,study3b_fifo_runtime_v1
16351,C_1361,2012,2013,0.00656069861725,0,0,0.08,0.00734832882881,2026-09-08T22:27:07.472733+00:00,study3b_fifo_runtime_v1
16399,C_1367,2012,2013,1.56068072101e-05,0,0,0.08,0.00734832882881,2026-09-08T22:27:07.472733+00:00,study3b_fifo_runtime_v1
16427,C_1370,2012,2013,3.7551522837e-05,0,0,0.08,0.00734832882881,2026-09-08T22:27:07.472733+00:00,study3b_fifo_runtime_v1
16462,C_1376,2012,2013,0.000700540433172,0,0,0.08,0.00734832882881,2026-09-08T22:27:07.472733+00:00,study3b_fifo_runtime_v1
16484,C_1378,2012,2013,0.000165106670465,0,0,0.08,0.00734832882881,2026-09-08T22:27:07.472733+00:00,study3b_fifo_runtime_v1
16508,C_1380,2012,2013,3.12826923619e-05,0,0,0.08,0.00734832882881,2026-09-08T22:27:07.472733+00:00,study3b_fifo_runtime_v1
16528,C_1381,2012,2013,0.000282075838186,0,0,0.08,0.00734832882881,2026-09-08T22:27:07.472733+00:00,study3b_fifo_runtime_v1
16547,C_1382,2012,2013,0.000162460812135,0,0,0.08,0.00734832882881,2026-09-08T22:27:07.472733+00:00,study3b_fifo_runtime_v1
16572,C_1384,2012,2013,0.000419242540374,0,0,0.08,0.00734832882881,2026-09-08T22:27:07.472733+00:00,study3b_fifo_runtime_v1
16607,C_1387,2012,2013,6.3971921918e-05,0,0,0.08,0.00734832882881,2026-09-08T22:27:07.472733+00:00,study3b_fifo_runtime_v1
16636,C_1390,2012,2013,0.00413341633976,0,0,0.08,0.00734832882881,2026-09-08T22:27:07.472733+00:00,study3b_fifo_runtime_v1
16657,C_1392,2012,2013,3.69607478206e-05,0,0,0.08,0.00734832882881,2026-09-08T22:27:07.472733+00:00,study3b_fifo_runtime_v1
16690,C_1397,2012,2013,0.000595570832957,0,0,0.08,0.00734832882881,2026-09-08T22:27:07.472733+00:00,study3b_fifo_runtime_v1
16726,C_1402,2012,2013,0.00022346204787,0,0,0.08,0.00734832882881,2026-09-08T22:27:07.472733+00:00,study3b_fifo_runtime_v1
16746,C_1403,2012,2013,2.77292219835e-05,0,0,0.08,0.00734832882881,2026-09-08T22:27:07.472733+00:00,study3b_fifo_runtime_v1
16778,C_1406,2012,2013,0.00196794327348,0,0,0.08,0.00734832882881,2026-09-08T22:27:07.472733+00:00,study3b_fifo_runtime_v1
16819,C_1410,2012,2013,2.1879286578e-05,0,0,0.08,0.00734832882881,2026-09-08T22:27:07.472733+00:00,study3b_fifo_runtime_v1
16844,C_1414,2012,2013,4.23365854658e-05,0,0,0.08,0.00734832882881,2026-09-08T22:27:07.472733+00:00,study3b_fifo_runtime_v1
16864,C_1415,2012,2013,0.000135887472425,0,0,0.08,0.00734832882881,2026-09-08T22:27:07.472733+00:00,study3b_fifo_runtime_v1
16908,C_1420,2012,2013,5.87158974668e-05,0,0,0.08,0.00734832882881,2026-09-08T22:27:07.472733+00:00,study3b_fifo_runtime_v1
16928,C_1421,2012,2013,4.80014132336e-05,0,0,0.08,0.00734832882881,2026-09-08T22:27:07.472733+00:00,study3b_fifo_runtime_v1
16944,C_1422,2012,2013,0.000115064613055,0,0,0.08,0.00734832882881,2026-09-08T22:27:07.472733+00:00,study3b_fifo_runtime_v1
16961,C_1426,2012,2013,0.0590889416635,0,1,0.08,0.00734832882881,2026-09-08T22:27:07.472733+00:00,study3b_fifo_runtime_v1
16982,C_1428,2012,2013,0.00784637220204,0,1,0.08,0.00734832882881,2026-09-08T22:27:07.472733+00:00,study3b_fifo_runtime_v1
16999,C_1429,2012,2013,0.000299487350276,0,0,0.08,0.00734832882881,2026-09-08T22:27:07.472733+00:00,study3b_fifo_runtime_v1
17030,C_1431,2012,2013,0.000130642249133,0,0,0.08,0.00734832882881,2026-09-08T22:27:07.472733+00:00,study3b_fifo_runtime_v1
17044,C_1432,2012,2013,9.64091941569e-06,0,0,0.08,0.00734832882881,2026-09-08T22:27:07.472733+00:00,study3b_fifo_runtime_v1
17064,C_1433,2012,2013,4.60882147308e-05,0,0,0.08,0.00734832882881,2026-09-08T22:27:07.472733+00:00,study3b_fifo_runtime_v1
17083,C_1434,2012,2013,0.00113531574607,0,0,0.08,0.00734832882881,2026-09-08T22:27:07.472733+00:00,study3b_fifo_runtime_v1
17100,C_1435,2012,2013,0.000101586025266,0,0,0.08,0.00734832882881,2026-09-08T22:27:07.472733+00:00,study3b_fifo_runtime_v1
17130,C_1438,2012,2013,8.83010143298e-05,0,0,0.08,0.00734832882881,2026-09-08T22:27:07.472733+00:00,study3b_fifo_runtime_v1
17150,C_1439,2012,2013,8.32206478663e-06,0,0,0.08,0.00734832882881,2026-09-08T22:27:07.472733+00:00,study3b_fifo_runtime_v1
17170,C_1440,2012,2013,1.1338576769e-05,0,0,0.08,0.00734832882881,2026-09-08T22:27:07.472733+00:00,study3b_fifo_runtime_v1
17199,C_1443,2012,2013,0.00191693007946,0,0,0.08,0.00734832882881,2026-09-08T22:27:07.472733+00:00,study3b_fifo_runtime_v1
17219,C_1444,2012,2013,8.76734611666e-06,0,0,0.08,0.00734832882881,2026-09-08T22:27:07.472733+00:00,study3b_fifo_runtime_v1
17239,C_1445,2012,2013,0.00034721812699,0,0,0.08,0.00734832882881,2026-09-08T22:27:07.472733+00:00,study3b_fifo_runtime_v1
17281,C_1450,2012,2013,4.00103308493e-05,0,0,0.08,0.00734832882881,2026-09-08T22:27:07.472733+00:00,study3b_fifo_runtime_v1
17312,C_1452,2012,2013,4.89748344989e-05,0,0,0.08,0.00734832882881,2026-09-08T22:27:07.472733+00:00,study3b_fifo_runtime_v1
17332,C_1453,2012,2013,0.00019896485901,0,0,0.08,0.00734832882881,2026-09-08T22:27:07.472733+00:00,study3b_fifo_runtime_v1
17349,C_1454,2012,2013,5.20596622664e-05,0,0,0.08,0.00734832882881,2026-09-08T22:27:07.472733+00:00,study3b_fifo_runtime_v1
17367,C_1455,2012,2013,0.0015347719891,0,0,0.08,0.00734832882881,2026-09-08T22:27:07.472733+00:00,study3b_fifo_runtime_v1
17387,C_1456,2012,2013,0.00037177230115,0,0,0.08,0.00734832882881,2026-09-08T22:27:07.472733+00:00,study3b_fifo_runtime_v1
17401,C_1457,2012,2013,0.000259759573964,0,0,0.08,0.00734832882881,2026-09-08T22:27:07.472733+00:00,study3b_fifo_runtime_v1
17441,C_1461,2012,2013,0.0077857025899,0,1,0.08,0.00734832882881,2026-09-08T22:27:07.472733+00:00,study3b_fifo_runtime_v1
17464,C_1464,2012,2013,0.000110870263597,0,0,0.08,0.00734832882881,2026-09-08T22:27:07.472733+00:00,study3b_fifo_runtime_v1
17502,C_1467,2012,2013,0.00159576022997,0,0,0.08,0.00734832882881,2026-09-08T22:27:07.472733+00:00,study3b_fifo_runtime_v1
17523,C_1469,2012,2013,0.0491265952587,0,1,0.08,0.00734832882881,2026-09-08T22:27:07.472733+00:00,study3b_fifo_runtime_v1
17538,C_1470,2012,2013,0.000238529653871,0,0,0.08,0.00734832882881,2026-09-08T22:27:07.472733+00:00,study3b_fifo_runtime_v1
17565,C_1472,2012,2013,1.22002284115e-05,0,0,0.08,0.00734832882881,2026-09-08T22:27:07.472733+00:00,study3b_fifo_runtime_v1
17585,C_1473,2012,2013,0.000355714844773,0,0,0.08,0.00734832882881,2026-09-08T22:27:07.472733+00:00,study3b_fifo_runtime_v1
17617,C_1476,2012,2013,3.03431465909e-06,0,0,0.08,0.00734832882881,2026-09-08T22:27:07.472733+00:00,study3b_fifo_runtime_v1
17666,C_1483,2012,2013,1.02669446278e-05,0,0,0.08,0.00734832882881,2026-09-08T22:27:07.472733+00:00,study3b_fifo_runtime_v1
17686,C_1484,2012,2013,1.10811442937e-05,0,0,0.08,0.00734832882881,2026-09-08T22:27:07.472733+00:00,study3b_fifo_runtime_v1
17742,C_1490,2012,2013,0.0180504694581,0,1,0.08,0.00734832882881,2026-09-08T22:27:07.472733+00:00,study3b_fifo_runtime_v1
17761,C_1491,2012,2013,1.44423456732e-05,0,0,0.08,0.00734832882881,2026-09-08T22:27:07.472733+00:00,study3b_fifo_runtime_v1
17781,C_1492,2012,2013,0.000212357917917,0,0,0.08,0.00734832882881,2026-09-08T22:27:07.472733+00:00,study3b_fifo_runtime_v1
17801,C_1493,2012,2013,2.39132859861e-05,0,0,0.08,0.00734832882881,2026-09-08T22:27:07.472733+00:00,study3b_fifo_runtime_v1
17819,C_1495,2012,2013,0.00118236534763,0,0,0.08,0.00734832882881,2026-09-08T22:27:07.472733+00:00,study3b_fifo_runtime_v1
17848,C_1497,2012,2013,1.04250393633e-05,0,0,0.08,0.00734832882881,2026-09-08T22:27:07.472733+00:00,study3b_fifo_runtime_v1
17851,C_1498,2012,2013,0.000111191817268,0,0,0.08,0.00734832882881,2026-09-08T22:27:07.472733+00:00,study3b_fifo_runtime_v1
17884,C_1501,2012,2013,3.73925104213e-05,0,0,0.08,0.00734832882881,2026-09-08T22:27:07.472733+00:00,study3b_fifo_runtime_v1
17921,C_1505,2012,2013,0.00177235493902,0,0,0.08,0.00734832882881,2026-09-08T22:27:07.472733+00:00,study3b_fifo_runtime_v1
17955,C_1510,2012,2013,6.44433894195e-05,0,0,0.08,0.00734832882881,2026-09-08T22:27:07.472733+00:00,study3b_fifo_runtime_v1
18005,C_1515,2012,2013,0.000104183767689,0,0,0.08,0.00734832882881,2026-09-08T22:27:07.472733+00:00,study3b_fifo_runtime_v1
18026,C_1517,2012,2013,9.66490697465e-05,0,0,0.08,0.00734832882881,2026-09-08T22:27:07.472733+00:00,study3b_fifo_runtime_v1
18075,C_1523,2012,2013,0.000195016662474,0,0,0.08,0.00734832882881,2026-09-08T22:27:07.472733+00:00,study3b_fifo_runtime_v1
18103,C_1526,2012,2013,1.69363247551e-05,0,0,0.08,0.00734832882881,2026-09-08T22:27:07.472733+00:00,study3b_fifo_runtime_v1
18122,C_1527,2012,2013,5.33726888534e-05,0,0,0.08,0.00734832882881,2026-09-08T22:27:07.472733+00:00,study3b_fifo_runtime_v1
18152,C_1530,2012,2013,0.000132638902869,0,0,0.08,0.00734832882881,2026-09-08T22:27:07.472733+00:00,study3b_fifo_runtime_v1
18171,C_1531,2012,2013,0.140884757042,1,1,0.08,0.00734832882881,2026-09-08T22:27:07.472733+00:00,study3b_fifo_runtime_v1
18188,C_1533,2012,2013,8.44236710691e-05,0,0,0.08,0.00734832882881,2026-09-08T22:27:07.472733+00:00,study3b_fifo_runtime_v1
18219,C_1535,2012,2013,0.00128716800828,0,0,0.08,0.00734832882881,2026-09-08T22:27:07.472733+00:00,study3b_fifo_runtime_v1
18247,C_1538,2012,2013,2.40658100665e-05,0,0,0.08,0.00734832882881,2026-09-08T22:27:07.472733+00:00,study3b_fifo_runtime_v1
18267,C_1539,2012,2013,8.26237464935e-06,0,0,0.08,0.00734832882881,2026-09-08T22:27:07.472733+00:00,study3b_fifo_runtime_v1
18287,C_1540,2012,2013,8.00193520263e-05,0,0,0.08,0.00734832882881,2026-09-08T22:27:07.472733+00:00,study3b_fifo_runtime_v1
18313,C_1542,2012,2013,0.00382968503982,0,0,0.08,0.00734832882881,2026-09-08T22:27:07.472733+00:00,study3b_fifo_runtime_v1
18351,C_1549,2012,2013,1.92205934582e-05,0,0,0.08,0.00734832882881,2026-09-08T22:27:07.472733+00:00,study3b_fifo_runtime_v1
18371,C_1550,2012,2013,0.00130718189757,0,0,0.08,0.00734832882881,2026-09-08T22:27:07.472733+00:00,study3b_fifo_runtime_v1
18398,C_1553,2012,2013,3.70778889192e-06,0,0,0.08,0.00734832882881,2026-09-08T22:27:07.472733+00:00,study3b_fifo_runtime_v1
18420,C_1555,2012,2013,3.28946771333e-05,0,0,0.08,0.00734832882881,2026-09-08T22:27:07.472733+00:00,study3b_fifo_runtime_v1
18426,C_1556,2012,2013,0.000377174961613,0,0,0.08,0.00734832882881,2026-09-08T22:27:07.472733+00:00,study3b_fifo_runtime_v1
18457,C_1559,2012,2013,5.68419636693e-05,0,0,0.08,0.00734832882881,2026-09-08T22:27:07.472733+00:00,study3b_fifo_runtime_v1
18471,C_1560,2012,2013,1.92882089323e-05,0,0,0.08,0.00734832882881,2026-09-08T22:27:07.472733+00:00,study3b_fifo_runtime_v1
18499,C_1562,2012,2013,0.000359781755833,0,0,0.08,0.00734832882881,2026-09-08T22:27:07.472733+00:00,study3b_fifo_runtime_v1
18516,C_1564,2012,2013,2.37756757997e-05,0,0,0.08,0.00734832882881,2026-09-08T22:27:07.472733+00:00,study3b_fifo_runtime_v1
18573,C_1571,2012,2013,4.04497404816e-05,0,0,0.08,0.00734832882881,2026-09-08T22:27:07.472733+00:00,study3b_fifo_runtime_v1
18593,C_1572,2012,2013,1.99421174329e-05,0,0,0.08,0.00734832882881,2026-09-08T22:27:07.472733+00:00,study3b_fifo_runtime_v1
18632,C_1576,2012,2013,0.000160180803505,0,0,0.08,0.00734832882881,2026-09-08T22:27:07.472733+00:00,study3b_fifo_runtime_v1
18666,C_1581,2012,2013,2.07896955544e-05,0,0,0.08,0.00734832882881,2026-09-08T22:27:07.472733+00:00,study3b_fifo_runtime_v1
18709,C_1585,2012,2013,0.00051366869593,0,0,0.08,0.00734832882881,2026-09-08T22:27:07.472733+00:00,study3b_fifo_runtime_v1
18731,C_1587,2012,2013,5.31400546606e-05,0,0,0.08,0.00734832882881,2026-09-08T22:27:07.472733+00:00,study3b_fifo_runtime_v1
18763,C_1589,2012,2013,1.94411059056e-05,0,0,0.08,0.00734832882881,2026-09-08T22:27:07.472733+00:00,study3b_fifo_runtime_v1
18783,C_1590,2012,2013,0.000384242506698,0,0,0.08,0.00734832882881,2026-09-08T22:27:07.472733+00:00,study3b_fifo_runtime_v1
18804,C_1592,2012,2013,1.53484634211e-05,0,0,0.08,0.00734832882881,2026-09-08T22:27:07.472733+00:00,study3b_fifo_runtime_v1
18836,C_1595,2012,2013,0.000344027212122,0,0,0.08,0.00734832882881,2026-09-08T22:27:07.472733+00:00,study3b_fifo_runtime_v1
18869,C_1598,2012,2013,5.87662507314e-05,0,0,0.08,0.00734832882881,2026-09-08T22:27:07.472733+00:00,study3b_fifo_runtime_v1
18901,C_1600,2012,2013,0.000766140467022,0,0,0.08,0.00734832882881,2026-09-08T22:27:07.472733+00:00,study3b_fifo_runtime_v1
18940,C_1604,2012,2013,0.00417817849666,0,0,0.08,0.00734832882881,2026-09-08T22:27:07.472733+00:00,study3b_fifo_runtime_v1
18957,C_1605,2012,2013,9.60438992479e-05,0,0,0.08,0.00734832882881,2026-09-08T22:27:07.472733+00:00,study3b_fifo_runtime_v1
18977,C_1606,2012,2013,3.1949350614e-06,0,0,0.08,0.00734832882881,2026-09-08T22:27:07.472733+00:00,study3b_fifo_runtime_v1
18979,C_1607,2012,2013,0.000503415300045,0,0,0.08,0.00734832882881,2026-09-08T22:27:07.472733+00:00,study3b_fifo_runtime_v1
18994,C_1608,2012,2013,6.59799698042e-05,0,0,0.08,0.00734832882881,2026-09-08T22:27:07.472733+00:00,study3b_fifo_runtime_v1
19014,C_1609,2012,2013,5.84269728279e-05,0,0,0.08,0.00734832882881,2026-09-08T22:27:07.472733+00:00,study3b_fifo_runtime_v1
19033,C_1610,2012,2013,0.019533758983,0,1,0.08,0.00734832882881,2026-09-08T22:27:07.472733+00:00,study3b_fifo_runtime_v1
19052,C_1611,2012,2013,2.33938044403e-05,0,0,0.08,0.00734832882881,2026-09-08T22:27:07.472733+00:00,study3b_fifo_runtime_v1
19072,C_1612,2012,2013,0.00830700621009,0,1,0.08,0.00734832882881,2026-09-08T22:27:07.472733+00:00,study3b_fifo_runtime_v1
19092,C_1613,2012,2013,0.000122890938655,0,0,0.08,0.00734832882881,2026-09-08T22:27:07.472733+00:00,study3b_fifo_runtime_v1
19116,C_1615,2012,2013,4.49446197308e-05,0,0,0.08,0.00734832882881,2026-09-08T22:27:07.472733+00:00,study3b_fifo_runtime_v1
19132,C_1617,2012,2013,0.00268402392976,0,0,0.08,0.00734832882881,2026-09-08T22:27:07.472733+00:00,study3b_fifo_runtime_v1
19162,C_1619,2012,2013,0.00014828213898,0,0,0.08,0.00734832882881,2026-09-08T22:27:07.472733+00:00,study3b_fifo_runtime_v1
19182,C_1620,2012,2013,1.26475069919e-05,0,0,0.08,0.00734832882881,2026-09-08T22:27:07.472733+00:00,study3b_fifo_runtime_v1
19204,C_1622,2012,2013,0.00141399679706,0,0,0.08,0.00734832882881,2026-09-08T22:27:07.472733+00:00,study3b_fifo_runtime_v1
19224,C_1623,2012,2013,0.000260618311586,0,0,0.08,0.00734832882881,2026-09-08T22:27:07.472733+00:00,study3b_fifo_runtime_v1
19245,C_1625,2012,2013,0.00014319238835,0,0,0.08,0.00734832882881,2026-09-08T22:27:07.472733+00:00,study3b_fifo_runtime_v1
19265,C_1626,2012,2013,0.000917996512726,0,0,0.08,0.00734832882881,2026-09-08T22:27:07.472733+00:00,study3b_fifo_runtime_v1
19280,C_1627,2012,2013,2.42214828177e-05,0,0,0.08,0.00734832882881,2026-09-08T22:27:07.472733+00:00,study3b_fifo_runtime_v1
19300,C_1628,2012,2013,0.000190884733456,0,0,0.08,0.00734832882881,2026-09-08T22:27:07.472733+00:00,study3b_fifo_runtime_v1
19323,C_1630,2012,2013,0.000212089929846,0,0,0.08,0.00734832882881,2026-09-08T22:27:07.472733+00:00,study3b_fifo_runtime_v1
19343,C_1631,2012,2013,0.00144772510976,0,0,0.08,0.00734832882881,2026-09-08T22:27:07.472733+00:00,study3b_fifo_runtime_v1
19381,C_1634,2012,2013,8.11203062767e-06,0,0,0.08,0.00734832882881,2026-09-08T22:27:07.472733+00:00,study3b_fifo_runtime_v1
19413,C_1636,2012,2013,0.00032969575841,0,0,0.08,0.00734832882881,2026-09-08T22:27:07.472733+00:00,study3b_fifo_runtime_v1
19428,C_1637,2012,2013,0.00040124435327,0,0,0.08,0.00734832882881,2026-09-08T22:27:07.472733+00:00,study3b_fifo_runtime_v1
19450,C_1639,2012,2013,0.000719955656677,0,0,0.08,0.00734832882881,2026-09-08T22:27:07.472733+00:00,study3b_fifo_runtime_v1
19471,C_1641,2012,2013,0.000118184871098,0,0,0.08,0.00734832882881,2026-09-08T22:27:07.472733+00:00,study3b_fifo_runtime_v1
19486,C_1642,2012,2013,2.66562419711e-05,0,0,0.08,0.00734832882881,2026-09-08T22:27:07.472733+00:00,study3b_fifo_runtime_v1
19515,C_1644,2012,2013,0.000298152881442,0,0,0.08,0.00734832882881,2026-09-08T22:27:07.472733+00:00,study3b_fifo_runtime_v1
19535,C_1645,2012,2013,2.01011571335e-05,0,0,0.08,0.00734832882881,2026-09-08T22:27:07.472733+00:00,study3b_fifo_runtime_v1
19555,C_1646,2012,2013,0.000350592861651,0,0,0.08,0.00734832882881,2026-09-08T22:27:07.472733+00:00,study3b_fifo_runtime_v1
19574,C_1647,2012,2013,0.000102199184767,0,0,0.08,0.00734832882881,2026-09-08T22:27:07.472733+00:00,study3b_fifo_runtime_v1
19594,C_1648,2012,2013,0.00175099959597,0,0,0.08,0.00734832882881,2026-09-08T22:27:07.472733+00:00,study3b_fifo_runtime_v1
19619,C_1651,2012,2013,5.69111434743e-05,0,0,0.08,0.00734832882881,2026-09-08T22:27:07.472733+00:00,study3b_fifo_runtime_v1
19648,C_1653,2012,2013,4.58668400825e-05,0,0,0.08,0.00734832882881,2026-09-08T22:27:07.472733+00:00,study3b_fifo_runtime_v1
19668,C_1654,2012,2013,0.000888782029506,0,0,0.08,0.00734832882881,2026-09-08T22:27:07.472733+00:00,study3b_fifo_runtime_v1
19701,C_1657,2012,2013,6.98347685102e-06,0,0,0.08,0.00734832882881,2026-09-08T22:27:07.472733+00:00,study3b_fifo_runtime_v1
19721,C_1658,2012,2013,1.44187606566e-05,0,0,0.08,0.00734832882881,2026-09-08T22:27:07.472733+00:00,study3b_fifo_runtime_v1
19740,C_1660,2012,2013,3.43611318385e-05,0,0,0.08,0.00734832882881,2026-09-08T22:27:07.472733+00:00,study3b_fifo_runtime_v1
19760,C_1661,2012,2013,2.46942272497e-05,0,0,0.08,0.00734832882881,2026-09-08T22:27:07.472733+00:00,study3b_fifo_runtime_v1
19803,C_1666,2012,2013,0.000280738604488,0,0,0.08,0.00734832882881,2026-09-08T22:27:07.472733+00:00,study3b_fifo_runtime_v1
19825,C_1668,2012,2013,8.99624428712e-05,0,0,0.08,0.00734832882881,2026-09-08T22:27:07.472733+00:00,study3b_fifo_runtime_v1
19853,C_1670,2012,2013,2.13055845961e-05,0,0,0.08,0.00734832882881,2026-09-08T22:27:07.472733+00:00,study3b_fifo_runtime_v1
19878,C_1672,2012,2013,0.000523333670571,0,0,0.08,0.00734832882881,2026-09-08T22:27:07.472733+00:00,study3b_fifo_runtime_v1
19898,C_1673,2012,2013,9.06322657102e-06,0,0,0.08,0.00734832882881,2026-09-08T22:27:07.472733+00:00,study3b_fifo_runtime_v1
19918,C_1674,2012,2013,0.000314264092594,0,0,0.08,0.00734832882881,2026-09-08T22:27:07.472733+00:00,study3b_fifo_runtime_v1
19945,C_1677,2012,2013,0.00180435786024,0,0,0.08,0.00734832882881,2026-09-08T22:27:07.472733+00:00,study3b_fifo_runtime_v1
19965,C_1678,2012,2013,4.28730090789e-05,0,0,0.08,0.00734832882881,2026-09-08T22:27:07.472733+00:00,study3b_fifo_runtime_v1
20001,C_1682,2012,2013,2.61826935457e-05,0,0,0.08,0.00734832882881,2026-09-08T22:27:07.472733+00:00,study3b_fifo_runtime_v1
20021,C_1683,2012,2013,3.91324101656e-05,0,0,0.08,0.00734832882881,2026-09-08T22:27:07.472733+00:00,study3b_fifo_runtime_v1
20034,C_1686,2012,2013,0.000153379325639,0,0,0.08,0.00734832882881,2026-09-08T22:27:07.472733+00:00,study3b_fifo_runtime_v1
20049,C_1687,2012,2013,0.000493674364407,0,0,0.08,0.00734832882881,2026-09-08T22:27:07.472733+00:00,study3b_fifo_runtime_v1
20073,C_1690,2012,2013,0.00275026378222,0,0,0.08,0.00734832882881,2026-09-08T22:27:07.472733+00:00,study3b_fifo_runtime_v1
20089,C_1691,2012,2013,7.16839786037e-05,0,0,0.08,0.00734832882881,2026-09-08T22:27:07.472733+00:00,study3b_fifo_runtime_v1
20108,C_1692,2012,2013,4.15227586927e-05,0,0,0.08,0.00734832882881,2026-09-08T22:27:07.472733+00:00,study3b_fifo_runtime_v1
20128,C_1693,2012,2013,6.19115089648e-05,0,0,0.08,0.00734832882881,2026-09-08T22:27:07.472733+00:00,study3b_fifo_runtime_v1
20147,C_1694,2012,2013,0.000595732359216,0,0,0.08,0.00734832882881,2026-09-08T22:27:07.472733+00:00,study3b_fifo_runtime_v1
20178,C_1696,2012,2013,1.67518865055e-05,0,0,0.08,0.00734832882881,2026-09-08T22:27:07.472733+00:00,study3b_fifo_runtime_v1
20198,C_1697,2012,2013,0.000231507176068,0,0,0.08,0.00734832882881,2026-09-08T22:27:07.472733+00:00,study3b_fifo_runtime_v1
20220,C_1700,2012,2013,2.11018978007e-05,0,0,0.08,0.00734832882881,2026-09-08T22:27:07.472733+00:00,study3b_fifo_runtime_v1
20248,C_1702,2012,2013,6.64078979753e-05,0,0,0.08,0.00734832882881,2026-09-08T22:27:07.472733+00:00,study3b_fifo_runtime_v1
20276,C_1704,2012,2013,0.000383424456231,0,0,0.08,0.00734832882881,2026-09-08T22:27:07.472733+00:00,study3b_fifo_runtime_v1
20296,C_1705,2012,2013,0.000304521381622,0,0,0.08,0.00734832882881,2026-09-08T22:27:07.472733+00:00,study3b_fifo_runtime_v1
20316,C_1706,2012,2013,4.37710696133e-05,0,0,0.08,0.00734832882881,2026-09-08T22:27:07.472733+00:00,study3b_fifo_runtime_v1
20352,C_1712,2012,2013,0.021066846326,0,1,0.08,0.00734832882881,2026-09-08T22:27:07.472733+00:00,study3b_fifo_runtime_v1
20371,C_1713,2012,2013,0.000202361028641,0,0,0.08,0.00734832882881,2026-09-08T22:27:07.472733+00:00,study3b_fifo_runtime_v1
20392,C_1715,2012,2013,0.000162354728673,0,0,0.08,0.00734832882881,2026-09-08T22:27:07.472733+00:00,study3b_fifo_runtime_v1
20424,C_1718,2012,2013,0.000131858760142,0,0,0.08,0.00734832882881,2026-09-08T22:27:07.472733+00:00,study3b_fifo_runtime_v1
20448,C_1720,2012,2013,2.86838057946e-05,0,0,0.08,0.00734832882881,2026-09-08T22:27:07.472733+00:00,study3b_fifo_runtime_v1
20470,C_1722,2012,2013,0.00390866445377,0,0,0.08,0.00734832882881,2026-09-08T22:27:07.472733+00:00,study3b_fifo_runtime_v1
20499,C_1724,2012,2013,0.000115747621749,0,0,0.08,0.00734832882881,2026-09-08T22:27:07.472733+00:00,study3b_fifo_runtime_v1
20514,C_1725,2012,2013,0.000203340940061,0,0,0.08,0.00734832882881,2026-09-08T22:27:07.472733+00:00,study3b_fifo_runtime_v1
20564,C_1730,2012,2013,5.65070949961e-05,0,0,0.08,0.00734832882881,2026-09-08T22:27:07.472733+00:00,study3b_fifo_runtime_v1
20601,C_1732,2012,2013,0.000132989152917,0,0,0.08,0.00734832882881,2026-09-08T22:27:07.472733+00:00,study3b_fifo_runtime_v1
20621,C_1733,2012,2013,7.14533380233e-05,0,0,0.08,0.00734832882881,2026-09-08T22:27:07.472733+00:00,study3b_fifo_runtime_v1
20641,C_1734,2012,2013,0.000100559198472,0,0,0.08,0.00734832882881,2026-09-08T22:27:07.472733+00:00,study3b_fifo_runtime_v1
20666,C_1737,2012,2013,1.72603959072e-05,0,0,0.08,0.00734832882881,2026-09-08T22:27:07.472733+00:00,study3b_fifo_runtime_v1
20693,C_1739,2012,2013,4.34947560279e-06,0,0,0.08,0.00734832882881,2026-09-08T22:27:07.472733+00:00,study3b_fifo_runtime_v1
20713,C_1740,2012,2013,1.52573675223e-05,0,0,0.08,0.00734832882881,2026-09-08T22:27:07.472733+00:00,study3b_fifo_runtime_v1
20733,C_1741,2012,2013,1.23405307022e-05,0,0,0.08,0.00734832882881,2026-09-08T22:27:07.472733+00:00,study3b_fifo_runtime_v1
20761,C_1744,2012,2013,6.82778090777e-06,0,0,0.08,0.00734832882881,2026-09-08T22:27:07.472733+00:00,study3b_fifo_runtime_v1
20780,C_1745,2012,2013,1.48609551616e-05,0,0,0.08,0.00734832882881,2026-09-08T22:27:07.472733+00:00,study3b_fifo_runtime_v1
20802,C_1747,2012,2013,0.0160315670073,0,1,0.08,0.00734832882881,2026-09-08T22:27:07.472733+00:00,study3b_fifo_runtime_v1
20823,C_1749,2012,2013,0.000323493761243,0,0,0.08,0.00734832882881,2026-09-08T22:27:07.472733+00:00,study3b_fifo_runtime_v1
20853,C_1751,2012,2013,0.00214015622623,0,0,0.08,0.00734832882881,2026-09-08T22:27:07.472733+00:00,study3b_fifo_runtime_v1
20876,C_1753,2012,2013,0.000131317035994,0,0,0.08,0.00734832882881,2026-09-08T22:27:07.472733+00:00,study3b_fifo_runtime_v1
20897,C_1755,2012,2013,3.32569943566e-05,0,0,0.08,0.00734832882881,2026-09-08T22:27:07.472733+00:00,study3b_fifo_runtime_v1
20903,C_1758,2012,2013,0.00041563634295,0,0,0.08,0.00734832882881,2026-09-08T22:27:07.472733+00:00,study3b_fifo_runtime_v1
20913,C_1759,2012,2013,0.00461930548772,0,0,0.08,0.00734832882881,2026-09-08T22:27:07.472733+00:00,study3b_fifo_runtime_v1
20938,C_1761,2012,2013,2.89497784252e-05,0,0,0.08,0.00734832882881,2026-09-08T22:27:07.472733+00:00,study3b_fifo_runtime_v1
20955,C_1764,2012,2013,1.54038425535e-05,0,0,0.08,0.00734832882881,2026-09-08T22:27:07.472733+00:00,study3b_fifo_runtime_v1
20982,C_1766,2012,2013,0.000812594546005,0,0,0.08,0.00734832882881,2026-09-08T22:27:07.472733+00:00,study3b_fifo_runtime_v1
20985,C_1767,2012,2013,4.86493918288e-05,0,0,0.08,0.00734832882881,2026-09-08T22:27:07.472733+00:00,study3b_fifo_runtime_v1
21013,C_1771,2012,2013,1.54488170665e-05,0,0,0.08,0.00734832882881,2026-09-08T22:27:07.472733+00:00,study3b_fifo_runtime_v1
21044,C_1773,2012,2013,3.17309713864e-05,0,0,0.08,0.00734832882881,2026-09-08T22:27:07.472733+00:00,study3b_fifo_runtime_v1
21068,C_1775,2012,2013,0.000606973830145,0,0,0.08,0.00734832882881,2026-09-08T22:27:07.472733+00:00,study3b_fifo_runtime_v1
21089,C_1777,2012,2013,9.0051744337e-06,0,0,0.08,0.00734832882881,2026-09-08T22:27:07.472733+00:00,study3b_fifo_runtime_v1
21124,C_1781,2012,2013,3.41393351846e-05,0,0,0.08,0.00734832882881,2026-09-08T22:27:07.472733+00:00,study3b_fifo_runtime_v1
21150,C_1784,2012,2013,0.000115571398055,0,0,0.08,0.00734832882881,2026-09-08T22:27:07.472733+00:00,study3b_fifo_runtime_v1
21192,C_1789,2012,2013,0.000134378497023,0,0,0.08,0.00734832882881,2026-09-08T22:27:07.472733+00:00,study3b_fifo_runtime_v1
21212,C_1790,2012,2013,6.50532747386e-05,0,0,0.08,0.00734832882881,2026-09-08T22:27:07.472733+00:00,study3b_fifo_runtime_v1
21263,C_1793,2012,2013,1.99382047867e-05,0,0,0.08,0.00734832882881,2026-09-08T22:27:07.472733+00:00,study3b_fifo_runtime_v1
21298,C_1797,2012,2013,0.000319551909342,0,0,0.08,0.00734832882881,2026-09-08T22:27:07.472733+00:00,study3b_fifo_runtime_v1
21322,C_1799,2012,2013,7.37197042326e-05,0,0,0.08,0.00734832882881,2026-09-08T22:27:07.472733+00:00,study3b_fifo_runtime_v1
21342,C_1802,2012,2013,0.00116433226503,0,0,0.08,0.00734832882881,2026-09-08T22:27:07.472733+00:00,study3b_fifo_runtime_v1
21343,C_1803,2012,2013,9.0959649242e-05,0,0,0.08,0.00734832882881,2026-09-08T22:27:07.472733+00:00,study3b_fifo_runtime_v1
21391,C_1809,2012,2013,1.48927647388e-05,0,0,0.08,0.00734832882881,2026-09-08T22:27:07.472733+00:00,study3b_fifo_runtime_v1
21420,C_1811,2012,2013,7.53459744374e-06,0,0,0.08,0.00734832882881,2026-09-08T22:27:07.472733+00:00,study3b_fifo_runtime_v1
21440,C_1813,2012,2013,0.00011043764971,0,0,0.08,0.00734832882881,2026-09-08T22:27:07.472733+00:00,study3b_fifo_runtime_v1
21497,C_1818,2012,2013,0.000573436089326,0,0,0.08,0.00734832882881,2026-09-08T22:27:07.472733+00:00,study3b_fifo_runtime_v1
21533,C_1822,2012,2013,0.0013620093232,0,0,0.08,0.00734832882881,2026-09-08T22:27:07.472733+00:00,study3b_fifo_runtime_v1
21571,C_1825,2012,2013,1.07349878817e-05,0,0,0.08,0.00734832882881,2026-09-08T22:27:07.472733+00:00,study3b_fifo_runtime_v1
21591,C_1826,2012,2013,0.000101384008303,0,0,0.08,0.00734832882881,2026-09-08T22:27:07.472733+00:00,study3b_fifo_runtime_v1
21633,C_1832,2012,2013,4.32708111475e-06,0,0,0.08,0.00734832882881,2026-09-08T22:27:07.472733+00:00,study3b_fifo_runtime_v1
21667,C_1835,2012,2013,2.6667063139e-05,0,0,0.08,0.00734832882881,2026-09-08T22:27:07.472733+00:00,study3b_fifo_runtime_v1
21710,C_1839,2012,2013,0.000641053542495,0,0,0.08,0.00734832882881,2026-09-08T22:27:07.472733+00:00,study3b_fifo_runtime_v1
21725,C_1840,2012,2013,0.000106655148556,0,0,0.08,0.00734832882881,2026-09-08T22:27:07.472733+00:00,study3b_fifo_runtime_v1
21753,C_1843,2012,2013,0.00237949728034,0,0,0.08,0.00734832882881,2026-09-08T22:27:07.472733+00:00,study3b_fifo_runtime_v1
21773,C_1844,2012,2013,0.000329685368342,0,0,0.08,0.00734832882881,2026-09-08T22:27:07.472733+00:00,study3b_fifo_runtime_v1
21812,C_1848,2012,2013,0.00092286337167,0,0,0.08,0.00734832882881,2026-09-08T22:27:07.472733+00:00,study3b_fifo_runtime_v1
21830,C_1849,2012,2013,2.57732535829e-05,0,0,0.08,0.00734832882881,2026-09-08T22:27:07.472733+00:00,study3b_fifo_runtime_v1
21848,C_1852,2012,2013,0.000759923830628,0,0,0.08,0.00734832882881,2026-09-08T22:27:07.472733+00:00,study3b_fifo_runtime_v1
21868,C_1853,2012,2013,0.000184171643923,0,0,0.08,0.00734832882881,2026-09-08T22:27:07.472733+00:00,study3b_fifo_runtime_v1
21891,C_1855,2012,2013,6.61878084429e-06,0,0,0.08,0.00734832882881,2026-09-08T22:27:07.472733+00:00,study3b_fifo_runtime_v1
21910,C_1857,2012,2013,6.84624319547e-05,0,0,0.08,0.00734832882881,2026-09-08T22:27:07.472733+00:00,study3b_fifo_runtime_v1
21936,C_1859,2012,2013,4.05372593377e-05,0,0,0.08,0.00734832882881,2026-09-08T22:27:07.472733+00:00,study3b_fifo_runtime_v1
21978,C_1863,2012,2013,0.00101518072188,0,0,0.08,0.00734832882881,2026-09-08T22:27:07.472733+00:00,study3b_fifo_runtime_v1
21987,C_1865,2012,2013,0.00172969151754,0,0,0.08,0.00734832882881,2026-09-08T22:27:07.472733+00:00,study3b_fifo_runtime_v1
22008,C_1867,2012,2013,0.00025332820951,0,0,0.08,0.00734832882881,2026-09-08T22:27:07.472733+00:00,study3b_fifo_runtime_v1
22040,C_1873,2012,2013,5.54375328647e-05,0,0,0.08,0.00734832882881,2026-09-08T22:27:07.472733+00:00,study3b_fifo_runtime_v1
22073,C_1875,2012,2013,0.000100847486465,0,0,0.08,0.00734832882881,2026-09-08T22:27:07.472733+00:00,study3b_fifo_runtime_v1
22099,C_1878,2012,2013,2.24714385695e-05,0,0,0.08,0.00734832882881,2026-09-08T22:27:07.472733+00:00,study3b_fifo_runtime_v1
22130,C_1880,2012,2013,0.00100752222352,0,0,0.08,0.00734832882881,2026-09-08T22:27:07.472733+00:00,study3b_fifo_runtime_v1
22153,C_1883,2012,2013,1.42601857078e-05,0,0,0.08,0.00734832882881,2026-09-08T22:27:07.472733+00:00,study3b_fifo_runtime_v1
22174,C_1886,2012,2013,0.000272943201708,0,0,0.08,0.00734832882881,2026-09-08T22:27:07.472733+00:00,study3b_fifo_runtime_v1
22194,C_1888,2012,2013,8.15733874333e-05,0,0,0.08,0.00734832882881,2026-09-08T22:27:07.472733+00:00,study3b_fifo_runtime_v1
22207,C_1889,2012,2013,0.00010821736214,0,0,0.08,0.00734832882881,2026-09-08T22:27:07.472733+00:00,study3b_fifo_runtime_v1
22235,C_1891,2012,2013,1.80304541573e-05,0,0,0.08,0.00734832882881,2026-09-08T22:27:07.472733+00:00,study3b_fifo_runtime_v1
22267,C_1894,2012,2013,6.2271628849e-06,0,0,0.08,0.00734832882881,2026-09-08T22:27:07.472733+00:00,study3b_fifo_runtime_v1
22297,C_1896,2012,2013,0.000310883420752,0,0,0.08,0.00734832882881,2026-09-08T22:27:07.472733+00:00,study3b_fifo_runtime_v1
22319,C_1898,2012,2013,0.000200506896363,0,0,0.08,0.00734832882881,2026-09-08T22:27:07.472733+00:00,study3b_fifo_runtime_v1
22346,C_1902,2012,2013,2.24772520596e-05,0,0,0.08,0.00734832882881,2026-09-08T22:27:07.472733+00:00,study3b_fifo_runtime_v1
22373,C_1905,2012,2013,0.000163539298228,0,0,0.08,0.00734832882881,2026-09-08T22:27:07.472733+00:00,study3b_fifo_runtime_v1
22390,C_1907,2012,2013,0.000638348341454,0,0,0.08,0.00734832882881,2026-09-08T22:27:07.472733+00:00,study3b_fifo_runtime_v1
22456,C_1917,2012,2013,0.000816999992821,0,0,0.08,0.00734832882881,2026-09-08T22:27:07.472733+00:00,study3b_fifo_runtime_v1
22476,C_1918,2012,2013,0.000814813363831,0,0,0.08,0.00734832882881,2026-09-08T22:27:07.472733+00:00,study3b_fifo_runtime_v1
22496,C_1920,2012,2013,0.000111831061076,0,0,0.08,0.00734832882881,2026-09-08T22:27:07.472733+00:00,study3b_fifo_runtime_v1
22515,C_1922,2012,2013,3.15407487506e-05,0,0,0.08,0.00734832882881,2026-09-08T22:27:07.472733+00:00,study3b_fifo_runtime_v1
22541,C_1927,2012,2013,7.90806370787e-05,0,0,0.08,0.00734832882881,2026-09-08T22:27:07.472733+00:00,study3b_fifo_runtime_v1
22560,C_1928,2012,2013,4.62873413198e-06,0,0,0.08,0.00734832882881,2026-09-08T22:27:07.472733+00:00,study3b_fifo_runtime_v1
22576,C_1929,2012,2013,5.65986665606e-05,0,0,0.08,0.00734832882881,2026-09-08T22:27:07.472733+00:00,study3b_fifo_runtime_v1
22598,C_1931,2012,2013,0.000416070542997,0,0,0.08,0.00734832882881,2026-09-08T22:27:07.472733+00:00,study3b_fifo_runtime_v1
22620,C_1933,2012,2013,0.000212617233046,0,0,0.08,0.00734832882881,2026-09-08T22:27:07.472733+00:00,study3b_fifo_runtime_v1
22642,C_1936,2012,2013,0.00452895509079,0,0,0.08,0.00734832882881,2026-09-08T22:27:07.472733+00:00,study3b_fifo_runtime_v1
22658,C_1937,2012,2013,0.0001745831687,0,0,0.08,0.00734832882881,2026-09-08T22:27:07.472733+00:00,study3b_fifo_runtime_v1
22678,C_1938,2012,2013,7.43579075788e-05,0,0,0.08,0.00734832882881,2026-09-08T22:27:07.472733+00:00,study3b_fifo_runtime_v1
22709,C_1941,2012,2013,0.000983382225968,0,0,0.08,0.00734832882881,2026-09-08T22:27:07.472733+00:00,study3b_fifo_runtime_v1
22727,C_1943,2012,2013,1.88644698937e-05,0,0,0.08,0.00734832882881,2026-09-08T22:27:07.472733+00:00,study3b_fifo_runtime_v1
22744,C_1945,2012,2013,1.06429870357e-05,0,0,0.08,0.00734832882881,2026-09-08T22:27:07.472733+00:00,study3b_fifo_runtime_v1
22772,C_1949,2012,2013,0.000160660696565,0,0,0.08,0.00734832882881,2026-09-08T22:27:07.472733+00:00,study3b_fifo_runtime_v1
22788,C_1950,2012,2013,0.000146276128362,0,0,0.08,0.00734832882881,2026-09-08T22:27:07.472733+00:00,study3b_fifo_runtime_v1
22824,C_1954,2012,2013,0.0150830661878,0,1,0.08,0.00734832882881,2026-09-08T22:27:07.472733+00:00,study3b_fifo_runtime_v1
22849,C_1956,2012,2013,2.97580318147e-05,0,0,0.08,0.00734832882881,2026-09-08T22:27:07.472733+00:00,study3b_fifo_runtime_v1
22878,C_1960,2012,2013,0.24365092814,1,1,0.08,0.00734832882881,2026-09-08T22:27:07.472733+00:00,study3b_fifo_runtime_v1
22889,C_1961,2012,2013,0.00115635432303,0,0,0.08,0.00734832882881,2026-09-08T22:27:07.472733+00:00,study3b_fifo_runtime_v1
22907,C_1962,2012,2013,0.0116761690006,0,1,0.08,0.00734832882881,2026-09-08T22:27:07.472733+00:00,study3b_fifo_runtime_v1
22927,C_1963,2012,2013,0.00258983229287,0,0,0.08,0.00734832882881,2026-09-08T22:27:07.472733+00:00,study3b_fifo_runtime_v1
22951,C_1965,2012,2013,4.35055990238e-05,0,0,0.08,0.00734832882881,2026-09-08T22:27:07.472733+00:00,study3b_fifo_runtime_v1
22971,C_1966,2012,2013,0.000259188498603,0,0,0.08,0.00734832882881,2026-09-08T22:27:07.472733+00:00,study3b_fifo_runtime_v1
22978,C_1967,2012,2013,0.000103066027805,0,0,0.08,0.00734832882881,2026-09-08T22:27:07.472733+00:00,study3b_fifo_runtime_v1
22996,C_1970,2012,2013,0.00131670723204,0,0,0.08,0.00734832882881,2026-09-08T22:27:07.472733+00:00,study3b_fifo_runtime_v1
23007,C_1971,2012,2013,0.000312054879032,0,0,0.08,0.00734832882881,2026-09-08T22:27:07.472733+00:00,study3b_fifo_runtime_v1
23028,C_1974,2012,2013,8.26244195196e-06,0,0,0.08,0.00734832882881,2026-09-08T22:27:07.472733+00:00,study3b_fifo_runtime_v1
23065,C_1978,2012,2013,9.95054233499e-06,0,0,0.08,0.00734832882881,2026-09-08T22:27:07.472733+00:00,study3b_fifo_runtime_v1
23083,C_1979,2012,2013,0.000107392312202,0,0,0.08,0.00734832882881,2026-09-08T22:27:07.472733+00:00,study3b_fifo_runtime_v1
23100,C_1980,2012,2013,0.00138537876774,0,0,0.08,0.00734832882881,2026-09-08T22:27:07.472733+00:00,study3b_fifo_runtime_v1
23117,C_1982,2012,2013,0.000491458864417,0,0,0.08,0.00734832882881,2026-09-08T22:27:07.472733+00:00,study3b_fifo_runtime_v1
23137,C_1984,2012,2013,0.000205303615076,0,0,0.08,0.00734832882881,2026-09-08T22:27:07.472733+00:00,study3b_fifo_runtime_v1
23167,C_1988,2012,2013,4.16733928432e-05,0,0,0.08,0.00734832882881,2026-09-08T22:27:07.472733+00:00,study3b_fifo_runtime_v1
23180,C_1990,2012,2013,0.000998835894279,0,0,0.08,0.00734832882881,2026-09-08T22:27:07.472733+00:00,study3b_fifo_runtime_v1
23225,C_1993,2012,2013,1.47317578012e-05,0,0,0.08,0.00734832882881,2026-09-08T22:27:07.472733+00:00,study3b_fifo_runtime_v1
23275,C_1997,2012,2013,1.82195635716e-05,0,0,0.08,0.00734832882881,2026-09-08T22:27:07.472733+00:00,study3b_fifo_runtime_v1
23300,C_1999,2012,2013,5.15383580932e-05,0,0,0.08,0.00734832882881,2026-09-08T22:27:07.472733+00:00,study3b_fifo_runtime_v1
23342,C_2002,2012,2013,1.53303681145e-05,0,0,0.08,0.00734832882881,2026-09-08T22:27:07.472733+00:00,study3b_fifo_runtime_v1
23358,C_2003,2012,2013,0.000166221128893,0,0,0.08,0.00734832882881,2026-09-08T22:27:07.472733+00:00,study3b_fifo_runtime_v1
23379,C_2005,2012,2013,0.000266300165094,0,0,0.08,0.00734832882881,2026-09-08T22:27:07.472733+00:00,study3b_fifo_runtime_v1
23409,C_2007,2012,2013,3.45111220668e-05,0,0,0.08,0.00734832882881,2026-09-08T22:27:07.472733+00:00,study3b_fifo_runtime_v1
23429,C_2008,2012,2013,0.000400378514314,0,0,0.08,0.00734832882881,2026-09-08T22:27:07.472733+00:00,study3b_fifo_runtime_v1
23460,C_2012,2012,2013,3.89430533687e-05,0,0,0.08,0.00734832882881,2026-09-08T22:27:07.472733+00:00,study3b_fifo_runtime_v1
23484,C_2015,2012,2013,0.000127892373712,0,0,0.08,0.00734832882881,2026-09-08T22:27:07.472733+00:00,study3b_fifo_runtime_v1
23492,C_2016,2012,2013,0.000155790141434,0,0,0.08,0.00734832882881,2026-09-08T22:27:07.472733+00:00,study3b_fifo_runtime_v1
23518,C_2018,2012,2013,1.10650762508e-05,0,0,0.08,0.00734832882881,2026-09-08T22:27:07.472733+00:00,study3b_fifo_runtime_v1
23538,C_2019,2012,2013,0.000723232806195,0,0,0.08,0.00734832882881,2026-09-08T22:27:07.472733+00:00,study3b_fifo_runtime_v1
23560,C_2021,2012,2013,0.00105481769424,0,0,0.08,0.00734832882881,2026-09-08T22:27:07.472733+00:00,study3b_fifo_runtime_v1
23580,C_2022,2012,2013,7.77947934694e-06,0,0,0.08,0.00734832882881,2026-09-08T22:27:07.472733+00:00,study3b_fifo_runtime_v1
23587,C_2023,2012,2013,1.26462737171e-05,0,0,0.08,0.00734832882881,2026-09-08T22:27:07.472733+00:00,study3b_fifo_runtime_v1
23594,C_2024,2012,2013,0.00369831547141,0,0,0.08,0.00734832882881,2026-09-08T22:27:07.472733+00:00,study3b_fifo_runtime_v1
23597,C_2025,2012,2013,5.29636054125e-05,0,0,0.08,0.00734832882881,2026-09-08T22:27:07.472733+00:00,study3b_fifo_runtime_v1
23604,C_2026,2012,2013,0.000707261322532,0,0,0.08,0.00734832882881,2026-09-08T22:27:07.472733+00:00,study3b_fifo_runtime_v1
23609,C_2027,2012,2013,0.00703069986776,0,0,0.08,0.00734832882881,2026-09-08T22:27:07.472733+00:00,study3b_fifo_runtime_v1
23638,C_2029,2012,2013,6.78772921674e-05,0,0,0.08,0.00734832882881,2026-09-08T22:27:07.472733+00:00,study3b_fifo_runtime_v1
23657,C_2031,2012,2013,3.99395830755e-05,0,0,0.08,0.00734832882881,2026-09-08T22:27:07.472733+00:00,study3b_fifo_runtime_v1
23719,C_2039,2012,2013,8.29818145576e-06,0,0,0.08,0.00734832882881,2026-09-08T22:27:07.472733+00:00,study3b_fifo_runtime_v1
23771,C_2046,2012,2013,4.62958360004e-06,0,0,0.08,0.00734832882881,2026-09-08T22:27:07.472733+00:00,study3b_fifo_runtime_v1
23793,C_2049,2012,2013,0.000336626224453,0,0,0.08,0.00734832882881,2026-09-08T22:27:07.472733+00:00,study3b_fifo_runtime_v1
23883,C_2058,2012,2013,0.00643195444718,0,0,0.08,0.00734832882881,2026-09-08T22:27:07.472733+00:00,study3b_fifo_runtime_v1
23905,C_2060,2012,2013,3.27738162014e-05,0,0,0.08,0.00734832882881,2026-09-08T22:27:07.472733+00:00,study3b_fifo_runtime_v1
23948,C_2066,2012,2013,2.57317879004e-05,0,0,0.08,0.00734832882881,2026-09-08T22:27:07.472733+00:00,study3b_fifo_runtime_v1
23983,C_2070,2012,2013,0.0129067106172,0,1,0.08,0.00734832882881,2026-09-08T22:27:07.472733+00:00,study3b_fifo_runtime_v1
24003,C_2071,2012,2013,9.45371575654e-05,0,0,0.08,0.00734832882881,2026-09-08T22:27:07.472733+00:00,study3b_fifo_runtime_v1
24010,C_2072,2012,2013,0.000295615551295,0,0,0.08,0.00734832882881,2026-09-08T22:27:07.472733+00:00,study3b_fifo_runtime_v1
24021,C_2073,2012,2013,0.00123601336963,0,0,0.08,0.00734832882881,2026-09-08T22:27:07.472733+00:00,study3b_fifo_runtime_v1
24046,C_2078,2012,2013,0.00117643515114,0,0,0.08,0.00734832882881,2026-09-08T22:27:07.472733+00:00,study3b_fifo_runtime_v1
24087,C_2083,2012,2013,2.53278103628e-05,0,0,0.08,0.00734832882881,2026-09-08T22:27:07.472733+00:00,study3b_fifo_runtime_v1
24163,C_2093,2012,2013,0.00708509609103,0,0,0.08,0.00734832882881,2026-09-08T22:27:07.472733+00:00,study3b_fifo_runtime_v1
24170,C_2094,2012,2013,0.00104951008689,0,0,0.08,0.00734832882881,2026-09-08T22:27:07.472733+00:00,study3b_fifo_runtime_v1
24177,C_2095,2012,2013,0.0014867343707,0,0,0.08,0.00734832882881,2026-09-08T22:27:07.472733+00:00,study3b_fifo_runtime_v1
24235,C_2101,2012,2013,0.000109678345325,0,0,0.08,0.00734832882881,2026-09-08T22:27:07.472733+00:00,study3b_fifo_runtime_v1
24249,C_2102,2012,2013,9.86164595815e-05,0,0,0.08,0.00734832882881,2026-09-08T22:27:07.472733+00:00,study3b_fifo_runtime_v1
24284,C_2105,2012,2013,6.79013683111e-05,0,0,0.08,0.00734832882881,2026-09-08T22:27:07.472733+00:00,study3b_fifo_runtime_v1
24333,C_2112,2012,2013,0.00511072948575,0,0,0.08,0.00734832882881,2026-09-08T22:27:07.472733+00:00,study3b_fifo_runtime_v1
24370,C_2116,2012,2013,0.00199767481536,0,0,0.08,0.00734832882881,2026-09-08T22:27:07.472733+00:00,study3b_fifo_runtime_v1
24389,C_2119,2012,2013,0.00284369196743,0,0,0.08,0.00734832882881,2026-09-08T22:27:07.472733+00:00,study3b_fifo_runtime_v1
24390,C_2120,2012,2013,8.64468529471e-05,0,0,0.08,0.00734832882881,2026-09-08T22:27:07.472733+00:00,study3b_fifo_runtime_v1
24435,C_2125,2012,2013,1.60824292834e-05,0,0,0.08,0.00734832882881,2026-09-08T22:27:07.472733+00:00,study3b_fifo_runtime_v1
24464,C_2129,2012,2013,0.000990633736365,0,0,0.08,0.00734832882881,2026-09-08T22:27:07.472733+00:00,study3b_fifo_runtime_v1
24484,C_2130,2012,2013,0.000192636551219,0,0,0.08,0.00734832882881,2026-09-08T22:27:07.472733+00:00,study3b_fifo_runtime_v1
24524,C_2136,2012,2013,3.28750866174e-05,0,0,0.08,0.00734832882881,2026-09-08T22:27:07.472733+00:00,study3b_fifo_runtime_v1
24558,C_2139,2012,2013,2.83876361209e-05,0,0,0.08,0.00734832882881,2026-09-08T22:27:07.472733+00:00,study3b_fifo_runtime_v1
24585,C_2141,2012,2013,0.0012758038938,0,0,0.08,0.00734832882881,2026-09-08T22:27:07.472733+00:00,study3b_fifo_runtime_v1
24608,C_2143,2012,2013,0.000582155073062,0,0,0.08,0.00734832882881,2026-09-08T22:27:07.472733+00:00,study3b_fifo_runtime_v1
24633,C_2148,2012,2013,3.23255153489e-05,0,0,0.08,0.00734832882881,2026-09-08T22:27:07.472733+00:00,study3b_fifo_runtime_v1
24653,C_2149,2012,2013,4.12538211094e-05,0,0,0.08,0.00734832882881,2026-09-08T22:27:07.472733+00:00,study3b_fifo_runtime_v1
24673,C_2150,2012,2013,0.000127375373268,0,0,0.08,0.00734832882881,2026-09-08T22:27:07.472733+00:00,study3b_fifo_runtime_v1
24678,C_2151,2012,2013,0.00456293532625,0,0,0.08,0.00734832882881,2026-09-08T22:27:07.472733+00:00,study3b_fifo_runtime_v1
24697,C_2152,2012,2013,0.000308556482196,0,0,0.08,0.00734832882881,2026-09-08T22:27:07.472733+00:00,study3b_fifo_runtime_v1
24729,C_2155,2012,2013,0.000162168973475,0,0,0.08,0.00734832882881,2026-09-08T22:27:07.472733+00:00,study3b_fifo_runtime_v1
24739,C_2156,2012,2013,0.00122022244614,0,0,0.08,0.00734832882881,2026-09-08T22:27:07.472733+00:00,study3b_fifo_runtime_v1
24752,C_2157,2012,2013,0.0132555477321,0,1,0.08,0.00734832882881,2026-09-08T22:27:07.472733+00:00,study3b_fifo_runtime_v1
24759,C_2160,2012,2013,0.000529169978108,0,0,0.08,0.00734832882881,2026-09-08T22:27:07.472733+00:00,study3b_fifo_runtime_v1
24793,C_2165,2012,2013,1.6436832766e-06,0,0,0.08,0.00734832882881,2026-09-08T22:27:07.472733+00:00,study3b_fifo_runtime_v1
24813,C_2166,2012,2013,0.00539964437485,0,0,0.08,0.00734832882881,2026-09-08T22:27:07.472733+00:00,study3b_fifo_runtime_v1
24834,C_2168,2012,2013,0.00111363909673,0,0,0.08,0.00734832882881,2026-09-08T22:27:07.472733+00:00,study3b_fifo_runtime_v1
24857,C_2170,2012,2013,5.79590159759e-05,0,0,0.08,0.00734832882881,2026-09-08T22:27:07.472733+00:00,study3b_fifo_runtime_v1
24888,C_2173,2012,2013,0.000314882403472,0,0,0.08,0.00734832882881,2026-09-08T22:27:07.472733+00:00,study3b_fifo_runtime_v1
24907,C_2174,2012,2013,1.46740485434e-05,0,0,0.08,0.00734832882881,2026-09-08T22:27:07.472733+00:00,study3b_fifo_runtime_v1
24930,C_2176,2012,2013,6.87044885126e-05,0,0,0.08,0.00734832882881,2026-09-08T22:27:07.472733+00:00,study3b_fifo_runtime_v1
24965,C_2178,2012,2013,1.80019342224e-05,0,0,0.08,0.00734832882881,2026-09-08T22:27:07.472733+00:00,study3b_fifo_runtime_v1
24983,C_2180,2012,2013,0.000104329286842,0,0,0.08,0.00734832882881,2026-09-08T22:27:07.472733+00:00,study3b_fifo_runtime_v1
25017,C_2183,2012,2013,3.12192169076e-05,0,0,0.08,0.00734832882881,2026-09-08T22:27:07.472733+00:00,study3b_fifo_runtime_v1
25036,C_2184,2012,2013,5.61453953196e-06,0,0,0.08,0.00734832882881,2026-09-08T22:27:07.472733+00:00,study3b_fifo_runtime_v1
25065,C_2187,2012,2013,0.000188267978956,0,0,0.08,0.00734832882881,2026-09-08T22:27:07.472733+00:00,study3b_fifo_runtime_v1
25072,C_2188,2012,2013,3.1640240195e-05,0,0,0.08,0.00734832882881,2026-09-08T22:27:07.472733+00:00,study3b_fifo_runtime_v1
25088,C_2189,2012,2013,6.97475552442e-05,0,0,0.08,0.00734832882881,2026-09-08T22:27:07.472733+00:00,study3b_fifo_runtime_v1
25122,C_2195,2012,2013,3.11616645376e-06,0,0,0.08,0.00734832882881,2026-09-08T22:27:07.472733+00:00,study3b_fifo_runtime_v1
25126,C_2196,2012,2013,0.000136794769787,0,0,0.08,0.00734832882881,2026-09-08T22:27:07.472733+00:00,study3b_fifo_runtime_v1
25176,C_2202,2012,2013,0.000116601811897,0,0,0.08,0.00734832882881,2026-09-08T22:27:07.472733+00:00,study3b_fifo_runtime_v1
25196,C_2203,2012,2013,0.00216070422903,0,0,0.08,0.00734832882881,2026-09-08T22:27:07.472733+00:00,study3b_fifo_runtime_v1
25232,C_2208,2012,2013,0.000141454322147,0,0,0.08,0.00734832882881,2026-09-08T22:27:07.472733+00:00,study3b_fifo_runtime_v1
25254,C_2211,2012,2013,0.000135370937642,0,0,0.08,0.00734832882881,2026-09-08T22:27:07.472733+00:00,study3b_fifo_runtime_v1
25313,C_2218,2012,2013,4.67799545731e-05,0,0,0.08,0.00734832882881,2026-09-08T22:27:07.472733+00:00,study3b_fifo_runtime_v1
25320,C_2219,2012,2013,4.31881089753e-05,0,0,0.08,0.00734832882881,2026-09-08T22:27:07.472733+00:00,study3b_fifo_runtime_v1
25360,C_2224,2012,2013,5.60714979656e-05,0,0,0.08,0.00734832882881,2026-09-08T22:27:07.472733+00:00,study3b_fifo_runtime_v1
25367,C_2225,2012,2013,0.00042023442802,0,0,0.08,0.00734832882881,2026-09-08T22:27:07.472733+00:00,study3b_fifo_runtime_v1
25384,C_2226,2012,2013,1.33061002998e-05,0,0,0.08,0.00734832882881,2026-09-08T22:27:07.472733+00:00,study3b_fifo_runtime_v1
25404,C_2228,2012,2013,0.000223214461585,0,0,0.08,0.00734832882881,2026-09-08T22:27:07.472733+00:00,study3b_fifo_runtime_v1
25435,C_2231,2012,2013,0.00106467260048,0,0,0.08,0.00734832882881,2026-09-08T22:27:07.472733+00:00,study3b_fifo_runtime_v1
25443,C_2233,2012,2013,0.000174154862179,0,0,0.08,0.00734832882881,2026-09-08T22:27:07.472733+00:00,study3b_fifo_runtime_v1
25499,C_2240,2012,2013,0.0149854794145,0,1,0.08,0.00734832882881,2026-09-08T22:27:07.472733+00:00,study3b_fifo_runtime_v1
25518,C_2241,2012,2013,4.86967583129e-05,0,0,0.08,0.00734832882881,2026-09-08T22:27:07.472733+00:00,study3b_fifo_runtime_v1
25536,C_2242,2012,2013,8.85177287273e-05,0,0,0.08,0.00734832882881,2026-09-08T22:27:07.472733+00:00,study3b_fifo_runtime_v1
25554,C_2243,2012,2013,0.000808926532045,0,0,0.08,0.00734832882881,2026-09-08T22:27:07.472733+00:00,study3b_fifo_runtime_v1
25586,C_2246,2012,2013,1.71574156411e-05,0,0,0.08,0.00734832882881,2026-09-08T22:27:07.472733+00:00,study3b_fifo_runtime_v1
25645,C_2253,2012,2013,1.5484782125e-05,0,0,0.08,0.00734832882881,2026-09-08T22:27:07.472733+00:00,study3b_fifo_runtime_v1
25671,C_2256,2012,2013,1.34465153678e-05,0,0,0.08,0.00734832882881,2026-09-08T22:27:07.472733+00:00,study3b_fifo_runtime_v1
25691,C_2257,2012,2013,1.56813148351e-05,0,0,0.08,0.00734832882881,2026-09-08T22:27:07.472733+00:00,study3b_fifo_runtime_v1
25734,C_2262,2012,2013,0.00016466951638,0,0,0.08,0.00734832882881,2026-09-08T22:27:07.472733+00:00,study3b_fifo_runtime_v1
25754,C_2263,2012,2013,0.000430284970207,0,0,0.08,0.00734832882881,2026-09-08T22:27:07.472733+00:00,study3b_fifo_runtime_v1
25774,C_2264,2012,2013,9.79769720288e-06,0,0,0.08,0.00734832882881,2026-09-08T22:27:07.472733+00:00,study3b_fifo_runtime_v1
25781,C_2265,2012,2013,0.000233395316172,0,0,0.08,0.00734832882881,2026-09-08T22:27:07.472733+00:00,study3b_fifo_runtime_v1
25801,C_2266,2012,2013,2.51449591815e-06,0,0,0.08,0.00734832882881,2026-09-08T22:27:07.472733+00:00,study3b_fifo_runtime_v1
25827,C_2271,2012,2013,2.8422640753e-05,0,0,0.08,0.00734832882881,2026-09-08T22:27:07.472733+00:00,study3b_fifo_runtime_v1
25859,C_2274,2012,2013,1.26904569697e-05,0,0,0.08,0.00734832882881,2026-09-08T22:27:07.472733+00:00,study3b_fifo_runtime_v1
25879,C_2275,2012,2013,0.000150058578583,0,0,0.08,0.00734832882881,2026-09-08T22:27:07.472733+00:00,study3b_fifo_runtime_v1
25962,C_2284,2012,2013,0.00125997967552,0,0,0.08,0.00734832882881,2026-09-08T22:27:07.472733+00:00,study3b_fifo_runtime_v1
25995,C_2286,2012,2013,7.78828907642e-05,0,0,0.08,0.00734832882881,2026-09-08T22:27:07.472733+00:00,study3b_fifo_runtime_v1
26005,C_2289,2012,2013,3.56791169907e-05,0,0,0.08,0.00734832882881,2026-09-08T22:27:07.472733+00:00,study3b_fifo_runtime_v1
26038,C_2292,2012,2013,0.00297201913781,0,0,0.08,0.00734832882881,2026-09-08T22:27:07.472733+00:00,study3b_fifo_runtime_v1
26095,C_2298,2012,2013,0.000129857522552,0,0,0.08,0.00734832882881,2026-09-08T22:27:07.472733+00:00,study3b_fifo_runtime_v1
26124,C_2300,2012,2013,9.8386699392e-05,0,0,0.08,0.00734832882881,2026-09-08T22:27:07.472733+00:00,study3b_fifo_runtime_v1
26181,C_2307,2012,2013,1.37472525239e-05,0,0,0.08,0.00734832882881,2026-09-08T22:27:07.472733+00:00,study3b_fifo_runtime_v1
26206,C_2311,2012,2013,6.73014219501e-05,0,0,0.08,0.00734832882881,2026-09-08T22:27:07.472733+00:00,study3b_fifo_runtime_v1
26226,C_2312,2012,2013,8.40828361106e-05,0,0,0.08,0.00734832882881,2026-09-08T22:27:07.472733+00:00,study3b_fifo_runtime_v1
26259,C_2316,2012,2013,0.000139987823786,0,0,0.08,0.00734832882881,2026-09-08T22:27:07.472733+00:00,study3b_fifo_runtime_v1
26288,C_2318,2012,2013,1.58815055329e-05,0,0,0.08,0.00734832882881,2026-09-08T22:27:07.472733+00:00,study3b_fifo_runtime_v1
26311,C_2320,2012,2013,0.000163388031069,0,0,0.08,0.00734832882881,2026-09-08T22:27:07.472733+00:00,study3b_fifo_runtime_v1
26329,C_2321,2012,2013,0.000105967723357,0,0,0.08,0.00734832882881,2026-09-08T22:27:07.472733+00:00,study3b_fifo_runtime_v1
26360,C_2323,2012,2013,6.54573595966e-05,0,0,0.08,0.00734832882881,2026-09-08T22:27:07.472733+00:00,study3b_fifo_runtime_v1
26397,C_2326,2012,2013,0.00166461814661,0,0,0.08,0.00734832882881,2026-09-08T22:27:07.472733+00:00,study3b_fifo_runtime_v1
26455,C_2333,2012,2013,8.75763580552e-05,0,0,0.08,0.00734832882881,2026-09-08T22:27:07.472733+00:00,study3b_fifo_runtime_v1
26467,C_2334,2012,2013,0.000554032449145,0,0,0.08,0.00734832882881,2026-09-08T22:27:07.472733+00:00,study3b_fifo_runtime_v1
26482,C_2335,2012,2013,0.000321480561979,0,0,0.08,0.00734832882881,2026-09-08T22:27:07.472733+00:00,study3b_fifo_runtime_v1
26499,C_2336,2012,2013,6.71467496431e-05,0,0,0.08,0.00734832882881,2026-09-08T22:27:07.472733+00:00,study3b_fifo_runtime_v1
26562,C_2346,2012,2013,0.00052499701269,0,0,0.08,0.00734832882881,2026-09-08T22:27:07.472733+00:00,study3b_fifo_runtime_v1
26567,C_2347,2012,2013,0.000383989157854,0,0,0.08,0.00734832882881,2026-09-08T22:27:07.472733+00:00,study3b_fifo_runtime_v1
26581,C_2349,2012,2013,0.000914362783078,0,0,0.08,0.00734832882881,2026-09-08T22:27:07.472733+00:00,study3b_fifo_runtime_v1
26614,C_2353,2012,2013,1.41698283187e-05,0,0,0.08,0.00734832882881,2026-09-08T22:27:07.472733+00:00,study3b_fifo_runtime_v1
26633,C_2354,2012,2013,0.000129613588797,0,0,0.08,0.00734832882881,2026-09-08T22:27:07.472733+00:00,study3b_fifo_runtime_v1
26653,C_2356,2012,2013,9.42568476603e-06,0,0,0.08,0.00734832882881,2026-09-08T22:27:07.472733+00:00,study3b_fifo_runtime_v1
26702,C_2361,2012,2013,0.000318614940625,0,0,0.08,0.00734832882881,2026-09-08T22:27:07.472733+00:00,study3b_fifo_runtime_v1
26729,C_2363,2012,2013,3.58747056453e-05,0,0,0.08,0.00734832882881,2026-09-08T22:27:07.472733+00:00,study3b_fifo_runtime_v1
26742,C_2364,2012,2013,0.000721850025002,0,0,0.08,0.00734832882881,2026-09-08T22:27:07.472733+00:00,study3b_fifo_runtime_v1
26762,C_2365,2012,2013,6.01431493124e-05,0,0,0.08,0.00734832882881,2026-09-08T22:27:07.472733+00:00,study3b_fifo_runtime_v1
26781,C_2367,2012,2013,0.000414022593759,0,0,0.08,0.00734832882881,2026-09-08T22:27:07.472733+00:00,study3b_fifo_runtime_v1
26800,C_2368,2012,2013,0.000119025840831,0,0,0.08,0.00734832882881,2026-09-08T22:27:07.472733+00:00,study3b_fifo_runtime_v1
26820,C_2369,2012,2013,0.000166145575349,0,0,0.08,0.00734832882881,2026-09-08T22:27:07.472733+00:00,study3b_fifo_runtime_v1
26832,C_2371,2012,2013,0.00631078518927,0,0,0.08,0.00734832882881,2026-09-08T22:27:07.472733+00:00,study3b_fifo_runtime_v1
26854,C_2373,2012,2013,9.68590320554e-05,0,0,0.08,0.00734832882881,2026-09-08T22:27:07.472733+00:00,study3b_fifo_runtime_v1
26885,C_2376,2012,2013,5.21190086147e-05,0,0,0.08,0.00734832882881,2026-09-08T22:27:07.472733+00:00,study3b_fifo_runtime_v1
26907,C_2378,2012,2013,1.75085551746e-06,0,0,0.08,0.00734832882881,2026-09-08T22:27:07.472733+00:00,study3b_fifo_runtime_v1
26938,C_2382,2012,2013,0.00121935224161,0,0,0.08,0.00734832882881,2026-09-08T22:27:07.472733+00:00,study3b_fifo_runtime_v1
26970,C_2387,2012,2013,0.000209801830351,0,0,0.08,0.00734832882881,2026-09-08T22:27:07.472733+00:00,study3b_fifo_runtime_v1
27010,C_2391,2012,2013,4.88627010782e-05,0,0,0.08,0.00734832882881,2026-09-08T22:27:07.472733+00:00,study3b_fifo_runtime_v1
27023,C_2393,2012,2013,0.000212180428207,0,0,0.08,0.00734832882881,2026-09-08T22:27:07.472733+00:00,study3b_fifo_runtime_v1
27055,C_2396,2012,2013,4.26972001151e-05,0,0,0.08,0.00734832882881,2026-09-08T22:27:07.472733+00:00,study3b_fifo_runtime_v1
27065,C_2397,2012,2013,0.000426537677413,0,0,0.08,0.00734832882881,2026-09-08T22:27:07.472733+00:00,study3b_fifo_runtime_v1
27104,C_2401,2012,2013,0.00108885287773,0,0,0.08,0.00734832882881,2026-09-08T22:27:07.472733+00:00,study3b_fifo_runtime_v1
27123,C_2405,2012,2013,0.000656221585814,0,0,0.08,0.00734832882881,2026-09-08T22:27:07.472733+00:00,study3b_fifo_runtime_v1
27147,C_2408,2012,2013,0.00136396230664,0,0,0.08,0.00734832882881,2026-09-08T22:27:07.472733+00:00,study3b_fifo_runtime_v1
27162,C_2409,2012,2013,0.000709798478056,0,0,0.08,0.00734832882881,2026-09-08T22:27:07.472733+00:00,study3b_fifo_runtime_v1
27182,C_2410,2012,2013,9.81029097602e-06,0,0,0.08,0.00734832882881,2026-09-08T22:27:07.472733+00:00,study3b_fifo_runtime_v1
27245,C_2417,2012,2013,6.59893921693e-05,0,0,0.08,0.00734832882881,2026-09-08T22:27:07.472733+00:00,study3b_fifo_runtime_v1
27279,C_2420,2012,2013,1.83571009984e-05,0,0,0.08,0.00734832882881,2026-09-08T22:27:07.472733+00:00,study3b_fifo_runtime_v1
27286,C_2421,2012,2013,1.66676309163e-05,0,0,0.08,0.00734832882881,2026-09-08T22:27:07.472733+00:00,study3b_fifo_runtime_v1
27329,C_2426,2012,2013,1.03963466245e-05,0,0,0.08,0.00734832882881,2026-09-08T22:27:07.472733+00:00,study3b_fifo_runtime_v1
27343,C_2429,2012,2013,1.69903705682e-05,0,0,0.08,0.00734832882881,2026-09-08T22:27:07.472733+00:00,study3b_fifo_runtime_v1
27363,C_2430,2012,2013,0.000604072702117,0,0,0.08,0.00734832882881,2026-09-08T22:27:07.472733+00:00,study3b_fifo_runtime_v1
27380,C_2434,2012,2013,0.000338622368872,0,0,0.08,0.00734832882881,2026-09-08T22:27:07.472733+00:00,study3b_fifo_runtime_v1
27397,C_2435,2012,2013,0.000412449211581,0,0,0.08,0.00734832882881,2026-09-08T22:27:07.472733+00:00,study3b_fifo_runtime_v1
27413,C_2436,2012,2013,0.000766479584854,0,0,0.08,0.00734832882881,2026-09-08T22:27:07.472733+00:00,study3b_fifo_runtime_v1
27422,C_2438,2012,2013,0.00029293607804,0,0,0.08,0.00734832882881,2026-09-08T22:27:07.472733+00:00,study3b_fifo_runtime_v1
27477,C_2445,2012,2013,0.000280532927718,0,0,0.08,0.00734832882881,2026-09-08T22:27:07.472733+00:00,study3b_fifo_runtime_v1
27505,C_2448,2012,2013,0.000189129743376,0,0,0.08,0.00734832882881,2026-09-08T22:27:07.472733+00:00,study3b_fifo_runtime_v1
27513,C_2450,2012,2013,0.000469186023111,0,0,0.08,0.00734832882881,2026-09-08T22:27:07.472733+00:00,study3b_fifo_runtime_v1
27521,C_2452,2012,2013,0.000486762175569,0,0,0.08,0.00734832882881,2026-09-08T22:27:07.472733+00:00,study3b_fifo_runtime_v1
27551,C_2455,2012,2013,1.15343864309e-05,0,0,0.08,0.00734832882881,2026-09-08T22:27:07.472733+00:00,study3b_fifo_runtime_v1
27582,C_2458,2012,2013,1.57738923008e-05,0,0,0.08,0.00734832882881,2026-09-08T22:27:07.472733+00:00,study3b_fifo_runtime_v1
27600,C_2460,2012,2013,0.000670785724651,0,0,0.08,0.00734832882881,2026-09-08T22:27:07.472733+00:00,study3b_fifo_runtime_v1
27631,C_2465,2012,2013,4.74348380521e-05,0,0,0.08,0.00734832882881,2026-09-08T22:27:07.472733+00:00,study3b_fifo_runtime_v1
27651,C_2467,2012,2013,0.000235220228205,0,0,0.08,0.00734832882881,2026-09-08T22:27:07.472733+00:00,study3b_fifo_runtime_v1
27658,C_2468,2012,2013,0.000442081334768,0,0,0.08,0.00734832882881,2026-09-08T22:27:07.472733+00:00,study3b_fifo_runtime_v1
27685,C_2471,2012,2013,0.00010910382116,0,0,0.08,0.00734832882881,2026-09-08T22:27:07.472733+00:00,study3b_fifo_runtime_v1
27702,C_2472,2012,2013,0.00480230571702,0,0,0.08,0.00734832882881,2026-09-08T22:27:07.472733+00:00,study3b_fifo_runtime_v1
27735,C_2476,2012,2013,5.48835632799e-05,0,0,0.08,0.00734832882881,2026-09-08T22:27:07.472733+00:00,study3b_fifo_runtime_v1
27764,C_2480,2012,2013,0.000639245146886,0,0,0.08,0.00734832882881,2026-09-08T22:27:07.472733+00:00,study3b_fifo_runtime_v1
27788,C_2483,2012,2013,1.8524880943e-05,0,0,0.08,0.00734832882881,2026-09-08T22:27:07.472733+00:00,study3b_fifo_runtime_v1
27812,C_2485,2012,2013,2.39877390413e-05,0,0,0.08,0.00734832882881,2026-09-08T22:27:07.472733+00:00,study3b_fifo_runtime_v1
27836,C_2487,2012,2013,0.0022118864581,0,0,0.08,0.00734832882881,2026-09-08T22:27:07.472733+00:00,study3b_fifo_runtime_v1
27854,C_2490,2012,2013,5.86040405324e-05,0,0,0.08,0.00734832882881,2026-09-08T22:27:07.472733+00:00,study3b_fifo_runtime_v1
27861,C_2491,2012,2013,0.00135769008193,0,0,0.08,0.00734832882881,2026-09-08T22:27:07.472733+00:00,study3b_fifo_runtime_v1
27866,C_2492,2012,2013,0.00045189098455,0,0,0.08,0.00734832882881,2026-09-08T22:27:07.472733+00:00,study3b_fifo_runtime_v1
27926,C_2504,2012,2013,0.00543431052938,0,0,0.08,0.00734832882881,2026-09-08T22:27:07.472733+00:00,study3b_fifo_runtime_v1
27946,C_2507,2012,2013,0.00169413222466,0,0,0.08,0.00734832882881,2026-09-08T22:27:07.472733+00:00,study3b_fifo_runtime_v1
27964,C_2508,2012,2013,0.000475708948215,0,0,0.08,0.00734832882881,2026-09-08T22:27:07.472733+00:00,study3b_fifo_runtime_v1
27980,C_2509,2012,2013,0.00024969651713,0,0,0.08,0.00734832882881,2026-09-08T22:27:07.472733+00:00,study3b_fifo_runtime_v1
28015,C_2514,2012,2013,8.50656360853e-05,0,0,0.08,0.00734832882881,2026-09-08T22:27:07.472733+00:00,study3b_fifo_runtime_v1
28048,C_2519,2012,2013,6.00156381552e-05,0,0,0.08,0.00734832882881,2026-09-08T22:27:07.472733+00:00,study3b_fifo_runtime_v1
28244,C_2559,2012,2013,0.000182708798093,0,0,0.08,0.00734832882881,2026-09-08T22:27:07.472733+00:00,study3b_fifo_runtime_v1
28255,C_2562,2012,2013,0.000911017239559,0,0,0.08,0.00734832882881,2026-09-08T22:27:07.472733+00:00,study3b_fifo_runtime_v1
28502,C_2614,2012,2013,3.51480593963e-05,0,0,0.08,0.00734832882881,2026-09-08T22:27:07.472733+00:00,study3b_fifo_runtime_v1
28617,C_2639,2012,2013,5.74489131395e-05,0,0,0.08,0.00734832882881,2026-09-08T22:27:07.472733+00:00,study3b_fifo_runtime_v1
28643,C_2641,2012,2013,6.67509675623e-06,0,0,0.08,0.00734832882881,2026-09-08T22:27:07.472733+00:00,study3b_fifo_runtime_v1
28684,C_2649,2012,2013,0.00254216394387,0,0,0.08,0.00734832882881,2026-09-08T22:27:07.472733+00:00,study3b_fifo_runtime_v1
28735,C_2660,2012,2013,0.0048584821634,0,0,0.08,0.00734832882881,2026-09-08T22:27:07.472733+00:00,study3b_fifo_runtime_v1
28803,C_2671,2012,2013,0.000362251739716,0,0,0.08,0.00734832882881,2026-09-08T22:27:07.472733+00:00,study3b_fifo_runtime_v1
28874,C_2686,2012,2013,0.00077123567462,0,0,0.08,0.00734832882881,2026-09-08T22:27:07.472733+00:00,study3b_fifo_runtime_v1
29029,C_2722,2012,2013,2.83758326987e-05,0,0,0.08,0.00734832882881,2026-09-08T22:27:07.472733+00:00,study3b_fifo_runtime_v1
29116,C_2738,2012,2013,0.000241283793002,0,0,0.08,0.00734832882881,2026-09-08T22:27:07.472733+00:00,study3b_fifo_runtime_v1
29147,C_2741,2012,2013,2.02853134397e-05,0,0,0.08,0.00734832882881,2026-09-08T22:27:07.472733+00:00,study3b_fifo_runtime_v1
29204,C_2751,2012,2013,4.73602849524e-05,0,0,0.08,0.00734832882881,2026-09-08T22:27:07.472733+00:00,study3b_fifo_runtime_v1
29224,C_2752,2012,2013,2.19287048822e-05,0,0,0.08,0.00734832882881,2026-09-08T22:27:07.472733+00:00,study3b_fifo_runtime_v1
29260,C_2756,2012,2013,0.000700891308952,0,0,0.08,0.00734832882881,2026-09-08T22:27:07.472733+00:00,study3b_fifo_runtime_v1
29280,C_2757,2012,2013,2.05667674891e-05,0,0,0.08,0.00734832882881,2026-09-08T22:27:07.472733+00:00,study3b_fifo_runtime_v1
29294,C_2759,2012,2013,0.000608871341683,0,0,0.08,0.00734832882881,2026-09-08T22:27:07.472733+00:00,study3b_fifo_runtime_v1
29393,C_2780,2012,2013,0.0245990846306,0,1,0.08,0.00734832882881,2026-09-08T22:27:07.472733+00:00,study3b_fifo_runtime_v1
29536,C_2812,2012,2013,0.000385881139664,0,0,0.08,0.00734832882881,2026-09-08T22:27:07.472733+00:00,study3b_fifo_runtime_v1
29551,C_2817,2012,2013,0.000774368178099,0,0,0.08,0.00734832882881,2026-09-08T22:27:07.472733+00:00,study3b_fifo_runtime_v1
29610,C_2829,2012,2013,0.00472507253289,0,0,0.08,0.00734832882881,2026-09-08T22:27:07.472733+00:00,study3b_fifo_runtime_v1
29717,C_2853,2012,2013,0.000327082670992,0,0,0.08,0.00734832882881,2026-09-08T22:27:07.472733+00:00,study3b_fifo_runtime_v1
29735,C_2854,2012,2013,3.26224508171e-05,0,0,0.08,0.00734832882881,2026-09-08T22:27:07.472733+00:00,study3b_fifo_runtime_v1
29771,C_2857,2012,2013,1.18312209452e-05,0,0,0.08,0.00734832882881,2026-09-08T22:27:07.472733+00:00,study3b_fifo_runtime_v1
29795,C_2859,2012,2013,0.0439427904785,0,1,0.08,0.00734832882881,2026-09-08T22:27:07.472733+00:00,study3b_fifo_runtime_v1
29888,C_2872,2012,2013,3.4908996895e-05,0,0,0.08,0.00734832882881,2026-09-08T22:27:07.472733+00:00,study3b_fifo_runtime_v1
29912,C_2876,2012,2013,0.089723713696,1,1,0.08,0.00734832882881,2026-09-08T22:27:07.472733+00:00,study3b_fifo_runtime_v1
29932,C_2877,2012,2013,0.00106888415758,0,0,0.08,0.00734832882881,2026-09-08T22:27:07.472733+00:00,study3b_fifo_runtime_v1
29973,C_2883,2012,2013,0.000101325327705,0,0,0.08,0.00734832882881,2026-09-08T22:27:07.472733+00:00,study3b_fifo_runtime_v1
29997,C_2885,2012,2013,1.27259554574e-05,0,0,0.08,0.00734832882881,2026-09-08T22:27:07.472733+00:00,study3b_fifo_runtime_v1
30048,C_2893,2012,2013,1.96243363462e-05,0,0,0.08,0.00734832882881,2026-09-08T22:27:07.472733+00:00,study3b_fifo_runtime_v1
30081,C_2900,2012,2013,3.62726968888e-05,0,0,0.08,0.00734832882881,2026-09-08T22:27:07.472733+00:00,study3b_fifo_runtime_v1
30115,C_2904,2012,2013,6.88133732183e-05,0,0,0.08,0.00734832882881,2026-09-08T22:27:07.472733+00:00,study3b_fifo_runtime_v1
30142,C_2908,2012,2013,0.000111274559458,0,0,0.08,0.00734832882881,2026-09-08T22:27:07.472733+00:00,study3b_fifo_runtime_v1
30202,C_2921,2012,2013,0.000550863158423,0,0,0.08,0.00734832882881,2026-09-08T22:27:07.472733+00:00,study3b_fifo_runtime_v1
30330,C_2949,2012,2013,0.00115296954755,0,0,0.08,0.00734832882881,2026-09-08T22:27:07.472733+00:00,study3b_fifo_runtime_v1
30349,C_2950,2012,2013,0.000169438033481,0,0,0.08,0.00734832882881,2026-09-08T22:27:07.472733+00:00,study3b_fifo_runtime_v1
30384,C_2954,2012,2013,0.00471110083163,0,0,0.08,0.00734832882881,2026-09-08T22:27:07.472733+00:00,study3b_fifo_runtime_v1
30447,C_2964,2012,2013,0.000917871308047,0,0,0.08,0.00734832882881,2026-09-08T22:27:07.472733+00:00,study3b_fifo_runtime_v1
30492,C_2971,2012,2013,0.000149130049977,0,0,0.08,0.00734832882881,2026-09-08T22:27:07.472733+00:00,study3b_fifo_runtime_v1
30512,C_2972,2012,2013,1.89969250641e-05,0,0,0.08,0.00734832882881,2026-09-08T22:27:07.472733+00:00,study3b_fifo_runtime_v1
30532,C_2973,2012,2013,7.29695966584e-05,0,0,0.08,0.00734832882881,2026-09-08T22:27:07.472733+00:00,study3b_fifo_runtime_v1
30543,C_2974,2012,2013,0.0021544334013,0,0,0.08,0.00734832882881,2026-09-08T22:27:07.472733+00:00,study3b_fifo_runtime_v1
30602,C_2984,2012,2013,0.000943476101384,0,0,0.08,0.00734832882881,2026-09-08T22:27:07.472733+00:00,study3b_fifo_runtime_v1
30646,C_2990,2012,2013,4.49229764854e-06,0,0,0.08,0.00734832882881,2026-09-08T22:27:07.472733+00:00,study3b_fifo_runtime_v1
30680,C_2994,2012,2013,9.66617608356e-06,0,0,0.08,0.00734832882881,2026-09-08T22:27:07.472733+00:00,study3b_fifo_runtime_v1
30700,C_2995,2012,2013,5.15798928973e-05,0,0,0.08,0.00734832882881,2026-09-08T22:27:07.472733+00:00,study3b_fifo_runtime_v1
30727,C_2997,2012,2013,1.4792811271e-05,0,0,0.08,0.00734832882881,2026-09-08T22:27:07.472733+00:00,study3b_fifo_runtime_v1
30744,C_3000,2012,2013,0.000384014652809,0,0,0.08,0.00734832882881,2026-09-08T22:27:07.472733+00:00,study3b_fifo_runtime_v1
30797,C_3007,2012,2013,1.94177810044e-05,0,0,0.08,0.00734832882881,2026-09-08T22:27:07.472733+00:00,study3b_fifo_runtime_v1
30833,C_3010,2012,2013,0.000571340089664,0,0,0.08,0.00734832882881,2026-09-08T22:27:07.472733+00:00,study3b_fifo_runtime_v1
30876,C_3016,2012,2013,0.000276145030512,0,0,0.08,0.00734832882881,2026-09-08T22:27:07.472733+00:00,study3b_fifo_runtime_v1
30911,C_3019,2012,2013,0.0125167584047,0,1,0.08,0.00734832882881,2026-09-08T22:27:07.472733+00:00,study3b_fifo_runtime_v1
30950,C_3025,2012,2013,4.49862018286e-05,0,0,0.08,0.00734832882881,2026-09-08T22:27:07.472733+00:00,study3b_fifo_runtime_v1
30983,C_3029,2012,2013,0.000274180812994,0,0,0.08,0.00734832882881,2026-09-08T22:27:07.472733+00:00,study3b_fifo_runtime_v1
30999,C_3030,2012,2013,2.72898105322e-05,0,0,0.08,0.00734832882881,2026-09-08T22:27:07.472733+00:00,study3b_fifo_runtime_v1
31019,C_3031,2012,2013,4.52029817097e-05,0,0,0.08,0.00734832882881,2026-09-08T22:27:07.472733+00:00,study3b_fifo_runtime_v1
31153,C_3056,2012,2013,0.00246948283166,0,0,0.08,0.00734832882881,2026-09-08T22:27:07.472733+00:00,study3b_fifo_runtime_v1
31191,C_3061,2012,2013,1.57964532264e-05,0,0,0.08,0.00734832882881,2026-09-08T22:27:07.472733+00:00,study3b_fifo_runtime_v1
31260,C_3071,2012,2013,0.0014549366897,0,0,0.08,0.00734832882881,2026-09-08T22:27:07.472733+00:00,study3b_fifo_runtime_v1
31307,C_3078,2012,2013,0.00354961049743,0,0,0.08,0.00734832882881,2026-09-08T22:27:07.472733+00:00,study3b_fifo_runtime_v1
31321,C_3079,2012,2013,2.28267981583e-05,0,0,0.08,0.00734832882881,2026-09-08T22:27:07.472733+00:00,study3b_fifo_runtime_v1
31367,C_3085,2012,2013,0.000666377309244,0,0,0.08,0.00734832882881,2026-09-08T22:27:07.472733+00:00,study3b_fifo_runtime_v1
31401,C_3088,2012,2013,1.79940761882e-05,0,0,0.08,0.00734832882881,2026-09-08T22:27:07.472733+00:00,study3b_fifo_runtime_v1
31432,C_3093,2012,2013,9.35558127821e-05,0,0,0.08,0.00734832882881,2026-09-08T22:27:07.472733+00:00,study3b_fifo_runtime_v1
31481,C_3099,2012,2013,1.52095426529e-05,0,0,0.08,0.00734832882881,2026-09-08T22:27:07.472733+00:00,study3b_fifo_runtime_v1
31502,C_3102,2012,2013,0.0103634595871,0,1,0.08,0.00734832882881,2026-09-08T22:27:07.472733+00:00,study3b_fifo_runtime_v1
31507,C_3103,2012,2013,0.0314473249018,0,1,0.08,0.00734832882881,2026-09-08T22:27:07.472733+00:00,study3b_fifo_runtime_v1
31546,C_3108,2012,2013,0.000708123727236,0,0,0.08,0.00734832882881,2026-09-08T22:27:07.472733+00:00,study3b_fifo_runtime_v1
31560,C_3109,2012,2013,0.00264478265308,0,0,0.08,0.00734832882881,2026-09-08T22:27:07.472733+00:00,study3b_fifo_runtime_v1
31578,C_3113,2012,2013,0.000431856286013,0,0,0.08,0.00734832882881,2026-09-08T22:27:07.472733+00:00,study3b_fifo_runtime_v1
31602,C_3116,2012,2013,0.000631908886135,0,0,0.08,0.00734832882881,2026-09-08T22:27:07.472733+00:00,study3b_fifo_runtime_v1
31626,C_3119,2012,2013,2.38534175878e-05,0,0,0.08,0.00734832882881,2026-09-08T22:27:07.472733+00:00,study3b_fifo_runtime_v1
31635,C_3120,2012,2013,0.000498712819535,0,0,0.08,0.00734832882881,2026-09-08T22:27:07.472733+00:00,study3b_fifo_runtime_v1
31652,C_3121,2012,2013,9.96745147859e-05,0,0,0.08,0.00734832882881,2026-09-08T22:27:07.472733+00:00,study3b_fifo_runtime_v1
31736,C_3140,2012,2013,0.000221669950406,0,0,0.08,0.00734832882881,2026-09-08T22:27:07.472733+00:00,study3b_fifo_runtime_v1
31764,C_3144,2012,2013,0.000280705018668,0,0,0.08,0.00734832882881,2026-09-08T22:27:07.472733+00:00,study3b_fifo_runtime_v1
31783,C_3145,2012,2013,0.000307557522319,0,0,0.08,0.00734832882881,2026-09-08T22:27:07.472733+00:00,study3b_fifo_runtime_v1
31792,C_3146,2012,2013,3.04982841044e-05,0,0,0.08,0.00734832882881,2026-09-08T22:27:07.472733+00:00,study3b_fifo_runtime_v1
31823,C_3148,2012,2013,0.000153331871843,0,0,0.08,0.00734832882881,2026-09-08T22:27:07.472733+00:00,study3b_fifo_runtime_v1
31851,C_3150,2012,2013,2.68264575425e-05,0,0,0.08,0.00734832882881,2026-09-08T22:27:07.472733+00:00,study3b_fifo_runtime_v1
31871,C_3151,2012,2013,9.83596328297e-05,0,0,0.08,0.00734832882881,2026-09-08T22:27:07.472733+00:00,study3b_fifo_runtime_v1
31911,C_3156,2012,2013,0.000150578896864,0,0,0.08,0.00734832882881,2026-09-08T22:27:07.472733+00:00,study3b_fifo_runtime_v1
31949,C_3163,2012,2013,0.0269944798201,0,1,0.08,0.00734832882881,2026-09-08T22:27:07.472733+00:00,study3b_fifo_runtime_v1
31974,C_3165,2012,2013,6.43979510642e-05,0,0,0.08,0.00734832882881,2026-09-08T22:27:07.472733+00:00,study3b_fifo_runtime_v1
32013,C_3169,2012,2013,1.41134160003e-05,0,0,0.08,0.00734832882881,2026-09-08T22:27:07.472733+00:00,study3b_fifo_runtime_v1
32067,C_3181,2012,2013,5.34087448614e-05,0,0,0.08,0.00734832882881,2026-09-08T22:27:07.472733+00:00,study3b_fifo_runtime_v1
32148,C_3194,2012,2013,4.44458855782e-05,0,0,0.08,0.00734832882881,2026-09-08T22:27:07.472733+00:00,study3b_fifo_runtime_v1
32172,C_3196,2012,2013,0.000108894200821,0,0,0.08,0.00734832882881,2026-09-08T22:27:07.472733+00:00,study3b_fifo_runtime_v1
32191,C_3197,2012,2013,1.73045773408e-05,0,0,0.08,0.00734832882881,2026-09-08T22:27:07.472733+00:00,study3b_fifo_runtime_v1
32211,C_3199,2012,2013,0.000448179809609,0,0,0.08,0.00734832882881,2026-09-08T22:27:07.472733+00:00,study3b_fifo_runtime_v1
32248,C_3205,2012,2013,3.21284824167e-05,0,0,0.08,0.00734832882881,2026-09-08T22:27:07.472733+00:00,study3b_fifo_runtime_v1
32296,C_3212,2012,2013,0.000475046603242,0,0,0.08,0.00734832882881,2026-09-08T22:27:07.472733+00:00,study3b_fifo_runtime_v1
32343,C_3223,2012,2013,5.29842764081e-05,0,0,0.08,0.00734832882881,2026-09-08T22:27:07.472733+00:00,study3b_fifo_runtime_v1
32380,C_3229,2012,2013,0.0014130595373,0,0,0.08,0.00734832882881,2026-09-08T22:27:07.472733+00:00,study3b_fifo_runtime_v1
32414,C_3235,2012,2013,0.0206433329731,0,1,0.08,0.00734832882881,2026-09-08T22:27:07.472733+00:00,study3b_fifo_runtime_v1
32429,C_3236,2012,2013,0.000172187763383,0,0,0.08,0.00734832882881,2026-09-08T22:27:07.472733+00:00,study3b_fifo_runtime_v1
32450,C_3238,2012,2013,0.190084040165,1,1,0.08,0.00734832882881,2026-09-08T22:27:07.472733+00:00,study3b_fifo_runtime_v1
32473,C_3241,2012,2013,0.000101640711364,0,0,0.08,0.00734832882881,2026-09-08T22:27:07.472733+00:00,study3b_fifo_runtime_v1
32497,C_3243,2012,2013,0.0118422135711,0,1,0.08,0.00734832882881,2026-09-08T22:27:07.472733+00:00,study3b_fifo_runtime_v1
32519,C_3245,2012,2013,1.7095642761e-05,0,0,0.08,0.00734832882881,2026-09-08T22:27:07.472733+00:00,study3b_fifo_runtime_v1
32559,C_3249,2012,2013,8.59251304064e-05,0,0,0.08,0.00734832882881,2026-09-08T22:27:07.472733+00:00,study3b_fifo_runtime_v1
32593,C_3253,2012,2013,8.82337189978e-06,0,0,0.08,0.00734832882881,2026-09-08T22:27:07.472733+00:00,study3b_fifo_runtime_v1
32613,C_3254,2012,2013,8.96969504538e-05,0,0,0.08,0.00734832882881,2026-09-08T22:27:07.472733+00:00,study3b_fifo_runtime_v1
32645,C_3258,2012,2013,0.000363561412087,0,0,0.08,0.00734832882881,2026-09-08T22:27:07.472733+00:00,study3b_fifo_runtime_v1
32668,C_3260,2012,2013,0.000170293220435,0,0,0.08,0.00734832882881,2026-09-08T22:27:07.472733+00:00,study3b_fifo_runtime_v1
32687,C_3261,2012,2013,8.83030079422e-05,0,0,0.08,0.00734832882881,2026-09-08T22:27:07.472733+00:00,study3b_fifo_runtime_v1
32709,C_3263,2012,2013,1.10961073005e-05,0,0,0.08,0.00734832882881,2026-09-08T22:27:07.472733+00:00,study3b_fifo_runtime_v1
32744,C_3270,2012,2013,8.62129309098e-05,0,0,0.08,0.00734832882881,2026-09-08T22:27:07.472733+00:00,study3b_fifo_runtime_v1
32774,C_3275,2012,2013,5.09566098117e-06,0,0,0.08,0.00734832882881,2026-09-08T22:27:07.472733+00:00,study3b_fifo_runtime_v1
32790,C_3277,2012,2013,0.000169269333128,0,0,0.08,0.00734832882881,2026-09-08T22:27:07.472733+00:00,study3b_fifo_runtime_v1
32812,C_3280,2012,2013,0.0395909361541,0,1,0.08,0.00734832882881,2026-09-08T22:27:07.472733+00:00,study3b_fifo_runtime_v1
32827,C_3281,2012,2013,0.00136992370244,0,0,0.08,0.00734832882881,2026-09-08T22:27:07.472733+00:00,study3b_fifo_runtime_v1
32883,C_3290,2012,2013,0.00188108475413,0,0,0.08,0.00734832882881,2026-09-08T22:27:07.472733+00:00,study3b_fifo_runtime_v1
32929,C_3295,2012,2013,0.00112831965089,0,0,0.08,0.00734832882881,2026-09-08T22:27:07.472733+00:00,study3b_fifo_runtime_v1
32957,C_3297,2012,2013,0.000239719985984,0,0,0.08,0.00734832882881,2026-09-08T22:27:07.472733+00:00,study3b_fifo_runtime_v1
32986,C_3299,2012,2013,0.00030464460724,0,0,0.08,0.00734832882881,2026-09-08T22:27:07.472733+00:00,study3b_fifo_runtime_v1
33005,C_3301,2012,2013,0.000892743060831,0,0,0.08,0.00734832882881,2026-09-08T22:27:07.472733+00:00,study3b_fifo_runtime_v1
33050,C_3309,2012,2013,0.000707238737959,0,0,0.08,0.00734832882881,2026-09-08T22:27:07.472733+00:00,study3b_fifo_runtime_v1
33070,C_3310,2012,2013,0.00182565348223,0,0,0.08,0.00734832882881,2026-09-08T22:27:07.472733+00:00,study3b_fifo_runtime_v1
33109,C_3316,2012,2013,2.89785984933e-05,0,0,0.08,0.00734832882881,2026-09-08T22:27:07.472733+00:00,study3b_fifo_runtime_v1
33134,C_3319,2012,2013,4.64896875201e-05,0,0,0.08,0.00734832882881,2026-09-08T22:27:07.472733+00:00,study3b_fifo_runtime_v1
33158,C_3321,2012,2013,0.000146846155985,0,0,0.08,0.00734832882881,2026-09-08T22:27:07.472733+00:00,study3b_fifo_runtime_v1
33178,C_3322,2012,2013,0.00114525062963,0,0,0.08,0.00734832882881,2026-09-08T22:27:07.472733+00:00,study3b_fifo_runtime_v1
33261,C_3333,2012,2013,0.0110869659111,0,1,0.08,0.00734832882881,2026-09-08T22:27:07.472733+00:00,study3b_fifo_runtime_v1
33296,C_3336,2012,2013,0.000178198839421,0,0,0.08,0.00734832882881,2026-09-08T22:27:07.472733+00:00,study3b_fifo_runtime_v1
33317,C_3338,2012,2013,0.0149020655081,0,1,0.08,0.00734832882881,2026-09-08T22:27:07.472733+00:00,study3b_fifo_runtime_v1
33332,C_3339,2012,2013,0.000878586724866,0,0,0.08,0.00734832882881,2026-09-08T22:27:07.472733+00:00,study3b_fifo_runtime_v1
33371,C_3344,2012,2013,1.58239217853e-05,0,0,0.08,0.00734832882881,2026-09-08T22:27:07.472733+00:00,study3b_fifo_runtime_v1
33391,C_3345,2012,2013,0.000127164763398,0,0,0.08,0.00734832882881,2026-09-08T22:27:07.472733+00:00,study3b_fifo_runtime_v1
33426,C_3348,2012,2013,6.99022275512e-05,0,0,0.08,0.00734832882881,2026-09-08T22:27:07.472733+00:00,study3b_fifo_runtime_v1
33446,C_3349,2012,2013,0.000171354913618,0,0,0.08,0.00734832882881,2026-09-08T22:27:07.472733+00:00,study3b_fifo_runtime_v1
33467,C_3351,2012,2013,9.99169133138e-05,0,0,0.08,0.00734832882881,2026-09-08T22:27:07.472733+00:00,study3b_fifo_runtime_v1
33487,C_3352,2012,2013,2.61128898273e-05,0,0,0.08,0.00734832882881,2026-09-08T22:27:07.472733+00:00,study3b_fifo_runtime_v1
33507,C_3355,2012,2013,6.76366107655e-05,0,0,0.08,0.00734832882881,2026-09-08T22:27:07.472733+00:00,study3b_fifo_runtime_v1
33528,C_3357,2012,2013,0.00132812501397,0,0,0.08,0.00734832882881,2026-09-08T22:27:07.472733+00:00,study3b_fifo_runtime_v1
33548,C_3358,2012,2013,2.39159435296e-05,0,0,0.08,0.00734832882881,2026-09-08T22:27:07.472733+00:00,study3b_fifo_runtime_v1
33572,C_3360,2012,2013,1.01471978269e-05,0,0,0.08,0.00734832882881,2026-09-08T22:27:07.472733+00:00,study3b_fifo_runtime_v1
33612,C_3365,2012,2013,2.19841986109e-05,0,0,0.08,0.00734832882881,2026-09-08T22:27:07.472733+00:00,study3b_fifo_runtime_v1
33634,C_3371,2012,2013,7.50191611587e-05,0,0,0.08,0.00734832882881,2026-09-08T22:27:07.472733+00:00,study3b_fifo_runtime_v1
33661,C_3373,2012,2013,1.27059838633e-05,0,0,0.08,0.00734832882881,2026-09-08T22:27:07.472733+00:00,study3b_fifo_runtime_v1
33711,C_3379,2012,2013,5.71301752643e-05,0,0,0.08,0.00734832882881,2026-09-08T22:27:07.472733+00:00,study3b_fifo_runtime_v1
33731,C_3380,2012,2013,8.81826053956e-06,0,0,0.08,0.00734832882881,2026-09-08T22:27:07.472733+00:00,study3b_fifo_runtime_v1
33790,C_3386,2012,2013,9.17679790291e-05,0,0,0.08,0.00734832882881,2026-09-08T22:27:07.472733+00:00,study3b_fifo_runtime_v1
33809,C_3387,2012,2013,3.29491813318e-05,0,0,0.08,0.00734832882881,2026-09-08T22:27:07.472733+00:00,study3b_fifo_runtime_v1
33849,C_3390,2012,2013,0.000730084779207,0,0,0.08,0.00734832882881,2026-09-08T22:27:07.472733+00:00,study3b_fifo_runtime_v1
33872,C_3392,2012,2013,6.4666463004e-05,0,0,0.08,0.00734832882881,2026-09-08T22:27:07.472733+00:00,study3b_fifo_runtime_v1
33962,C_3406,2012,2013,0.000215344087337,0,0,0.08,0.00734832882881,2026-09-08T22:27:07.472733+00:00,study3b_fifo_runtime_v1
33975,C_3407,2012,2013,3.41489030689e-05,0,0,0.08,0.00734832882881,2026-09-08T22:27:07.472733+00:00,study3b_fifo_runtime_v1
34022,C_3416,2012,2013,0.000161170319188,0,0,0.08,0.00734832882881,2026-09-08T22:27:07.472733+00:00,study3b_fifo_runtime_v1
34051,C_3420,2012,2013,2.29845027206e-05,0,0,0.08,0.00734832882881,2026-09-08T22:27:07.472733+00:00,study3b_fifo_runtime_v1
34087,C_3426,2012,2013,0.00100128061604,0,0,0.08,0.00734832882881,2026-09-08T22:27:07.472733+00:00,study3b_fifo_runtime_v1
34107,C_3427,2012,2013,0.000154040273628,0,0,0.08,0.00734832882881,2026-09-08T22:27:07.472733+00:00,study3b_fifo_runtime_v1
34157,C_3431,2012,2013,0.00020175219106,0,0,0.08,0.00734832882881,2026-09-08T22:27:07.472733+00:00,study3b_fifo_runtime_v1
34216,C_3441,2012,2013,1.03333586594e-05,0,0,0.08,0.00734832882881,2026-09-08T22:27:07.472733+00:00,study3b_fifo_runtime_v1
34236,C_3442,2012,2013,9.71397967078e-05,0,0,0.08,0.00734832882881,2026-09-08T22:27:07.472733+00:00,study3b_fifo_runtime_v1
34265,C_3445,2012,2013,0.000410302454839,0,0,0.08,0.00734832882881,2026-09-08T22:27:07.472733+00:00,study3b_fifo_runtime_v1
34282,C_3446,2012,2013,0.000259567837929,0,0,0.08,0.00734832882881,2026-09-08T22:27:07.472733+00:00,study3b_fifo_runtime_v1
34330,C_3454,2012,2013,0.000116457296826,0,0,0.08,0.00734832882881,2026-09-08T22:27:07.472733+00:00,study3b_fifo_runtime_v1
34384,C_3461,2012,2013,0.000105456565507,0,0,0.08,0.00734832882881,2026-09-08T22:27:07.472733+00:00,study3b_fifo_runtime_v1
34404,C_3462,2012,2013,1.32484174173e-05,0,0,0.08,0.00734832882881,2026-09-08T22:27:07.472733+00:00,study3b_fifo_runtime_v1
34436,C_3464,2012,2013,0.000676850497257,0,0,0.08,0.00734832882881,2026-09-08T22:27:07.472733+00:00,study3b_fifo_runtime_v1
34450,C_3465,2012,2013,0.00633911043406,0,0,0.08,0.00734832882881,2026-09-08T22:27:07.472733+00:00,study3b_fifo_runtime_v1
34470,C_3466,2012,2013,1.74230099219e-05,0,0,0.08,0.00734832882881,2026-09-08T22:27:07.472733+00:00,study3b_fifo_runtime_v1
34489,C_3467,2012,2013,0.000498727487866,0,0,0.08,0.00734832882881,2026-09-08T22:27:07.472733+00:00,study3b_fifo_runtime_v1
34516,C_3470,2012,2013,8.30462304293e-05,0,0,0.08,0.00734832882881,2026-09-08T22:27:07.472733+00:00,study3b_fifo_runtime_v1
34554,C_3473,2012,2013,0.00102326192427,0,0,0.08,0.00734832882881,2026-09-08T22:27:07.472733+00:00,study3b_fifo_runtime_v1
34581,C_3475,2012,2013,2.71955941571e-05,0,0,0.08,0.00734832882881,2026-09-08T22:27:07.472733+00:00,study3b_fifo_runtime_v1
34606,C_3478,2012,2013,1.36576854857e-05,0,0,0.08,0.00734832882881,2026-09-08T22:27:07.472733+00:00,study3b_fifo_runtime_v1
34624,C_3479,2012,2013,5.82306274737e-05,0,0,0.08,0.00734832882881,2026-09-08T22:27:07.472733+00:00,study3b_fifo_runtime_v1
34668,C_3487,2012,2013,3.71625828848e-05,0,0,0.08,0.00734832882881,2026-09-08T22:27:07.472733+00:00,study3b_fifo_runtime_v1
34691,C_3490,2012,2013,0.00010765359184,0,0,0.08,0.00734832882881,2026-09-08T22:27:07.472733+00:00,study3b_fifo_runtime_v1
34707,C_3491,2012,2013,2.00852064154e-05,0,0,0.08,0.00734832882881,2026-09-08T22:27:07.472733+00:00,study3b_fifo_runtime_v1
34726,C_3492,2012,2013,2.60211436398e-05,0,0,0.08,0.00734832882881,2026-09-08T22:27:07.472733+00:00,study3b_fifo_runtime_v1
34746,C_3493,2012,2013,7.56868466851e-05,0,0,0.08,0.00734832882881,2026-09-08T22:27:07.472733+00:00,study3b_fifo_runtime_v1
34792,C_3500,2012,2013,0.00056808127556,0,0,0.08,0.00734832882881,2026-09-08T22:27:07.472733+00:00,study3b_fifo_runtime_v1
34815,C_3502,2012,2013,0.00039517483674,0,0,0.08,0.00734832882881,2026-09-08T22:27:07.472733+00:00,study3b_fifo_runtime_v1
34836,C_3504,2012,2013,2.67877112492e-06,0,0,0.08,0.00734832882881,2026-09-08T22:27:07.472733+00:00,study3b_fifo_runtime_v1
34889,C_3510,2012,2013,0.000794196035713,0,0,0.08,0.00734832882881,2026-09-08T22:27:07.472733+00:00,study3b_fifo_runtime_v1
34907,C_3512,2012,2013,4.86051612825e-05,0,0,0.08,0.00734832882881,2026-09-08T22:27:07.472733+00:00,study3b_fifo_runtime_v1
34927,C_3513,2012,2013,0.000941254838835,0,0,0.08,0.00734832882881,2026-09-08T22:27:07.472733+00:00,study3b_fifo_runtime_v1
34962,C_3518,2012,2013,0.00138715549838,0,0,0.08,0.00734832882881,2026-09-08T22:27:07.472733+00:00,study3b_fifo_runtime_v1
35010,C_3525,2012,2013,2.60193337454e-06,0,0,0.08,0.00734832882881,2026-09-08T22:27:07.472733+00:00,study3b_fifo_runtime_v1
35020,C_3527,2012,2013,0.00301521923393,0,0,0.08,0.00734832882881,2026-09-08T22:27:07.472733+00:00,study3b_fifo_runtime_v1
35041,C_3529,2012,2013,0.0004743396712,0,0,0.08,0.00734832882881,2026-09-08T22:27:07.472733+00:00,study3b_fifo_runtime_v1
35068,C_3531,2012,2013,2.68161165877e-05,0,0,0.08,0.00734832882881,2026-09-08T22:27:07.472733+00:00,study3b_fifo_runtime_v1
35086,C_3532,2012,2013,0.00231073680334,0,0,0.08,0.00734832882881,2026-09-08T22:27:07.472733+00:00,study3b_fifo_runtime_v1
35118,C_3534,2012,2013,0.321663498878,1,1,0.08,0.00734832882881,2026-09-08T22:27:07.472733+00:00,study3b_fifo_runtime_v1
35146,C_3538,2012,2013,0.00099437427707,0,0,0.08,0.00734832882881,2026-09-08T22:27:07.472733+00:00,study3b_fifo_runtime_v1
35181,C_3544,2012,2013,0.000427862047218,0,0,0.08,0.00734832882881,2026-09-08T22:27:07.472733+00:00,study3b_fifo_runtime_v1
35201,C_3545,2012,2013,4.03079939133e-05,0,0,0.08,0.00734832882881,2026-09-08T22:27:07.472733+00:00,study3b_fifo_runtime_v1
35241,C_3550,2012,2013,0.000656678108498,0,0,0.08,0.00734832882881,2026-09-08T22:27:07.472733+00:00,study3b_fifo_runtime_v1
35264,C_3552,2012,2013,0.00754698365927,0,1,0.08,0.00734832882881,2026-09-08T22:27:07.472733+00:00,study3b_fifo_runtime_v1
35294,C_3554,2012,2013,0.0180382877588,0,1,0.08,0.00734832882881,2026-09-08T22:27:07.472733+00:00,study3b_fifo_runtime_v1
35301,C_3555,2012,2013,0.00706450594589,0,0,0.08,0.00734832882881,2026-09-08T22:27:07.472733+00:00,study3b_fifo_runtime_v1
35341,C_3561,2012,2013,6.4749881858e-05,0,0,0.08,0.00734832882881,2026-09-08T22:27:07.472733+00:00,study3b_fifo_runtime_v1
35359,C_3562,2012,2013,0.000256806291873,0,0,0.08,0.00734832882881,2026-09-08T22:27:07.472733+00:00,study3b_fifo_runtime_v1
35383,C_3564,2012,2013,0.00529029453173,0,0,0.08,0.00734832882881,2026-09-08T22:27:07.472733+00:00,study3b_fifo_runtime_v1
35401,C_3565,2012,2013,3.33570897055e-05,0,0,0.08,0.00734832882881,2026-09-08T22:27:07.472733+00:00,study3b_fifo_runtime_v1
35421,C_3566,2012,2013,0.000980271026492,0,0,0.08,0.00734832882881,2026-09-08T22:27:07.472733+00:00,study3b_fifo_runtime_v1
35435,C_3567,2012,2013,0.0051291002892,0,0,0.08,0.00734832882881,2026-09-08T22:27:07.472733+00:00,study3b_fifo_runtime_v1
35453,C_3568,2012,2013,0.00016644061543,0,0,0.08,0.00734832882881,2026-09-08T22:27:07.472733+00:00,study3b_fifo_runtime_v1
35511,C_3577,2012,2013,0.000140244505019,0,0,0.08,0.00734832882881,2026-09-08T22:27:07.472733+00:00,study3b_fifo_runtime_v1
35544,C_3580,2012,2013,0.000109181215521,0,0,0.08,0.00734832882881,2026-09-08T22:27:07.472733+00:00,study3b_fifo_runtime_v1
35565,C_3582,2012,2013,0.00332982931286,0,0,0.08,0.00734832882881,2026-09-08T22:27:07.472733+00:00,study3b_fifo_runtime_v1
35585,C_3583,2012,2013,4.05244500143e-05,0,0,0.08,0.00734832882881,2026-09-08T22:27:07.472733+00:00,study3b_fifo_runtime_v1
35625,C_3587,2012,2013,0.00318060978316,0,0,0.08,0.00734832882881,2026-09-08T22:27:07.472733+00:00,study3b_fifo_runtime_v1
35645,C_3588,2012,2013,0.00155014544725,0,0,0.08,0.00734832882881,2026-09-08T22:27:07.472733+00:00,study3b_fifo_runtime_v1
35661,C_3589,2012,2013,0.000147816666868,0,0,0.08,0.00734832882881,2026-09-08T22:27:07.472733+00:00,study3b_fifo_runtime_v1
35694,C_3592,2012,2013,3.67916909454e-05,0,0,0.08,0.00734832882881,2026-09-08T22:27:07.472733+00:00,study3b_fifo_runtime_v1
35714,C_3593,2012,2013,0.000229217766901,0,0,0.08,0.00734832882881,2026-09-08T22:27:07.472733+00:00,study3b_fifo_runtime_v1
35734,C_3594,2012,2013,4.080430881e-05,0,0,0.08,0.00734832882881,2026-09-08T22:27:07.472733+00:00,study3b_fifo_runtime_v1
35762,C_3596,2012,2013,3.14679091389e-05,0,0,0.08,0.00734832882881,2026-09-08T22:27:07.472733+00:00,study3b_fifo_runtime_v1
35808,C_3602,2012,2013,9.37536606216e-05,0,0,0.08,0.00734832882881,2026-09-08T22:27:07.472733+00:00,study3b_fifo_runtime_v1
35827,C_3603,2012,2013,7.29926114218e-06,0,0,0.08,0.00734832882881,2026-09-08T22:27:07.472733+00:00,study3b_fifo_runtime_v1
35871,C_3609,2012,2013,0.000263107183855,0,0,0.08,0.00734832882881,2026-09-08T22:27:07.472733+00:00,study3b_fifo_runtime_v1
35894,C_3611,2012,2013,4.10120410379e-05,0,0,0.08,0.00734832882881,2026-09-08T22:27:07.472733+00:00,study3b_fifo_runtime_v1
35908,C_3612,2012,2013,0.00323792803101,0,0,0.08,0.00734832882881,2026-09-08T22:27:07.472733+00:00,study3b_fifo_runtime_v1
35924,C_3613,2012,2013,5.17195912835e-05,0,0,0.08,0.00734832882881,2026-09-08T22:27:07.472733+00:00,study3b_fifo_runtime_v1
35943,C_3614,2012,2013,0.000385624269256,0,0,0.08,0.00734832882881,2026-09-08T22:27:07.472733+00:00,study3b_fifo_runtime_v1
35970,C_3618,2012,2013,0.000309736089548,0,0,0.08,0.00734832882881,2026-09-08T22:27:07.472733+00:00,study3b_fifo_runtime_v1
35999,C_3621,2012,2013,1.28702113216e-05,0,0,0.08,0.00734832882881,2026-09-08T22:27:07.472733+00:00,study3b_fifo_runtime_v1
36054,C_3629,2012,2013,0.00123567937408,0,0,0.08,0.00734832882881,2026-09-08T22:27:07.472733+00:00,study3b_fifo_runtime_v1
36084,C_3632,2012,2013,3.96839423047e-05,0,0,0.08,0.00734832882881,2026-09-08T22:27:07.472733+00:00,study3b_fifo_runtime_v1
36107,C_3634,2012,2013,0.000130239335704,0,0,0.08,0.00734832882881,2026-09-08T22:27:07.472733+00:00,study3b_fifo_runtime_v1
36138,C_3637,2012,2013,0.000851475575473,0,0,0.08,0.00734832882881,2026-09-08T22:27:07.472733+00:00,study3b_fifo_runtime_v1
36169,C_3641,2012,2013,0.00135714525823,0,0,0.08,0.00734832882881,2026-09-08T22:27:07.472733+00:00,study3b_fifo_runtime_v1
36183,C_3642,2012,2013,8.45990780363e-06,0,0,0.08,0.00734832882881,2026-09-08T22:27:07.472733+00:00,study3b_fifo_runtime_v1
36237,C_3651,2012,2013,2.11317601497e-05,0,0,0.08,0.00734832882881,2026-09-08T22:27:07.472733+00:00,study3b_fifo_runtime_v1
36257,C_3652,2012,2013,0.000233878337895,0,0,0.08,0.00734832882881,2026-09-08T22:27:07.472733+00:00,study3b_fifo_runtime_v1
36276,C_3653,2012,2013,0.00019273320504,0,0,0.08,0.00734832882881,2026-09-08T22:27:07.472733+00:00,study3b_fifo_runtime_v1
36314,C_3659,2012,2013,0.00650444580242,0,0,0.08,0.00734832882881,2026-09-08T22:27:07.472733+00:00,study3b_fifo_runtime_v1
36334,C_3660,2012,2013,3.57321150659e-05,0,0,0.08,0.00734832882881,2026-09-08T22:27:07.472733+00:00,study3b_fifo_runtime_v1
36354,C_3661,2012,2013,0.000205948599614,0,0,0.08,0.00734832882881,2026-09-08T22:27:07.472733+00:00,study3b_fifo_runtime_v1
36373,C_3662,2012,2013,7.54860593588e-05,0,0,0.08,0.00734832882881,2026-09-08T22:27:07.472733+00:00,study3b_fifo_runtime_v1
36396,C_3664,2012,2013,0.0111358352005,0,1,0.08,0.00734832882881,2026-09-08T22:27:07.472733+00:00,study3b_fifo_runtime_v1
36410,C_3665,2012,2013,1.29753425426e-05,0,0,0.08,0.00734832882881,2026-09-08T22:27:07.472733+00:00,study3b_fifo_runtime_v1
36432,C_3667,2012,2013,1.21511120597e-05,0,0,0.08,0.00734832882881,2026-09-08T22:27:07.472733+00:00,study3b_fifo_runtime_v1
36466,C_3672,2012,2013,0.00209513562731,0,0,0.08,0.00734832882881,2026-09-08T22:27:07.472733+00:00,study3b_fifo_runtime_v1
36482,C_3673,2012,2013,0.00166946544778,0,0,0.08,0.00734832882881,2026-09-08T22:27:07.472733+00:00,study3b_fifo_runtime_v1
36548,C_3682,2012,2013,0.00571593409404,0,0,0.08,0.00734832882881,2026-09-08T22:27:07.472733+00:00,study3b_fifo_runtime_v1
36587,C_3689,2012,2013,0.00962871778756,0,1,0.08,0.00734832882881,2026-09-08T22:27:07.472733+00:00,study3b_fifo_runtime_v1
36602,C_3690,2012,2013,0.000271605706075,0,0,0.08,0.00734832882881,2026-09-08T22:27:07.472733+00:00,study3b_fifo_runtime_v1
36616,C_3691,2012,2013,0.000584905035794,0,0,0.08,0.00734832882881,2026-09-08T22:27:07.472733+00:00,study3b_fifo_runtime_v1
36645,C_3693,2012,2013,1.23449253806e-05,0,0,0.08,0.00734832882881,2026-09-08T22:27:07.472733+00:00,study3b_fifo_runtime_v1
36674,C_3695,2012,2013,0.00177455879748,0,0,0.08,0.00734832882881,2026-09-08T22:27:07.472733+00:00,study3b_fifo_runtime_v1
36695,C_3697,2012,2013,4.73583313578e-05,0,0,0.08,0.00734832882881,2026-09-08T22:27:07.472733+00:00,study3b_fifo_runtime_v1
36707,C_3698,2012,2013,0.00258052768186,0,0,0.08,0.00734832882881,2026-09-08T22:27:07.472733+00:00,study3b_fifo_runtime_v1
36729,C_3700,2012,2013,0.000265344482614,0,0,0.08,0.00734832882881,2026-09-08T22:27:07.472733+00:00,study3b_fifo_runtime_v1
36753,C_3704,2012,2013,1.72131422005e-05,0,0,0.08,0.00734832882881,2026-09-08T22:27:07.472733+00:00,study3b_fifo_runtime_v1
36780,C_3706,2012,2013,0.00325046665967,0,0,0.08,0.00734832882881,2026-09-08T22:27:07.472733+00:00,study3b_fifo_runtime_v1
36805,C_3708,2012,2013,0.000193445535842,0,0,0.08,0.00734832882881,2026-09-08T22:27:07.472733+00:00,study3b_fifo_runtime_v1
36825,C_3709,2012,2013,0.000157592934556,0,0,0.08,0.00734832882881,2026-09-08T22:27:07.472733+00:00,study3b_fifo_runtime_v1
36844,C_3710,2012,2013,0.0216100718826,0,1,0.08,0.00734832882881,2026-09-08T22:27:07.472733+00:00,study3b_fifo_runtime_v1
36870,C_3712,2012,2013,4.58988361061e-05,0,0,0.08,0.00734832882881,2026-09-08T22:27:07.472733+00:00,study3b_fifo_runtime_v1
36890,C_3713,2012,2013,0.000209721576539,0,0,0.08,0.00734832882881,2026-09-08T22:27:07.472733+00:00,study3b_fifo_runtime_v1
36915,C_3715,2012,2013,0.00917837116867,0,1,0.08,0.00734832882881,2026-09-08T22:27:07.472733+00:00,study3b_fifo_runtime_v1
36938,C_3718,2012,2013,8.44547048473e-06,0,0,0.08,0.00734832882881,2026-09-08T22:27:07.472733+00:00,study3b_fifo_runtime_v1
36984,C_3722,2012,2013,0.000696360773873,0,0,0.08,0.00734832882881,2026-09-08T22:27:07.472733+00:00,study3b_fifo_runtime_v1
37002,C_3723,2012,2013,0.0051216352731,0,0,0.08,0.00734832882881,2026-09-08T22:27:07.472733+00:00,study3b_fifo_runtime_v1
37022,C_3724,2012,2013,1.63424247148e-05,0,0,0.08,0.00734832882881,2026-09-08T22:27:07.472733+00:00,study3b_fifo_runtime_v1
37080,C_3735,2012,2013,1.16022702059e-05,0,0,0.08,0.00734832882881,2026-09-08T22:27:07.472733+00:00,study3b_fifo_runtime_v1
37095,C_3736,2012,2013,9.52041009441e-05,0,0,0.08,0.00734832882881,2026-09-08T22:27:07.472733+00:00,study3b_fifo_runtime_v1
37114,C_3737,2012,2013,0.000929663714487,0,0,0.08,0.00734832882881,2026-09-08T22:27:07.472733+00:00,study3b_fifo_runtime_v1
37164,C_3742,2012,2013,7.84020885476e-05,0,0,0.08,0.00734832882881,2026-09-08T22:27:07.472733+00:00,study3b_fifo_runtime_v1
37189,C_3747,2012,2013,4.22359198637e-06,0,0,0.08,0.00734832882881,2026-09-08T22:27:07.472733+00:00,study3b_fifo_runtime_v1
37209,C_3748,2012,2013,7.75643275119e-05,0,0,0.08,0.00734832882881,2026-09-08T22:27:07.472733+00:00,study3b_fifo_runtime_v1
37246,C_3751,2012,2013,3.88537846447e-05,0,0,0.08,0.00734832882881,2026-09-08T22:27:07.472733+00:00,study3b_fifo_runtime_v1
37272,C_3753,2012,2013,0.000941825623158,0,0,0.08,0.00734832882881,2026-09-08T22:27:07.472733+00:00,study3b_fifo_runtime_v1
37305,C_3755,2012,2013,3.95107999793e-05,0,0,0.08,0.00734832882881,2026-09-08T22:27:07.472733+00:00,study3b_fifo_runtime_v1
37430,C_3790,2012,2013,2.78623938357e-05,0,0,0.08,0.00734832882881,2026-09-08T22:27:07.472733+00:00,study3b_fifo_runtime_v1
37542,C_3818,2012,2013,0.00603622337803,0,0,0.08,0.00734832882881,2026-09-08T22:27:07.472733+00:00,study3b_fifo_runtime_v1
37579,C_3827,2012,2013,5.57538987778e-05,0,0,0.08,0.00734832882881,2026-09-08T22:27:07.472733+00:00,study3b_fifo_runtime_v1
37698,C_3863,2012,2013,0.00066926080035,0,0,0.08,0.00734832882881,2026-09-08T22:27:07.472733+00:00,study3b_fifo_runtime_v1
37724,C_3866,2012,2013,0.00017494992062,0,0,0.08,0.00734832882881,2026-09-08T22:27:07.472733+00:00,study3b_fifo_runtime_v1
37746,C_3868,2012,2013,0.000392523827031,0,0,0.08,0.00734832882881,2026-09-08T22:27:07.472733+00:00,study3b_fifo_runtime_v1
37767,C_3871,2012,2013,2.64889149548e-05,0,0,0.08,0.00734832882881,2026-09-08T22:27:07.472733+00:00,study3b_fifo_runtime_v1
37790,C_3873,2012,2013,8.77562633832e-05,0,0,0.08,0.00734832882881,2026-09-08T22:27:07.472733+00:00,study3b_fifo_runtime_v1
37822,C_3878,2012,2013,0.000107285486592,0,0,0.08,0.00734832882881,2026-09-08T22:27:07.472733+00:00,study3b_fifo_runtime_v1
37854,C_3880,2012,2013,0.000410334410844,0,0,0.08,0.00734832882881,2026-09-08T22:27:07.472733+00:00,study3b_fifo_runtime_v1
37906,C_3885,2012,2013,0.000108916858153,0,0,0.08,0.00734832882881,2026-09-08T22:27:07.472733+00:00,study3b_fifo_runtime_v1
37930,C_3887,2012,2013,0.00278067705221,0,0,0.08,0.00734832882881,2026-09-08T22:27:07.472733+00:00,study3b_fifo_runtime_v1
37984,C_3894,2012,2013,0.00012129163224,0,0,0.08,0.00734832882881,2026-09-08T22:27:07.472733+00:00,study3b_fifo_runtime_v1
38015,C_3899,2012,2013,0.00312598701566,0,0,0.08,0.00734832882881,2026-09-08T22:27:07.472733+00:00,study3b_fifo_runtime_v1
38059,C_3905,2012,2013,0.0155385872349,0,1,0.08,0.00734832882881,2026-09-08T22:27:07.472733+00:00,study3b_fifo_runtime_v1
38082,C_3907,2012,2013,9.80885597528e-05,0,0,0.08,0.00734832882881,2026-09-08T22:27:07.472733+00:00,study3b_fifo_runtime_v1
38106,C_3909,2012,2013,4.25620928581e-05,0,0,0.08,0.00734832882881,2026-09-08T22:27:07.472733+00:00,study3b_fifo_runtime_v1
38124,C_3910,2012,2013,0.0266294386238,0,1,0.08,0.00734832882881,2026-09-08T22:27:07.472733+00:00,study3b_fifo_runtime_v1
38140,C_3911,2012,2013,0.000139327472425,0,0,0.08,0.00734832882881,2026-09-08T22:27:07.472733+00:00,study3b_fifo_runtime_v1
38149,C_3912,2012,2013,0.000398513861001,0,0,0.08,0.00734832882881,2026-09-08T22:27:07.472733+00:00,study3b_fifo_runtime_v1
38170,C_3914,2012,2013,5.11670114065e-05,0,0,0.08,0.00734832882881,2026-09-08T22:27:07.472733+00:00,study3b_fifo_runtime_v1
38190,C_3915,2012,2013,0.000305812631268,0,0,0.08,0.00734832882881,2026-09-08T22:27:07.472733+00:00,study3b_fifo_runtime_v1
38218,C_3919,2012,2013,2.02400278795e-05,0,0,0.08,0.00734832882881,2026-09-08T22:27:07.472733+00:00,study3b_fifo_runtime_v1
38234,C_3920,2012,2013,0.00035885674879,0,0,0.08,0.00734832882881,2026-09-08T22:27:07.472733+00:00,study3b_fifo_runtime_v1
38242,C_3921,2012,2013,0.000381113408366,0,0,0.08,0.00734832882881,2026-09-08T22:27:07.472733+00:00,study3b_fifo_runtime_v1
38338,C_3940,2012,2013,3.48758439941e-05,0,0,0.08,0.00734832882881,2026-09-08T22:27:07.472733+00:00,study3b_fifo_runtime_v1
38362,C_3944,2012,2013,0.0002451177279,0,0,0.08,0.00734832882881,2026-09-08T22:27:07.472733+00:00,study3b_fifo_runtime_v1
38395,C_3949,2012,2013,9.46426462178e-06,0,0,0.08,0.00734832882881,2026-09-08T22:27:07.472733+00:00,study3b_fifo_runtime_v1
38415,C_3950,2012,2013,7.41524263503e-06,0,0,0.08,0.00734832882881,2026-09-08T22:27:07.472733+00:00,study3b_fifo_runtime_v1
38422,C_3951,2012,2013,0.00161269435193,0,0,0.08,0.00734832882881,2026-09-08T22:27:07.472733+00:00,study3b_fifo_runtime_v1
38456,C_3954,2012,2013,0.000192094521481,0,0,0.08,0.00734832882881,2026-09-08T22:27:07.472733+00:00,study3b_fifo_runtime_v1
38479,C_3956,2012,2013,6.76318668411e-05,0,0,0.08,0.00734832882881,2026-09-08T22:27:07.472733+00:00,study3b_fifo_runtime_v1
38499,C_3957,2012,2013,6.67059866828e-05,0,0,0.08,0.00734832882881,2026-09-08T22:27:07.472733+00:00,study3b_fifo_runtime_v1
38534,C_3960,2012,2013,1.80312381417e-05,0,0,0.08,0.00734832882881,2026-09-08T22:27:07.472733+00:00,study3b_fifo_runtime_v1
38603,C_3972,2012,2013,0.00178222637624,0,0,0.08,0.00734832882881,2026-09-08T22:27:07.472733+00:00,study3b_fifo_runtime_v1
38623,C_3975,2012,2013,1.14587737698e-05,0,0,0.08,0.00734832882881,2026-09-08T22:27:07.472733+00:00,study3b_fifo_runtime_v1
38643,C_3976,2012,2013,7.8861903603e-06,0,0,0.08,0.00734832882881,2026-09-08T22:27:07.472733+00:00,study3b_fifo_runtime_v1
38661,C_3977,2012,2013,1.81184695975e-05,0,0,0.08,0.00734832882881,2026-09-08T22:27:07.472733+00:00,study3b_fifo_runtime_v1
38726,C_3985,2012,2013,0.00064797088271,0,0,0.08,0.00734832882881,2026-09-08T22:27:07.472733+00:00,study3b_fifo_runtime_v1
38744,C_3987,2012,2013,9.86148006632e-05,0,0,0.08,0.00734832882881,2026-09-08T22:27:07.472733+00:00,study3b_fifo_runtime_v1
38770,C_3990,2012,2013,8.62758606672e-05,0,0,0.08,0.00734832882881,2026-09-08T22:27:07.472733+00:00,study3b_fifo_runtime_v1
38796,C_3993,2012,2013,6.64975277687e-06,0,0,0.08,0.00734832882881,2026-09-08T22:27:07.472733+00:00,study3b_fifo_runtime_v1
38831,C_3996,2012,2013,8.51929598866e-06,0,0,0.08,0.00734832882881,2026-09-08T22:27:07.472733+00:00,study3b_fifo_runtime_v1
38858,C_3999,2012,2013,5.35318104085e-05,0,0,0.08,0.00734832882881,2026-09-08T22:27:07.472733+00:00,study3b_fifo_runtime_v1
38878,C_4000,2012,2013,0.000198797788471,0,0,0.08,0.00734832882881,2026-09-08T22:27:07.472733+00:00,study3b_fifo_runtime_v1
38934,C_4008,2012,2013,6.10794886597e-05,0,0,0.08,0.00734832882881,2026-09-08T22:27:07.472733+00:00,study3b_fifo_runtime_v1
38950,C_4009,2012,2013,6.37395860394e-05,0,0,0.08,0.00734832882881,2026-09-08T22:27:07.472733+00:00,study3b_fifo_runtime_v1
38973,C_4012,2012,2013,3.16050718538e-05,0,0,0.08,0.00734832882881,2026-09-08T22:27:07.472733+00:00,study3b_fifo_runtime_v1
39037,C_4021,2012,2013,5.26170588273e-05,0,0,0.08,0.00734832882881,2026-09-08T22:27:07.472733+00:00,study3b_fifo_runtime_v1
39105,C_4033,2012,2013,4.61559502583e-05,0,0,0.08,0.00734832882881,2026-09-08T22:27:07.472733+00:00,study3b_fifo_runtime_v1
39179,C_4044,2012,2013,8.82133372215e-06,0,0,0.08,0.00734832882881,2026-09-08T22:27:07.472733+00:00,study3b_fifo_runtime_v1
39198,C_4045,2012,2013,4.39932045992e-05,0,0,0.08,0.00734832882881,2026-09-08T22:27:07.472733+00:00,study3b_fifo_runtime_v1
39222,C_4047,2012,2013,2.71275330306e-05,0,0,0.08,0.00734832882881,2026-09-08T22:27:07.472733+00:00,study3b_fifo_runtime_v1
39286,C_4056,2012,2013,8.98563375813e-05,0,0,0.08,0.00734832882881,2026-09-08T22:27:07.472733+00:00,study3b_fifo_runtime_v1
39306,C_4057,2012,2013,0.00121324765496,0,0,0.08,0.00734832882881,2026-09-08T22:27:07.472733+00:00,study3b_fifo_runtime_v1
39325,C_4058,2012,2013,0.0001028141196,0,0,0.08,0.00734832882881,2026-09-08T22:27:07.472733+00:00,study3b_fifo_runtime_v1
39355,C_4063,2012,2013,6.17896948825e-05,0,0,0.08,0.00734832882881,2026-09-08T22:27:07.472733+00:00,study3b_fifo_runtime_v1
39375,C_4065,2012,2013,7.69362522988e-05,0,0,0.08,0.00734832882881,2026-09-08T22:27:07.472733+00:00,study3b_fifo_runtime_v1
39405,C_4068,2012,2013,2.77683084278e-05,0,0,0.08,0.00734832882881,2026-09-08T22:27:07.472733+00:00,study3b_fifo_runtime_v1
39448,C_4071,2012,2013,0.000321206229273,0,0,0.08,0.00734832882881,2026-09-08T22:27:07.472733+00:00,study3b_fifo_runtime_v1
39470,C_4074,2012,2013,2.82027267531e-05,0,0,0.08,0.00734832882881,2026-09-08T22:27:07.472733+00:00,study3b_fifo_runtime_v1
39508,C_4079,2012,2013,0.00388430687599,0,0,0.08,0.00734832882881,2026-09-08T22:27:07.472733+00:00,study3b_fifo_runtime_v1
39532,C_4081,2012,2013,4.28999055657e-06,0,0,0.08,0.00734832882881,2026-09-08T22:27:07.472733+00:00,study3b_fifo_runtime_v1
39564,C_4086,2012,2013,9.01093953871e-05,0,0,0.08,0.00734832882881,2026-09-08T22:27:07.472733+00:00,study3b_fifo_runtime_v1
39584,C_4087,2012,2013,2.0133336875e-05,0,0,0.08,0.00734832882881,2026-09-08T22:27:07.472733+00:00,study3b_fifo_runtime_v1
39635,C_4094,2012,2013,0.00111181370448,0,0,0.08,0.00734832882881,2026-09-08T22:27:07.472733+00:00,study3b_fifo_runtime_v1
39662,C_4096,2012,2013,0.000378717435524,0,0,0.08,0.00734832882881,2026-09-08T22:27:07.472733+00:00,study3b_fifo_runtime_v1
39681,C_4097,2012,2013,8.29126020108e-06,0,0,0.08,0.00734832882881,2026-09-08T22:27:07.472733+00:00,study3b_fifo_runtime_v1
39711,C_4100,2012,2013,1.11592789835e-05,0,0,0.08,0.00734832882881,2026-09-08T22:27:07.472733+00:00,study3b_fifo_runtime_v1
39731,C_4102,2012,2013,2.04121843126e-05,0,0,0.08,0.00734832882881,2026-09-08T22:27:07.472733+00:00,study3b_fifo_runtime_v1
39791,C_4112,2012,2013,0.000601998355705,0,0,0.08,0.00734832882881,2026-09-08T22:27:07.472733+00:00,study3b_fifo_runtime_v1
39812,C_4114,2012,2013,0.369443178177,1,1,0.08,0.00734832882881,2026-09-08T22:27:07.472733+00:00,study3b_fifo_runtime_v1
39826,C_4115,2012,2013,7.33936467441e-05,0,0,0.08,0.00734832882881,2026-09-08T22:27:07.472733+00:00,study3b_fifo_runtime_v1
39843,C_4117,2012,2013,0.00155390705913,0,0,0.08,0.00734832882881,2026-09-08T22:27:07.472733+00:00,study3b_fifo_runtime_v1
39866,C_4119,2012,2013,2.27647633437e-05,0,0,0.08,0.00734832882881,2026-09-08T22:27:07.472733+00:00,study3b_fifo_runtime_v1
39898,C_4123,2012,2013,9.50496105361e-05,0,0,0.08,0.00734832882881,2026-09-08T22:27:07.472733+00:00,study3b_fifo_runtime_v1
39918,C_4124,2012,2013,0.000312150426907,0,0,0.08,0.00734832882881,2026-09-08T22:27:07.472733+00:00,study3b_fifo_runtime_v1
39942,C_4127,2012,2013,1.68358565134e-05,0,0,0.08,0.00734832882881,2026-09-08T22:27:07.472733+00:00,study3b_fifo_runtime_v1
40018,C_4139,2012,2013,0.00649247830734,0,0,0.08,0.00734832882881,2026-09-08T22:27:07.472733+00:00,study3b_fifo_runtime_v1
40029,C_4140,2012,2013,0.000556274957489,0,0,0.08,0.00734832882881,2026-09-08T22:27:07.472733+00:00,study3b_fifo_runtime_v1
40073,C_4145,2012,2013,1.84096097655e-05,0,0,0.08,0.00734832882881,2026-09-08T22:27:07.472733+00:00,study3b_fifo_runtime_v1
40095,C_4147,2012,2013,0.000228015051107,0,0,0.08,0.00734832882881,2026-09-08T22:27:07.472733+00:00,study3b_fifo_runtime_v1
40113,C_4148,2012,2013,0.00114588602446,0,0,0.08,0.00734832882881,2026-09-08T22:27:07.472733+00:00,study3b_fifo_runtime_v1
40133,C_4149,2012,2013,4.36010777776e-05,0,0,0.08,0.00734832882881,2026-09-08T22:27:07.472733+00:00,study3b_fifo_runtime_v1
40153,C_4150,2012,2013,7.79381734901e-05,0,0,0.08,0.00734832882881,2026-09-08T22:27:07.472733+00:00,study3b_fifo_runtime_v1
40178,C_4153,2012,2013,0.00702434731647,0,0,0.08,0.00734832882881,2026-09-08T22:27:07.472733+00:00,study3b_fifo_runtime_v1
40193,C_4155,2012,2013,2.80778385786e-05,0,0,0.08,0.00734832882881,2026-09-08T22:27:07.472733+00:00,study3b_fifo_runtime_v1
40213,C_4156,2012,2013,1.10486007543e-05,0,0,0.08,0.00734832882881,2026-09-08T22:27:07.472733+00:00,study3b_fifo_runtime_v1
40235,C_4158,2012,2013,6.18433623458e-05,0,0,0.08,0.00734832882881,2026-09-08T22:27:07.472733+00:00,study3b_fifo_runtime_v1
40255,C_4159,2012,2013,6.01426290814e-05,0,0,0.08,0.00734832882881,2026-09-08T22:27:07.472733+00:00,study3b_fifo_runtime_v1
40270,C_4160,2012,2013,0.00019002071349,0,0,0.08,0.00734832882881,2026-09-08T22:27:07.472733+00:00,study3b_fifo_runtime_v1
40290,C_4161,2012,2013,0.00021897147235,0,0,0.08,0.00734832882881,2026-09-08T22:27:07.472733+00:00,study3b_fifo_runtime_v1
40317,C_4164,2012,2013,6.51569598631e-06,0,0,0.08,0.00734832882881,2026-09-08T22:27:07.472733+00:00,study3b_fifo_runtime_v1
40338,C_4166,2012,2013,2.41060251938e-06,0,0,0.08,0.00734832882881,2026-09-08T22:27:07.472733+00:00,study3b_fifo_runtime_v1
40361,C_4169,2012,2013,0.00689833052456,0,0,0.08,0.00734832882881,2026-09-08T22:27:07.472733+00:00,study3b_fifo_runtime_v1
40412,C_4176,2012,2013,0.000152960288688,0,0,0.08,0.00734832882881,2026-09-08T22:27:07.472733+00:00,study3b_fifo_runtime_v1
40469,C_4183,2012,2013,0.000130460161017,0,0,0.08,0.00734832882881,2026-09-08T22:27:07.472733+00:00,study3b_fifo_runtime_v1
40499,C_4186,2012,2013,0.00358211505227,0,0,0.08,0.00734832882881,2026-09-08T22:27:07.472733+00:00,study3b_fifo_runtime_v1
40596,C_4197,2012,2013,4.40599142166e-05,0,0,0.08,0.00734832882881,2026-09-08T22:27:07.472733+00:00,study3b_fifo_runtime_v1
40638,C_4204,2012,2013,1.69873947016e-05,0,0,0.08,0.00734832882881,2026-09-08T22:27:07.472733+00:00,study3b_fifo_runtime_v1
40658,C_4205,2012,2013,0.000407865038142,0,0,0.08,0.00734832882881,2026-09-08T22:27:07.472733+00:00,study3b_fifo_runtime_v1
40678,C_4208,2012,2013,1.09113962026e-05,0,0,0.08,0.00734832882881,2026-09-08T22:27:07.472733+00:00,study3b_fifo_runtime_v1
40717,C_4215,2012,2013,0.00227077235468,0,0,0.08,0.00734832882881,2026-09-08T22:27:07.472733+00:00,study3b_fifo_runtime_v1
40736,C_4217,2012,2013,0.00083450647071,0,0,0.08,0.00734832882881,2026-09-08T22:27:07.472733+00:00,study3b_fifo_runtime_v1
40756,C_4220,2012,2013,3.38526260748e-05,0,0,0.08,0.00734832882881,2026-09-08T22:27:07.472733+00:00,study3b_fifo_runtime_v1
40778,C_4222,2012,2013,0.00146426877473,0,0,0.08,0.00734832882881,2026-09-08T22:27:07.472733+00:00,study3b_fifo_runtime_v1
40830,C_4228,2012,2013,0.000512639060616,0,0,0.08,0.00734832882881,2026-09-08T22:27:07.472733+00:00,study3b_fifo_runtime_v1
40846,C_4229,2012,2013,3.43967949448e-05,0,0,0.08,0.00734832882881,2026-09-08T22:27:07.472733+00:00,study3b_fifo_runtime_v1
40872,C_4233,2012,2013,0.000832954363432,0,0,0.08,0.00734832882881,2026-09-08T22:27:07.472733+00:00,study3b_fifo_runtime_v1
40893,C_4236,2012,2013,0.000517042819411,0,0,0.08,0.00734832882881,2026-09-08T22:27:07.472733+00:00,study3b_fifo_runtime_v1
40909,C_4237,2012,2013,3.07832647195e-06,0,0,0.08,0.00734832882881,2026-09-08T22:27:07.472733+00:00,study3b_fifo_runtime_v1
40929,C_4238,2012,2013,1.20303702715e-05,0,0,0.08,0.00734832882881,2026-09-08T22:27:07.472733+00:00,study3b_fifo_runtime_v1
40947,C_4239,2012,2013,7.83968789619e-05,0,0,0.08,0.00734832882881,2026-09-08T22:27:07.472733+00:00,study3b_fifo_runtime_v1
40962,C_4240,2012,2013,0.00246082269587,0,0,0.08,0.00734832882881,2026-09-08T22:27:07.472733+00:00,study3b_fifo_runtime_v1
40984,C_4242,2012,2013,0.000392738729715,0,0,0.08,0.00734832882881,2026-09-08T22:27:07.472733+00:00,study3b_fifo_runtime_v1
41003,C_4244,2012,2013,0.00056849460816,0,0,0.08,0.00734832882881,2026-09-08T22:27:07.472733+00:00,study3b_fifo_runtime_v1
41090,C_4261,2012,2013,0.000230682038818,0,0,0.08,0.00734832882881,2026-09-08T22:27:07.472733+00:00,study3b_fifo_runtime_v1
41110,C_4263,2012,2013,0.000103808859421,0,0,0.08,0.00734832882881,2026-09-08T22:27:07.472733+00:00,study3b_fifo_runtime_v1
41152,C_4266,2012,2013,2.74081903626e-05,0,0,0.08,0.00734832882881,2026-09-08T22:27:07.472733+00:00,study3b_fifo_runtime_v1
41186,C_4269,2012,2013,2.20183846977e-05,0,0,0.08,0.00734832882881,2026-09-08T22:27:07.472733+00:00,study3b_fifo_runtime_v1
41206,C_4270,2012,2013,9.07009234652e-05,0,0,0.08,0.00734832882881,2026-09-08T22:27:07.472733+00:00,study3b_fifo_runtime_v1
41236,C_4272,2012,2013,0.110943950713,1,1,0.08,0.00734832882881,2026-09-08T22:27:07.472733+00:00,study3b_fifo_runtime_v1
41250,C_4273,2012,2013,8.07092601463e-06,0,0,0.08,0.00734832882881,2026-09-08T22:27:07.472733+00:00,study3b_fifo_runtime_v1
41281,C_4275,2012,2013,0.000540750275832,0,0,0.08,0.00734832882881,2026-09-08T22:27:07.472733+00:00,study3b_fifo_runtime_v1
41303,C_4277,2012,2013,0.000347672699718,0,0,0.08,0.00734832882881,2026-09-08T22:27:07.472733+00:00,study3b_fifo_runtime_v1
41319,C_4280,2012,2013,0.000282538181636,0,0,0.08,0.00734832882881,2026-09-08T22:27:07.472733+00:00,study3b_fifo_runtime_v1
41372,C_4289,2012,2013,0.00033718009945,0,0,0.08,0.00734832882881,2026-09-08T22:27:07.472733+00:00,study3b_fifo_runtime_v1
41406,C_4292,2012,2013,3.80156525353e-05,0,0,0.08,0.00734832882881,2026-09-08T22:27:07.472733+00:00,study3b_fifo_runtime_v1
41440,C_4298,2012,2013,0.000105569015432,0,0,0.08,0.00734832882881,2026-09-08T22:27:07.472733+00:00,study3b_fifo_runtime_v1
41457,C_4299,2012,2013,9.91596680251e-05,0,0,0.08,0.00734832882881,2026-09-08T22:27:07.472733+00:00,study3b_fifo_runtime_v1
41477,C_4300,2012,2013,0.000504341034684,0,0,0.08,0.00734832882881,2026-09-08T22:27:07.472733+00:00,study3b_fifo_runtime_v1
41492,C_4301,2012,2013,6.52182643535e-06,0,0,0.08,0.00734832882881,2026-09-08T22:27:07.472733+00:00,study3b_fifo_runtime_v1
41519,C_4304,2012,2013,0.00362080405466,0,0,0.08,0.00734832882881,2026-09-08T22:27:07.472733+00:00,study3b_fifo_runtime_v1
41544,C_4307,2012,2013,0.000410532113165,0,0,0.08,0.00734832882881,2026-09-08T22:27:07.472733+00:00,study3b_fifo_runtime_v1
41563,C_4308,2012,2013,0.00440973136574,0,0,0.08,0.00734832882881,2026-09-08T22:27:07.472733+00:00,study3b_fifo_runtime_v1
41594,C_4310,2012,2013,3.60213089152e-05,0,0,0.08,0.00734832882881,2026-09-08T22:27:07.472733+00:00,study3b_fifo_runtime_v1
41620,C_4314,2012,2013,3.3937558328e-05,0,0,0.08,0.00734832882881,2026-09-08T22:27:07.472733+00:00,study3b_fifo_runtime_v1
41631,C_4315,2012,2013,3.11137009703e-05,0,0,0.08,0.00734832882881,2026-09-08T22:27:07.472733+00:00,study3b_fifo_runtime_v1
41652,C_4317,2012,2013,2.5463734346e-05,0,0,0.08,0.00734832882881,2026-09-08T22:27:07.472733+00:00,study3b_fifo_runtime_v1
41672,C_4318,2012,2013,0.0128957182169,0,1,0.08,0.00734832882881,2026-09-08T22:27:07.472733+00:00,study3b_fifo_runtime_v1
41701,C_4320,2012,2013,0.00185518793296,0,0,0.08,0.00734832882881,2026-09-08T22:27:07.472733+00:00,study3b_fifo_runtime_v1
41727,C_4322,2012,2013,0.00108835205901,0,0,0.08,0.00734832882881,2026-09-08T22:27:07.472733+00:00,study3b_fifo_runtime_v1
41778,C_4327,2012,2013,6.10653587501e-05,0,0,0.08,0.00734832882881,2026-09-08T22:27:07.472733+00:00,study3b_fifo_runtime_v1
41797,C_4329,2012,2013,6.45396430627e-05,0,0,0.08,0.00734832882881,2026-09-08T22:27:07.472733+00:00,study3b_fifo_runtime_v1
41821,C_4331,2012,2013,0.00296309147961,0,0,0.08,0.00734832882881,2026-09-08T22:27:07.472733+00:00,study3b_fifo_runtime_v1
41886,C_4344,2012,2013,0.000649896392133,0,0,0.08,0.00734832882881,2026-09-08T22:27:07.472733+00:00,study3b_fifo_runtime_v1
41906,C_4345,2012,2013,2.91590931738e-05,0,0,0.08,0.00734832882881,2026-09-08T22:27:07.472733+00:00,study3b_fifo_runtime_v1
41954,C_4350,2012,2013,0.320472866297,1,1,0.08,0.00734832882881,2026-09-08T22:27:07.472733+00:00,study3b_fifo_runtime_v1
41968,C_4351,2012,2013,0.00083340582205,0,0,0.08,0.00734832882881,2026-09-08T22:27:07.472733+00:00,study3b_fifo_runtime_v1
41988,C_4352,2012,2013,0.00240634125657,0,0,0.08,0.00734832882881,2026-09-08T22:27:07.472733+00:00,study3b_fifo_runtime_v1
42041,C_4358,2012,2013,8.05676245363e-06,0,0,0.08,0.00734832882881,2026-09-08T22:27:07.472733+00:00,study3b_fifo_runtime_v1
42058,C_4359,2012,2013,0.0841157734394,1,1,0.08,0.00734832882881,2026-09-08T22:27:07.472733+00:00,study3b_fifo_runtime_v1
42078,C_4361,2012,2013,0.000238945751335,0,0,0.08,0.00734832882881,2026-09-08T22:27:07.472733+00:00,study3b_fifo_runtime_v1
42094,C_4362,2012,2013,0.000132463421323,0,0,0.08,0.00734832882881,2026-09-08T22:27:07.472733+00:00,study3b_fifo_runtime_v1
42140,C_4367,2012,2013,0.00734489038587,0,0,0.08,0.00734832882881,2026-09-08T22:27:07.472733+00:00,study3b_fifo_runtime_v1
42170,C_4372,2012,2013,4.03901976824e-05,0,0,0.08,0.00734832882881,2026-09-08T22:27:07.472733+00:00,study3b_fifo_runtime_v1
42186,C_4373,2012,2013,0.0287601798773,0,1,0.08,0.00734832882881,2026-09-08T22:27:07.472733+00:00,study3b_fifo_runtime_v1
42206,C_4374,2012,2013,7.55127330194e-05,0,0,0.08,0.00734832882881,2026-09-08T22:27:07.472733+00:00,study3b_fifo_runtime_v1
42228,C_4377,2012,2013,0.00214277417399,0,0,0.08,0.00734832882881,2026-09-08T22:27:07.472733+00:00,study3b_fifo_runtime_v1
42274,C_4382,2012,2013,0.000117625313578,0,0,0.08,0.00734832882881,2026-09-08T22:27:07.472733+00:00,study3b_fifo_runtime_v1
42315,C_4392,2012,2013,0.00025386584457,0,0,0.08,0.00734832882881,2026-09-08T22:27:07.472733+00:00,study3b_fifo_runtime_v1
42361,C_4399,2012,2013,3.16513287544e-05,0,0,0.08,0.00734832882881,2026-09-08T22:27:07.472733+00:00,study3b_fifo_runtime_v1
42395,C_4403,2012,2013,7.18917144695e-05,0,0,0.08,0.00734832882881,2026-09-08T22:27:07.472733+00:00,study3b_fifo_runtime_v1
42412,C_4404,2012,2013,4.5802720706e-05,0,0,0.08,0.00734832882881,2026-09-08T22:27:07.472733+00:00,study3b_fifo_runtime_v1
42432,C_4407,2012,2013,2.65929702437e-05,0,0,0.08,0.00734832882881,2026-09-08T22:27:07.472733+00:00,study3b_fifo_runtime_v1
42471,C_4412,2012,2013,0.000104866638139,0,0,0.08,0.00734832882881,2026-09-08T22:27:07.472733+00:00,study3b_fifo_runtime_v1
42506,C_4416,2012,2013,1.09712609628e-05,0,0,0.08,0.00734832882881,2026-09-08T22:27:07.472733+00:00,study3b_fifo_runtime_v1
42554,C_4424,2012,2013,0.00026564419386,0,0,0.08,0.00734832882881,2026-09-08T22:27:07.472733+00:00,study3b_fifo_runtime_v1
42574,C_4425,2012,2013,0.0156638082117,0,1,0.08,0.00734832882881,2026-09-08T22:27:07.472733+00:00,study3b_fifo_runtime_v1
42593,C_4426,2012,2013,4.79933405586e-05,0,0,0.08,0.00734832882881,2026-09-08T22:27:07.472733+00:00,study3b_fifo_runtime_v1
42615,C_4431,2012,2013,0.000168569327798,0,0,0.08,0.00734832882881,2026-09-08T22:27:07.472733+00:00,study3b_fifo_runtime_v1
42631,C_4432,2012,2013,1.78682003025e-05,0,0,0.08,0.00734832882881,2026-09-08T22:27:07.472733+00:00,study3b_fifo_runtime_v1
42650,C_4434,2012,2013,0.000507316784933,0,0,0.08,0.00734832882881,2026-09-08T22:27:07.472733+00:00,study3b_fifo_runtime_v1
42670,C_4435,2012,2013,4.50371589977e-06,0,0,0.08,0.00734832882881,2026-09-08T22:27:07.472733+00:00,study3b_fifo_runtime_v1
42690,C_4436,2012,2013,1.34327610795e-05,0,0,0.08,0.00734832882881,2026-09-08T22:27:07.472733+00:00,study3b_fifo_runtime_v1
42709,C_4437,2012,2013,0.00109899835661,0,0,0.08,0.00734832882881,2026-09-08T22:27:07.472733+00:00,study3b_fifo_runtime_v1
42742,C_4442,2012,2013,5.79902080062e-05,0,0,0.08,0.00734832882881,2026-09-08T22:27:07.472733+00:00,study3b_fifo_runtime_v1
42767,C_4444,2012,2013,0.00394772039726,0,0,0.08,0.00734832882881,2026-09-08T22:27:07.472733+00:00,study3b_fifo_runtime_v1
42784,C_4445,2012,2013,0.000150403240696,0,0,0.08,0.00734832882881,2026-09-08T22:27:07.472733+00:00,study3b_fifo_runtime_v1
42839,C_4452,2012,2013,0.000419185234932,0,0,0.08,0.00734832882881,2026-09-08T22:27:07.472733+00:00,study3b_fifo_runtime_v1
42880,C_4457,2012,2013,0.00153060723096,0,0,0.08,0.00734832882881,2026-09-08T22:27:07.472733+00:00,study3b_fifo_runtime_v1
42933,C_4468,2012,2013,0.000839153770357,0,0,0.08,0.00734832882881,2026-09-08T22:27:07.472733+00:00,study3b_fifo_runtime_v1
42953,C_4469,2012,2013,3.02861899399e-05,0,0,0.08,0.00734832882881,2026-09-08T22:27:07.472733+00:00,study3b_fifo_runtime_v1
42986,C_4473,2012,2013,0.000753505795728,0,0,0.08,0.00734832882881,2026-09-08T22:27:07.472733+00:00,study3b_fifo_runtime_v1
43016,C_4478,2012,2013,0.00147393799853,0,0,0.08,0.00734832882881,2026-09-08T22:27:07.472733+00:00,study3b_fifo_runtime_v1
43073,C_4484,2012,2013,0.000541388813872,0,0,0.08,0.00734832882881,2026-09-08T22:27:07.472733+00:00,study3b_fifo_runtime_v1
43141,C_4496,2012,2013,0.00139861239586,0,0,0.08,0.00734832882881,2026-09-08T22:27:07.472733+00:00,study3b_fifo_runtime_v1
43160,C_4499,2012,2013,0.00077890366083,0,0,0.08,0.00734832882881,2026-09-08T22:27:07.472733+00:00,study3b_fifo_runtime_v1
43177,C_4501,2012,2013,0.000160913579748,0,0,0.08,0.00734832882881,2026-09-08T22:27:07.472733+00:00,study3b_fifo_runtime_v1
43192,C_4503,2012,2013,0.000120922552014,0,0,0.08,0.00734832882881,2026-09-08T22:27:07.472733+00:00,study3b_fifo_runtime_v1
43227,C_4507,2012,2013,8.55265443533e-06,0,0,0.08,0.00734832882881,2026-09-08T22:27:07.472733+00:00,study3b_fifo_runtime_v1
43244,C_4509,2012,2013,0.000905323773623,0,0,0.08,0.00734832882881,2026-09-08T22:27:07.472733+00:00,study3b_fifo_runtime_v1
43273,C_4512,2012,2013,5.99818122282e-05,0,0,0.08,0.00734832882881,2026-09-08T22:27:07.472733+00:00,study3b_fifo_runtime_v1
43293,C_4513,2012,2013,0.00113253900781,0,0,0.08,0.00734832882881,2026-09-08T22:27:07.472733+00:00,study3b_fifo_runtime_v1
43310,C_4514,2012,2013,0.000664996972773,0,0,0.08,0.00734832882881,2026-09-08T22:27:07.472733+00:00,study3b_fifo_runtime_v1
43336,C_4517,2012,2013,0.000145687663462,0,0,0.08,0.00734832882881,2026-09-08T22:27:07.472733+00:00,study3b_fifo_runtime_v1
43355,C_4519,2012,2013,0.000133876732434,0,0,0.08,0.00734832882881,2026-09-08T22:27:07.472733+00:00,study3b_fifo_runtime_v1
43380,C_4521,2012,2013,3.11991861963e-05,0,0,0.08,0.00734832882881,2026-09-08T22:27:07.472733+00:00,study3b_fifo_runtime_v1
43394,C_4522,2012,2013,0.000585966103245,0,0,0.08,0.00734832882881,2026-09-08T22:27:07.472733+00:00,study3b_fifo_runtime_v1
43413,C_4523,2012,2013,0.000303273060126,0,0,0.08,0.00734832882881,2026-09-08T22:27:07.472733+00:00,study3b_fifo_runtime_v1
43450,C_4527,2012,2013,0.00707167619839,0,0,0.08,0.00734832882881,2026-09-08T22:27:07.472733+00:00,study3b_fifo_runtime_v1
43510,C_4536,2012,2013,0.00359325762838,0,0,0.08,0.00734832882881,2026-09-08T22:27:07.472733+00:00,study3b_fifo_runtime_v1
43515,C_4537,2012,2013,0.00676633557305,0,0,0.08,0.00734832882881,2026-09-08T22:27:07.472733+00:00,study3b_fifo_runtime_v1
43539,C_4539,2012,2013,3.7253699702e-05,0,0,0.08,0.00734832882881,2026-09-08T22:27:07.472733+00:00,study3b_fifo_runtime_v1
43557,C_4540,2012,2013,4.13645029766e-05,0,0,0.08,0.00734832882881,2026-09-08T22:27:07.472733+00:00,study3b_fifo_runtime_v1
43578,C_4543,2012,2013,0.00165579246823,0,0,0.08,0.00734832882881,2026-09-08T22:27:07.472733+00:00,study3b_fifo_runtime_v1
43617,C_4549,2012,2013,0.000233785307501,0,0,0.08,0.00734832882881,2026-09-08T22:27:07.472733+00:00,study3b_fifo_runtime_v1
43661,C_4553,2012,2013,0.000484446645714,0,0,0.08,0.00734832882881,2026-09-08T22:27:07.472733+00:00,study3b_fifo_runtime_v1
43699,C_4558,2012,2013,0.0107402438298,0,1,0.08,0.00734832882881,2026-09-08T22:27:07.472733+00:00,study3b_fifo_runtime_v1
43725,C_4564,2012,2013,0.00636590225622,0,0,0.08,0.00734832882881,2026-09-08T22:27:07.472733+00:00,study3b_fifo_runtime_v1
43753,C_4567,2012,2013,1.1826437003e-05,0,0,0.08,0.00734832882881,2026-09-08T22:27:07.472733+00:00,study3b_fifo_runtime_v1
43776,C_4569,2012,2013,1.08556878331e-05,0,0,0.08,0.00734832882881,2026-09-08T22:27:07.472733+00:00,study3b_fifo_runtime_v1
43796,C_4570,2012,2013,9.76644441835e-05,0,0,0.08,0.00734832882881,2026-09-08T22:27:07.472733+00:00,study3b_fifo_runtime_v1
43824,C_4573,2012,2013,2.65450962615e-05,0,0,0.08,0.00734832882881,2026-09-08T22:27:07.472733+00:00,study3b_fifo_runtime_v1
43860,C_4578,2012,2013,0.000211028920603,0,0,0.08,0.00734832882881,2026-09-08T22:27:07.472733+00:00,study3b_fifo_runtime_v1
43885,C_4580,2012,2013,2.69875235972e-05,0,0,0.08,0.00734832882881,2026-09-08T22:27:07.472733+00:00,study3b_fifo_runtime_v1
43906,C_4584,2012,2013,0.00339882890694,0,0,0.08,0.00734832882881,2026-09-08T22:27:07.472733+00:00,study3b_fifo_runtime_v1
43923,C_4585,2012,2013,0.000477067311294,0,0,0.08,0.00734832882881,2026-09-08T22:27:07.472733+00:00,study3b_fifo_runtime_v1
43965,C_4590,2012,2013,2.97777060041e-05,0,0,0.08,0.00734832882881,2026-09-08T22:27:07.472733+00:00,study3b_fifo_runtime_v1
43985,C_4591,2012,2013,0.00197800714523,0,0,0.08,0.00734832882881,2026-09-08T22:27:07.472733+00:00,study3b_fifo_runtime_v1
44037,C_4600,2012,2013,0.000338342244504,0,0,0.08,0.00734832882881,2026-09-08T22:27:07.472733+00:00,study3b_fifo_runtime_v1
44057,C_4601,2012,2013,0.00124455685727,0,0,0.08,0.00734832882881,2026-09-08T22:27:07.472733+00:00,study3b_fifo_runtime_v1
44076,C_4603,2012,2013,0.000753559928853,0,0,0.08,0.00734832882881,2026-09-08T22:27:07.472733+00:00,study3b_fifo_runtime_v1
44096,C_4605,2012,2013,0.000958346354309,0,0,0.08,0.00734832882881,2026-09-08T22:27:07.472733+00:00,study3b_fifo_runtime_v1
44133,C_4610,2012,2013,0.000215713880607,0,0,0.08,0.00734832882881,2026-09-08T22:27:07.472733+00:00,study3b_fifo_runtime_v1
44166,C_4614,2012,2013,0.00398921919987,0,0,0.08,0.00734832882881,2026-09-08T22:27:07.472733+00:00,study3b_fifo_runtime_v1
44186,C_4615,2012,2013,3.68098662875e-05,0,0,0.08,0.00734832882881,2026-09-08T22:27:07.472733+00:00,study3b_fifo_runtime_v1
44219,C_4618,2012,2013,1.26058212118e-05,0,0,0.08,0.00734832882881,2026-09-08T22:27:07.472733+00:00,study3b_fifo_runtime_v1
44236,C_4619,2012,2013,4.46380590802e-06,0,0,0.08,0.00734832882881,2026-09-08T22:27:07.472733+00:00,study3b_fifo_runtime_v1
44327,C_4660,2012,2013,1.11877479867e-05,0,0,0.08,0.00734832882881,2026-09-08T22:27:07.472733+00:00,study3b_fifo_runtime_v1
44347,C_4661,2012,2013,0.000924410531297,0,0,0.08,0.00734832882881,2026-09-08T22:27:07.472733+00:00,study3b_fifo_runtime_v1
44391,C_4666,2012,2013,0.00231642229483,0,0,0.08,0.00734832882881,2026-09-08T22:27:07.472733+00:00,study3b_fifo_runtime_v1
44444,C_4674,2012,2013,0.000125067541376,0,0,0.08,0.00734832882881,2026-09-08T22:27:07.472733+00:00,study3b_fifo_runtime_v1
44474,C_4676,2012,2013,7.47027006582e-05,0,0,0.08,0.00734832882881,2026-09-08T22:27:07.472733+00:00,study3b_fifo_runtime_v1
44497,C_4679,2012,2013,6.10028400843e-05,0,0,0.08,0.00734832882881,2026-09-08T22:27:07.472733+00:00,study3b_fifo_runtime_v1
44519,C_4681,2012,2013,9.67826417764e-06,0,0,0.08,0.00734832882881,2026-09-08T22:27:07.472733+00:00,study3b_fifo_runtime_v1
44542,C_4683,2012,2013,0.00122060696594,0,0,0.08,0.00734832882881,2026-09-08T22:27:07.472733+00:00,study3b_fifo_runtime_v1
44601,C_4689,2012,2013,0.00282759894617,0,0,0.08,0.00734832882881,2026-09-08T22:27:07.472733+00:00,study3b_fifo_runtime_v1
44627,C_4693,2012,2013,0.000709954358172,0,0,0.08,0.00734832882881,2026-09-08T22:27:07.472733+00:00,study3b_fifo_runtime_v1
44657,C_4698,2012,2013,1.4237833966e-05,0,0,0.08,0.00734832882881,2026-09-08T22:27:07.472733+00:00,study3b_fifo_runtime_v1
44677,C_4699,2012,2013,0.000381083373213,0,0,0.08,0.00734832882881,2026-09-08T22:27:07.472733+00:00,study3b_fifo_runtime_v1
44694,C_4701,2012,2013,2.07639113796e-05,0,0,0.08,0.00734832882881,2026-09-08T22:27:07.472733+00:00,study3b_fifo_runtime_v1
44708,C_4702,2012,2013,0.00200329348445,0,0,0.08,0.00734832882881,2026-09-08T22:27:07.472733+00:00,study3b_fifo_runtime_v1
44728,C_4705,2012,2013,5.31670484634e-05,0,0,0.08,0.00734832882881,2026-09-08T22:27:07.472733+00:00,study3b_fifo_runtime_v1
44751,C_4709,2012,2013,0.000405420927564,0,0,0.08,0.00734832882881,2026-09-08T22:27:07.472733+00:00,study3b_fifo_runtime_v1
44795,C_4713,2012,2013,0.00553806638345,0,0,0.08,0.00734832882881,2026-09-08T22:27:07.472733+00:00,study3b_fifo_runtime_v1
44815,C_4714,2012,2013,0.00532626407221,0,0,0.08,0.00734832882881,2026-09-08T22:27:07.472733+00:00,study3b_fifo_runtime_v1
44835,C_4715,2012,2013,0.000263723894022,0,0,0.08,0.00734832882881,2026-09-08T22:27:07.472733+00:00,study3b_fifo_runtime_v1
44887,C_4724,2012,2013,0.000220860514673,0,0,0.08,0.00734832882881,2026-09-08T22:27:07.472733+00:00,study3b_fifo_runtime_v1
44906,C_4726,2012,2013,0.00175942620263,0,0,0.08,0.00734832882881,2026-09-08T22:27:07.472733+00:00,study3b_fifo_runtime_v1
44960,C_4731,2012,2013,0.000128172396217,0,0,0.08,0.00734832882881,2026-09-08T22:27:07.472733+00:00,study3b_fifo_runtime_v1
44974,C_4732,2012,2013,9.11283223104e-06,0,0,0.08,0.00734832882881,2026-09-08T22:27:07.472733+00:00,study3b_fifo_runtime_v1
45019,C_4738,2012,2013,8.27222538646e-05,0,0,0.08,0.00734832882881,2026-09-08T22:27:07.472733+00:00,study3b_fifo_runtime_v1
45039,C_4739,2012,2013,1.87376917893e-05,0,0,0.08,0.00734832882881,2026-09-08T22:27:07.472733+00:00,study3b_fifo_runtime_v1
45059,C_4740,2012,2013,0.000122523997561,0,0,0.08,0.00734832882881,2026-09-08T22:27:07.472733+00:00,study3b_fifo_runtime_v1
45102,C_4745,2012,2013,0.000111456691229,0,0,0.08,0.00734832882881,2026-09-08T22:27:07.472733+00:00,study3b_fifo_runtime_v1
45136,C_4753,2012,2013,8.3228071162e-05,0,0,0.08,0.00734832882881,2026-09-08T22:27:07.472733+00:00,study3b_fifo_runtime_v1
45153,C_4756,2012,2013,1.40301863212e-05,0,0,0.08,0.00734832882881,2026-09-08T22:27:07.472733+00:00,study3b_fifo_runtime_v1
45189,C_4760,2012,2013,0.000689275970217,0,0,0.08,0.00734832882881,2026-09-08T22:27:07.472733+00:00,study3b_fifo_runtime_v1
45209,C_4761,2012,2013,2.51834499068e-05,0,0,0.08,0.00734832882881,2026-09-08T22:27:07.472733+00:00,study3b_fifo_runtime_v1
45237,C_4764,2012,2013,0.00197762344033,0,0,0.08,0.00734832882881,2026-09-08T22:27:07.472733+00:00,study3b_fifo_runtime_v1
45268,C_4767,2012,2013,0.000128617873997,0,0,0.08,0.00734832882881,2026-09-08T22:27:07.472733+00:00,study3b_fifo_runtime_v1
45328,C_4775,2012,2013,0.000236292675254,0,0,0.08,0.00734832882881,2026-09-08T22:27:07.472733+00:00,study3b_fifo_runtime_v1
45377,C_4780,2012,2013,2.2021935365e-05,0,0,0.08,0.00734832882881,2026-09-08T22:27:07.472733+00:00,study3b_fifo_runtime_v1
45397,C_4781,2012,2013,0.000214074781979,0,0,0.08,0.00734832882881,2026-09-08T22:27:07.472733+00:00,study3b_fifo_runtime_v1
45461,C_4788,2012,2013,1.37430079121e-05,0,0,0.08,0.00734832882881,2026-09-08T22:27:07.472733+00:00,study3b_fifo_runtime_v1
45485,C_4791,2012,2013,8.58516432345e-05,0,0,0.08,0.00734832882881,2026-09-08T22:27:07.472733+00:00,study3b_fifo_runtime_v1
45505,C_4792,2012,2013,1.40918027682e-05,0,0,0.08,0.00734832882881,2026-09-08T22:27:07.472733+00:00,study3b_fifo_runtime_v1
45551,C_4798,2012,2013,0.00276434328407,0,0,0.08,0.00734832882881,2026-09-08T22:27:07.472733+00:00,study3b_fifo_runtime_v1
45579,C_4803,2012,2013,3.27231027768e-05,0,0,0.08,0.00734832882881,2026-09-08T22:27:07.472733+00:00,study3b_fifo_runtime_v1
45611,C_4808,2012,2013,0.00702258385718,0,0,0.08,0.00734832882881,2026-09-08T22:27:07.472733+00:00,study3b_fifo_runtime_v1
45643,C_4811,2012,2013,0.0012561500771,0,0,0.08,0.00734832882881,2026-09-08T22:27:07.472733+00:00,study3b_fifo_runtime_v1
45663,C_4812,2012,2013,7.44809995012e-06,0,0,0.08,0.00734832882881,2026-09-08T22:27:07.472733+00:00,study3b_fifo_runtime_v1
45683,C_4813,2012,2013,0.000286564667476,0,0,0.08,0.00734832882881,2026-09-08T22:27:07.472733+00:00,study3b_fifo_runtime_v1
45712,C_4817,2012,2013,5.41207700735e-05,0,0,0.08,0.00734832882881,2026-09-08T22:27:07.472733+00:00,study3b_fifo_runtime_v1
45729,C_4818,2012,2013,9.80712429737e-05,0,0,0.08,0.00734832882881,2026-09-08T22:27:07.472733+00:00,study3b_fifo_runtime_v1
45789,C_4826,2012,2013,8.73166500241e-05,0,0,0.08,0.00734832882881,2026-09-08T22:27:07.472733+00:00,study3b_fifo_runtime_v1
45812,C_4829,2012,2013,9.1495392553e-05,0,0,0.08,0.00734832882881,2026-09-08T22:27:07.472733+00:00,study3b_fifo_runtime_v1
45840,C_4832,2012,2013,0.000238352207816,0,0,0.08,0.00734832882881,2026-09-08T22:27:07.472733+00:00,study3b_fifo_runtime_v1
45866,C_4834,2012,2013,9.67259984463e-06,0,0,0.08,0.00734832882881,2026-09-08T22:27:07.472733+00:00,study3b_fifo_runtime_v1
45902,C_4839,2012,2013,5.62325885767e-06,0,0,0.08,0.00734832882881,2026-09-08T22:27:07.472733+00:00,study3b_fifo_runtime_v1
45929,C_4841,2012,2013,0.00047273063683,0,0,0.08,0.00734832882881,2026-09-08T22:27:07.472733+00:00,study3b_fifo_runtime_v1
45947,C_4842,2012,2013,2.1435034796e-05,0,0,0.08,0.00734832882881,2026-09-08T22:27:07.472733+00:00,study3b_fifo_runtime_v1
45972,C_4844,2012,2013,5.12250117026e-05,0,0,0.08,0.00734832882881,2026-09-08T22:27:07.472733+00:00,study3b_fifo_runtime_v1
45987,C_4845,2012,2013,2.87890343316e-05,0,0,0.08,0.00734832882881,2026-09-08T22:27:07.472733+00:00,study3b_fifo_runtime_v1
46007,C_4846,2012,2013,3.72982030967e-05,0,0,0.08,0.00734832882881,2026-09-08T22:27:07.472733+00:00,study3b_fifo_runtime_v1
46035,C_4848,2012,2013,7.01007666066e-05,0,0,0.08,0.00734832882881,2026-09-08T22:27:07.472733+00:00,study3b_fifo_runtime_v1
46050,C_4849,2012,2013,6.66281584927e-06,0,0,0.08,0.00734832882881,2026-09-08T22:27:07.472733+00:00,study3b_fifo_runtime_v1
46083,C_4853,2012,2013,4.66199271614e-05,0,0,0.08,0.00734832882881,2026-09-08T22:27:07.472733+00:00,study3b_fifo_runtime_v1
46124,C_4859,2012,2013,8.73086173669e-05,0,0,0.08,0.00734832882881,2026-09-08T22:27:07.472733+00:00,study3b_fifo_runtime_v1
46149,C_4862,2012,2013,0.0003103952331,0,0,0.08,0.00734832882881,2026-09-08T22:27:07.472733+00:00,study3b_fifo_runtime_v1
46166,C_4863,2012,2013,8.8699220214e-05,0,0,0.08,0.00734832882881,2026-09-08T22:27:07.472733+00:00,study3b_fifo_runtime_v1
46181,C_4864,2012,2013,0.000253614445683,0,0,0.08,0.00734832882881,2026-09-08T22:27:07.472733+00:00,study3b_fifo_runtime_v1
46209,C_4866,2012,2013,0.0793436393142,0,1,0.08,0.00734832882881,2026-09-08T22:27:07.472733+00:00,study3b_fifo_runtime_v1
46225,C_4867,2012,2013,1.3495409803e-05,0,0,0.08,0.00734832882881,2026-09-08T22:27:07.472733+00:00,study3b_fifo_runtime_v1
46246,C_4869,2012,2013,0.000167092017364,0,0,0.08,0.00734832882881,2026-09-08T22:27:07.472733+00:00,study3b_fifo_runtime_v1
46320,C_4878,2012,2013,3.84211452911e-05,0,0,0.08,0.00734832882881,2026-09-08T22:27:07.472733+00:00,study3b_fifo_runtime_v1
46331,C_4879,2012,2013,0.000247220799793,0,0,0.08,0.00734832882881,2026-09-08T22:27:07.472733+00:00,study3b_fifo_runtime_v1
46351,C_4880,2012,2013,0.000455579225672,0,0,0.08,0.00734832882881,2026-09-08T22:27:07.472733+00:00,study3b_fifo_runtime_v1
46429,C_4889,2012,2013,8.21354024083e-06,0,0,0.08,0.00734832882881,2026-09-08T22:27:07.472733+00:00,study3b_fifo_runtime_v1
46457,C_4893,2012,2013,1.08253507278e-05,0,0,0.08,0.00734832882881,2026-09-08T22:27:07.472733+00:00,study3b_fifo_runtime_v1
46523,C_4899,2012,2013,0.000176295274287,0,0,0.08,0.00734832882881,2026-09-08T22:27:07.472733+00:00,study3b_fifo_runtime_v1
46545,C_4901,2012,2013,8.70630083227e-06,0,0,0.08,0.00734832882881,2026-09-08T22:27:07.472733+00:00,study3b_fifo_runtime_v1
46566,C_4903,2012,2013,5.66344097024e-05,0,0,0.08,0.00734832882881,2026-09-08T22:27:07.472733+00:00,study3b_fifo_runtime_v1
46589,C_4905,2012,2013,0.00093872618163,0,0,0.08,0.00734832882881,2026-09-08T22:27:07.472733+00:00,study3b_fifo_runtime_v1
46622,C_4909,2012,2013,7.53125350457e-05,0,0,0.08,0.00734832882881,2026-09-08T22:27:07.472733+00:00,study3b_fifo_runtime_v1
46634,C_4910,2012,2013,0.000344440923072,0,0,0.08,0.00734832882881,2026-09-08T22:27:07.472733+00:00,study3b_fifo_runtime_v1
46675,C_4914,2012,2013,0.00010129972361,0,0,0.08,0.00734832882881,2026-09-08T22:27:07.472733+00:00,study3b_fifo_runtime_v1
46719,C_4919,2012,2013,0.0127237746492,0,1,0.08,0.00734832882881,2026-09-08T22:27:07.472733+00:00,study3b_fifo_runtime_v1
46739,C_4920,2012,2013,0.000352916686097,0,0,0.08,0.00734832882881,2026-09-08T22:27:07.472733+00:00,study3b_fifo_runtime_v1
46751,C_4921,2012,2013,0.000472326850286,0,0,0.08,0.00734832882881,2026-09-08T22:27:07.472733+00:00,study3b_fifo_runtime_v1
46766,C_4922,2012,2013,0.000107912223029,0,0,0.08,0.00734832882881,2026-09-08T22:27:07.472733+00:00,study3b_fifo_runtime_v1
46783,C_4925,2012,2013,0.000178900852916,0,0,0.08,0.00734832882881,2026-09-08T22:27:07.472733+00:00,study3b_fifo_runtime_v1
46819,C_4928,2012,2013,0.0170263703912,0,1,0.08,0.00734832882881,2026-09-08T22:27:07.472733+00:00,study3b_fifo_runtime_v1
46843,C_4930,2012,2013,0.00485420646146,0,0,0.08,0.00734832882881,2026-09-08T22:27:07.472733+00:00,study3b_fifo_runtime_v1
46853,C_4931,2012,2013,0.000569309981074,0,0,0.08,0.00734832882881,2026-09-08T22:27:07.472733+00:00,study3b_fifo_runtime_v1
46891,C_4935,2012,2013,0.000126253042254,0,0,0.08,0.00734832882881,2026-09-08T22:27:07.472733+00:00,study3b_fifo_runtime_v1
46910,C_4937,2012,2013,3.8245034375e-05,0,0,0.08,0.00734832882881,2026-09-08T22:27:07.472733+00:00,study3b_fifo_runtime_v1
46958,C_4944,2012,2013,0.000900593586266,0,0,0.08,0.00734832882881,2026-09-08T22:27:07.472733+00:00,study3b_fifo_runtime_v1
47000,C_4948,2012,2013,1.25557089632e-05,0,0,0.08,0.00734832882881,2026-09-08T22:27:07.472733+00:00,study3b_fifo_runtime_v1
47075,C_4955,2012,2013,4.13957641285e-05,0,0,0.08,0.00734832882881,2026-09-08T22:27:07.472733+00:00,study3b_fifo_runtime_v1
47139,C_4967,2012,2013,9.09405061975e-05,0,0,0.08,0.00734832882881,2026-09-08T22:27:07.472733+00:00,study3b_fifo_runtime_v1
47159,C_4968,2012,2013,1.27323337438e-05,0,0,0.08,0.00734832882881,2026-09-08T22:27:07.472733+00:00,study3b_fifo_runtime_v1
47186,C_4970,2012,2013,0.00267045362853,0,0,0.08,0.00734832882881,2026-09-08T22:27:07.472733+00:00,study3b_fifo_runtime_v1
47234,C_4974,2012,2013,0.000177965208422,0,0,0.08,0.00734832882881,2026-09-08T22:27:07.472733+00:00,study3b_fifo_runtime_v1
47252,C_4975,2012,2013,0.00065932032885,0,0,0.08,0.00734832882881,2026-09-08T22:27:07.472733+00:00,study3b_fifo_runtime_v1
47275,C_4977,2012,2013,0.0388734713197,0,1,0.08,0.00734832882881,2026-09-08T22:27:07.472733+00:00,study3b_fifo_runtime_v1
47295,C_4978,2012,2013,7.85143129178e-05,0,0,0.08,0.00734832882881,2026-09-08T22:27:07.472733+00:00,study3b_fifo_runtime_v1
47302,C_4979,2012,2013,0.00369488634169,0,0,0.08,0.00734832882881,2026-09-08T22:27:07.472733+00:00,study3b_fifo_runtime_v1
47322,C_4981,2012,2013,4.46511803602e-05,0,0,0.08,0.00734832882881,2026-09-08T22:27:07.472733+00:00,study3b_fifo_runtime_v1
47365,C_4986,2012,2013,0.00054179521976,0,0,0.08,0.00734832882881,2026-09-08T22:27:07.472733+00:00,study3b_fifo_runtime_v1
47385,C_4987,2012,2013,7.32283151592e-05,0,0,0.08,0.00734832882881,2026-09-08T22:27:07.472733+00:00,study3b_fifo_runtime_v1
47405,C_4988,2012,2013,1.02326748674e-05,0,0,0.08,0.00734832882881,2026-09-08T22:27:07.472733+00:00,study3b_fifo_runtime_v1
47470,C_4995,2012,2013,0.000172699787072,0,0,0.08,0.00734832882881,2026-09-08T22:27:07.472733+00:00,study3b_fifo_runtime_v1
47490,C_4996,2012,2013,0.00148492818698,0,0,0.08,0.00734832882881,2026-09-08T22:27:07.472733+00:00,study3b_fifo_runtime_v1
47519,C_4998,2012,2013,0.000438382470747,0,0,0.08,0.00734832882881,2026-09-08T22:27:07.472733+00:00,study3b_fifo_runtime_v1
47535,C_4999,2012,2013,0.000417470961111,0,0,0.08,0.00734832882881,2026-09-08T22:27:07.472733+00:00,study3b_fifo_runtime_v1
47546,C_5000,2012,2013,3.75926101697e-05,0,0,0.08,0.00734832882881,2026-09-08T22:27:07.472733+00:00,study3b_fifo_runtime_v1
47574,C_5003,2012,2013,3.0475517633e-05,0,0,0.08,0.00734832882881,2026-09-08T22:27:07.472733+00:00,study3b_fifo_runtime_v1
47601,C_5005,2012,2013,0.000278318155324,0,0,0.08,0.00734832882881,2026-09-08T22:27:07.472733+00:00,study3b_fifo_runtime_v1
47632,C_5011,2012,2013,3.30690199917e-05,0,0,0.08,0.00734832882881,2026-09-08T22:27:07.472733+00:00,study3b_fifo_runtime_v1
47653,C_5013,2012,2013,8.94322965905e-06,0,0,0.08,0.00734832882881,2026-09-08T22:27:07.472733+00:00,study3b_fifo_runtime_v1
47673,C_5014,2012,2013,2.4939474315e-05,0,0,0.08,0.00734832882881,2026-09-08T22:27:07.472733+00:00,study3b_fifo_runtime_v1
47721,C_5018,2012,2013,0.000674833543599,0,0,0.08,0.00734832882881,2026-09-08T22:27:07.472733+00:00,study3b_fifo_runtime_v1
47768,C_5025,2012,2013,0.00467565422878,0,0,0.08,0.00734832882881,2026-09-08T22:27:07.472733+00:00,study3b_fifo_runtime_v1
47793,C_5028,2012,2013,0.000368395092664,0,0,0.08,0.00734832882881,2026-09-08T22:27:07.472733+00:00,study3b_fifo_runtime_v1
47825,C_5032,2012,2013,6.05859759162e-06,0,0,0.08,0.00734832882881,2026-09-08T22:27:07.472733+00:00,study3b_fifo_runtime_v1
47866,C_5039,2012,2013,5.00672867929e-05,0,0,0.08,0.00734832882881,2026-09-08T22:27:07.472733+00:00,study3b_fifo_runtime_v1
47887,C_5041,2012,2013,0.00180911866482,0,0,0.08,0.00734832882881,2026-09-08T22:27:07.472733+00:00,study3b_fifo_runtime_v1
47895,C_5042,2012,2013,0.00583308609203,0,0,0.08,0.00734832882881,2026-09-08T22:27:07.472733+00:00,study3b_fifo_runtime_v1
47910,C_5043,2012,2013,6.09506132605e-05,0,0,0.08,0.00734832882881,2026-09-08T22:27:07.472733+00:00,study3b_fifo_runtime_v1
47931,C_5045,2012,2013,1.8352880943e-05,0,0,0.08,0.00734832882881,2026-09-08T22:27:07.472733+00:00,study3b_fifo_runtime_v1
47982,C_5052,2012,2013,0.00550863705575,0,0,0.08,0.00734832882881,2026-09-08T22:27:07.472733+00:00,study3b_fifo_runtime_v1
48006,C_5055,2012,2013,0.00123751570936,0,0,0.08,0.00734832882881,2026-09-08T22:27:07.472733+00:00,study3b_fifo_runtime_v1
48045,C_5059,2012,2013,3.15017168759e-05,0,0,0.08,0.00734832882881,2026-09-08T22:27:07.472733+00:00,study3b_fifo_runtime_v1
48060,C_5060,2012,2013,0.000120169446745,0,0,0.08,0.00734832882881,2026-09-08T22:27:07.472733+00:00,study3b_fifo_runtime_v1
48074,C_5061,2012,2013,0.000115754053695,0,0,0.08,0.00734832882881,2026-09-08T22:27:07.472733+00:00,study3b_fifo_runtime_v1
48089,C_5062,2012,2013,6.55169860693e-05,0,0,0.08,0.00734832882881,2026-09-08T22:27:07.472733+00:00,study3b_fifo_runtime_v1
48154,C_5069,2012,2013,0.00524983368814,0,0,0.08,0.00734832882881,2026-09-08T22:27:07.472733+00:00,study3b_fifo_runtime_v1
48180,C_5071,2012,2013,0.000350750487996,0,0,0.08,0.00734832882881,2026-09-08T22:27:07.472733+00:00,study3b_fifo_runtime_v1
48223,C_5076,2012,2013,6.29235364613e-06,0,0,0.08,0.00734832882881,2026-09-08T22:27:07.472733+00:00,study3b_fifo_runtime_v1
48259,C_5081,2012,2013,0.000622608116828,0,0,0.08,0.00734832882881,2026-09-08T22:27:07.472733+00:00,study3b_fifo_runtime_v1
48308,C_5087,2012,2013,1.06463276097e-05,0,0,0.08,0.00734832882881,2026-09-08T22:27:07.472733+00:00,study3b_fifo_runtime_v1
48334,C_5089,2012,2013,0.000494199746754,0,0,0.08,0.00734832882881,2026-09-08T22:27:07.472733+00:00,study3b_fifo_runtime_v1
48362,C_5092,2012,2013,1.27309103846e-05,0,0,0.08,0.00734832882881,2026-09-08T22:27:07.472733+00:00,study3b_fifo_runtime_v1
48379,C_5093,2012,2013,3.04615264213e-06,0,0,0.08,0.00734832882881,2026-09-08T22:27:07.472733+00:00,study3b_fifo_runtime_v1
48417,C_5098,2012,2013,0.00206095329486,0,0,0.08,0.00734832882881,2026-09-08T22:27:07.472733+00:00,study3b_fifo_runtime_v1
48471,C_5105,2012,2013,0.00189391465392,0,0,0.08,0.00734832882881,2026-09-08T22:27:07.472733+00:00,study3b_fifo_runtime_v1
48504,C_5109,2012,2013,0.000110772874905,0,0,0.08,0.00734832882881,2026-09-08T22:27:07.472733+00:00,study3b_fifo_runtime_v1
48535,C_5112,2012,2013,1.60056933964e-05,0,0,0.08,0.00734832882881,2026-09-08T22:27:07.472733+00:00,study3b_fifo_runtime_v1
48553,C_5113,2012,2013,0.00147916376591,0,0,0.08,0.00734832882881,2026-09-08T22:27:07.472733+00:00,study3b_fifo_runtime_v1
48640,C_5126,2012,2013,0.001136707142,0,0,0.08,0.00734832882881,2026-09-08T22:27:07.472733+00:00,study3b_fifo_runtime_v1
48685,C_5132,2012,2013,2.10329217225e-05,0,0,0.08,0.00734832882881,2026-09-08T22:27:07.472733+00:00,study3b_fifo_runtime_v1
48733,C_5139,2012,2013,0.000279227650026,0,0,0.08,0.00734832882881,2026-09-08T22:27:07.472733+00:00,study3b_fifo_runtime_v1
48751,C_5140,2012,2013,0.000883990956936,0,0,0.08,0.00734832882881,2026-09-08T22:27:07.472733+00:00,study3b_fifo_runtime_v1
48786,C_5144,2012,2013,1.93108298845e-05,0,0,0.08,0.00734832882881,2026-09-08T22:27:07.472733+00:00,study3b_fifo_runtime_v1
48820,C_5147,2012,2013,9.25665699469e-06,0,0,0.08,0.00734832882881,2026-09-08T22:27:07.472733+00:00,study3b_fifo_runtime_v1
48846,C_5150,2012,2013,0.00643156422302,0,0,0.08,0.00734832882881,2026-09-08T22:27:07.472733+00:00,study3b_fifo_runtime_v1
48874,C_5152,2012,2013,4.58301519757e-06,0,0,0.08,0.00734832882881,2026-09-08T22:27:07.472733+00:00,study3b_fifo_runtime_v1
48898,C_5155,2012,2013,0.000151085943799,0,0,0.08,0.00734832882881,2026-09-08T22:27:07.472733+00:00,study3b_fifo_runtime_v1
48926,C_5158,2012,2013,0.00492597231641,0,0,0.08,0.00734832882881,2026-09-08T22:27:07.472733+00:00,study3b_fifo_runtime_v1
48945,C_5159,2012,2013,0.000106912193587,0,0,0.08,0.00734832882881,2026-09-08T22:27:07.472733+00:00,study3b_fifo_runtime_v1
48997,C_5167,2012,2013,0.000345603795722,0,0,0.08,0.00734832882881,2026-09-08T22:27:07.472733+00:00,study3b_fifo_runtime_v1
49025,C_5171,2012,2013,7.79803031037e-06,0,0,0.08,0.00734832882881,2026-09-08T22:27:07.472733+00:00,study3b_fifo_runtime_v1
49045,C_5172,2012,2013,0.000232615042478,0,0,0.08,0.00734832882881,2026-09-08T22:27:07.472733+00:00,study3b_fifo_runtime_v1
49066,C_5174,2012,2013,0.00215906160884,0,0,0.08,0.00734832882881,2026-09-08T22:27:07.472733+00:00,study3b_fifo_runtime_v1
49098,C_5178,2012,2013,9.29513262236e-05,0,0,0.08,0.00734832882881,2026-09-08T22:27:07.472733+00:00,study3b_fifo_runtime_v1
49141,C_5182,2012,2013,0.0023082701955,0,0,0.08,0.00734832882881,2026-09-08T22:27:07.472733+00:00,study3b_fifo_runtime_v1
49160,C_5183,2012,2013,5.70548327232e-05,0,0,0.08,0.00734832882881,2026-09-08T22:27:07.472733+00:00,study3b_fifo_runtime_v1
49180,C_5184,2012,2013,0.0218910053372,0,1,0.08,0.00734832882881,2026-09-08T22:27:07.472733+00:00,study3b_fifo_runtime_v1
49243,C_5191,2012,2013,4.4477837946e-05,0,0,0.08,0.00734832882881,2026-09-08T22:27:07.472733+00:00,study3b_fifo_runtime_v1
49365,C_5212,2012,2013,2.09400477615e-05,0,0,0.08,0.00734832882881,2026-09-08T22:27:07.472733+00:00,study3b_fifo_runtime_v1
49380,C_5215,2012,2013,0.00148837501183,0,0,0.08,0.00734832882881,2026-09-08T22:27:07.472733+00:00,study3b_fifo_runtime_v1
49403,C_5219,2012,2013,7.95735686552e-05,0,0,0.08,0.00734832882881,2026-09-08T22:27:07.472733+00:00,study3b_fifo_runtime_v1
49423,C_5220,2012,2013,6.98964504409e-06,0,0,0.08,0.00734832882881,2026-09-08T22:27:07.472733+00:00,study3b_fifo_runtime_v1
49448,C_5222,2012,2013,0.000357568875188,0,0,0.08,0.00734832882881,2026-09-08T22:27:07.472733+00:00,study3b_fifo_runtime_v1
49478,C_5226,2012,2013,0.00201313197613,0,0,0.08,0.00734832882881,2026-09-08T22:27:07.472733+00:00,study3b_fifo_runtime_v1
49499,C_5228,2012,2013,0.000714533263817,0,0,0.08,0.00734832882881,2026-09-08T22:27:07.472733+00:00,study3b_fifo_runtime_v1
49521,C_5231,2012,2013,5.40924884262e-06,0,0,0.08,0.00734832882881,2026-09-08T22:27:07.472733+00:00,study3b_fifo_runtime_v1
49556,C_5234,2012,2013,0.00058938289294,0,0,0.08,0.00734832882881,2026-09-08T22:27:07.472733+00:00,study3b_fifo_runtime_v1
49576,C_5235,2012,2013,0.000201811839361,0,0,0.08,0.00734832882881,2026-09-08T22:27:07.472733+00:00,study3b_fifo_runtime_v1
49605,C_5240,2012,2013,0.00294657959603,0,0,0.08,0.00734832882881,2026-09-08T22:27:07.472733+00:00,study3b_fifo_runtime_v1
49619,C_5241,2012,2013,1.83948050108e-05,0,0,0.08,0.00734832882881,2026-09-08T22:27:07.472733+00:00,study3b_fifo_runtime_v1
49639,C_5242,2012,2013,0.000670462613925,0,0,0.08,0.00734832882881,2026-09-08T22:27:07.472733+00:00,study3b_fifo_runtime_v1
49662,C_5244,2012,2013,7.98750479589e-05,0,0,0.08,0.00734832882881,2026-09-08T22:27:07.472733+00:00,study3b_fifo_runtime_v1
49669,C_5245,2012,2013,0.00039628930972,0,0,0.08,0.00734832882881,2026-09-08T22:27:07.472733+00:00,study3b_fifo_runtime_v1
49749,C_5254,2012,2013,0.000461785384687,0,0,0.08,0.00734832882881,2026-09-08T22:27:07.472733+00:00,study3b_fifo_runtime_v1
49756,C_5255,2012,2013,0.000716205977369,0,0,0.08,0.00734832882881,2026-09-08T22:27:07.472733+00:00,study3b_fifo_runtime_v1
49771,C_5256,2012,2013,0.0117989657447,0,1,0.08,0.00734832882881,2026-09-08T22:27:07.472733+00:00,study3b_fifo_runtime_v1
49798,C_5261,2012,2013,0.000663673330564,0,0,0.08,0.00734832882881,2026-09-08T22:27:07.472733+00:00,study3b_fifo_runtime_v1
49816,C_5262,2012,2013,1.92661973415e-05,0,0,0.08,0.00734832882881,2026-09-08T22:27:07.472733+00:00,study3b_fifo_runtime_v1
49845,C_5264,2012,2013,2.72811685136e-05,0,0,0.08,0.00734832882881,2026-09-08T22:27:07.472733+00:00,study3b_fifo_runtime_v1
49864,C_5265,2012,2013,0.0141257457435,0,1,0.08,0.00734832882881,2026-09-08T22:27:07.472733+00:00,study3b_fifo_runtime_v1
49903,C_5270,2012,2013,0.00011742249626,0,0,0.08,0.00734832882881,2026-09-08T22:27:07.472733+00:00,study3b_fifo_runtime_v1
49923,C_5272,2012,2013,0.000127558989334,0,0,0.08,0.00734832882881,2026-09-08T22:27:07.472733+00:00,study3b_fifo_runtime_v1
49975,C_5279,2012,2013,0.000645507359877,0,0,0.08,0.00734832882881,2026-09-08T22:27:07.472733+00:00,study3b_fifo_runtime_v1
50007,C_5283,2012,2013,6.38619021629e-05,0,0,0.08,0.00734832882881,2026-09-08T22:27:07.472733+00:00,study3b_fifo_runtime_v1
50022,C_5284,2012,2013,0.00118977809325,0,0,0.08,0.00734832882881,2026-09-08T22:27:07.472733+00:00,study3b_fifo_runtime_v1
50047,C_5286,2012,2013,5.4815387557e-05,0,0,0.08,0.00734832882881,2026-09-08T22:27:07.472733+00:00,study3b_fifo_runtime_v1
50068,C_5288,2012,2013,8.32767000247e-06,0,0,0.08,0.00734832882881,2026-09-08T22:27:07.472733+00:00,study3b_fifo_runtime_v1
50088,C_5289,2012,2013,2.53208982031e-05,0,0,0.08,0.00734832882881,2026-09-08T22:27:07.472733+00:00,study3b_fifo_runtime_v1
50138,C_5296,2012,2013,8.85546396603e-05,0,0,0.08,0.00734832882881,2026-09-08T22:27:07.472733+00:00,study3b_fifo_runtime_v1
50196,C_5303,2012,2013,9.7604097391e-05,0,0,0.08,0.00734832882881,2026-09-08T22:27:07.472733+00:00,study3b_fifo_runtime_v1
50214,C_5304,2012,2013,0.000476705346955,0,0,0.08,0.00734832882881,2026-09-08T22:27:07.472733+00:00,study3b_fifo_runtime_v1
50245,C_5306,2012,2013,0.0017641778104,0,0,0.08,0.00734832882881,2026-09-08T22:27:07.472733+00:00,study3b_fifo_runtime_v1
50271,C_5308,2012,2013,8.98824364413e-05,0,0,0.08,0.00734832882881,2026-09-08T22:27:07.472733+00:00,study3b_fifo_runtime_v1
50300,C_5311,2012,2013,5.58556930628e-05,0,0,0.08,0.00734832882881,2026-09-08T22:27:07.472733+00:00,study3b_fifo_runtime_v1
50328,C_5315,2012,2013,0.000913271913305,0,0,0.08,0.00734832882881,2026-09-08T22:27:07.472733+00:00,study3b_fifo_runtime_v1
50366,C_5319,2012,2013,0.000298454338918,0,0,0.08,0.00734832882881,2026-09-08T22:27:07.472733+00:00,study3b_fifo_runtime_v1
50412,C_5325,2012,2013,0.000227557844482,0,0,0.08,0.00734832882881,2026-09-08T22:27:07.472733+00:00,study3b_fifo_runtime_v1
50430,C_5326,2012,2013,0.000360020989319,0,0,0.08,0.00734832882881,2026-09-08T22:27:07.472733+00:00,study3b_fifo_runtime_v1
50495,C_5335,2012,2013,3.26270601363e-05,0,0,0.08,0.00734832882881,2026-09-08T22:27:07.472733+00:00,study3b_fifo_runtime_v1
50538,C_5339,2012,2013,0.000125875973026,0,0,0.08,0.00734832882881,2026-09-08T22:27:07.472733+00:00,study3b_fifo_runtime_v1
50558,C_5340,2012,2013,0.000210079611861,0,0,0.08,0.00734832882881,2026-09-08T22:27:07.472733+00:00,study3b_fifo_runtime_v1
50573,C_5341,2012,2013,2.05898104468e-05,0,0,0.08,0.00734832882881,2026-09-08T22:27:07.472733+00:00,study3b_fifo_runtime_v1
50599,C_5343,2012,2013,2.457847404e-05,0,0,0.08,0.00734832882881,2026-09-08T22:27:07.472733+00:00,study3b_fifo_runtime_v1
50632,C_5350,2012,2013,2.55110007856e-05,0,0,0.08,0.00734832882881,2026-09-08T22:27:07.472733+00:00,study3b_fifo_runtime_v1
50679,C_5354,2012,2013,0.00100440217648,0,0,0.08,0.00734832882881,2026-09-08T22:27:07.472733+00:00,study3b_fifo_runtime_v1
50695,C_5355,2012,2013,0.00123856123537,0,0,0.08,0.00734832882881,2026-09-08T22:27:07.472733+00:00,study3b_fifo_runtime_v1
50724,C_5358,2012,2013,5.27332595084e-05,0,0,0.08,0.00734832882881,2026-09-08T22:27:07.472733+00:00,study3b_fifo_runtime_v1
50742,C_5360,2012,2013,3.79784323741e-05,0,0,0.08,0.00734832882881,2026-09-08T22:27:07.472733+00:00,study3b_fifo_runtime_v1
50774,C_5362,2012,2013,0.000871364667546,0,0,0.08,0.00734832882881,2026-09-08T22:27:07.472733+00:00,study3b_fifo_runtime_v1
50796,C_5364,2012,2013,9.87120947684e-05,0,0,0.08,0.00734832882881,2026-09-08T22:27:07.472733+00:00,study3b_fifo_runtime_v1
50865,C_5375,2012,2013,0.000193899162696,0,0,0.08,0.00734832882881,2026-09-08T22:27:07.472733+00:00,study3b_fifo_runtime_v1
50921,C_5385,2012,2013,1.38696004797e-05,0,0,0.08,0.00734832882881,2026-09-08T22:27:07.472733+00:00,study3b_fifo_runtime_v1
50955,C_5391,2012,2013,0.000204615600524,0,0,0.08,0.00734832882881,2026-09-08T22:27:07.472733+00:00,study3b_fifo_runtime_v1
50975,C_5392,2012,2013,6.828642654e-06,0,0,0.08,0.00734832882881,2026-09-08T22:27:07.472733+00:00,study3b_fifo_runtime_v1
51000,C_5394,2012,2013,0.00124964211136,0,0,0.08,0.00734832882881,2026-09-08T22:27:07.472733+00:00,study3b_fifo_runtime_v1
51020,C_5395,2012,2013,0.0213233139366,0,1,0.08,0.00734832882881,2026-09-08T22:27:07.472733+00:00,study3b_fifo_runtime_v1
51082,C_5403,2012,2013,1.68612659763e-05,0,0,0.08,0.00734832882881,2026-09-08T22:27:07.472733+00:00,study3b_fifo_runtime_v1
51099,C_5405,2012,2013,0.000414732960053,0,0,0.08,0.00734832882881,2026-09-08T22:27:07.472733+00:00,study3b_fifo_runtime_v1
51118,C_5406,2012,2013,9.02864267118e-05,0,0,0.08,0.00734832882881,2026-09-08T22:27:07.472733+00:00,study3b_fifo_runtime_v1
51147,C_5409,2012,2013,0.000157629372552,0,0,0.08,0.00734832882881,2026-09-08T22:27:07.472733+00:00,study3b_fifo_runtime_v1
51209,C_5416,2012,2013,8.18450353108e-05,0,0,0.08,0.00734832882881,2026-09-08T22:27:07.472733+00:00,study3b_fifo_runtime_v1
51243,C_5421,2012,2013,7.24565761629e-05,0,0,0.08,0.00734832882881,2026-09-08T22:27:07.472733+00:00,study3b_fifo_runtime_v1
51272,C_5424,2012,2013,3.18258680636e-05,0,0,0.08,0.00734832882881,2026-09-08T22:27:07.472733+00:00,study3b_fifo_runtime_v1
51288,C_5425,2012,2013,0.000482654286316,0,0,0.08,0.00734832882881,2026-09-08T22:27:07.472733+00:00,study3b_fifo_runtime_v1
51308,C_5426,2012,2013,4.74420558021e-05,0,0,0.08,0.00734832882881,2026-09-08T22:27:07.472733+00:00,study3b_fifo_runtime_v1
51324,C_5427,2012,2013,0.000106379702629,0,0,0.08,0.00734832882881,2026-09-08T22:27:07.472733+00:00,study3b_fifo_runtime_v1
51349,C_5431,2012,2013,1.43977658809e-05,0,0,0.08,0.00734832882881,2026-09-08T22:27:07.472733+00:00,study3b_fifo_runtime_v1
51398,C_5438,2012,2013,1.6959689674e-05,0,0,0.08,0.00734832882881,2026-09-08T22:27:07.472733+00:00,study3b_fifo_runtime_v1
51418,C_5439,2012,2013,6.67706990498e-05,0,0,0.08,0.00734832882881,2026-09-08T22:27:07.472733+00:00,study3b_fifo_runtime_v1
51440,C_5441,2012,2013,3.15702914122e-06,0,0,0.08,0.00734832882881,2026-09-08T22:27:07.472733+00:00,study3b_fifo_runtime_v1
51480,C_5446,2012,2013,5.98221267865e-05,0,0,0.08,0.00734832882881,2026-09-08T22:27:07.472733+00:00,study3b_fifo_runtime_v1
51500,C_5447,2012,2013,0.0135284513235,0,1,0.08,0.00734832882881,2026-09-08T22:27:07.472733+00:00,study3b_fifo_runtime_v1
51538,C_5453,2012,2013,0.000140060190461,0,0,0.08,0.00734832882881,2026-09-08T22:27:07.472733+00:00,study3b_fifo_runtime_v1
51552,C_5454,2012,2013,0.000360386329703,0,0,0.08,0.00734832882881,2026-09-08T22:27:07.472733+00:00,study3b_fifo_runtime_v1
51576,C_5456,2012,2013,0.000682194542605,0,0,0.08,0.00734832882881,2026-09-08T22:27:07.472733+00:00,study3b_fifo_runtime_v1
51607,C_5458,2012,2013,3.49938600266e-05,0,0,0.08,0.00734832882881,2026-09-08T22:27:07.472733+00:00,study3b_fifo_runtime_v1
51628,C_5460,2012,2013,1.18504203783e-05,0,0,0.08,0.00734832882881,2026-09-08T22:27:07.472733+00:00,study3b_fifo_runtime_v1
51655,C_5462,2012,2013,0.0226247236133,0,1,0.08,0.00734832882881,2026-09-08T22:27:07.472733+00:00,study3b_fifo_runtime_v1
51728,C_5471,2012,2013,9.08318834263e-05,0,0,0.08,0.00734832882881,2026-09-08T22:27:07.472733+00:00,study3b_fifo_runtime_v1
51779,C_5475,2012,2013,0.00323571986519,0,0,0.08,0.00734832882881,2026-09-08T22:27:07.472733+00:00,study3b_fifo_runtime_v1
51792,C_5476,2012,2013,0.00053990673041,0,0,0.08,0.00734832882881,2026-09-08T22:27:07.472733+00:00,study3b_fifo_runtime_v1
51837,C_5481,2012,2013,0.000794003775809,0,0,0.08,0.00734832882881,2026-09-08T22:27:07.472733+00:00,study3b_fifo_runtime_v1
51871,C_5484,2012,2013,1.41204909596e-05,0,0,0.08,0.00734832882881,2026-09-08T22:27:07.472733+00:00,study3b_fifo_runtime_v1
51924,C_5491,2012,2013,0.0015583243221,0,0,0.08,0.00734832882881,2026-09-08T22:27:07.472733+00:00,study3b_fifo_runtime_v1
52001,C_5502,2012,2013,6.75902992953e-06,0,0,0.08,0.00734832882881,2026-09-08T22:27:07.472733+00:00,study3b_fifo_runtime_v1
52018,C_5503,2012,2013,0.00322067295201,0,0,0.08,0.00734832882881,2026-09-08T22:27:07.472733+00:00,study3b_fifo_runtime_v1
52035,C_5505,2012,2013,5.54526377528e-05,0,0,0.08,0.00734832882881,2026-09-08T22:27:07.472733+00:00,study3b_fifo_runtime_v1
52055,C_5506,2012,2013,0.00695422710851,0,0,0.08,0.00734832882881,2026-09-08T22:27:07.472733+00:00,study3b_fifo_runtime_v1
52078,C_5509,2012,2013,0.000170592218637,0,0,0.08,0.00734832882881,2026-09-08T22:27:07.472733+00:00,study3b_fifo_runtime_v1
52088,C_5511,2012,2013,0.00205935142003,0,0,0.08,0.00734832882881,2026-09-08T22:27:07.472733+00:00,study3b_fifo_runtime_v1
52104,C_5513,2012,2013,0.0102466745302,0,1,0.08,0.00734832882881,2026-09-08T22:27:07.472733+00:00,study3b_fifo_runtime_v1
52118,C_5514,2012,2013,0.00191875302698,0,0,0.08,0.00734832882881,2026-09-08T22:27:07.472733+00:00,study3b_fifo_runtime_v1
52133,C_5515,2012,2013,0.000662467500661,0,0,0.08,0.00734832882881,2026-09-08T22:27:07.472733+00:00,study3b_fifo_runtime_v1
52154,C_5517,2012,2013,0.00540327327326,0,0,0.08,0.00734832882881,2026-09-08T22:27:07.472733+00:00,study3b_fifo_runtime_v1
52182,C_5521,2012,2013,0.0058047673665,0,0,0.08,0.00734832882881,2026-09-08T22:27:07.472733+00:00,study3b_fifo_runtime_v1
52198,C_5523,2012,2013,0.00416819937527,0,0,0.08,0.00734832882881,2026-09-08T22:27:07.472733+00:00,study3b_fifo_runtime_v1
52229,C_5526,2012,2013,0.000688755477313,0,0,0.08,0.00734832882881,2026-09-08T22:27:07.472733+00:00,study3b_fifo_runtime_v1
52275,C_5533,2012,2013,1.76300982275e-05,0,0,0.08,0.00734832882881,2026-09-08T22:27:07.472733+00:00,study3b_fifo_runtime_v1
52347,C_5543,2012,2013,8.06734969956e-05,0,0,0.08,0.00734832882881,2026-09-08T22:27:07.472733+00:00,study3b_fifo_runtime_v1
52377,C_5545,2012,2013,0.000149844170664,0,0,0.08,0.00734832882881,2026-09-08T22:27:07.472733+00:00,study3b_fifo_runtime_v1
52403,C_5547,2012,2013,0.000363731058314,0,0,0.08,0.00734832882881,2026-09-08T22:27:07.472733+00:00,study3b_fifo_runtime_v1
52464,C_5559,2012,2013,0.000108880391053,0,0,0.08,0.00734832882881,2026-09-08T22:27:07.472733+00:00,study3b_fifo_runtime_v1
52474,C_5560,2012,2013,6.07905240031e-05,0,0,0.08,0.00734832882881,2026-09-08T22:27:07.472733+00:00,study3b_fifo_runtime_v1
52493,C_5561,2012,2013,0.190687939525,1,1,0.08,0.00734832882881,2026-09-08T22:27:07.472733+00:00,study3b_fifo_runtime_v1
52507,C_5562,2012,2013,0.000196121356566,0,0,0.08,0.00734832882881,2026-09-08T22:27:07.472733+00:00,study3b_fifo_runtime_v1
52527,C_5563,2012,2013,0.000450646854006,0,0,0.08,0.00734832882881,2026-09-08T22:27:07.472733+00:00,study3b_fifo_runtime_v1
52588,C_5573,2012,2013,2.70521704806e-05,0,0,0.08,0.00734832882881,2026-09-08T22:27:07.472733+00:00,study3b_fifo_runtime_v1
52622,C_5577,2012,2013,1.24273283291e-05,0,0,0.08,0.00734832882881,2026-09-08T22:27:07.472733+00:00,study3b_fifo_runtime_v1
52652,C_5580,2012,2013,5.50599033886e-05,0,0,0.08,0.00734832882881,2026-09-08T22:27:07.472733+00:00,study3b_fifo_runtime_v1
52701,C_5586,2012,2013,7.18073351891e-05,0,0,0.08,0.00734832882881,2026-09-08T22:27:07.472733+00:00,study3b_fifo_runtime_v1
52774,C_5602,2012,2013,0.000253864243859,0,0,0.08,0.00734832882881,2026-09-08T22:27:07.472733+00:00,study3b_fifo_runtime_v1
52796,C_5604,2012,2013,0.000282526219962,0,0,0.08,0.00734832882881,2026-09-08T22:27:07.472733+00:00,study3b_fifo_runtime_v1
52815,C_5605,2012,2013,0.000298633734928,0,0,0.08,0.00734832882881,2026-09-08T22:27:07.472733+00:00,study3b_fifo_runtime_v1
52835,C_5606,2012,2013,0.00123352336232,0,0,0.08,0.00734832882881,2026-09-08T22:27:07.472733+00:00,study3b_fifo_runtime_v1
52855,C_5607,2012,2013,1.3861649677e-05,0,0,0.08,0.00734832882881,2026-09-08T22:27:07.472733+00:00,study3b_fifo_runtime_v1
52869,C_5608,2012,2013,0.000450752530014,0,0,0.08,0.00734832882881,2026-09-08T22:27:07.472733+00:00,study3b_fifo_runtime_v1
52890,C_5610,2012,2013,9.83071149676e-05,0,0,0.08,0.00734832882881,2026-09-08T22:27:07.472733+00:00,study3b_fifo_runtime_v1
52912,C_5612,2012,2013,1.24388780023e-05,0,0,0.08,0.00734832882881,2026-09-08T22:27:07.472733+00:00,study3b_fifo_runtime_v1
52940,C_5617,2012,2013,0.00026874357718,0,0,0.08,0.00734832882881,2026-09-08T22:27:07.472733+00:00,study3b_fifo_runtime_v1
52980,C_5621,2012,2013,0.00127778807655,0,0,0.08,0.00734832882881,2026-09-08T22:27:07.472733+00:00,study3b_fifo_runtime_v1
53014,C_5626,2012,2013,6.487940027e-06,0,0,0.08,0.00734832882881,2026-09-08T22:27:07.472733+00:00,study3b_fifo_runtime_v1
53158,C_5651,2012,2013,0.000540366920177,0,0,0.08,0.00734832882881,2026-09-08T22:27:07.472733+00:00,study3b_fifo_runtime_v1
53177,C_5652,2012,2013,0.00011831644224,0,0,0.08,0.00734832882881,2026-09-08T22:27:07.472733+00:00,study3b_fifo_runtime_v1
53197,C_5653,2012,2013,2.72136476269e-05,0,0,0.08,0.00734832882881,2026-09-08T22:27:07.472733+00:00,study3b_fifo_runtime_v1
53240,C_5657,2012,2013,8.34238016978e-05,0,0,0.08,0.00734832882881,2026-09-08T22:27:07.472733+00:00,study3b_fifo_runtime_v1
53255,C_5658,2012,2013,0.000253255886491,0,0,0.08,0.00734832882881,2026-09-08T22:27:07.472733+00:00,study3b_fifo_runtime_v1
53284,C_5661,2012,2013,3.01697364193e-05,0,0,0.08,0.00734832882881,2026-09-08T22:27:07.472733+00:00,study3b_fifo_runtime_v1
53318,C_5663,2012,2013,0.00053794606356,0,0,0.08,0.00734832882881,2026-09-08T22:27:07.472733+00:00,study3b_fifo_runtime_v1
53339,C_5665,2012,2013,0.000355068594217,0,0,0.08,0.00734832882881,2026-09-08T22:27:07.472733+00:00,study3b_fifo_runtime_v1
53360,C_5667,2012,2013,0.00197729398496,0,0,0.08,0.00734832882881,2026-09-08T22:27:07.472733+00:00,study3b_fifo_runtime_v1
53373,C_5670,2012,2013,0.000980500364676,0,0,0.08,0.00734832882881,2026-09-08T22:27:07.472733+00:00,study3b_fifo_runtime_v1
53416,C_5675,2012,2013,0.000391102425056,0,0,0.08,0.00734832882881,2026-09-08T22:27:07.472733+00:00,study3b_fifo_runtime_v1
53461,C_5680,2012,2013,0.00127993617207,0,0,0.08,0.00734832882881,2026-09-08T22:27:07.472733+00:00,study3b_fifo_runtime_v1
53481,C_5681,2012,2013,0.000277064013062,0,0,0.08,0.00734832882881,2026-09-08T22:27:07.472733+00:00,study3b_fifo_runtime_v1
53514,C_5685,2012,2013,0.000458783382783,0,0,0.08,0.00734832882881,2026-09-08T22:27:07.472733+00:00,study3b_fifo_runtime_v1
53541,C_5687,2012,2013,2.41652105615e-05,0,0,0.08,0.00734832882881,2026-09-08T22:27:07.472733+00:00,study3b_fifo_runtime_v1
53561,C_5688,2012,2013,0.000374890980311,0,0,0.08,0.00734832882881,2026-09-08T22:27:07.472733+00:00,study3b_fifo_runtime_v1
53577,C_5689,2012,2013,8.78444334376e-05,0,0,0.08,0.00734832882881,2026-09-08T22:27:07.472733+00:00,study3b_fifo_runtime_v1
53597,C_5691,2012,2013,6.68925931677e-05,0,0,0.08,0.00734832882881,2026-09-08T22:27:07.472733+00:00,study3b_fifo_runtime_v1
53618,C_5693,2012,2013,0.000112098226964,0,0,0.08,0.00734832882881,2026-09-08T22:27:07.472733+00:00,study3b_fifo_runtime_v1
53665,C_5700,2012,2013,0.000187007593922,0,0,0.08,0.00734832882881,2026-09-08T22:27:07.472733+00:00,study3b_fifo_runtime_v1
53688,C_5702,2012,2013,0.00105270836502,0,0,0.08,0.00734832882881,2026-09-08T22:27:07.472733+00:00,study3b_fifo_runtime_v1
53710,C_5704,2012,2013,0.00012924715702,0,0,0.08,0.00734832882881,2026-09-08T22:27:07.472733+00:00,study3b_fifo_runtime_v1
53790,C_5715,2012,2013,6.59516008454e-05,0,0,0.08,0.00734832882881,2026-09-08T22:27:07.472733+00:00,study3b_fifo_runtime_v1
53839,C_5722,2012,2013,4.37883390987e-05,0,0,0.08,0.00734832882881,2026-09-08T22:27:07.472733+00:00,study3b_fifo_runtime_v1
53859,C_5723,2012,2013,8.16428873804e-05,0,0,0.08,0.00734832882881,2026-09-08T22:27:07.472733+00:00,study3b_fifo_runtime_v1
53911,C_5730,2012,2013,1.10549881356e-05,0,0,0.08,0.00734832882881,2026-09-08T22:27:07.472733+00:00,study3b_fifo_runtime_v1
53931,C_5731,2012,2013,0.000100073528301,0,0,0.08,0.00734832882881,2026-09-08T22:27:07.472733+00:00,study3b_fifo_runtime_v1
53955,C_5735,2012,2013,2.65394428425e-05,0,0,0.08,0.00734832882881,2026-09-08T22:27:07.472733+00:00,study3b_fifo_runtime_v1
53975,C_5736,2012,2013,4.41495249106e-05,0,0,0.08,0.00734832882881,2026-09-08T22:27:07.472733+00:00,study3b_fifo_runtime_v1
53998,C_5738,2012,2013,8.22152014734e-06,0,0,0.08,0.00734832882881,2026-09-08T22:27:07.472733+00:00,study3b_fifo_runtime_v1
54028,C_5741,2012,2013,0.000101437115518,0,0,0.08,0.00734832882881,2026-09-08T22:27:07.472733+00:00,study3b_fifo_runtime_v1
54041,C_5742,2012,2013,0.000190156293684,0,0,0.08,0.00734832882881,2026-09-08T22:27:07.472733+00:00,study3b_fifo_runtime_v1
54085,C_5748,2012,2013,1.27316698126e-05,0,0,0.08,0.00734832882881,2026-09-08T22:27:07.472733+00:00,study3b_fifo_runtime_v1
54095,C_5749,2012,2013,0.000739666458685,0,0,0.08,0.00734832882881,2026-09-08T22:27:07.472733+00:00,study3b_fifo_runtime_v1
54115,C_5750,2012,2013,0.00278513063677,0,0,0.08,0.00734832882881,2026-09-08T22:27:07.472733+00:00,study3b_fifo_runtime_v1
54161,C_5756,2012,2013,0.00115022307727,0,0,0.08,0.00734832882881,2026-09-08T22:27:07.472733+00:00,study3b_fifo_runtime_v1
54168,C_5757,2012,2013,2.30202713283e-05,0,0,0.08,0.00734832882881,2026-09-08T22:27:07.472733+00:00,study3b_fifo_runtime_v1
54186,C_5759,2012,2013,0.00138386327308,0,0,0.08,0.00734832882881,2026-09-08T22:27:07.472733+00:00,study3b_fifo_runtime_v1
54235,C_5766,2012,2013,0.000108807384095,0,0,0.08,0.00734832882881,2026-09-08T22:27:07.472733+00:00,study3b_fifo_runtime_v1
54263,C_5771,2012,2013,0.00133274227846,0,0,0.08,0.00734832882881,2026-09-08T22:27:07.472733+00:00,study3b_fifo_runtime_v1
54270,C_5772,2012,2013,0.00287803285755,0,0,0.08,0.00734832882881,2026-09-08T22:27:07.472733+00:00,study3b_fifo_runtime_v1
54288,C_5773,2012,2013,2.78556308331e-06,0,0,0.08,0.00734832882881,2026-09-08T22:27:07.472733+00:00,study3b_fifo_runtime_v1
54301,C_5775,2012,2013,0.0137353399768,0,1,0.08,0.00734832882881,2026-09-08T22:27:07.472733+00:00,study3b_fifo_runtime_v1
54315,C_5776,2012,2013,0.00377032230608,0,0,0.08,0.00734832882881,2026-09-08T22:27:07.472733+00:00,study3b_fifo_runtime_v1
54348,C_5778,2012,2013,4.263387018e-05,0,0,0.08,0.00734832882881,2026-09-08T22:27:07.472733+00:00,study3b_fifo_runtime_v1
54377,C_5781,2012,2013,0.000205685748369,0,0,0.08,0.00734832882881,2026-09-08T22:27:07.472733+00:00,study3b_fifo_runtime_v1
54399,C_5785,2012,2013,0.0215688049793,0,1,0.08,0.00734832882881,2026-09-08T22:27:07.472733+00:00,study3b_fifo_runtime_v1
54428,C_5788,2012,2013,0.000496584514622,0,0,0.08,0.00734832882881,2026-09-08T22:27:07.472733+00:00,study3b_fifo_runtime_v1
54454,C_5792,2012,2013,2.88063511107e-05,0,0,0.08,0.00734832882881,2026-09-08T22:27:07.472733+00:00,study3b_fifo_runtime_v1
54486,C_5796,2012,2013,1.36371845656e-05,0,0,0.08,0.00734832882881,2026-09-08T22:27:07.472733+00:00,study3b_fifo_runtime_v1
54511,C_5801,2012,2013,7.03075202182e-05,0,0,0.08,0.00734832882881,2026-09-08T22:27:07.472733+00:00,study3b_fifo_runtime_v1
54571,C_5807,2012,2013,3.13475684379e-05,0,0,0.08,0.00734832882881,2026-09-08T22:27:07.472733+00:00,study3b_fifo_runtime_v1
54602,C_5809,2012,2013,0.000273805548204,0,0,0.08,0.00734832882881,2026-09-08T22:27:07.472733+00:00,study3b_fifo_runtime_v1
54624,C_5811,2012,2013,0.00224254489876,0,0,0.08,0.00734832882881,2026-09-08T22:27:07.472733+00:00,study3b_fifo_runtime_v1
54641,C_5812,2012,2013,0.00165748747531,0,0,0.08,0.00734832882881,2026-09-08T22:27:07.472733+00:00,study3b_fifo_runtime_v1
54697,C_5820,2012,2013,0.00128215900622,0,0,0.08,0.00734832882881,2026-09-08T22:27:07.472733+00:00,study3b_fifo_runtime_v1
54715,C_5821,2012,2013,0.000655701907817,0,0,0.08,0.00734832882881,2026-09-08T22:27:07.472733+00:00,study3b_fifo_runtime_v1
54735,C_5822,2012,2013,0.000213397070183,0,0,0.08,0.00734832882881,2026-09-08T22:27:07.472733+00:00,study3b_fifo_runtime_v1
54767,C_5825,2012,2013,2.74610083579e-05,0,0,0.08,0.00734832882881,2026-09-08T22:27:07.472733+00:00,study3b_fifo_runtime_v1
54793,C_5828,2012,2013,0.000224312461796,0,0,0.08,0.00734832882881,2026-09-08T22:27:07.472733+00:00,study3b_fifo_runtime_v1
54820,C_5830,2012,2013,1.78288628376e-05,0,0,0.08,0.00734832882881,2026-09-08T22:27:07.472733+00:00,study3b_fifo_runtime_v1
54839,C_5831,2012,2013,0.00417237589136,0,0,0.08,0.00734832882881,2026-09-08T22:27:07.472733+00:00,study3b_fifo_runtime_v1
54852,C_5834,2012,2013,0.0164487715811,0,1,0.08,0.00734832882881,2026-09-08T22:27:07.472733+00:00,study3b_fifo_runtime_v1
54868,C_5835,2012,2013,0.000357438955689,0,0,0.08,0.00734832882881,2026-09-08T22:27:07.472733+00:00,study3b_fifo_runtime_v1
54877,C_5837,2012,2013,0.0014776311582,0,0,0.08,0.00734832882881,2026-09-08T22:27:07.472733+00:00,study3b_fifo_runtime_v1
54942,C_5845,2012,2013,0.00082579505397,0,0,0.08,0.00734832882881,2026-09-08T22:27:07.472733+00:00,study3b_fifo_runtime_v1
54982,C_5849,2012,2013,0.00132081378251,0,0,0.08,0.00734832882881,2026-09-08T22:27:07.472733+00:00,study3b_fifo_runtime_v1
55005,C_5853,2012,2013,0.000312390562613,0,0,0.08,0.00734832882881,2026-09-08T22:27:07.472733+00:00,study3b_fifo_runtime_v1
55048,C_5860,2012,2013,0.00024440229754,0,0,0.08,0.00734832882881,2026-09-08T22:27:07.472733+00:00,study3b_fifo_runtime_v1
55057,C_5863,2012,2013,0.000526593939867,0,0,0.08,0.00734832882881,2026-09-08T22:27:07.472733+00:00,study3b_fifo_runtime_v1
55074,C_5864,2012,2013,0.00010327770724,0,0,0.08,0.00734832882881,2026-09-08T22:27:07.472733+00:00,study3b_fifo_runtime_v1
55091,C_5866,2012,2013,2.4610402761e-05,0,0,0.08,0.00734832882881,2026-09-08T22:27:07.472733+00:00,study3b_fifo_runtime_v1
55095,C_5867,2012,2013,0.000283579109237,0,0,0.08,0.00734832882881,2026-09-08T22:27:07.472733+00:00,study3b_fifo_runtime_v1
55132,C_5870,2012,2013,0.000160164927365,0,0,0.08,0.00734832882881,2026-09-08T22:27:07.472733+00:00,study3b_fifo_runtime_v1
55183,C_5877,2012,2013,0.00520892394707,0,0,0.08,0.00734832882881,2026-09-08T22:27:07.472733+00:00,study3b_fifo_runtime_v1
55201,C_5878,2012,2013,0.00280195102096,0,0,0.08,0.00734832882881,2026-09-08T22:27:07.472733+00:00,study3b_fifo_runtime_v1
55224,C_5880,2012,2013,0.000272756820777,0,0,0.08,0.00734832882881,2026-09-08T22:27:07.472733+00:00,study3b_fifo_runtime_v1
55250,C_5882,2012,2013,0.000773061125074,0,0,0.08,0.00734832882881,2026-09-08T22:27:07.472733+00:00,study3b_fifo_runtime_v1
55282,C_5885,2012,2013,3.62897517334e-05,0,0,0.08,0.00734832882881,2026-09-08T22:27:07.472733+00:00,study3b_fifo_runtime_v1
55365,C_5898,2012,2013,0.000541793473531,0,0,0.08,0.00734832882881,2026-09-08T22:27:07.472733+00:00,study3b_fifo_runtime_v1
55391,C_5900,2012,2013,0.0100740166381,0,1,0.08,0.00734832882881,2026-09-08T22:27:07.472733+00:00,study3b_fifo_runtime_v1
55454,C_5911,2012,2013,0.00895812176168,0,1,0.08,0.00734832882881,2026-09-08T22:27:07.472733+00:00,study3b_fifo_runtime_v1
55519,C_5920,2012,2013,5.76825586904e-05,0,0,0.08,0.00734832882881,2026-09-08T22:27:07.472733+00:00,study3b_fifo_runtime_v1
55539,C_5921,2012,2013,1.01915093182e-05,0,0,0.08,0.00734832882881,2026-09-08T22:27:07.472733+00:00,study3b_fifo_runtime_v1
55551,C_5922,2012,2013,0.00157650525216,0,0,0.08,0.00734832882881,2026-09-08T22:27:07.472733+00:00,study3b_fifo_runtime_v1
55567,C_5923,2012,2013,4.48208493253e-06,0,0,0.08,0.00734832882881,2026-09-08T22:27:07.472733+00:00,study3b_fifo_runtime_v1
55587,C_5924,2012,2013,4.33520763181e-05,0,0,0.08,0.00734832882881,2026-09-08T22:27:07.472733+00:00,study3b_fifo_runtime_v1
55613,C_5927,2012,2013,0.00217522727326,0,0,0.08,0.00734832882881,2026-09-08T22:27:07.472733+00:00,study3b_fifo_runtime_v1
55642,C_5934,2012,2013,0.00338443671353,0,0,0.08,0.00734832882881,2026-09-08T22:27:07.472733+00:00,study3b_fifo_runtime_v1
55681,C_5938,2012,2013,0.00720767257735,0,0,0.08,0.00734832882881,2026-09-08T22:27:07.472733+00:00,study3b_fifo_runtime_v1
55699,C_5940,2012,2013,2.50329976552e-05,0,0,0.08,0.00734832882881,2026-09-08T22:27:07.472733+00:00,study3b_fifo_runtime_v1
55738,C_5943,2012,2013,0.000996489543468,0,0,0.08,0.00734832882881,2026-09-08T22:27:07.472733+00:00,study3b_fifo_runtime_v1
55768,C_5945,2012,2013,0.000307562499074,0,0,0.08,0.00734832882881,2026-09-08T22:27:07.472733+00:00,study3b_fifo_runtime_v1
55809,C_5953,2012,2013,0.000469950464321,0,0,0.08,0.00734832882881,2026-09-08T22:27:07.472733+00:00,study3b_fifo_runtime_v1
55829,C_5954,2012,2013,5.76069178351e-05,0,0,0.08,0.00734832882881,2026-09-08T22:27:07.472733+00:00,study3b_fifo_runtime_v1
55855,C_5956,2012,2013,0.00759340031072,0,1,0.08,0.00734832882881,2026-09-08T22:27:07.472733+00:00,study3b_fifo_runtime_v1
55867,C_5958,2012,2013,0.00435363082215,0,0,0.08,0.00734832882881,2026-09-08T22:27:07.472733+00:00,study3b_fifo_runtime_v1
55882,C_5959,2012,2013,0.000529692333657,0,0,0.08,0.00734832882881,2026-09-08T22:27:07.472733+00:00,study3b_fifo_runtime_v1
55896,C_5960,2012,2013,0.00234223087318,0,0,0.08,0.00734832882881,2026-09-08T22:27:07.472733+00:00,study3b_fifo_runtime_v1
55936,C_5967,2012,2013,9.14650900086e-06,0,0,0.08,0.00734832882881,2026-09-08T22:27:07.472733+00:00,study3b_fifo_runtime_v1
55965,C_5970,2012,2013,0.00492425449193,0,0,0.08,0.00734832882881,2026-09-08T22:27:07.472733+00:00,study3b_fifo_runtime_v1
55972,C_5971,2012,2013,0.000190520833712,0,0,0.08,0.00734832882881,2026-09-08T22:27:07.472733+00:00,study3b_fifo_runtime_v1
55994,C_5974,2012,2013,0.000677440490108,0,0,0.08,0.00734832882881,2026-09-08T22:27:07.472733+00:00,study3b_fifo_runtime_v1
56011,C_5975,2012,2013,0.000454859953607,0,0,0.08,0.00734832882881,2026-09-08T22:27:07.472733+00:00,study3b_fifo_runtime_v1
56027,C_5976,2012,2013,0.000569081574213,0,0,0.08,0.00734832882881,2026-09-08T22:27:07.472733+00:00,study3b_fifo_runtime_v1
56049,C_5979,2012,2013,5.73880861339e-05,0,0,0.08,0.00734832882881,2026-09-08T22:27:07.472733+00:00,study3b_fifo_runtime_v1
56057,C_5980,2012,2013,0.000929441244807,0,0,0.08,0.00734832882881,2026-09-08T22:27:07.472733+00:00,study3b_fifo_runtime_v1
56087,C_5985,2012,2013,0.00267111440189,0,0,0.08,0.00734832882881,2026-09-08T22:27:07.472733+00:00,study3b_fifo_runtime_v1
56101,C_5986,2012,2013,0.00821475777775,0,1,0.08,0.00734832882881,2026-09-08T22:27:07.472733+00:00,study3b_fifo_runtime_v1
56111,C_5987,2012,2013,0.0052745770663,0,0,0.08,0.00734832882881,2026-09-08T22:27:07.472733+00:00,study3b_fifo_runtime_v1
56118,C_5988,2012,2013,4.06808285334e-05,0,0,0.08,0.00734832882881,2026-09-08T22:27:07.472733+00:00,study3b_fifo_runtime_v1
56145,C_5992,2012,2013,0.000472316751257,0,0,0.08,0.00734832882881,2026-09-08T22:27:07.472733+00:00,study3b_fifo_runtime_v1
56173,C_5996,2012,2013,0.000139009178383,0,0,0.08,0.00734832882881,2026-09-08T22:27:07.472733+00:00,study3b_fifo_runtime_v1
56208,C_6001,2012,2013,0.000783925876021,0,0,0.08,0.00734832882881,2026-09-08T22:27:07.472733+00:00,study3b_fifo_runtime_v1
56224,C_6003,2012,2013,2.42125170189e-05,0,0,0.08,0.00734832882881,2026-09-08T22:27:07.472733+00:00,study3b_fifo_runtime_v1
56249,C_6009,2012,2013,0.000411897111917,0,0,0.08,0.00734832882881,2026-09-08T22:27:07.472733+00:00,study3b_fifo_runtime_v1
56266,C_6010,2012,2013,0.0229130107909,0,1,0.08,0.00734832882881,2026-09-08T22:27:07.472733+00:00,study3b_fifo_runtime_v1
56286,C_6011,2012,2013,7.67505480326e-05,0,0,0.08,0.00734832882881,2026-09-08T22:27:07.472733+00:00,study3b_fifo_runtime_v1
56301,C_6013,2012,2013,0.000507691933308,0,0,0.08,0.00734832882881,2026-09-08T22:27:07.472733+00:00,study3b_fifo_runtime_v1
56338,C_6017,2012,2013,0.00150668516289,0,0,0.08,0.00734832882881,2026-09-08T22:27:07.472733+00:00,study3b_fifo_runtime_v1
56358,C_6018,2012,2013,0.000535839877557,0,0,0.08,0.00734832882881,2026-09-08T22:27:07.472733+00:00,study3b_fifo_runtime_v1
56375,C_6020,2012,2013,0.0116677535698,0,1,0.08,0.00734832882881,2026-09-08T22:27:07.472733+00:00,study3b_fifo_runtime_v1
56412,C_6026,2012,2013,0.000139502706588,0,0,0.08,0.00734832882881,2026-09-08T22:27:07.472733+00:00,study3b_fifo_runtime_v1
56431,C_6027,2012,2013,0.000165373610798,0,0,0.08,0.00734832882881,2026-09-08T22:27:07.472733+00:00,study3b_fifo_runtime_v1
56453,C_6030,2012,2013,0.000126944796648,0,0,0.08,0.00734832882881,2026-09-08T22:27:07.472733+00:00,study3b_fifo_runtime_v1
56524,C_6040,2012,2013,3.04729092022e-05,0,0,0.08,0.00734832882881,2026-09-08T22:27:07.472733+00:00,study3b_fifo_runtime_v1
56544,C_6041,2012,2013,4.02350015065e-05,0,0,0.08,0.00734832882881,2026-09-08T22:27:07.472733+00:00,study3b_fifo_runtime_v1
56585,C_6046,2012,2013,0.0171087924391,0,1,0.08,0.00734832882881,2026-09-08T22:27:07.472733+00:00,study3b_fifo_runtime_v1
56599,C_6047,2012,2013,0.000193955303985,0,0,0.08,0.00734832882881,2026-09-08T22:27:07.472733+00:00,study3b_fifo_runtime_v1
56650,C_6056,2012,2013,6.94476329954e-05,0,0,0.08,0.00734832882881,2026-09-08T22:27:07.472733+00:00,study3b_fifo_runtime_v1
56678,C_6059,2012,2013,0.000211528677028,0,0,0.08,0.00734832882881,2026-09-08T22:27:07.472733+00:00,study3b_fifo_runtime_v1
56698,C_6060,2012,2013,5.35814297109e-06,0,0,0.08,0.00734832882881,2026-09-08T22:27:07.472733+00:00,study3b_fifo_runtime_v1
56714,C_6063,2012,2013,0.000263258261839,0,0,0.08,0.00734832882881,2026-09-08T22:27:07.472733+00:00,study3b_fifo_runtime_v1
56732,C_6066,2012,2013,0.000295449077385,0,0,0.08,0.00734832882881,2026-09-08T22:27:07.472733+00:00,study3b_fifo_runtime_v1
56761,C_6070,2012,2013,2.97869119095e-05,0,0,0.08,0.00734832882881,2026-09-08T22:27:07.472733+00:00,study3b_fifo_runtime_v1
56791,C_6073,2012,2013,0.000904625456315,0,0,0.08,0.00734832882881,2026-09-08T22:27:07.472733+00:00,study3b_fifo_runtime_v1
56812,C_6075,2012,2013,0.000663354236167,0,0,0.08,0.00734832882881,2026-09-08T22:27:07.472733+00:00,study3b_fifo_runtime_v1
56832,C_6076,2012,2013,6.84952174197e-05,0,0,0.08,0.00734832882881,2026-09-08T22:27:07.472733+00:00,study3b_fifo_runtime_v1
56864,C_6080,2012,2013,0.00238814414479,0,0,0.08,0.00734832882881,2026-09-08T22:27:07.472733+00:00,study3b_fifo_runtime_v1
56888,C_6082,2012,2013,4.01798642997e-05,0,0,0.08,0.00734832882881,2026-09-08T22:27:07.472733+00:00,study3b_fifo_runtime_v1
56907,C_6084,2012,2013,0.00232186797075,0,0,0.08,0.00734832882881,2026-09-08T22:27:07.472733+00:00,study3b_fifo_runtime_v1
56921,C_6085,2012,2013,4.21322147304e-05,0,0,0.08,0.00734832882881,2026-09-08T22:27:07.472733+00:00,study3b_fifo_runtime_v1
56941,C_6086,2012,2013,2.91272244795e-05,0,0,0.08,0.00734832882881,2026-09-08T22:27:07.472733+00:00,study3b_fifo_runtime_v1
56982,C_6090,2012,2013,2.00550475711e-05,0,0,0.08,0.00734832882881,2026-09-08T22:27:07.472733+00:00,study3b_fifo_runtime_v1
57036,C_6098,2012,2013,0.373811036348,1,1,0.08,0.00734832882881,2026-09-08T22:27:07.472733+00:00,study3b_fifo_runtime_v1
57063,C_6101,2012,2013,0.0138318156824,0,1,0.08,0.00734832882881,2026-09-08T22:27:07.472733+00:00,study3b_fifo_runtime_v1
57078,C_6102,2012,2013,4.15682297898e-05,0,0,0.08,0.00734832882881,2026-09-08T22:27:07.472733+00:00,study3b_fifo_runtime_v1
57090,C_6103,2012,2013,0.019915163517,0,1,0.08,0.00734832882881,2026-09-08T22:27:07.472733+00:00,study3b_fifo_runtime_v1
57130,C_6106,2012,2013,0.000288758688839,0,0,0.08,0.00734832882881,2026-09-08T22:27:07.472733+00:00,study3b_fifo_runtime_v1
57150,C_6107,2012,2013,0.0040298528038,0,0,0.08,0.00734832882881,2026-09-08T22:27:07.472733+00:00,study3b_fifo_runtime_v1
57164,C_6108,2012,2013,1.79769322131e-05,0,0,0.08,0.00734832882881,2026-09-08T22:27:07.472733+00:00,study3b_fifo_runtime_v1
57209,C_6114,2012,2013,1.28233104988e-05,0,0,0.08,0.00734832882881,2026-09-08T22:27:07.472733+00:00,study3b_fifo_runtime_v1
57234,C_6117,2012,2013,1.07894802568e-05,0,0,0.08,0.00734832882881,2026-09-08T22:27:07.472733+00:00,study3b_fifo_runtime_v1
57257,C_6120,2012,2013,0.00186255574226,0,0,0.08,0.00734832882881,2026-09-08T22:27:07.472733+00:00,study3b_fifo_runtime_v1
57270,C_6121,2012,2013,0.00068977358751,0,0,0.08,0.00734832882881,2026-09-08T22:27:07.472733+00:00,study3b_fifo_runtime_v1
57313,C_6125,2012,2013,0.00139273575041,0,0,0.08,0.00734832882881,2026-09-08T22:27:07.472733+00:00,study3b_fifo_runtime_v1
57342,C_6127,2012,2013,5.36208353878e-05,0,0,0.08,0.00734832882881,2026-09-08T22:27:07.472733+00:00,study3b_fifo_runtime_v1
57368,C_6131,2012,2013,0.00010022319475,0,0,0.08,0.00734832882881,2026-09-08T22:27:07.472733+00:00,study3b_fifo_runtime_v1
57382,C_6132,2012,2013,3.88736189052e-05,0,0,0.08,0.00734832882881,2026-09-08T22:27:07.472733+00:00,study3b_fifo_runtime_v1
57402,C_6133,2012,2013,2.67654449999e-05,0,0,0.08,0.00734832882881,2026-09-08T22:27:07.472733+00:00,study3b_fifo_runtime_v1
57477,C_6143,2012,2013,2.46170038736e-05,0,0,0.08,0.00734832882881,2026-09-08T22:27:07.472733+00:00,study3b_fifo_runtime_v1
57510,C_6147,2012,2013,0.000257843203144,0,0,0.08,0.00734832882881,2026-09-08T22:27:07.472733+00:00,study3b_fifo_runtime_v1
57526,C_6148,2012,2013,0.00738123105839,0,1,0.08,0.00734832882881,2026-09-08T22:27:07.472733+00:00,study3b_fifo_runtime_v1
57541,C_6149,2012,2013,0.00526077719405,0,0,0.08,0.00734832882881,2026-09-08T22:27:07.472733+00:00,study3b_fifo_runtime_v1
57561,C_6152,2012,2013,0.000188514764886,0,0,0.08,0.00734832882881,2026-09-08T22:27:07.472733+00:00,study3b_fifo_runtime_v1
57599,C_6156,2012,2013,0.00099666218739,0,0,0.08,0.00734832882881,2026-09-08T22:27:07.472733+00:00,study3b_fifo_runtime_v1
57636,C_6164,2012,2013,0.000128624669742,0,0,0.08,0.00734832882881,2026-09-08T22:27:07.472733+00:00,study3b_fifo_runtime_v1
57651,C_6165,2012,2013,0.00193825445604,0,0,0.08,0.00734832882881,2026-09-08T22:27:07.472733+00:00,study3b_fifo_runtime_v1
57670,C_6168,2012,2013,0.00360393803567,0,0,0.08,0.00734832882881,2026-09-08T22:27:07.472733+00:00,study3b_fifo_runtime_v1
57749,C_6177,2012,2013,0.000165840378031,0,0,0.08,0.00734832882881,2026-09-08T22:27:07.472733+00:00,study3b_fifo_runtime_v1
57771,C_6179,2012,2013,3.17235935654e-05,0,0,0.08,0.00734832882881,2026-09-08T22:27:07.472733+00:00,study3b_fifo_runtime_v1
57824,C_6185,2012,2013,0.00163201207761,0,0,0.08,0.00734832882881,2026-09-08T22:27:07.472733+00:00,study3b_fifo_runtime_v1
57862,C_6188,2012,2013,0.191049024463,1,1,0.08,0.00734832882881,2026-09-08T22:27:07.472733+00:00,study3b_fifo_runtime_v1
57924,C_6197,2012,2013,0.000975454517175,0,0,0.08,0.00734832882881,2026-09-08T22:27:07.472733+00:00,study3b_fifo_runtime_v1
57963,C_6201,2012,2013,0.000115483686386,0,0,0.08,0.00734832882881,2026-09-08T22:27:07.472733+00:00,study3b_fifo_runtime_v1
57976,C_6202,2012,2013,0.00163841142785,0,0,0.08,0.00734832882881,2026-09-08T22:27:07.472733+00:00,study3b_fifo_runtime_v1
58006,C_6205,2012,2013,0.00124344555661,0,0,0.08,0.00734832882881,2026-09-08T22:27:07.472733+00:00,study3b_fifo_runtime_v1
58023,C_6207,2012,2013,1.0621304682e-05,0,0,0.08,0.00734832882881,2026-09-08T22:27:07.472733+00:00,study3b_fifo_runtime_v1
58040,C_6208,2012,2013,8.45899849082e-05,0,0,0.08,0.00734832882881,2026-09-08T22:27:07.472733+00:00,study3b_fifo_runtime_v1
58058,C_6209,2012,2013,0.000474309170386,0,0,0.08,0.00734832882881,2026-09-08T22:27:07.472733+00:00,study3b_fifo_runtime_v1
58097,C_6214,2012,2013,0.000322287320159,0,0,0.08,0.00734832882881,2026-09-08T22:27:07.472733+00:00,study3b_fifo_runtime_v1
58129,C_6221,2012,2013,0.000472392275697,0,0,0.08,0.00734832882881,2026-09-08T22:27:07.472733+00:00,study3b_fifo_runtime_v1
58165,C_6225,2012,2013,0.00103655364364,0,0,0.08,0.00734832882881,2026-09-08T22:27:07.472733+00:00,study3b_fifo_runtime_v1
58182,C_6226,2012,2013,1.16801702461e-05,0,0,0.08,0.00734832882881,2026-09-08T22:27:07.472733+00:00,study3b_fifo_runtime_v1
58226,C_6233,2012,2013,1.46476659211e-05,0,0,0.08,0.00734832882881,2026-09-08T22:27:07.472733+00:00,study3b_fifo_runtime_v1
58244,C_6235,2012,2013,0.000234410515986,0,0,0.08,0.00734832882881,2026-09-08T22:27:07.472733+00:00,study3b_fifo_runtime_v1
58260,C_6237,2012,2013,0.000516061147209,0,0,0.08,0.00734832882881,2026-09-08T22:27:07.472733+00:00,study3b_fifo_runtime_v1
58286,C_6240,2012,2013,0.000144036777783,0,0,0.08,0.00734832882881,2026-09-08T22:27:07.472733+00:00,study3b_fifo_runtime_v1
58306,C_6241,2012,2013,0.00085252057761,0,0,0.08,0.00734832882881,2026-09-08T22:27:07.472733+00:00,study3b_fifo_runtime_v1
58368,C_6249,2012,2013,8.04754108685e-06,0,0,0.08,0.00734832882881,2026-09-08T22:27:07.472733+00:00,study3b_fifo_runtime_v1
58406,C_6255,2012,2013,0.00222690589726,0,0,0.08,0.00734832882881,2026-09-08T22:27:07.472733+00:00,study3b_fifo_runtime_v1
58432,C_6257,2012,2013,0.000138288174639,0,0,0.08,0.00734832882881,2026-09-08T22:27:07.472733+00:00,study3b_fifo_runtime_v1
58454,C_6259,2012,2013,0.0019221965922,0,0,0.08,0.00734832882881,2026-09-08T22:27:07.472733+00:00,study3b_fifo_runtime_v1
58472,C_6262,2012,2013,0.000936497235671,0,0,0.08,0.00734832882881,2026-09-08T22:27:07.472733+00:00,study3b_fifo_runtime_v1
58491,C_6264,2012,2013,0.00487618194893,0,0,0.08,0.00734832882881,2026-09-08T22:27:07.472733+00:00,study3b_fifo_runtime_v1
58518,C_6267,2012,2013,0.000330851325998,0,0,0.08,0.00734832882881,2026-09-08T22:27:07.472733+00:00,study3b_fifo_runtime_v1
58530,C_6268,2012,2013,0.000131934168166,0,0,0.08,0.00734832882881,2026-09-08T22:27:07.472733+00:00,study3b_fifo_runtime_v1
58547,C_6270,2012,2013,3.28754176735e-05,0,0,0.08,0.00734832882881,2026-09-08T22:27:07.472733+00:00,study3b_fifo_runtime_v1
58567,C_6271,2012,2013,0.000774532963987,0,0,0.08,0.00734832882881,2026-09-08T22:27:07.472733+00:00,study3b_fifo_runtime_v1
58609,C_6274,2012,2013,0.0106492340565,0,1,0.08,0.00734832882881,2026-09-08T22:27:07.472733+00:00,study3b_fifo_runtime_v1
58636,C_6278,2012,2013,3.86548890674e-05,0,0,0.08,0.00734832882881,2026-09-08T22:27:07.472733+00:00,study3b_fifo_runtime_v1
58662,C_6280,2012,2013,5.92221585975e-05,0,0,0.08,0.00734832882881,2026-09-08T22:27:07.472733+00:00,study3b_fifo_runtime_v1
58694,C_6282,2012,2013,2.34712442762e-05,0,0,0.08,0.00734832882881,2026-09-08T22:27:07.472733+00:00,study3b_fifo_runtime_v1
58717,C_6285,2012,2013,1.86449578905e-05,0,0,0.08,0.00734832882881,2026-09-08T22:27:07.472733+00:00,study3b_fifo_runtime_v1
58743,C_6287,2012,2013,0.000175490917172,0,0,0.08,0.00734832882881,2026-09-08T22:27:07.472733+00:00,study3b_fifo_runtime_v1
58766,C_6289,2012,2013,0.000401559256716,0,0,0.08,0.00734832882881,2026-09-08T22:27:07.472733+00:00,study3b_fifo_runtime_v1
58779,C_6290,2012,2013,0.000102417463495,0,0,0.08,0.00734832882881,2026-09-08T22:27:07.472733+00:00,study3b_fifo_runtime_v1
58801,C_6292,2012,2013,9.8431679362e-05,0,0,0.08,0.00734832882881,2026-09-08T22:27:07.472733+00:00,study3b_fifo_runtime_v1
58830,C_6295,2012,2013,0.00154279766139,0,0,0.08,0.00734832882881,2026-09-08T22:27:07.472733+00:00,study3b_fifo_runtime_v1
58853,C_6297,2012,2013,0.000269740470685,0,0,0.08,0.00734832882881,2026-09-08T22:27:07.472733+00:00,study3b_fifo_runtime_v1
58908,C_6304,2012,2013,1.02552539829e-05,0,0,0.08,0.00734832882881,2026-09-08T22:27:07.472733+00:00,study3b_fifo_runtime_v1
58955,C_6309,2012,2013,0.000110040877189,0,0,0.08,0.00734832882881,2026-09-08T22:27:07.472733+00:00,study3b_fifo_runtime_v1
58995,C_6315,2012,2013,0.0122344940901,0,1,0.08,0.00734832882881,2026-09-08T22:27:07.472733+00:00,study3b_fifo_runtime_v1
59028,C_6322,2012,2013,0.00766742415726,0,1,0.08,0.00734832882881,2026-09-08T22:27:07.472733+00:00,study3b_fifo_runtime_v1
59049,C_6324,2012,2013,0.000414710841142,0,0,0.08,0.00734832882881,2026-09-08T22:27:07.472733+00:00,study3b_fifo_runtime_v1
59105,C_6330,2012,2013,1.104212879e-05,0,0,0.08,0.00734832882881,2026-09-08T22:27:07.472733+00:00,study3b_fifo_runtime_v1
59127,C_6332,2012,2013,0.000225946772844,0,0,0.08,0.00734832882881,2026-09-08T22:27:07.472733+00:00,study3b_fifo_runtime_v1
59147,C_6333,2012,2013,6.29248461337e-05,0,0,0.08,0.00734832882881,2026-09-08T22:27:07.472733+00:00,study3b_fifo_runtime_v1
59176,C_6335,2012,2013,0.0199317429215,0,1,0.08,0.00734832882881,2026-09-08T22:27:07.472733+00:00,study3b_fifo_runtime_v1
59193,C_6337,2012,2013,0.000281948567135,0,0,0.08,0.00734832882881,2026-09-08T22:27:07.472733+00:00,study3b_fifo_runtime_v1
59213,C_6340,2012,2013,0.000244213588303,0,0,0.08,0.00734832882881,2026-09-08T22:27:07.472733+00:00,study3b_fifo_runtime_v1
59279,C_6349,2012,2013,4.26336082455e-05,0,0,0.08,0.00734832882881,2026-09-08T22:27:07.472733+00:00,study3b_fifo_runtime_v1
59313,C_6353,2012,2013,8.91206946108e-05,0,0,0.08,0.00734832882881,2026-09-08T22:27:07.472733+00:00,study3b_fifo_runtime_v1
59345,C_6355,2012,2013,4.16216971644e-05,0,0,0.08,0.00734832882881,2026-09-08T22:27:07.472733+00:00,study3b_fifo_runtime_v1
59373,C_6359,2012,2013,3.96294963139e-05,0,0,0.08,0.00734832882881,2026-09-08T22:27:07.472733+00:00,study3b_fifo_runtime_v1
59398,C_6361,2012,2013,0.0446294806898,0,1,0.08,0.00734832882881,2026-09-08T22:27:07.472733+00:00,study3b_fifo_runtime_v1
59431,C_6365,2012,2013,0.00033807894215,0,0,0.08,0.00734832882881,2026-09-08T22:27:07.472733+00:00,study3b_fifo_runtime_v1
59451,C_6366,2012,2013,7.54651591706e-06,0,0,0.08,0.00734832882881,2026-09-08T22:27:07.472733+00:00,study3b_fifo_runtime_v1
59469,C_6368,2012,2013,2.57924693869e-05,0,0,0.08,0.00734832882881,2026-09-08T22:27:07.472733+00:00,study3b_fifo_runtime_v1
59495,C_6370,2012,2013,0.000600091705564,0,0,0.08,0.00734832882881,2026-09-08T22:27:07.472733+00:00,study3b_fifo_runtime_v1
59504,C_6371,2012,2013,0.000110112210677,0,0,0.08,0.00734832882881,2026-09-08T22:27:07.472733+00:00,study3b_fifo_runtime_v1
59563,C_6380,2012,2013,0.0175724383444,0,1,0.08,0.00734832882881,2026-09-08T22:27:07.472733+00:00,study3b_fifo_runtime_v1
59593,C_6384,2012,2013,4.47266256742e-06,0,0,0.08,0.00734832882881,2026-09-08T22:27:07.472733+00:00,study3b_fifo_runtime_v1
59667,C_6393,2012,2013,0.000620317237917,0,0,0.08,0.00734832882881,2026-09-08T22:27:07.472733+00:00,study3b_fifo_runtime_v1
59702,C_6397,2012,2013,0.000175978697371,0,0,0.08,0.00734832882881,2026-09-08T22:27:07.472733+00:00,study3b_fifo_runtime_v1
59753,C_6403,2012,2013,2.20867605094e-05,0,0,0.08,0.00734832882881,2026-09-08T22:27:07.472733+00:00,study3b_fifo_runtime_v1
59786,C_6406,2012,2013,0.00127294147387,0,0,0.08,0.00734832882881,2026-09-08T22:27:07.472733+00:00,study3b_fifo_runtime_v1
59810,C_6408,2012,2013,3.30004113493e-05,0,0,0.08,0.00734832882881,2026-09-08T22:27:07.472733+00:00,study3b_fifo_runtime_v1
59844,C_6411,2012,2013,0.000456292327726,0,0,0.08,0.00734832882881,2026-09-08T22:27:07.472733+00:00,study3b_fifo_runtime_v1
59864,C_6413,2012,2013,0.00564540177584,0,0,0.08,0.00734832882881,2026-09-08T22:27:07.472733+00:00,study3b_fifo_runtime_v1
59900,C_6417,2012,2013,0.000328081456246,0,0,0.08,0.00734832882881,2026-09-08T22:27:07.472733+00:00,study3b_fifo_runtime_v1
59920,C_6418,2012,2013,0.00352569669485,0,0,0.08,0.00734832882881,2026-09-08T22:27:07.472733+00:00,study3b_fifo_runtime_v1
59962,C_6421,2012,2013,0.000568988674786,0,0,0.08,0.00734832882881,2026-09-08T22:27:07.472733+00:00,study3b_fifo_runtime_v1
59994,C_6425,2012,2013,9.72325797193e-05,0,0,0.08,0.00734832882881,2026-09-08T22:27:07.472733+00:00,study3b_fifo_runtime_v1
60014,C_6426,2012,2013,2.39424680331e-05,0,0,0.08,0.00734832882881,2026-09-08T22:27:07.472733+00:00,study3b_fifo_runtime_v1
60038,C_6428,2012,2013,0.000451678672107,0,0,0.08,0.00734832882881,2026-09-08T22:27:07.472733+00:00,study3b_fifo_runtime_v1
60054,C_6429,2012,2013,0.000709686020855,0,0,0.08,0.00734832882881,2026-09-08T22:27:07.472733+00:00,study3b_fifo_runtime_v1
60092,C_6435,2012,2013,0.000100217090221,0,0,0.08,0.00734832882881,2026-09-08T22:27:07.472733+00:00,study3b_fifo_runtime_v1
60117,C_6437,2012,2013,3.14782191708e-05,0,0,0.08,0.00734832882881,2026-09-08T22:27:07.472733+00:00,study3b_fifo_runtime_v1
60135,C_6438,2012,2013,0.000346220593201,0,0,0.08,0.00734832882881,2026-09-08T22:27:07.472733+00:00,study3b_fifo_runtime_v1
60204,C_6447,2012,2013,6.1648323026e-05,0,0,0.08,0.00734832882881,2026-09-08T22:27:07.472733+00:00,study3b_fifo_runtime_v1
60223,C_6450,2012,2013,7.11929351382e-06,0,0,0.08,0.00734832882881,2026-09-08T22:27:07.472733+00:00,study3b_fifo_runtime_v1
60312,C_6464,2012,2013,1.64809043781e-05,0,0,0.08,0.00734832882881,2026-09-08T22:27:07.472733+00:00,study3b_fifo_runtime_v1
60334,C_6466,2012,2013,0.000342081679264,0,0,0.08,0.00734832882881,2026-09-08T22:27:07.472733+00:00,study3b_fifo_runtime_v1
60341,C_6467,2012,2013,0.000256427942077,0,0,0.08,0.00734832882881,2026-09-08T22:27:07.472733+00:00,study3b_fifo_runtime_v1
60363,C_6469,2012,2013,2.84934703814e-05,0,0,0.08,0.00734832882881,2026-09-08T22:27:07.472733+00:00,study3b_fifo_runtime_v1
60382,C_6470,2012,2013,0.000165037636179,0,0,0.08,0.00734832882881,2026-09-08T22:27:07.472733+00:00,study3b_fifo_runtime_v1
60410,C_6472,2012,2013,0.000194521984668,0,0,0.08,0.00734832882881,2026-09-08T22:27:07.472733+00:00,study3b_fifo_runtime_v1
60435,C_6474,2012,2013,0.00065386883216,0,0,0.08,0.00734832882881,2026-09-08T22:27:07.472733+00:00,study3b_fifo_runtime_v1
60516,C_6486,2012,2013,0.000178205737029,0,0,0.08,0.00734832882881,2026-09-08T22:27:07.472733+00:00,study3b_fifo_runtime_v1
60536,C_6487,2012,2013,1.53091586981e-05,0,0,0.08,0.00734832882881,2026-09-08T22:27:07.472733+00:00,study3b_fifo_runtime_v1
60591,C_6495,2012,2013,0.000119633827126,0,0,0.08,0.00734832882881,2026-09-08T22:27:07.472733+00:00,study3b_fifo_runtime_v1
60624,C_6498,2012,2013,0.000263193476712,0,0,0.08,0.00734832882881,2026-09-08T22:27:07.472733+00:00,study3b_fifo_runtime_v1
60640,C_6499,2012,2013,9.90932167042e-05,0,0,0.08,0.00734832882881,2026-09-08T22:27:07.472733+00:00,study3b_fifo_runtime_v1
60707,C_6510,2012,2013,4.1964911361e-05,0,0,0.08,0.00734832882881,2026-09-08T22:27:07.472733+00:00,study3b_fifo_runtime_v1
60736,C_6513,2012,2013,5.68723153265e-05,0,0,0.08,0.00734832882881,2026-09-08T22:27:07.472733+00:00,study3b_fifo_runtime_v1
60757,C_6515,2012,2013,0.000529885001015,0,0,0.08,0.00734832882881,2026-09-08T22:27:07.472733+00:00,study3b_fifo_runtime_v1
60794,C_6520,2012,2013,0.000365960062481,0,0,0.08,0.00734832882881,2026-09-08T22:27:07.472733+00:00,study3b_fifo_runtime_v1
60838,C_6527,2012,2013,0.00212892587297,0,0,0.08,0.00734832882881,2026-09-08T22:27:07.472733+00:00,study3b_fifo_runtime_v1
60856,C_6528,2012,2013,0.000121008575661,0,0,0.08,0.00734832882881,2026-09-08T22:27:07.472733+00:00,study3b_fifo_runtime_v1
60910,C_6536,2012,2013,0.000810539582744,0,0,0.08,0.00734832882881,2026-09-08T22:27:07.472733+00:00,study3b_fifo_runtime_v1
60927,C_6538,2012,2013,3.9185903006e-05,0,0,0.08,0.00734832882881,2026-09-08T22:27:07.472733+00:00,study3b_fifo_runtime_v1
60947,C_6539,2012,2013,2.00131253223e-05,0,0,0.08,0.00734832882881,2026-09-08T22:27:07.472733+00:00,study3b_fifo_runtime_v1
60970,C_6542,2012,2013,8.1914358816e-06,0,0,0.08,0.00734832882881,2026-09-08T22:27:07.472733+00:00,study3b_fifo_runtime_v1
60983,C_6543,2012,2013,0.000140734075103,0,0,0.08,0.00734832882881,2026-09-08T22:27:07.472733+00:00,study3b_fifo_runtime_v1
61003,C_6545,2012,2013,0.000730991072487,0,0,0.08,0.00734832882881,2026-09-08T22:27:07.472733+00:00,study3b_fifo_runtime_v1
61068,C_6555,2012,2013,0.000318441219861,0,0,0.08,0.00734832882881,2026-09-08T22:27:07.472733+00:00,study3b_fifo_runtime_v1
61087,C_6556,2012,2013,0.000103858656075,0,0,0.08,0.00734832882881,2026-09-08T22:27:07.472733+00:00,study3b_fifo_runtime_v1
61130,C_6560,2012,2013,0.000684437167365,0,0,0.08,0.00734832882881,2026-09-08T22:27:07.472733+00:00,study3b_fifo_runtime_v1
61183,C_6568,2012,2013,0.000102114434412,0,0,0.08,0.00734832882881,2026-09-08T22:27:07.472733+00:00,study3b_fifo_runtime_v1
61198,C_6570,2012,2013,0.000267728115432,0,0,0.08,0.00734832882881,2026-09-08T22:27:07.472733+00:00,study3b_fifo_runtime_v1
61248,C_6579,2012,2013,5.98591350354e-06,0,0,0.08,0.00734832882881,2026-09-08T22:27:07.472733+00:00,study3b_fifo_runtime_v1
61277,C_6583,2012,2013,1.80550287041e-05,0,0,0.08,0.00734832882881,2026-09-08T22:27:07.472733+00:00,study3b_fifo_runtime_v1
61294,C_6584,2012,2013,1.6885349396e-05,0,0,0.08,0.00734832882881,2026-09-08T22:27:07.472733+00:00,study3b_fifo_runtime_v1
61314,C_6585,2012,2013,0.000567987270188,0,0,0.08,0.00734832882881,2026-09-08T22:27:07.472733+00:00,study3b_fifo_runtime_v1
61329,C_6586,2012,2013,1.991463796e-05,0,0,0.08,0.00734832882881,2026-09-08T22:27:07.472733+00:00,study3b_fifo_runtime_v1
61349,C_6587,2012,2013,7.58424212108e-05,0,0,0.08,0.00734832882881,2026-09-08T22:27:07.472733+00:00,study3b_fifo_runtime_v1
61373,C_6589,2012,2013,0.0021916681435,0,0,0.08,0.00734832882881,2026-09-08T22:27:07.472733+00:00,study3b_fifo_runtime_v1
61412,C_6595,2012,2013,9.28083100007e-05,0,0,0.08,0.00734832882881,2026-09-08T22:27:07.472733+00:00,study3b_fifo_runtime_v1
61464,C_6604,2012,2013,0.00033219481702,0,0,0.08,0.00734832882881,2026-09-08T22:27:07.472733+00:00,study3b_fifo_runtime_v1
61480,C_6605,2012,2013,0.0002384820109,0,0,0.08,0.00734832882881,2026-09-08T22:27:07.472733+00:00,study3b_fifo_runtime_v1
61500,C_6606,2012,2013,0.000363322527846,0,0,0.08,0.00734832882881,2026-09-08T22:27:07.472733+00:00,study3b_fifo_runtime_v1
61520,C_6607,2012,2013,0.026730068028,0,1,0.08,0.00734832882881,2026-09-08T22:27:07.472733+00:00,study3b_fifo_runtime_v1
61538,C_6608,2012,2013,0.000291364907753,0,0,0.08,0.00734832882881,2026-09-08T22:27:07.472733+00:00,study3b_fifo_runtime_v1
61567,C_6611,2012,2013,0.00104359653778,0,0,0.08,0.00734832882881,2026-09-08T22:27:07.472733+00:00,study3b_fifo_runtime_v1
61597,C_6615,2012,2013,0.00739119388163,0,1,0.08,0.00734832882881,2026-09-08T22:27:07.472733+00:00,study3b_fifo_runtime_v1
61617,C_6616,2012,2013,0.000151321306475,0,0,0.08,0.00734832882881,2026-09-08T22:27:07.472733+00:00,study3b_fifo_runtime_v1
61661,C_6620,2012,2013,0.00730271218345,0,0,0.08,0.00734832882881,2026-09-08T22:27:07.472733+00:00,study3b_fifo_runtime_v1
61694,C_6624,2012,2013,5.88823058933e-05,0,0,0.08,0.00734832882881,2026-09-08T22:27:07.472733+00:00,study3b_fifo_runtime_v1
61717,C_6626,2012,2013,0.000194688545889,0,0,0.08,0.00734832882881,2026-09-08T22:27:07.472733+00:00,study3b_fifo_runtime_v1
61737,C_6627,2012,2013,4.22925513703e-05,0,0,0.08,0.00734832882881,2026-09-08T22:27:07.472733+00:00,study3b_fifo_runtime_v1
61770,C_6630,2012,2013,0.000188045902178,0,0,0.08,0.00734832882881,2026-09-08T22:27:07.472733+00:00,study3b_fifo_runtime_v1
61790,C_6631,2012,2013,8.54129539221e-05,0,0,0.08,0.00734832882881,2026-09-08T22:27:07.472733+00:00,study3b_fifo_runtime_v1
61817,C_6633,2012,2013,0.00023995617812,0,0,0.08,0.00734832882881,2026-09-08T22:27:07.472733+00:00,study3b_fifo_runtime_v1
61842,C_6637,2012,2013,0.000197300410946,0,0,0.08,0.00734832882881,2026-09-08T22:27:07.472733+00:00,study3b_fifo_runtime_v1
61862,C_6639,2012,2013,3.76810712623e-05,0,0,0.08,0.00734832882881,2026-09-08T22:27:07.472733+00:00,study3b_fifo_runtime_v1
61882,C_6640,2012,2013,9.60185061558e-05,0,0,0.08,0.00734832882881,2026-09-08T22:27:07.472733+00:00,study3b_fifo_runtime_v1
61909,C_6643,2012,2013,9.68679887592e-05,0,0,0.08,0.00734832882881,2026-09-08T22:27:07.472733+00:00,study3b_fifo_runtime_v1
61950,C_6650,2012,2013,0.0181012861431,0,1,0.08,0.00734832882881,2026-09-08T22:27:07.472733+00:00,study3b_fifo_runtime_v1
61966,C_6651,2012,2013,0.00044649807387,0,0,0.08,0.00734832882881,2026-09-08T22:27:07.472733+00:00,study3b_fifo_runtime_v1
61986,C_6652,2012,2013,0.00010720926366,0,0,0.08,0.00734832882881,2026-09-08T22:27:07.472733+00:00,study3b_fifo_runtime_v1
62016,C_6655,2012,2013,6.4975793066e-05,0,0,0.08,0.00734832882881,2026-09-08T22:27:07.472733+00:00,study3b_fifo_runtime_v1
62028,C_6656,2012,2013,0.000247805466643,0,0,0.08,0.00734832882881,2026-09-08T22:27:07.472733+00:00,study3b_fifo_runtime_v1
62072,C_6662,2012,2013,4.82557625219e-05,0,0,0.08,0.00734832882881,2026-09-08T22:27:07.472733+00:00,study3b_fifo_runtime_v1
62109,C_6665,2012,2013,0.00128981668968,0,0,0.08,0.00734832882881,2026-09-08T22:27:07.472733+00:00,study3b_fifo_runtime_v1
62138,C_6671,2012,2013,0.000612578412984,0,0,0.08,0.00734832882881,2026-09-08T22:27:07.472733+00:00,study3b_fifo_runtime_v1
62230,C_6684,2012,2013,0.0011561390711,0,0,0.08,0.00734832882881,2026-09-08T22:27:07.472733+00:00,study3b_fifo_runtime_v1
62254,C_6687,2012,2013,0.00012635118037,0,0,0.08,0.00734832882881,2026-09-08T22:27:07.472733+00:00,study3b_fifo_runtime_v1
62272,C_6691,2012,2013,0.00194279209245,0,0,0.08,0.00734832882881,2026-09-08T22:27:07.472733+00:00,study3b_fifo_runtime_v1
62294,C_6693,2012,2013,8.98287762539e-05,0,0,0.08,0.00734832882881,2026-09-08T22:27:07.472733+00:00,study3b_fifo_runtime_v1
62331,C_6699,2012,2013,0.000533079553861,0,0,0.08,0.00734832882881,2026-09-08T22:27:07.472733+00:00,study3b_fifo_runtime_v1
62367,C_6704,2012,2013,2.10965463339e-05,0,0,0.08,0.00734832882881,2026-09-08T22:27:07.472733+00:00,study3b_fifo_runtime_v1
62428,C_6713,2012,2013,3.29620306729e-05,0,0,0.08,0.00734832882881,2026-09-08T22:27:07.472733+00:00,study3b_fifo_runtime_v1
62454,C_6715,2012,2013,0.00597326783463,0,0,0.08,0.00734832882881,2026-09-08T22:27:07.472733+00:00,study3b_fifo_runtime_v1
62516,C_6726,2012,2013,0.000163728764164,0,0,0.08,0.00734832882881,2026-09-08T22:27:07.472733+00:00,study3b_fifo_runtime_v1
62535,C_6728,2012,2013,0.000484341842821,0,0,0.08,0.00734832882881,2026-09-08T22:27:07.472733+00:00,study3b_fifo_runtime_v1
62590,C_6734,2012,2013,0.00556637113914,0,0,0.08,0.00734832882881,2026-09-08T22:27:07.472733+00:00,study3b_fifo_runtime_v1
62618,C_6738,2012,2013,0.000340547063388,0,0,0.08,0.00734832882881,2026-09-08T22:27:07.472733+00:00,study3b_fifo_runtime_v1
62678,C_6746,2012,2013,0.000204494499485,0,0,0.08,0.00734832882881,2026-09-08T22:27:07.472733+00:00,study3b_fifo_runtime_v1
62735,C_6755,2012,2013,0.000276927486993,0,0,0.08,0.00734832882881,2026-09-08T22:27:07.472733+00:00,study3b_fifo_runtime_v1
62766,C_6758,2012,2013,0.000338924350217,0,0,0.08,0.00734832882881,2026-09-08T22:27:07.472733+00:00,study3b_fifo_runtime_v1
62784,C_6760,2012,2013,0.0228433962911,0,1,0.08,0.00734832882881,2026-09-08T22:27:07.472733+00:00,study3b_fifo_runtime_v1
62809,C_6762,2012,2013,0.0100254993886,0,1,0.08,0.00734832882881,2026-09-08T22:27:07.472733+00:00,study3b_fifo_runtime_v1
62837,C_6767,2012,2013,6.81383389747e-05,0,0,0.08,0.00734832882881,2026-09-08T22:27:07.472733+00:00,study3b_fifo_runtime_v1
62866,C_6770,2012,2013,0.00120147538837,0,0,0.08,0.00734832882881,2026-09-08T22:27:07.472733+00:00,study3b_fifo_runtime_v1
62887,C_6773,2012,2013,0.0113534824923,0,1,0.08,0.00734832882881,2026-09-08T22:27:07.472733+00:00,study3b_fifo_runtime_v1
62920,C_6779,2012,2013,0.000405329861678,0,0,0.08,0.00734832882881,2026-09-08T22:27:07.472733+00:00,study3b_fifo_runtime_v1
62925,C_6780,2012,2013,0.0249906349927,0,1,0.08,0.00734832882881,2026-09-08T22:27:07.472733+00:00,study3b_fifo_runtime_v1
62951,C_6784,2012,2013,0.000131960143335,0,0,0.08,0.00734832882881,2026-09-08T22:27:07.472733+00:00,study3b_fifo_runtime_v1
62965,C_6785,2012,2013,1.25356382341e-05,0,0,0.08,0.00734832882881,2026-09-08T22:27:07.472733+00:00,study3b_fifo_runtime_v1
62981,C_6787,2012,2013,0.0273952465504,0,1,0.08,0.00734832882881,2026-09-08T22:27:07.472733+00:00,study3b_fifo_runtime_v1
62996,C_6788,2012,2013,8.88189460966e-05,0,0,0.08,0.00734832882881,2026-09-08T22:27:07.472733+00:00,study3b_fifo_runtime_v1
63015,C_6789,2012,2013,1.16614455692e-05,0,0,0.08,0.00734832882881,2026-09-08T22:27:07.472733+00:00,study3b_fifo_runtime_v1
63053,C_6794,2012,2013,6.85474005877e-05,0,0,0.08,0.00734832882881,2026-09-08T22:27:07.472733+00:00,study3b_fifo_runtime_v1
63067,C_6796,2012,2013,0.000269884709269,0,0,0.08,0.00734832882881,2026-09-08T22:27:07.472733+00:00,study3b_fifo_runtime_v1
63086,C_6797,2012,2013,1.16679657367e-05,0,0,0.08,0.00734832882881,2026-09-08T22:27:07.472733+00:00,study3b_fifo_runtime_v1
63105,C_6798,2012,2013,3.96719815399e-06,0,0,0.08,0.00734832882881,2026-09-08T22:27:07.472733+00:00,study3b_fifo_runtime_v1
63130,C_6800,2012,2013,7.09510059096e-05,0,0,0.08,0.00734832882881,2026-09-08T22:27:07.472733+00:00,study3b_fifo_runtime_v1
63177,C_6805,2012,2013,1.54269055201e-05,0,0,0.08,0.00734832882881,2026-09-08T22:27:07.472733+00:00,study3b_fifo_runtime_v1
63196,C_6806,2012,2013,5.04883901158e-05,0,0,0.08,0.00734832882881,2026-09-08T22:27:07.472733+00:00,study3b_fifo_runtime_v1
63219,C_6808,2012,2013,1.6743733795e-05,0,0,0.08,0.00734832882881,2026-09-08T22:27:07.472733+00:00,study3b_fifo_runtime_v1
63237,C_6809,2012,2013,0.000378639582777,0,0,0.08,0.00734832882881,2026-09-08T22:27:07.472733+00:00,study3b_fifo_runtime_v1
63269,C_6812,2012,2013,0.000613902229816,0,0,0.08,0.00734832882881,2026-09-08T22:27:07.472733+00:00,study3b_fifo_runtime_v1
63288,C_6813,2012,2013,2.55111972365e-05,0,0,0.08,0.00734832882881,2026-09-08T22:27:07.472733+00:00,study3b_fifo_runtime_v1
63307,C_6814,2012,2013,4.42825657956e-05,0,0,0.08,0.00734832882881,2026-09-08T22:27:07.472733+00:00,study3b_fifo_runtime_v1
63326,C_6815,2012,2013,0.000823161331937,0,0,0.08,0.00734832882881,2026-09-08T22:27:07.472733+00:00,study3b_fifo_runtime_v1
63358,C_6818,2012,2013,0.117919750512,1,1,0.08,0.00734832882881,2026-09-08T22:27:07.472733+00:00,study3b_fifo_runtime_v1
63389,C_6820,2012,2013,0.000181953029823,0,0,0.08,0.00734832882881,2026-09-08T22:27:07.472733+00:00,study3b_fifo_runtime_v1
63425,C_6824,2012,2013,3.9390350139e-05,0,0,0.08,0.00734832882881,2026-09-08T22:27:07.472733+00:00,study3b_fifo_runtime_v1
63446,C_6826,2012,2013,3.06111178361e-05,0,0,0.08,0.00734832882881,2026-09-08T22:27:07.472733+00:00,study3b_fifo_runtime_v1
63494,C_6831,2012,2013,0.000697546172887,0,0,0.08,0.00734832882881,2026-09-08T22:27:07.472733+00:00,study3b_fifo_runtime_v1
63516,C_6835,2012,2013,0.000603965716437,0,0,0.08,0.00734832882881,2026-09-08T22:27:07.472733+00:00,study3b_fifo_runtime_v1
63551,C_6842,2012,2013,0.0162041094154,0,1,0.08,0.00734832882881,2026-09-08T22:27:07.472733+00:00,study3b_fifo_runtime_v1
63584,C_6845,2012,2013,0.0012482800521,0,0,0.08,0.00734832882881,2026-09-08T22:27:07.472733+00:00,study3b_fifo_runtime_v1
63606,C_6848,2012,2013,0.000294731231406,0,0,0.08,0.00734832882881,2026-09-08T22:27:07.472733+00:00,study3b_fifo_runtime_v1
63625,C_6849,2012,2013,3.50997870555e-05,0,0,0.08,0.00734832882881,2026-09-08T22:27:07.472733+00:00,study3b_fifo_runtime_v1
63663,C_6853,2012,2013,2.31834565056e-05,0,0,0.08,0.00734832882881,2026-09-08T22:27:07.472733+00:00,study3b_fifo_runtime_v1
63695,C_6856,2012,2013,9.77433737717e-05,0,0,0.08,0.00734832882881,2026-09-08T22:27:07.472733+00:00,study3b_fifo_runtime_v1
63710,C_6859,2012,2013,7.88066026871e-05,0,0,0.08,0.00734832882881,2026-09-08T22:27:07.472733+00:00,study3b_fifo_runtime_v1
63756,C_6864,2012,2013,0.000337197299814,0,0,0.08,0.00734832882881,2026-09-08T22:27:07.472733+00:00,study3b_fifo_runtime_v1
63787,C_6868,2012,2013,9.01903331396e-05,0,0,0.08,0.00734832882881,2026-09-08T22:27:07.472733+00:00,study3b_fifo_runtime_v1
63838,C_6873,2012,2013,4.31886401202e-05,0,0,0.08,0.00734832882881,2026-09-08T22:27:07.472733+00:00,study3b_fifo_runtime_v1
63857,C_6874,2012,2013,0.00180179590825,0,0,0.08,0.00734832882881,2026-09-08T22:27:07.472733+00:00,study3b_fifo_runtime_v1
63895,C_6879,2012,2013,0.0140718519688,0,1,0.08,0.00734832882881,2026-09-08T22:27:07.472733+00:00,study3b_fifo_runtime_v1
63904,C_6880,2012,2013,2.50206885539e-05,0,0,0.08,0.00734832882881,2026-09-08T22:27:07.472733+00:00,study3b_fifo_runtime_v1
63933,C_6883,2012,2013,3.10290306516e-06,0,0,0.08,0.00734832882881,2026-09-08T22:27:07.472733+00:00,study3b_fifo_runtime_v1
63958,C_6885,2012,2013,0.000211208258406,0,0,0.08,0.00734832882881,2026-09-08T22:27:07.472733+00:00,study3b_fifo_runtime_v1
63977,C_6886,2012,2013,0.00885789841413,0,1,0.08,0.00734832882881,2026-09-08T22:27:07.472733+00:00,study3b_fifo_runtime_v1
64008,C_6890,2012,2013,0.000267754308879,0,0,0.08,0.00734832882881,2026-09-08T22:27:07.472733+00:00,study3b_fifo_runtime_v1
64022,C_6892,2012,2013,0.000504972704221,0,0,0.08,0.00734832882881,2026-09-08T22:27:07.472733+00:00,study3b_fifo_runtime_v1
64038,C_6893,2012,2013,0.00128169369418,0,0,0.08,0.00734832882881,2026-09-08T22:27:07.472733+00:00,study3b_fifo_runtime_v1
64073,C_6897,2012,2013,0.000335549935699,0,0,0.08,0.00734832882881,2026-09-08T22:27:07.472733+00:00,study3b_fifo_runtime_v1
64092,C_6898,2012,2013,0.00769221084192,0,1,0.08,0.00734832882881,2026-09-08T22:27:07.472733+00:00,study3b_fifo_runtime_v1
64114,C_6902,2012,2013,0.000244458642555,0,0,0.08,0.00734832882881,2026-09-08T22:27:07.472733+00:00,study3b_fifo_runtime_v1
64133,C_6903,2012,2013,0.0115485312417,0,1,0.08,0.00734832882881,2026-09-08T22:27:07.472733+00:00,study3b_fifo_runtime_v1
64158,C_6905,2012,2013,7.77908426244e-05,0,0,0.08,0.00734832882881,2026-09-08T22:27:07.472733+00:00,study3b_fifo_runtime_v1
64194,C_6909,2012,2013,1.97780482267e-05,0,0,0.08,0.00734832882881,2026-09-08T22:27:07.472733+00:00,study3b_fifo_runtime_v1
64224,C_6914,2012,2013,0.00116644939408,0,0,0.08,0.00734832882881,2026-09-08T22:27:07.472733+00:00,study3b_fifo_runtime_v1
64240,C_6915,2012,2013,0.0218317154795,0,1,0.08,0.00734832882881,2026-09-08T22:27:07.472733+00:00,study3b_fifo_runtime_v1
64267,C_6918,2012,2013,0.0051809027791,0,0,0.08,0.00734832882881,2026-09-08T22:27:07.472733+00:00,study3b_fifo_runtime_v1
64281,C_6919,2012,2013,9.54911592999e-05,0,0,0.08,0.00734832882881,2026-09-08T22:27:07.472733+00:00,study3b_fifo_runtime_v1
64314,C_6925,2012,2013,0.0330024026334,0,1,0.08,0.00734832882881,2026-09-08T22:27:07.472733+00:00,study3b_fifo_runtime_v1
64363,C_6931,2012,2013,0.000323357468005,0,0,0.08,0.00734832882881,2026-09-08T22:27:07.472733+00:00,study3b_fifo_runtime_v1
64402,C_6935,2012,2013,3.14622739097e-05,0,0,0.08,0.00734832882881,2026-09-08T22:27:07.472733+00:00,study3b_fifo_runtime_v1
64421,C_6936,2012,2013,0.000221689188038,0,0,0.08,0.00734832882881,2026-09-08T22:27:07.472733+00:00,study3b_fifo_runtime_v1
64489,C_6945,2012,2013,0.00277610402554,0,0,0.08,0.00734832882881,2026-09-08T22:27:07.472733+00:00,study3b_fifo_runtime_v1
64514,C_6948,2012,2013,0.00148047122639,0,0,0.08,0.00734832882881,2026-09-08T22:27:07.472733+00:00,study3b_fifo_runtime_v1
64540,C_6952,2012,2013,0.000414656358771,0,0,0.08,0.00734832882881,2026-09-08T22:27:07.472733+00:00,study3b_fifo_runtime_v1
64567,C_6956,2012,2013,1.61493171618e-05,0,0,0.08,0.00734832882881,2026-09-08T22:27:07.472733+00:00,study3b_fifo_runtime_v1
64612,C_6961,2012,2013,0.000540253589861,0,0,0.08,0.00734832882881,2026-09-08T22:27:07.472733+00:00,study3b_fifo_runtime_v1
64669,C_6968,2012,2013,0.000534735794645,0,0,0.08,0.00734832882881,2026-09-08T22:27:07.472733+00:00,study3b_fifo_runtime_v1
64696,C_6971,2012,2013,0.000959131692071,0,0,0.08,0.00734832882881,2026-09-08T22:27:07.472733+00:00,study3b_fifo_runtime_v1
64744,C_6977,2012,2013,0.00184914423153,0,0,0.08,0.00734832882881,2026-09-08T22:27:07.472733+00:00,study3b_fifo_runtime_v1
64766,C_6979,2012,2013,0.0611287951469,0,1,0.08,0.00734832882881,2026-09-08T22:27:07.472733+00:00,study3b_fifo_runtime_v1
64786,C_6981,2012,2013,0.000127545077703,0,0,0.08,0.00734832882881,2026-09-08T22:27:07.472733+00:00,study3b_fifo_runtime_v1
64800,C_6982,2012,2013,0.0336387865245,0,1,0.08,0.00734832882881,2026-09-08T22:27:07.472733+00:00,study3b_fifo_runtime_v1
64814,C_6983,2012,2013,8.27925850899e-06,0,0,0.08,0.00734832882881,2026-09-08T22:27:07.472733+00:00,study3b_fifo_runtime_v1
64834,C_6986,2012,2013,0.000575774989557,0,0,0.08,0.00734832882881,2026-09-08T22:27:07.472733+00:00,study3b_fifo_runtime_v1
64867,C_6989,2012,2013,9.52498012339e-05,0,0,0.08,0.00734832882881,2026-09-08T22:27:07.472733+00:00,study3b_fifo_runtime_v1
64939,C_6998,2012,2013,0.000277071754681,0,0,0.08,0.00734832882881,2026-09-08T22:27:07.472733+00:00,study3b_fifo_runtime_v1
64952,C_6999,2012,2013,0.00288636400364,0,0,0.08,0.00734832882881,2026-09-08T22:27:07.472733+00:00,study3b_fifo_runtime_v1
64973,C_7003,2012,2013,0.000542785215657,0,0,0.08,0.00734832882881,2026-09-08T22:27:07.472733+00:00,study3b_fifo_runtime_v1
64985,C_7004,2012,2013,1.49807719936e-05,0,0,0.08,0.00734832882881,2026-09-08T22:27:07.472733+00:00,study3b_fifo_runtime_v1
65001,C_7005,2012,2013,0.000176267698407,0,0,0.08,0.00734832882881,2026-09-08T22:27:07.472733+00:00,study3b_fifo_runtime_v1
65025,C_7007,2012,2013,6.55139156152e-05,0,0,0.08,0.00734832882881,2026-09-08T22:27:07.472733+00:00,study3b_fifo_runtime_v1
65069,C_7011,2012,2013,6.73925096635e-05,0,0,0.08,0.00734832882881,2026-09-08T22:27:07.472733+00:00,study3b_fifo_runtime_v1
65086,C_7012,2012,2013,1.63323711604e-05,0,0,0.08,0.00734832882881,2026-09-08T22:27:07.472733+00:00,study3b_fifo_runtime_v1
65125,C_7017,2012,2013,0.000242709182203,0,0,0.08,0.00734832882881,2026-09-08T22:27:07.472733+00:00,study3b_fifo_runtime_v1
65170,C_7022,2012,2013,0.000264269037871,0,0,0.08,0.00734832882881,2026-09-08T22:27:07.472733+00:00,study3b_fifo_runtime_v1
65193,C_7024,2012,2013,9.37967342907e-05,0,0,0.08,0.00734832882881,2026-09-08T22:27:07.472733+00:00,study3b_fifo_runtime_v1
65251,C_7032,2012,2013,0.116947412491,1,1,0.08,0.00734832882881,2026-09-08T22:27:07.472733+00:00,study3b_fifo_runtime_v1
65285,C_7035,2012,2013,6.860949361e-05,0,0,0.08,0.00734832882881,2026-09-08T22:27:07.472733+00:00,study3b_fifo_runtime_v1
65312,C_7038,2012,2013,0.000179321548785,0,0,0.08,0.00734832882881,2026-09-08T22:27:07.472733+00:00,study3b_fifo_runtime_v1
65328,C_7039,2012,2013,8.14111335785e-05,0,0,0.08,0.00734832882881,2026-09-08T22:27:07.472733+00:00,study3b_fifo_runtime_v1
65359,C_7042,2012,2013,3.61211605195e-05,0,0,0.08,0.00734832882881,2026-09-08T22:27:07.472733+00:00,study3b_fifo_runtime_v1
65388,C_7046,2012,2013,1.10731552923e-05,0,0,0.08,0.00734832882881,2026-09-08T22:27:07.472733+00:00,study3b_fifo_runtime_v1
65402,C_7047,2012,2013,0.000126963175717,0,0,0.08,0.00734832882881,2026-09-08T22:27:07.472733+00:00,study3b_fifo_runtime_v1
65444,C_7051,2012,2013,7.55122382543e-05,0,0,0.08,0.00734832882881,2026-09-08T22:27:07.472733+00:00,study3b_fifo_runtime_v1
65462,C_7052,2012,2013,0.127892270684,1,1,0.08,0.00734832882881,2026-09-08T22:27:07.472733+00:00,study3b_fifo_runtime_v1
65496,C_7056,2012,2013,3.3942196751e-05,0,0,0.08,0.00734832882881,2026-09-08T22:27:07.472733+00:00,study3b_fifo_runtime_v1
65511,C_7057,2012,2013,0.000227331052884,0,0,0.08,0.00734832882881,2026-09-08T22:27:07.472733+00:00,study3b_fifo_runtime_v1
65580,C_7065,2012,2013,0.000166231024195,0,0,0.08,0.00734832882881,2026-09-08T22:27:07.472733+00:00,study3b_fifo_runtime_v1
65597,C_7066,2012,2013,1.84643420198e-06,0,0,0.08,0.00734832882881,2026-09-08T22:27:07.472733+00:00,study3b_fifo_runtime_v1
65651,C_7073,2012,2013,0.000715911213774,0,0,0.08,0.00734832882881,2026-09-08T22:27:07.472733+00:00,study3b_fifo_runtime_v1
65669,C_7075,2012,2013,0.000130992586492,0,0,0.08,0.00734832882881,2026-09-08T22:27:07.472733+00:00,study3b_fifo_runtime_v1
65684,C_7077,2012,2013,2.9740302125e-05,0,0,0.08,0.00734832882881,2026-09-08T22:27:07.472733+00:00,study3b_fifo_runtime_v1
65695,C_7078,2012,2013,3.93332129534e-06,0,0,0.08,0.00734832882881,2026-09-08T22:27:07.472733+00:00,study3b_fifo_runtime_v1
65717,C_7082,2012,2013,5.23467024323e-05,0,0,0.08,0.00734832882881,2026-09-08T22:27:07.472733+00:00,study3b_fifo_runtime_v1
65737,C_7084,2012,2013,0.000642667757347,0,0,0.08,0.00734832882881,2026-09-08T22:27:07.472733+00:00,study3b_fifo_runtime_v1
65757,C_7086,2012,2013,0.020191481337,0,1,0.08,0.00734832882881,2026-09-08T22:27:07.472733+00:00,study3b_fifo_runtime_v1
65772,C_7087,2012,2013,7.72262646933e-05,0,0,0.08,0.00734832882881,2026-09-08T22:27:07.472733+00:00,study3b_fifo_runtime_v1
65789,C_7088,2012,2013,0.0056503652595,0,0,0.08,0.00734832882881,2026-09-08T22:27:07.472733+00:00,study3b_fifo_runtime_v1
65812,C_7091,2012,2013,3.66567564924e-06,0,0,0.08,0.00734832882881,2026-09-08T22:27:07.472733+00:00,study3b_fifo_runtime_v1
65824,C_7092,2012,2013,0.000110660948849,0,0,0.08,0.00734832882881,2026-09-08T22:27:07.472733+00:00,study3b_fifo_runtime_v1
65840,C_7093,2012,2013,8.34243928693e-06,0,0,0.08,0.00734832882881,2026-09-08T22:27:07.472733+00:00,study3b_fifo_runtime_v1
65874,C_7097,2012,2013,0.000118930147437,0,0,0.08,0.00734832882881,2026-09-08T22:27:07.472733+00:00,study3b_fifo_runtime_v1
65892,C_7098,2012,2013,1.93521827896e-05,0,0,0.08,0.00734832882881,2026-09-08T22:27:07.472733+00:00,study3b_fifo_runtime_v1
65910,C_7100,2012,2013,0.0278416480869,0,1,0.08,0.00734832882881,2026-09-08T22:27:07.472733+00:00,study3b_fifo_runtime_v1
65928,C_7102,2012,2013,9.96708185994e-05,0,0,0.08,0.00734832882881,2026-09-08T22:27:07.472733+00:00,study3b_fifo_runtime_v1
65947,C_7104,2012,2013,1.4608028323e-05,0,0,0.08,0.00734832882881,2026-09-08T22:27:07.472733+00:00,study3b_fifo_runtime_v1
65974,C_7108,2012,2013,0.000103488797322,0,0,0.08,0.00734832882881,2026-09-08T22:27:07.472733+00:00,study3b_fifo_runtime_v1
66029,C_7115,2012,2013,0.00389500451274,0,0,0.08,0.00734832882881,2026-09-08T22:27:07.472733+00:00,study3b_fifo_runtime_v1
66046,C_7116,2012,2013,0.000169239589013,0,0,0.08,0.00734832882881,2026-09-08T22:27:07.472733+00:00,study3b_fifo_runtime_v1
66048,C_7117,2012,2013,0.00467626797035,0,0,0.08,0.00734832882881,2026-09-08T22:27:07.472733+00:00,study3b_fifo_runtime_v1
66071,C_7120,2012,2013,1.95109369088e-05,0,0,0.08,0.00734832882881,2026-09-08T22:27:07.472733+00:00,study3b_fifo_runtime_v1
66089,C_7121,2012,2013,9.29230081965e-05,0,0,0.08,0.00734832882881,2026-09-08T22:27:07.472733+00:00,study3b_fifo_runtime_v1
66101,C_7123,2012,2013,0.000211416743696,0,0,0.08,0.00734832882881,2026-09-08T22:27:07.472733+00:00,study3b_fifo_runtime_v1
66116,C_7125,2012,2013,0.00704676797614,0,0,0.08,0.00734832882881,2026-09-08T22:27:07.472733+00:00,study3b_fifo_runtime_v1
66129,C_7126,2012,2013,0.0415765531361,0,1,0.08,0.00734832882881,2026-09-08T22:27:07.472733+00:00,study3b_fifo_runtime_v1
66154,C_7128,2012,2013,9.65506387729e-06,0,0,0.08,0.00734832882881,2026-09-08T22:27:07.472733+00:00,study3b_fifo_runtime_v1
66189,C_7133,2012,2013,2.89015442831e-05,0,0,0.08,0.00734832882881,2026-09-08T22:27:07.472733+00:00,study3b_fifo_runtime_v1
66222,C_7137,2012,2013,0.000376618583687,0,0,0.08,0.00734832882881,2026-09-08T22:27:07.472733+00:00,study3b_fifo_runtime_v1
66235,C_7138,2012,2013,0.000221765236347,0,0,0.08,0.00734832882881,2026-09-08T22:27:07.472733+00:00,study3b_fifo_runtime_v1
66253,C_7139,2012,2013,6.3591345679e-05,0,0,0.08,0.00734832882881,2026-09-08T22:27:07.472733+00:00,study3b_fifo_runtime_v1
66271,C_7140,2012,2013,0.000110544642666,0,0,0.08,0.00734832882881,2026-09-08T22:27:07.472733+00:00,study3b_fifo_runtime_v1
66289,C_7141,2012,2013,2.64522532234e-05,0,0,0.08,0.00734832882881,2026-09-08T22:27:07.472733+00:00,study3b_fifo_runtime_v1
66312,C_7143,2012,2013,2.78087009065e-05,0,0,0.08,0.00734832882881,2026-09-08T22:27:07.472733+00:00,study3b_fifo_runtime_v1
66330,C_7144,2012,2013,7.75447333581e-05,0,0,0.08,0.00734832882881,2026-09-08T22:27:07.472733+00:00,study3b_fifo_runtime_v1
66347,C_7145,2012,2013,0.000153615386807,0,0,0.08,0.00734832882881,2026-09-08T22:27:07.472733+00:00,study3b_fifo_runtime_v1
66383,C_7149,2012,2013,0.00181433383841,0,0,0.08,0.00734832882881,2026-09-08T22:27:07.472733+00:00,study3b_fifo_runtime_v1
66402,C_7151,2012,2013,0.000596094469074,0,0,0.08,0.00734832882881,2026-09-08T22:27:07.472733+00:00,study3b_fifo_runtime_v1
66420,C_7153,2012,2013,6.09252565482e-05,0,0,0.08,0.00734832882881,2026-09-08T22:27:07.472733+00:00,study3b_fifo_runtime_v1
66438,C_7154,2012,2013,7.01471872162e-05,0,0,0.08,0.00734832882881,2026-09-08T22:27:07.472733+00:00,study3b_fifo_runtime_v1
66453,C_7155,2012,2013,0.000753352884203,0,0,0.08,0.00734832882881,2026-09-08T22:27:07.472733+00:00,study3b_fifo_runtime_v1
66468,C_7156,2012,2013,0.00233195000328,0,0,0.08,0.00734832882881,2026-09-08T22:27:07.472733+00:00,study3b_fifo_runtime_v1
66504,C_7161,2012,2013,0.00191091245506,0,0,0.08,0.00734832882881,2026-09-08T22:27:07.472733+00:00,study3b_fifo_runtime_v1
66529,C_7163,2012,2013,0.00803878623992,0,1,0.08,0.00734832882881,2026-09-08T22:27:07.472733+00:00,study3b_fifo_runtime_v1
66538,C_7164,2012,2013,5.03870360262e-05,0,0,0.08,0.00734832882881,2026-09-08T22:27:07.472733+00:00,study3b_fifo_runtime_v1
66546,C_7165,2012,2013,0.00129685527645,0,0,0.08,0.00734832882881,2026-09-08T22:27:07.472733+00:00,study3b_fifo_runtime_v1
66593,C_7172,2012,2013,0.0017725880025,0,0,0.08,0.00734832882881,2026-09-08T22:27:07.472733+00:00,study3b_fifo_runtime_v1
66645,C_7180,2012,2013,4.59081456938e-05,0,0,0.08,0.00734832882881,2026-09-08T22:27:07.472733+00:00,study3b_fifo_runtime_v1
66666,C_7182,2012,2013,0.000539239495993,0,0,0.08,0.00734832882881,2026-09-08T22:27:07.472733+00:00,study3b_fifo_runtime_v1
66699,C_7186,2012,2013,0.00142902648076,0,0,0.08,0.00734832882881,2026-09-08T22:27:07.472733+00:00,study3b_fifo_runtime_v1
66710,C_7187,2012,2013,0.000184431424714,0,0,0.08,0.00734832882881,2026-09-08T22:27:07.472733+00:00,study3b_fifo_runtime_v1
66727,C_7188,2012,2013,0.0191622246057,0,1,0.08,0.00734832882881,2026-09-08T22:27:07.472733+00:00,study3b_fifo_runtime_v1
66740,C_7189,2012,2013,0.00233659544028,0,0,0.08,0.00734832882881,2026-09-08T22:27:07.472733+00:00,study3b_fifo_runtime_v1
66749,C_7190,2012,2013,2.21464342758e-05,0,0,0.08,0.00734832882881,2026-09-08T22:27:07.472733+00:00,study3b_fifo_runtime_v1
66777,C_7193,2012,2013,8.27710100566e-05,0,0,0.08,0.00734832882881,2026-09-08T22:27:07.472733+00:00,study3b_fifo_runtime_v1
66789,C_7194,2012,2013,0.00312425405718,0,0,0.08,0.00734832882881,2026-09-08T22:27:07.472733+00:00,study3b_fifo_runtime_v1
66794,C_7195,2012,2013,0.00168148090597,0,0,0.08,0.00734832882881,2026-09-08T22:27:07.472733+00:00,study3b_fifo_runtime_v1
66813,C_7197,2012,2013,5.60882799618e-05,0,0,0.08,0.00734832882881,2026-09-08T22:27:07.472733+00:00,study3b_fifo_runtime_v1
66828,C_7198,2012,2013,0.0180387180299,0,1,0.08,0.00734832882881,2026-09-08T22:27:07.472733+00:00,study3b_fifo_runtime_v1
66837,C_7199,2012,2013,0.00460915127769,0,0,0.08,0.00734832882881,2026-09-08T22:27:07.472733+00:00,study3b_fifo_runtime_v1
66853,C_7203,2012,2013,0.0258645806462,0,1,0.08,0.00734832882881,2026-09-08T22:27:07.472733+00:00,study3b_fifo_runtime_v1
66870,C_7205,2012,2013,4.47378552053e-05,0,0,0.08,0.00734832882881,2026-09-08T22:27:07.472733+00:00,study3b_fifo_runtime_v1
66878,C_7206,2012,2013,0.000179439244675,0,0,0.08,0.00734832882881,2026-09-08T22:27:07.472733+00:00,study3b_fifo_runtime_v1
66903,C_7209,2012,2013,7.60985276429e-05,0,0,0.08,0.00734832882881,2026-09-08T22:27:07.472733+00:00,study3b_fifo_runtime_v1
66920,C_7210,2012,2013,4.11925830122e-05,0,0,0.08,0.00734832882881,2026-09-08T22:27:07.472733+00:00,study3b_fifo_runtime_v1
66936,C_7211,2012,2013,0.00229618395679,0,0,0.08,0.00734832882881,2026-09-08T22:27:07.472733+00:00,study3b_fifo_runtime_v1
66960,C_7213,2012,2013,0.0131871290505,0,1,0.08,0.00734832882881,2026-09-08T22:27:07.472733+00:00,study3b_fifo_runtime_v1
66977,C_7215,2012,2013,0.000144301433465,0,0,0.08,0.00734832882881,2026-09-08T22:27:07.472733+00:00,study3b_fifo_runtime_v1
66994,C_7216,2012,2013,4.4802454795e-05,0,0,0.08,0.00734832882881,2026-09-08T22:27:07.472733+00:00,study3b_fifo_runtime_v1
67007,C_7217,2012,2013,0.000194818232558,0,0,0.08,0.00734832882881,2026-09-08T22:27:07.472733+00:00,study3b_fifo_runtime_v1
67016,C_7218,2012,2013,9.46594009292e-05,0,0,0.08,0.00734832882881,2026-09-08T22:27:07.472733+00:00,study3b_fifo_runtime_v1
67073,C_7227,2012,2013,2.87935090455e-05,0,0,0.08,0.00734832882881,2026-09-08T22:27:07.472733+00:00,study3b_fifo_runtime_v1
67084,C_7228,2012,2013,0.000183838608791,0,0,0.08,0.00734832882881,2026-09-08T22:27:07.472733+00:00,study3b_fifo_runtime_v1
67095,C_7229,2012,2013,4.84549673274e-05,0,0,0.08,0.00734832882881,2026-09-08T22:27:07.472733+00:00,study3b_fifo_runtime_v1
67114,C_7231,2012,2013,8.82152817212e-05,0,0,0.08,0.00734832882881,2026-09-08T22:27:07.472733+00:00,study3b_fifo_runtime_v1
67128,C_7232,2012,2013,0.000227142547374,0,0,0.08,0.00734832882881,2026-09-08T22:27:07.472733+00:00,study3b_fifo_runtime_v1
67147,C_7234,2012,2013,2.89121435344e-05,0,0,0.08,0.00734832882881,2026-09-08T22:27:07.472733+00:00,study3b_fifo_runtime_v1
67181,C_7237,2012,2013,0.00298916175961,0,0,0.08,0.00734832882881,2026-09-08T22:27:07.472733+00:00,study3b_fifo_runtime_v1
67195,C_7238,2012,2013,0.000181242838153,0,0,0.08,0.00734832882881,2026-09-08T22:27:07.472733+00:00,study3b_fifo_runtime_v1
67212,C_7239,2012,2013,0.000257287785644,0,0,0.08,0.00734832882881,2026-09-08T22:27:07.472733+00:00,study3b_fifo_runtime_v1
67231,C_7241,2012,2013,4.81381830468e-05,0,0,0.08,0.00734832882881,2026-09-08T22:27:07.472733+00:00,study3b_fifo_runtime_v1
67248,C_7242,2012,2013,0.000146258171299,0,0,0.08,0.00734832882881,2026-09-08T22:27:07.472733+00:00,study3b_fifo_runtime_v1
67267,C_7246,2012,2013,4.83325493406e-06,0,0,0.08,0.00734832882881,2026-09-08T22:27:07.472733+00:00,study3b_fifo_runtime_v1
67290,C_7251,2012,2013,0.000119112286484,0,0,0.08,0.00734832882881,2026-09-08T22:27:07.472733+00:00,study3b_fifo_runtime_v1
67301,C_7252,2012,2013,0.000360460486263,0,0,0.08,0.00734832882881,2026-09-08T22:27:07.472733+00:00,study3b_fifo_runtime_v1
67322,C_7254,2012,2013,1.49108645928e-05,0,0,0.08,0.00734832882881,2026-09-08T22:27:07.472733+00:00,study3b_fifo_runtime_v1
67336,C_7256,2012,2013,0.000128342435346,0,0,0.08,0.00734832882881,2026-09-08T22:27:07.472733+00:00,study3b_fifo_runtime_v1
67365,C_7259,2012,2013,0.000227040451136,0,0,0.08,0.00734832882881,2026-09-08T22:27:07.472733+00:00,study3b_fifo_runtime_v1
67386,C_7261,2012,2013,0.00204901420511,0,0,0.08,0.00734832882881,2026-09-08T22:27:07.472733+00:00,study3b_fifo_runtime_v1
67399,C_7263,2012,2013,0.00132585212123,0,0,0.08,0.00734832882881,2026-09-08T22:27:07.472733+00:00,study3b_fifo_runtime_v1
67408,C_7264,2012,2013,0.000205214266316,0,0,0.08,0.00734832882881,2026-09-08T22:27:07.472733+00:00,study3b_fifo_runtime_v1
67420,C_7265,2012,2013,0.00826554279774,0,1,0.08,0.00734832882881,2026-09-08T22:27:07.472733+00:00,study3b_fifo_runtime_v1
67428,C_7266,2012,2013,9.9754484836e-05,0,0,0.08,0.00734832882881,2026-09-08T22:27:07.472733+00:00,study3b_fifo_runtime_v1
67439,C_7267,2012,2013,6.11635914538e-05,0,0,0.08,0.00734832882881,2026-09-08T22:27:07.472733+00:00,study3b_fifo_runtime_v1
67456,C_7268,2012,2013,0.00593511527404,0,0,0.08,0.00734832882881,2026-09-08T22:27:07.472733+00:00,study3b_fifo_runtime_v1
67463,C_7269,2012,2013,0.00508717820048,0,0,0.08,0.00734832882881,2026-09-08T22:27:07.472733+00:00,study3b_fifo_runtime_v1
67480,C_7270,2012,2013,7.9857876699e-05,0,0,0.08,0.00734832882881,2026-09-08T22:27:07.472733+00:00,study3b_fifo_runtime_v1
67493,C_7271,2012,2013,9.15241889743e-06,0,0,0.08,0.00734832882881,2026-09-08T22:27:07.472733+00:00,study3b_fifo_runtime_v1
67536,C_7276,2012,2013,0.00123058992904,0,0,0.08,0.00734832882881,2026-09-08T22:27:07.472733+00:00,study3b_fifo_runtime_v1
67547,C_7277,2012,2013,0.0611641220748,0,1,0.08,0.00734832882881,2026-09-08T22:27:07.472733+00:00,study3b_fifo_runtime_v1
67575,C_7281,2012,2013,0.000327147456119,0,0,0.08,0.00734832882881,2026-09-08T22:27:07.472733+00:00,study3b_fifo_runtime_v1
67598,C_7286,2012,2013,0.00315663567744,0,0,0.08,0.00734832882881,2026-09-08T22:27:07.472733+00:00,study3b_fifo_runtime_v1
67611,C_7287,2012,2013,0.000576800026465,0,0,0.08,0.00734832882881,2026-09-08T22:27:07.472733+00:00,study3b_fifo_runtime_v1
67637,C_7291,2012,2013,4.42480450147e-06,0,0,0.08,0.00734832882881,2026-09-08T22:27:07.472733+00:00,study3b_fifo_runtime_v1
67648,C_7292,2012,2013,0.000268628355116,0,0,0.08,0.00734832882881,2026-09-08T22:27:07.472733+00:00,study3b_fifo_runtime_v1
67662,C_7293,2012,2013,9.13981857593e-05,0,0,0.08,0.00734832882881,2026-09-08T22:27:07.472733+00:00,study3b_fifo_runtime_v1
67675,C_7294,2012,2013,0.00124480179511,0,0,0.08,0.00734832882881,2026-09-08T22:27:07.472733+00:00,study3b_fifo_runtime_v1
67676,C_7295,2012,2013,0.00163521443028,0,0,0.08,0.00734832882881,2026-09-08T22:27:07.472733+00:00,study3b_fifo_runtime_v1
67687,C_7296,2012,2013,0.00618644012138,0,0,0.08,0.00734832882881,2026-09-08T22:27:07.472733+00:00,study3b_fifo_runtime_v1
67709,C_7298,2012,2013,0.00134165363852,0,0,0.08,0.00734832882881,2026-09-08T22:27:07.472733+00:00,study3b_fifo_runtime_v1
67726,C_7299,2012,2013,3.8396618038e-05,0,0,0.08,0.00734832882881,2026-09-08T22:27:07.472733+00:00,study3b_fifo_runtime_v1
67744,C_7301,2012,2013,2.70497748716e-05,0,0,0.08,0.00734832882881,2026-09-08T22:27:07.472733+00:00,study3b_fifo_runtime_v1
67767,C_7303,2012,2013,0.000379952398362,0,0,0.08,0.00734832882881,2026-09-08T22:27:07.472733+00:00,study3b_fifo_runtime_v1
67787,C_7305,2012,2013,8.12736197986e-06,0,0,0.08,0.00734832882881,2026-09-08T22:27:07.472733+00:00,study3b_fifo_runtime_v1
67804,C_7306,2012,2013,0.000140316362376,0,0,0.08,0.00734832882881,2026-09-08T22:27:07.472733+00:00,study3b_fifo_runtime_v1
67815,C_7308,2012,2013,0.00127368688118,0,0,0.08,0.00734832882881,2026-09-08T22:27:07.472733+00:00,study3b_fifo_runtime_v1
67822,C_7310,2012,2013,0.000649529567454,0,0,0.08,0.00734832882881,2026-09-08T22:27:07.472733+00:00,study3b_fifo_runtime_v1
67833,C_7311,2012,2013,3.0086535844e-05,0,0,0.08,0.00734832882881,2026-09-08T22:27:07.472733+00:00,study3b_fifo_runtime_v1
67849,C_7312,2012,2013,2.4580358513e-05,0,0,0.08,0.00734832882881,2026-09-08T22:27:07.472733+00:00,study3b_fifo_runtime_v1
67872,C_7315,2012,2013,0.00426946347579,0,0,0.08,0.00734832882881,2026-09-08T22:27:07.472733+00:00,study3b_fifo_runtime_v1
67890,C_7318,2012,2013,6.05458772043e-05,0,0,0.08,0.00734832882881,2026-09-08T22:27:07.472733+00:00,study3b_fifo_runtime_v1
67904,C_7319,2012,2013,0.00114811537787,0,0,0.08,0.00734832882881,2026-09-08T22:27:07.472733+00:00,study3b_fifo_runtime_v1
67917,C_7320,2012,2013,1.85498647625e-05,0,0,0.08,0.00734832882881,2026-09-08T22:27:07.472733+00:00,study3b_fifo_runtime_v1
67937,C_7322,2012,2013,0.00244808360003,0,0,0.08,0.00734832882881,2026-09-08T22:27:07.472733+00:00,study3b_fifo_runtime_v1
67948,C_7323,2012,2013,0.00184709520545,0,0,0.08,0.00734832882881,2026-09-08T22:27:07.472733+00:00,study3b_fifo_runtime_v1
67963,C_7324,2012,2013,0.000634667405393,0,0,0.08,0.00734832882881,2026-09-08T22:27:07.472733+00:00,study3b_fifo_runtime_v1
67984,C_7326,2012,2013,3.11440635414e-05,0,0,0.08,0.00734832882881,2026-09-08T22:27:07.472733+00:00,study3b_fifo_runtime_v1
68016,C_7332,2012,2013,0.00012991069525,0,0,0.08,0.00734832882881,2026-09-08T22:27:07.472733+00:00,study3b_fifo_runtime_v1
68040,C_7334,2012,2013,0.00100251717959,0,0,0.08,0.00734832882881,2026-09-08T22:27:07.472733+00:00,study3b_fifo_runtime_v1
68055,C_7335,2012,2013,0.000621736806352,0,0,0.08,0.00734832882881,2026-09-08T22:27:07.472733+00:00,study3b_fifo_runtime_v1
68073,C_7338,2012,2013,0.00063355412567,0,0,0.08,0.00734832882881,2026-09-08T22:27:07.472733+00:00,study3b_fifo_runtime_v1
68082,C_7340,2012,2013,0.00154637778178,0,0,0.08,0.00734832882881,2026-09-08T22:27:07.472733+00:00,study3b_fifo_runtime_v1
68096,C_7342,2012,2013,0.000915506563615,0,0,0.08,0.00734832882881,2026-09-08T22:27:07.472733+00:00,study3b_fifo_runtime_v1
68140,C_7349,2012,2013,0.000146028076415,0,0,0.08,0.00734832882881,2026-09-08T22:27:07.472733+00:00,study3b_fifo_runtime_v1
68150,C_7350,2012,2013,1.44543128044e-05,0,0,0.08,0.00734832882881,2026-09-08T22:27:07.472733+00:00,study3b_fifo_runtime_v1
68159,C_7351,2012,2013,8.5691055574e-05,0,0,0.08,0.00734832882881,2026-09-08T22:27:07.472733+00:00,study3b_fifo_runtime_v1
68170,C_7352,2012,2013,0.000261737353867,0,0,0.08,0.00734832882881,2026-09-08T22:27:07.472733+00:00,study3b_fifo_runtime_v1
68171,C_7353,2012,2013,0.00392640335485,0,0,0.08,0.00734832882881,2026-09-08T22:27:07.472733+00:00,study3b_fifo_runtime_v1
68181,C_7354,2012,2013,0.000180067319889,0,0,0.08,0.00734832882881,2026-09-08T22:27:07.472733+00:00,study3b_fifo_runtime_v1
68191,C_7355,2012,2013,5.14023122378e-05,0,0,0.08,0.00734832882881,2026-09-08T22:27:07.472733+00:00,study3b_fifo_runtime_v1
68206,C_7356,2012,2013,3.87445834349e-05,0,0,0.08,0.00734832882881,2026-09-08T22:27:07.472733+00:00,study3b_fifo_runtime_v1
68219,C_7357,2012,2013,6.77703474139e-06,0,0,0.08,0.00734832882881,2026-09-08T22:27:07.472733+00:00,study3b_fifo_runtime_v1
68235,C_7358,2012,2013,5.90058953094e-05,0,0,0.08,0.00734832882881,2026-09-08T22:27:07.472733+00:00,study3b_fifo_runtime_v1
68244,C_7360,2012,2013,4.59251932625e-05,0,0,0.08,0.00734832882881,2026-09-08T22:27:07.472733+00:00,study3b_fifo_runtime_v1
68267,C_7363,2012,2013,0.000521966430824,0,0,0.08,0.00734832882881,2026-09-08T22:27:07.472733+00:00,study3b_fifo_runtime_v1
68284,C_7365,2012,2013,0.0019746820908,0,0,0.08,0.00734832882881,2026-09-08T22:27:07.472733+00:00,study3b_fifo_runtime_v1
68300,C_7368,2012,2013,1.39953554026e-05,0,0,0.08,0.00734832882881,2026-09-08T22:27:07.472733+00:00,study3b_fifo_runtime_v1
68316,C_7369,2012,2013,0.00118566444144,0,0,0.08,0.00734832882881,2026-09-08T22:27:07.472733+00:00,study3b_fifo_runtime_v1
68325,C_7370,2012,2013,2.83047647827e-05,0,0,0.08,0.00734832882881,2026-09-08T22:27:07.472733+00:00,study3b_fifo_runtime_v1
68341,C_7371,2012,2013,0.000174620188773,0,0,0.08,0.00734832882881,2026-09-08T22:27:07.472733+00:00,study3b_fifo_runtime_v1
68357,C_7372,2012,2013,4.72943356726e-05,0,0,0.08,0.00734832882881,2026-09-08T22:27:07.472733+00:00,study3b_fifo_runtime_v1
68382,C_7375,2012,2013,5.92122560192e-05,0,0,0.08,0.00734832882881,2026-09-08T22:27:07.472733+00:00,study3b_fifo_runtime_v1
68416,C_7379,2012,2013,0.0028060132172,0,0,0.08,0.00734832882881,2026-09-08T22:27:07.472733+00:00,study3b_fifo_runtime_v1
68429,C_7382,2012,2013,0.000574473990127,0,0,0.08,0.00734832882881,2026-09-08T22:27:07.472733+00:00,study3b_fifo_runtime_v1
68456,C_7386,2012,2013,3.2033341995e-05,0,0,0.08,0.00734832882881,2026-09-08T22:27:07.472733+00:00,study3b_fifo_runtime_v1
68472,C_7387,2012,2013,1.24907992358e-05,0,0,0.08,0.00734832882881,2026-09-08T22:27:07.472733+00:00,study3b_fifo_runtime_v1
68490,C_7391,2012,2013,0.000141962300404,0,0,0.08,0.00734832882881,2026-09-08T22:27:07.472733+00:00,study3b_fifo_runtime_v1
68508,C_7393,2012,2013,0.000298253638903,0,0,0.08,0.00734832882881,2026-09-08T22:27:07.472733+00:00,study3b_fifo_runtime_v1
68523,C_7394,2012,2013,2.4388447855e-05,0,0,0.08,0.00734832882881,2026-09-08T22:27:07.472733+00:00,study3b_fifo_runtime_v1
68541,C_7396,2012,2013,1.39921621667e-05,0,0,0.08,0.00734832882881,2026-09-08T22:27:07.472733+00:00,study3b_fifo_runtime_v1
68556,C_7397,2012,2013,4.05194405175e-05,0,0,0.08,0.00734832882881,2026-09-08T22:27:07.472733+00:00,study3b_fifo_runtime_v1
68587,C_7401,2012,2013,0.000915913784411,0,0,0.08,0.00734832882881,2026-09-08T22:27:07.472733+00:00,study3b_fifo_runtime_v1
68615,C_7406,2012,2013,0.000113408335892,0,0,0.08,0.00734832882881,2026-09-08T22:27:07.472733+00:00,study3b_fifo_runtime_v1
68633,C_7408,2012,2013,0.000763688702136,0,0,0.08,0.00734832882881,2026-09-08T22:27:07.472733+00:00,study3b_fifo_runtime_v1
68658,C_7411,2012,2013,7.3562572652e-05,0,0,0.08,0.00734832882881,2026-09-08T22:27:07.472733+00:00,study3b_fifo_runtime_v1
68672,C_7412,2012,2013,0.000604023633059,0,0,0.08,0.00734832882881,2026-09-08T22:27:07.472733+00:00,study3b_fifo_runtime_v1
68694,C_7415,2012,2013,3.24246357195e-05,0,0,0.08,0.00734832882881,2026-09-08T22:27:07.472733+00:00,study3b_fifo_runtime_v1
68727,C_7420,2012,2013,8.96354904398e-05,0,0,0.08,0.00734832882881,2026-09-08T22:27:07.472733+00:00,study3b_fifo_runtime_v1
68762,C_7424,2012,2013,1.41326709127e-05,0,0,0.08,0.00734832882881,2026-09-08T22:27:07.472733+00:00,study3b_fifo_runtime_v1
68778,C_7427,2012,2013,0.000762611627579,0,0,0.08,0.00734832882881,2026-09-08T22:27:07.472733+00:00,study3b_fifo_runtime_v1
68792,C_7428,2012,2013,0.00033581155003,0,0,0.08,0.00734832882881,2026-09-08T22:27:07.472733+00:00,study3b_fifo_runtime_v1
68807,C_7431,2012,2013,1.7174599634e-05,0,0,0.08,0.00734832882881,2026-09-08T22:27:07.472733+00:00,study3b_fifo_runtime_v1
68826,C_7434,2012,2013,0.000354119343683,0,0,0.08,0.00734832882881,2026-09-08T22:27:07.472733+00:00,study3b_fifo_runtime_v1
68865,C_7440,2012,2013,2.91521191684e-05,0,0,0.08,0.00734832882881,2026-09-08T22:27:07.472733+00:00,study3b_fifo_runtime_v1
68884,C_7442,2012,2013,0.000193079002202,0,0,0.08,0.00734832882881,2026-09-08T22:27:07.472733+00:00,study3b_fifo_runtime_v1
68887,C_7443,2012,2013,8.13845326775e-05,0,0,0.08,0.00734832882881,2026-09-08T22:27:07.472733+00:00,study3b_fifo_runtime_v1
68905,C_7445,2012,2013,2.59439912043e-05,0,0,0.08,0.00734832882881,2026-09-08T22:27:07.472733+00:00,study3b_fifo_runtime_v1
68913,C_7446,2012,2013,0.00037441670429,0,0,0.08,0.00734832882881,2026-09-08T22:27:07.472733+00:00,study3b_fifo_runtime_v1
68938,C_7450,2012,2013,0.000986027531326,0,0,0.08,0.00734832882881,2026-09-08T22:27:07.472733+00:00,study3b_fifo_runtime_v1
68951,C_7451,2012,2013,1.38444884215e-05,0,0,0.08,0.00734832882881,2026-09-08T22:27:07.472733+00:00,study3b_fifo_runtime_v1
68961,C_7452,2012,2013,0.000401834113291,0,0,0.08,0.00734832882881,2026-09-08T22:27:07.472733+00:00,study3b_fifo_runtime_v1
68967,C_7453,2012,2013,8.46402544994e-05,0,0,0.08,0.00734832882881,2026-09-08T22:27:07.472733+00:00,study3b_fifo_runtime_v1
68998,C_7458,2012,2013,1.31268789119e-05,0,0,0.08,0.00734832882881,2026-09-08T22:27:07.472733+00:00,study3b_fifo_runtime_v1
69013,C_7460,2012,2013,0.000119185453514,0,0,0.08,0.00734832882881,2026-09-08T22:27:07.472733+00:00,study3b_fifo_runtime_v1
69016,C_7461,2012,2013,0.000606038374826,0,0,0.08,0.00734832882881,2026-09-08T22:27:07.472733+00:00,study3b_fifo_runtime_v1
69030,C_7463,2012,2013,9.18784189707e-06,0,0,0.08,0.00734832882881,2026-09-08T22:27:07.472733+00:00,study3b_fifo_runtime_v1
69054,C_7467,2012,2013,0.00147366791498,0,0,0.08,0.00734832882881,2026-09-08T22:27:07.472733+00:00,study3b_fifo_runtime_v1
69065,C_7468,2012,2013,7.99459212431e-06,0,0,0.08,0.00734832882881,2026-09-08T22:27:07.472733+00:00,study3b_fifo_runtime_v1
69083,C_7470,2012,2013,0.000829904165585,0,0,0.08,0.00734832882881,2026-09-08T22:27:07.472733+00:00,study3b_fifo_runtime_v1
69095,C_7472,2012,2013,0.000180365765118,0,0,0.08,0.00734832882881,2026-09-08T22:27:07.472733+00:00,study3b_fifo_runtime_v1
69109,C_7473,2012,2013,7.9494639067e-05,0,0,0.08,0.00734832882881,2026-09-08T22:27:07.472733+00:00,study3b_fifo_runtime_v1
69125,C_7475,2012,2013,0.00609311694279,0,0,0.08,0.00734832882881,2026-09-08T22:27:07.472733+00:00,study3b_fifo_runtime_v1
69140,C_7476,2012,2013,1.32097457026e-05,0,0,0.08,0.00734832882881,2026-09-08T22:27:07.472733+00:00,study3b_fifo_runtime_v1
69170,C_7480,2012,2013,0.000149434970808,0,0,0.08,0.00734832882881,2026-09-08T22:27:07.472733+00:00,study3b_fifo_runtime_v1
69182,C_7482,2012,2013,0.00420333631337,0,0,0.08,0.00734832882881,2026-09-08T22:27:07.472733+00:00,study3b_fifo_runtime_v1
69192,C_7483,2012,2013,0.00143602734897,0,0,0.08,0.00734832882881,2026-09-08T22:27:07.472733+00:00,study3b_fifo_runtime_v1
69203,C_7484,2012,2013,0.0162700396031,0,1,0.08,0.00734832882881,2026-09-08T22:27:07.472733+00:00,study3b_fifo_runtime_v1
69222,C_7486,2012,2013,2.38322922996e-06,0,0,0.08,0.00734832882881,2026-09-08T22:27:07.472733+00:00,study3b_fifo_runtime_v1
69231,C_7487,2012,2013,0.000823343114462,0,0,0.08,0.00734832882881,2026-09-08T22:27:07.472733+00:00,study3b_fifo_runtime_v1
69237,C_7488,2012,2013,0.000150673717144,0,0,0.08,0.00734832882881,2026-09-08T22:27:07.472733+00:00,study3b_fifo_runtime_v1
69252,C_7489,2012,2013,0.000168383630808,0,0,0.08,0.00734832882881,2026-09-08T22:27:07.472733+00:00,study3b_fifo_runtime_v1
69267,C_7490,2012,2013,0.000206830256502,0,0,0.08,0.00734832882881,2026-09-08T22:27:07.472733+00:00,study3b_fifo_runtime_v1
69282,C_7492,2012,2013,0.0141391241923,0,1,0.08,0.00734832882881,2026-09-08T22:27:07.472733+00:00,study3b_fifo_runtime_v1
69300,C_7494,2012,2013,5.24139431946e-06,0,0,0.08,0.00734832882881,2026-09-08T22:27:07.472733+00:00,study3b_fifo_runtime_v1
69315,C_7495,2012,2013,3.92839392589e-05,0,0,0.08,0.00734832882881,2026-09-08T22:27:07.472733+00:00,study3b_fifo_runtime_v1
69332,C_7498,2012,2013,0.000977859948762,0,0,0.08,0.00734832882881,2026-09-08T22:27:07.472733+00:00,study3b_fifo_runtime_v1
69344,C_7499,2012,2013,1.59485498443e-05,0,0,0.08,0.00734832882881,2026-09-08T22:27:07.472733+00:00,study3b_fifo_runtime_v1
69355,C_7500,2012,2013,6.25208995189e-05,0,0,0.08,0.00734832882881,2026-09-08T22:27:07.472733+00:00,study3b_fifo_runtime_v1
69365,C_7502,2012,2013,0.000126758211991,0,0,0.08,0.00734832882881,2026-09-08T22:27:07.472733+00:00,study3b_fifo_runtime_v1
69380,C_7503,2012,2013,1.78397567652e-05,0,0,0.08,0.00734832882881,2026-09-08T22:27:07.472733+00:00,study3b_fifo_runtime_v1
69394,C_7504,2012,2013,0.000127954292111,0,0,0.08,0.00734832882881,2026-09-08T22:27:07.472733+00:00,study3b_fifo_runtime_v1
69403,C_7505,2012,2013,5.57743223908e-05,0,0,0.08,0.00734832882881,2026-09-08T22:27:07.472733+00:00,study3b_fifo_runtime_v1
69415,C_7506,2012,2013,1.98540201382e-05,0,0,0.08,0.00734832882881,2026-09-08T22:27:07.472733+00:00,study3b_fifo_runtime_v1
69417,C_7507,2012,2013,0.00031786688487,0,0,0.08,0.00734832882881,2026-09-08T22:27:07.472733+00:00,study3b_fifo_runtime_v1
69428,C_7508,2012,2013,6.15656244918e-06,0,0,0.08,0.00734832882881,2026-09-08T22:27:07.472733+00:00,study3b_fifo_runtime_v1
69442,C_7509,2012,2013,6.72812384437e-05,0,0,0.08,0.00734832882881,2026-09-08T22:27:07.472733+00:00,study3b_fifo_runtime_v1
69453,C_7510,2012,2013,0.00279608485289,0,0,0.08,0.00734832882881,2026-09-08T22:27:07.472733+00:00,study3b_fifo_runtime_v1
69462,C_7511,2012,2013,0.000461670570076,0,0,0.08,0.00734832882881,2026-09-08T22:27:07.472733+00:00,study3b_fifo_runtime_v1
69481,C_7513,2012,2013,0.108606398106,1,1,0.08,0.00734832882881,2026-09-08T22:27:07.472733+00:00,study3b_fifo_runtime_v1
69490,C_7515,2012,2013,0.023415857926,0,1,0.08,0.00734832882881,2026-09-08T22:27:07.472733+00:00,study3b_fifo_runtime_v1
69501,C_7516,2012,2013,1.64683133335e-05,0,0,0.08,0.00734832882881,2026-09-08T22:27:07.472733+00:00,study3b_fifo_runtime_v1
69523,C_7519,2012,2013,1.84724758583e-05,0,0,0.08,0.00734832882881,2026-09-08T22:27:07.472733+00:00,study3b_fifo_runtime_v1
69538,C_7520,2012,2013,7.20319876564e-05,0,0,0.08,0.00734832882881,2026-09-08T22:27:07.472733+00:00,study3b_fifo_runtime_v1
69560,C_7525,2012,2013,0.0863464847207,1,1,0.08,0.00734832882881,2026-09-08T22:27:07.472733+00:00,study3b_fifo_runtime_v1
69569,C_7528,2012,2013,9.26801658352e-06,0,0,0.08,0.00734832882881,2026-09-08T22:27:07.472733+00:00,study3b_fifo_runtime_v1
69584,C_7530,2012,2013,0.00191383471247,0,0,0.08,0.00734832882881,2026-09-08T22:27:07.472733+00:00,study3b_fifo_runtime_v1
69599,C_7532,2012,2013,0.000200913273147,0,0,0.08,0.00734832882881,2026-09-08T22:27:07.472733+00:00,study3b_fifo_runtime_v1
69613,C_7533,2012,2013,0.00135565316305,0,0,0.08,0.00734832882881,2026-09-08T22:27:07.472733+00:00,study3b_fifo_runtime_v1
69633,C_7537,2012,2013,0.00049178727204,0,0,0.08,0.00734832882881,2026-09-08T22:27:07.472733+00:00,study3b_fifo_runtime_v1
69641,C_7538,2012,2013,6.50335059618e-05,0,0,0.08,0.00734832882881,2026-09-08T22:27:07.472733+00:00,study3b_fifo_runtime_v1
69663,C_7540,2012,2013,0.0255759526044,0,1,0.08,0.00734832882881,2026-09-08T22:27:07.472733+00:00,study3b_fifo_runtime_v1
69678,C_7541,2012,2013,0.000337694684276,0,0,0.08,0.00734832882881,2026-09-08T22:27:07.472733+00:00,study3b_fifo_runtime_v1
69691,C_7543,2012,2013,4.26985097874e-05,0,0,0.08,0.00734832882881,2026-09-08T22:27:07.472733+00:00,study3b_fifo_runtime_v1
69706,C_7544,2012,2013,0.000690790649969,0,0,0.08,0.00734832882881,2026-09-08T22:27:07.472733+00:00,study3b_fifo_runtime_v1
69728,C_7547,2012,2013,0.000185722485185,0,0,0.08,0.00734832882881,2026-09-08T22:27:07.472733+00:00,study3b_fifo_runtime_v1
69737,C_7548,2012,2013,0.000614016025793,0,0,0.08,0.00734832882881,2026-09-08T22:27:07.472733+00:00,study3b_fifo_runtime_v1
69740,C_7549,2012,2013,5.86759124417e-05,0,0,0.08,0.00734832882881,2026-09-08T22:27:07.472733+00:00,study3b_fifo_runtime_v1
69767,C_7554,2012,2013,8.91974286787e-06,0,0,0.08,0.00734832882881,2026-09-08T22:27:07.472733+00:00,study3b_fifo_runtime_v1
69788,C_7557,2012,2013,0.000218982007937,0,0,0.08,0.00734832882881,2026-09-08T22:27:07.472733+00:00,study3b_fifo_runtime_v1
69804,C_7559,2012,2013,7.96698150225e-05,0,0,0.08,0.00734832882881,2026-09-08T22:27:07.472733+00:00,study3b_fifo_runtime_v1
69819,C_7560,2012,2013,0.000133873065352,0,0,0.08,0.00734832882881,2026-09-08T22:27:07.472733+00:00,study3b_fifo_runtime_v1
69831,C_7561,2012,2013,0.00570514937863,0,0,0.08,0.00734832882881,2026-09-08T22:27:07.472733+00:00,study3b_fifo_runtime_v1
69853,C_7565,2012,2013,0.000613663403783,0,0,0.08,0.00734832882881,2026-09-08T22:27:07.472733+00:00,study3b_fifo_runtime_v1
69870,C_7567,2012,2013,2.31713984249e-05,0,0,0.08,0.00734832882881,2026-09-08T22:27:07.472733+00:00,study3b_fifo_runtime_v1
69885,C_7568,2012,2013,0.000162820797414,0,0,0.08,0.00734832882881,2026-09-08T22:27:07.472733+00:00,study3b_fifo_runtime_v1
69916,C_7573,2012,2013,1.51023896251e-05,0,0,0.08,0.00734832882881,2026-09-08T22:27:07.472733+00:00,study3b_fifo_runtime_v1
69936,C_7575,2012,2013,2.65927792498e-06,0,0,0.08,0.00734832882881,2026-09-08T22:27:07.472733+00:00,study3b_fifo_runtime_v1
69944,C_7576,2012,2013,0.0340936630964,0,1,0.08,0.00734832882881,2026-09-08T22:27:07.472733+00:00,study3b_fifo_runtime_v1
69958,C_7577,2012,2013,2.27428904509e-06,0,0,0.08,0.00734832882881,2026-09-08T22:27:07.472733+00:00,study3b_fifo_runtime_v1
70000,C_7583,2012,2013,0.000377286720322,0,0,0.08,0.00734832882881,2026-09-08T22:27:07.472733+00:00,study3b_fifo_runtime_v1
70017,C_7585,2012,2013,4.34951907664e-05,0,0,0.08,0.00734832882881,2026-09-08T22:27:07.472733+00:00,study3b_fifo_runtime_v1
70031,C_7586,2012,2013,0.000237708052737,0,0,0.08,0.00734832882881,2026-09-08T22:27:07.472733+00:00,study3b_fifo_runtime_v1
70040,C_7587,2012,2013,5.42882889931e-06,0,0,0.08,0.00734832882881,2026-09-08T22:27:07.472733+00:00,study3b_fifo_runtime_v1
70047,C_7588,2012,2013,0.0176703128964,0,1,0.08,0.00734832882881,2026-09-08T22:27:07.472733+00:00,study3b_fifo_runtime_v1
70062,C_7589,2012,2013,0.0121078966185,0,1,0.08,0.00734832882881,2026-09-08T22:27:07.472733+00:00,study3b_fifo_runtime_v1
70068,C_7590,2012,2013,0.000421654316597,0,0,0.08,0.00734832882881,2026-09-08T22:27:07.472733+00:00,study3b_fifo_runtime_v1
70076,C_7591,2012,2013,0.000852439959999,0,0,0.08,0.00734832882881,2026-09-08T22:27:07.472733+00:00,study3b_fifo_runtime_v1
70094,C_7593,2012,2013,0.000630892289337,0,0,0.08,0.00734832882881,2026-09-08T22:27:07.472733+00:00,study3b_fifo_runtime_v1
70107,C_7595,2012,2013,5.22796763107e-05,0,0,0.08,0.00734832882881,2026-09-08T22:27:07.472733+00:00,study3b_fifo_runtime_v1
70122,C_7597,2012,2013,0.00023677367426,0,0,0.08,0.00734832882881,2026-09-08T22:27:07.472733+00:00,study3b_fifo_runtime_v1
70136,C_7598,2012,2013,0.000654838513583,0,0,0.08,0.00734832882881,2026-09-08T22:27:07.472733+00:00,study3b_fifo_runtime_v1
70155,C_7602,2012,2013,0.000111610948807,0,0,0.08,0.00734832882881,2026-09-08T22:27:07.472733+00:00,study3b_fifo_runtime_v1
70168,C_7603,2012,2013,0.000663542188704,0,0,0.08,0.00734832882881,2026-09-08T22:27:07.472733+00:00,study3b_fifo_runtime_v1
70176,C_7604,2012,2013,0.000319679063978,0,0,0.08,0.00734832882881,2026-09-08T22:27:07.472733+00:00,study3b_fifo_runtime_v1
70190,C_7606,2012,2013,1.92910574697e-05,0,0,0.08,0.00734832882881,2026-09-08T22:27:07.472733+00:00,study3b_fifo_runtime_v1
70204,C_7607,2012,2013,0.00665989285335,0,0,0.08,0.00734832882881,2026-09-08T22:27:07.472733+00:00,study3b_fifo_runtime_v1
70214,C_7608,2012,2013,0.00240577827208,0,0,0.08,0.00734832882881,2026-09-08T22:27:07.472733+00:00,study3b_fifo_runtime_v1
70219,C_7609,2012,2013,0.000591596181039,0,0,0.08,0.00734832882881,2026-09-08T22:27:07.472733+00:00,study3b_fifo_runtime_v1
70232,C_7610,2012,2013,8.69208088261e-05,0,0,0.08,0.00734832882881,2026-09-08T22:27:07.472733+00:00,study3b_fifo_runtime_v1
70239,C_7611,2012,2013,0.0141776977107,0,1,0.08,0.00734832882881,2026-09-08T22:27:07.472733+00:00,study3b_fifo_runtime_v1
70247,C_7612,2012,2013,2.84820926026e-05,0,0,0.08,0.00734832882881,2026-09-08T22:27:07.472733+00:00,study3b_fifo_runtime_v1
70256,C_7613,2012,2013,1.20148642964e-05,0,0,0.08,0.00734832882881,2026-09-08T22:27:07.472733+00:00,study3b_fifo_runtime_v1
70265,C_7614,2012,2013,0.000829299737234,0,0,0.08,0.00734832882881,2026-09-08T22:27:07.472733+00:00,study3b_fifo_runtime_v1
70284,C_7616,2012,2013,0.000505527772475,0,0,0.08,0.00734832882881,2026-09-08T22:27:07.472733+00:00,study3b_fifo_runtime_v1
70296,C_7617,2012,2013,0.00171736150514,0,0,0.08,0.00734832882881,2026-09-08T22:27:07.472733+00:00,study3b_fifo_runtime_v1
70304,C_7618,2012,2013,0.00116517802235,0,0,0.08,0.00734832882881,2026-09-08T22:27:07.472733+00:00,study3b_fifo_runtime_v1
70328,C_7622,2012,2013,0.000119748583529,0,0,0.08,0.00734832882881,2026-09-08T22:27:07.472733+00:00,study3b_fifo_runtime_v1
70354,C_7626,2012,2013,0.0033754510805,0,0,0.08,0.00734832882881,2026-09-08T22:27:07.472733+00:00,study3b_fifo_runtime_v1
70370,C_7628,2012,2013,0.0151775600389,0,1,0.08,0.00734832882881,2026-09-08T22:27:07.472733+00:00,study3b_fifo_runtime_v1
70383,C_7629,2012,2013,0.014809508808,0,1,0.08,0.00734832882881,2026-09-08T22:27:07.472733+00:00,study3b_fifo_runtime_v1
70396,C_7630,2012,2013,0.00138505303767,0,0,0.08,0.00734832882881,2026-09-08T22:27:07.472733+00:00,study3b_fifo_runtime_v1
70409,C_7632,2012,2013,3.5986288367e-06,0,0,0.08,0.00734832882881,2026-09-08T22:27:07.472733+00:00,study3b_fifo_runtime_v1
70425,C_7634,2012,2013,8.91083109309e-05,0,0,0.08,0.00734832882881,2026-09-08T22:27:07.472733+00:00,study3b_fifo_runtime_v1
70439,C_7635,2012,2013,0.000243212329224,0,0,0.08,0.00734832882881,2026-09-08T22:27:07.472733+00:00,study3b_fifo_runtime_v1
70458,C_7638,2012,2013,0.00149964459706,0,0,0.08,0.00734832882881,2026-09-08T22:27:07.472733+00:00,study3b_fifo_runtime_v1
70470,C_7641,2012,2013,7.01347380527e-06,0,0,0.08,0.00734832882881,2026-09-08T22:27:07.472733+00:00,study3b_fifo_runtime_v1
70481,C_7642,2012,2013,0.000285811984213,0,0,0.08,0.00734832882881,2026-09-08T22:27:07.472733+00:00,study3b_fifo_runtime_v1
70502,C_7644,2012,2013,4.68845537398e-05,0,0,0.08,0.00734832882881,2026-09-08T22:27:07.472733+00:00,study3b_fifo_runtime_v1
70509,C_7646,2012,2013,9.83244171948e-05,0,0,0.08,0.00734832882881,2026-09-08T22:27:07.472733+00:00,study3b_fifo_runtime_v1
70520,C_7648,2012,2013,0.000942700135056,0,0,0.08,0.00734832882881,2026-09-08T22:27:07.472733+00:00,study3b_fifo_runtime_v1
70534,C_7650,2012,2013,0.000117267969472,0,0,0.08,0.00734832882881,2026-09-08T22:27:07.472733+00:00,study3b_fifo_runtime_v1
70543,C_7651,2012,2013,4.51610212622e-05,0,0,0.08,0.00734832882881,2026-09-08T22:27:07.472733+00:00,study3b_fifo_runtime_v1
70556,C_7652,2012,2013,0.000106505285657,0,0,0.08,0.00734832882881,2026-09-08T22:27:07.472733+00:00,study3b_fifo_runtime_v1
70564,C_7653,2012,2013,5.04592890138e-06,0,0,0.08,0.00734832882881,2026-09-08T22:27:07.472733+00:00,study3b_fifo_runtime_v1
70580,C_7655,2012,2013,0.000801688060164,0,0,0.08,0.00734832882881,2026-09-08T22:27:07.472733+00:00,study3b_fifo_runtime_v1
70594,C_7656,2012,2013,0.00122244132217,0,0,0.08,0.00734832882881,2026-09-08T22:27:07.472733+00:00,study3b_fifo_runtime_v1
70608,C_7657,2012,2013,1.14334807222e-05,0,0,0.08,0.00734832882881,2026-09-08T22:27:07.472733+00:00,study3b_fifo_runtime_v1
70623,C_7659,2012,2013,0.0014856881462,0,0,0.08,0.00734832882881,2026-09-08T22:27:07.472733+00:00,study3b_fifo_runtime_v1
70648,C_7663,2012,2013,6.51418231428e-05,0,0,0.08,0.00734832882881,2026-09-08T22:27:07.472733+00:00,study3b_fifo_runtime_v1
70662,C_7665,2012,2013,0.00135697145015,0,0,0.08,0.00734832882881,2026-09-08T22:27:07.472733+00:00,study3b_fifo_runtime_v1
70683,C_7668,2012,2013,3.62851023965e-05,0,0,0.08,0.00734832882881,2026-09-08T22:27:07.472733+00:00,study3b_fifo_runtime_v1
70695,C_7669,2012,2013,3.70891502826e-05,0,0,0.08,0.00734832882881,2026-09-08T22:27:07.472733+00:00,study3b_fifo_runtime_v1
70709,C_7670,2012,2013,0.000203099800274,0,0,0.08,0.00734832882881,2026-09-08T22:27:07.472733+00:00,study3b_fifo_runtime_v1
70714,C_7671,2012,2013,0.000163339704159,0,0,0.08,0.00734832882881,2026-09-08T22:27:07.472733+00:00,study3b_fifo_runtime_v1
70718,C_7672,2012,2013,0.000221636728384,0,0,0.08,0.00734832882881,2026-09-08T22:27:07.472733+00:00,study3b_fifo_runtime_v1
70744,C_7675,2012,2013,4.46161175205e-06,0,0,0.08,0.00734832882881,2026-09-08T22:27:07.472733+00:00,study3b_fifo_runtime_v1
70758,C_7676,2012,2013,0.000323723012116,0,0,0.08,0.00734832882881,2026-09-08T22:27:07.472733+00:00,study3b_fifo_runtime_v1
70763,C_7678,2012,2013,0.000641956110485,0,0,0.08,0.00734832882881,2026-09-08T22:27:07.472733+00:00,study3b_fifo_runtime_v1
70771,C_7679,2012,2013,8.08662207419e-06,0,0,0.08,0.00734832882881,2026-09-08T22:27:07.472733+00:00,study3b_fifo_runtime_v1
70793,C_7682,2012,2013,7.86215059634e-06,0,0,0.08,0.00734832882881,2026-09-08T22:27:07.472733+00:00,study3b_fifo_runtime_v1
70804,C_7683,2012,2013,0.000397259951569,0,0,0.08,0.00734832882881,2026-09-08T22:27:07.472733+00:00,study3b_fifo_runtime_v1
70815,C_7684,2012,2013,9.41178659559e-05,0,0,0.08,0.00734832882881,2026-09-08T22:27:07.472733+00:00,study3b_fifo_runtime_v1
70832,C_7686,2012,2013,0.00530316727236,0,0,0.08,0.00734832882881,2026-09-08T22:27:07.472733+00:00,study3b_fifo_runtime_v1
70842,C_7687,2012,2013,0.000892163428944,0,0,0.08,0.00734832882881,2026-09-08T22:27:07.472733+00:00,study3b_fifo_runtime_v1
70855,C_7689,2012,2013,0.00016335149121,0,0,0.08,0.00734832882881,2026-09-08T22:27:07.472733+00:00,study3b_fifo_runtime_v1
70861,C_7690,2012,2013,0.000178733826033,0,0,0.08,0.00734832882881,2026-09-08T22:27:07.472733+00:00,study3b_fifo_runtime_v1
70882,C_7693,2012,2013,0.00292691029608,0,0,0.08,0.00734832882881,2026-09-08T22:27:07.472733+00:00,study3b_fifo_runtime_v1
70895,C_7694,2012,2013,9.1025904112e-05,0,0,0.08,0.00734832882881,2026-09-08T22:27:07.472733+00:00,study3b_fifo_runtime_v1
70908,C_7695,2012,2013,0.000108389103843,0,0,0.08,0.00734832882881,2026-09-08T22:27:07.472733+00:00,study3b_fifo_runtime_v1
70914,C_7696,2012,2013,1.94582589756e-05,0,0,0.08,0.00734832882881,2026-09-08T22:27:07.472733+00:00,study3b_fifo_runtime_v1
70928,C_7697,2012,2013,0.000209444086067,0,0,0.08,0.00734832882881,2026-09-08T22:27:07.472733+00:00,study3b_fifo_runtime_v1
70935,C_7700,2012,2013,0.000193155370653,0,0,0.08,0.00734832882881,2026-09-08T22:27:07.472733+00:00,study3b_fifo_runtime_v1
70952,C_7702,2012,2013,0.000318443460856,0,0,0.08,0.00734832882881,2026-09-08T22:27:07.472733+00:00,study3b_fifo_runtime_v1
70962,C_7703,2012,2013,1.25666711028e-05,0,0,0.08,0.00734832882881,2026-09-08T22:27:07.472733+00:00,study3b_fifo_runtime_v1
70973,C_7704,2012,2013,1.87845362234e-05,0,0,0.08,0.00734832882881,2026-09-08T22:27:07.472733+00:00,study3b_fifo_runtime_v1
70987,C_7705,2012,2013,8.80077186594e-06,0,0,0.08,0.00734832882881,2026-09-08T22:27:07.472733+00:00,study3b_fifo_runtime_v1
70997,C_7706,2012,2013,0.000469833728857,0,0,0.08,0.00734832882881,2026-09-08T22:27:07.472733+00:00,study3b_fifo_runtime_v1
71009,C_7708,2012,2013,0.000119726966659,0,0,0.08,0.00734832882881,2026-09-08T22:27:07.472733+00:00,study3b_fifo_runtime_v1
71022,C_7709,2012,2013,2.01265283977e-05,0,0,0.08,0.00734832882881,2026-09-08T22:27:07.472733+00:00,study3b_fifo_runtime_v1
71036,C_7710,2012,2013,8.3263941633e-05,0,0,0.08,0.00734832882881,2026-09-08T22:27:07.472733+00:00,study3b_fifo_runtime_v1
71065,C_7715,2012,2013,1.25615579236e-05,0,0,0.08,0.00734832882881,2026-09-08T22:27:07.472733+00:00,study3b_fifo_runtime_v1
71088,C_7718,2012,2013,0.000137392096804,0,0,0.08,0.00734832882881,2026-09-08T22:27:07.472733+00:00,study3b_fifo_runtime_v1
71102,C_7719,2012,2013,6.71276939102e-05,0,0,0.08,0.00734832882881,2026-09-08T22:27:07.472733+00:00,study3b_fifo_runtime_v1
71112,C_7720,2012,2013,6.48633840683e-06,0,0,0.08,0.00734832882881,2026-09-08T22:27:07.472733+00:00,study3b_fifo_runtime_v1
71135,C_7723,2012,2013,0.000513076724019,0,0,0.08,0.00734832882881,2026-09-08T22:27:07.472733+00:00,study3b_fifo_runtime_v1
71149,C_7725,2012,2013,0.000523940601852,0,0,0.08,0.00734832882881,2026-09-08T22:27:07.472733+00:00,study3b_fifo_runtime_v1
71162,C_7727,2012,2013,0.00593917258084,0,0,0.08,0.00734832882881,2026-09-08T22:27:07.472733+00:00,study3b_fifo_runtime_v1
71176,C_7728,2012,2013,0.00139073561877,0,0,0.08,0.00734832882881,2026-09-08T22:27:07.472733+00:00,study3b_fifo_runtime_v1
71190,C_7729,2012,2013,0.000262819172349,0,0,0.08,0.00734832882881,2026-09-08T22:27:07.472733+00:00,study3b_fifo_runtime_v1
71207,C_7732,2012,2013,5.16286809216e-06,0,0,0.08,0.00734832882881,2026-09-08T22:27:07.472733+00:00,study3b_fifo_runtime_v1
71219,C_7734,2012,2013,2.02231876756e-05,0,0,0.08,0.00734832882881,2026-09-08T22:27:07.472733+00:00,study3b_fifo_runtime_v1
71231,C_7735,2012,2013,6.66219557388e-06,0,0,0.08,0.00734832882881,2026-09-08T22:27:07.472733+00:00,study3b_fifo_runtime_v1
71248,C_7737,2012,2013,0.000230328398175,0,0,0.08,0.00734832882881,2026-09-08T22:27:07.472733+00:00,study3b_fifo_runtime_v1
71262,C_7738,2012,2013,1.89717757166e-05,0,0,0.08,0.00734832882881,2026-09-08T22:27:07.472733+00:00,study3b_fifo_runtime_v1
71276,C_7739,2012,2013,0.000196258726646,0,0,0.08,0.00734832882881,2026-09-08T22:27:07.472733+00:00,study3b_fifo_runtime_v1
71286,C_7741,2012,2013,4.94305168104e-05,0,0,0.08,0.00734832882881,2026-09-08T22:27:07.472733+00:00,study3b_fifo_runtime_v1
71299,C_7742,2012,2013,0.014575551264,0,1,0.08,0.00734832882881,2026-09-08T22:27:07.472733+00:00,study3b_fifo_runtime_v1
71303,C_7743,2012,2013,0.000718672992662,0,0,0.08,0.00734832882881,2026-09-08T22:27:07.472733+00:00,study3b_fifo_runtime_v1
71317,C_7745,2012,2013,2.28375502047e-05,0,0,0.08,0.00734832882881,2026-09-08T22:27:07.472733+00:00,study3b_fifo_runtime_v1
71322,C_7746,2012,2013,0.00571568449959,0,0,0.08,0.00734832882881,2026-09-08T22:27:07.472733+00:00,study3b_fifo_runtime_v1
71347,C_7749,2012,2013,0.000129118780023,0,0,0.08,0.00734832882881,2026-09-08T22:27:07.472733+00:00,study3b_fifo_runtime_v1
71364,C_7751,2012,2013,0.00775860063732,0,1,0.08,0.00734832882881,2026-09-08T22:27:07.472733+00:00,study3b_fifo_runtime_v1
71371,C_7752,2012,2013,0.000181922179763,0,0,0.08,0.00734832882881,2026-09-08T22:27:07.472733+00:00,study3b_fifo_runtime_v1
71382,C_7754,2012,2013,0.041787404567,0,1,0.08,0.00734832882881,2026-09-08T22:27:07.472733+00:00,study3b_fifo_runtime_v1
71399,C_7758,2012,2013,0.000162007083418,0,0,0.08,0.00734832882881,2026-09-08T22:27:07.472733+00:00,study3b_fifo_runtime_v1
71408,C_7760,2012,2013,2.40235458477e-05,0,0,0.08,0.00734832882881,2026-09-08T22:27:07.472733+00:00,study3b_fifo_runtime_v1
71428,C_7764,2012,2013,4.00118806283e-05,0,0,0.08,0.00734832882881,2026-09-08T22:27:07.472733+00:00,study3b_fifo_runtime_v1
71437,C_7765,2012,2013,0.00499688601121,0,0,0.08,0.00734832882881,2026-09-08T22:27:07.472733+00:00,study3b_fifo_runtime_v1
71450,C_7766,2012,2013,2.70276632364e-05,0,0,0.08,0.00734832882881,2026-09-08T22:27:07.472733+00:00,study3b_fifo_runtime_v1
71456,C_7767,2012,2013,0.00300640636124,0,0,0.08,0.00734832882881,2026-09-08T22:27:07.472733+00:00,study3b_fifo_runtime_v1
71463,C_7768,2012,2013,0.000236474574194,0,0,0.08,0.00734832882881,2026-09-08T22:27:07.472733+00:00,study3b_fifo_runtime_v1
71487,C_7773,2012,2013,0.0163523554802,0,1,0.08,0.00734832882881,2026-09-08T22:27:07.472733+00:00,study3b_fifo_runtime_v1
71507,C_7776,2012,2013,9.74781942205e-05,0,0,0.08,0.00734832882881,2026-09-08T22:27:07.472733+00:00,study3b_fifo_runtime_v1
71511,C_7777,2012,2013,0.00253075943328,0,0,0.08,0.00734832882881,2026-09-08T22:27:07.472733+00:00,study3b_fifo_runtime_v1
71515,C_7778,2012,2013,0.00124245008919,0,0,0.08,0.00734832882881,2026-09-08T22:27:07.472733+00:00,study3b_fifo_runtime_v1
71535,C_7783,2012,2013,0.000892628217116,0,0,0.08,0.00734832882881,2026-09-08T22:27:07.472733+00:00,study3b_fifo_runtime_v1
71542,C_7785,2012,2013,0.000151361673488,0,0,0.08,0.00734832882881,2026-09-08T22:27:07.472733+00:00,study3b_fifo_runtime_v1
71553,C_7786,2012,2013,0.0041765528731,0,0,0.08,0.00734832882881,2026-09-08T22:27:07.472733+00:00,study3b_fifo_runtime_v1
71564,C_7787,2012,2013,0.000125265039969,0,0,0.08,0.00734832882881,2026-09-08T22:27:07.472733+00:00,study3b_fifo_runtime_v1
71567,C_7788,2012,2013,0.000348269240931,0,0,0.08,0.00734832882881,2026-09-08T22:27:07.472733+00:00,study3b_fifo_runtime_v1
71580,C_7789,2012,2013,7.89077512309e-06,0,0,0.08,0.00734832882881,2026-09-08T22:27:07.472733+00:00,study3b_fifo_runtime_v1
71586,C_7790,2012,2013,0.000485962053062,0,0,0.08,0.00734832882881,2026-09-08T22:27:07.472733+00:00,study3b_fifo_runtime_v1
71594,C_7791,2012,2013,0.00841246638447,0,1,0.08,0.00734832882881,2026-09-08T22:27:07.472733+00:00,study3b_fifo_runtime_v1
71617,C_7794,2012,2013,8.60759701027e-06,0,0,0.08,0.00734832882881,2026-09-08T22:27:07.472733+00:00,study3b_fifo_runtime_v1
71635,C_7796,2012,2013,5.85201960348e-05,0,0,0.08,0.00734832882881,2026-09-08T22:27:07.472733+00:00,study3b_fifo_runtime_v1
71639,C_7797,2012,2013,0.00369642092846,0,0,0.08,0.00734832882881,2026-09-08T22:27:07.472733+00:00,study3b_fifo_runtime_v1
71663,C_7801,2012,2013,4.56408888567e-05,0,0,0.08,0.00734832882881,2026-09-08T22:27:07.472733+00:00,study3b_fifo_runtime_v1
71676,C_7803,2012,2013,2.13420407817e-05,0,0,0.08,0.00734832882881,2026-09-08T22:27:07.472733+00:00,study3b_fifo_runtime_v1
71692,C_7806,2012,2013,4.52857384516e-05,0,0,0.08,0.00734832882881,2026-09-08T22:27:07.472733+00:00,study3b_fifo_runtime_v1
71705,C_7808,2012,2013,0.000226046118769,0,0,0.08,0.00734832882881,2026-09-08T22:27:07.472733+00:00,study3b_fifo_runtime_v1
71711,C_7809,2012,2013,0.00981698464602,0,1,0.08,0.00734832882881,2026-09-08T22:27:07.472733+00:00,study3b_fifo_runtime_v1
71733,C_7812,2012,2013,0.0015771118924,0,0,0.08,0.00734832882881,2026-09-08T22:27:07.472733+00:00,study3b_fifo_runtime_v1
71745,C_7813,2012,2013,0.102738387883,1,1,0.08,0.00734832882881,2026-09-08T22:27:07.472733+00:00,study3b_fifo_runtime_v1
71758,C_7816,2012,2013,0.133406534791,1,1,0.08,0.00734832882881,2026-09-08T22:27:07.472733+00:00,study3b_fifo_runtime_v1
71771,C_7817,2012,2013,0.00738234445453,0,1,0.08,0.00734832882881,2026-09-08T22:27:07.472733+00:00,study3b_fifo_runtime_v1
71783,C_7818,2012,2013,0.000501716625877,0,0,0.08,0.00734832882881,2026-09-08T22:27:07.472733+00:00,study3b_fifo_runtime_v1
71796,C_7820,2012,2013,0.000152327120304,0,0,0.08,0.00734832882881,2026-09-08T22:27:07.472733+00:00,study3b_fifo_runtime_v1
71809,C_7821,2012,2013,1.52303218783e-05,0,0,0.08,0.00734832882881,2026-09-08T22:27:07.472733+00:00,study3b_fifo_runtime_v1
71822,C_7822,2012,2013,0.551848351955,1,1,0.08,0.00734832882881,2026-09-08T22:27:07.472733+00:00,study3b_fifo_runtime_v1
71836,C_7824,2012,2013,0.00111561117228,0,0,0.08,0.00734832882881,2026-09-08T22:27:07.472733+00:00,study3b_fifo_runtime_v1
71852,C_7826,2012,2013,0.00082336232299,0,0,0.08,0.00734832882881,2026-09-08T22:27:07.472733+00:00,study3b_fifo_runtime_v1
71865,C_7827,2012,2013,1.79998587555e-05,0,0,0.08,0.00734832882881,2026-09-08T22:27:07.472733+00:00,study3b_fifo_runtime_v1
71880,C_7829,2012,2013,3.84770964956e-06,0,0,0.08,0.00734832882881,2026-09-08T22:27:07.472733+00:00,study3b_fifo_runtime_v1
71895,C_7831,2012,2013,0.000461594812805,0,0,0.08,0.00734832882881,2026-09-08T22:27:07.472733+00:00,study3b_fifo_runtime_v1
71911,C_7833,2012,2013,0.000162243537488,0,0,0.08,0.00734832882881,2026-09-08T22:27:07.472733+00:00,study3b_fifo_runtime_v1
71922,C_7834,2012,2013,0.00898073520511,0,1,0.08,0.00734832882881,2026-09-08T22:27:07.472733+00:00,study3b_fifo_runtime_v1
71930,C_7836,2012,2013,0.00171256007161,0,0,0.08,0.00734832882881,2026-09-08T22:27:07.472733+00:00,study3b_fifo_runtime_v1
71932,C_7837,2012,2013,0.00125998293515,0,0,0.08,0.00734832882881,2026-09-08T22:27:07.472733+00:00,study3b_fifo_runtime_v1
71939,C_7838,2012,2013,0.489138275385,1,1,0.08,0.00734832882881,2026-09-08T22:27:07.472733+00:00,study3b_fifo_runtime_v1
71940,C_7839,2012,2013,0.00171384401619,0,0,0.08,0.00734832882881,2026-09-08T22:27:07.472733+00:00,study3b_fifo_runtime_v1
71947,C_7840,2012,2013,0.000139443742228,0,0,0.08,0.00734832882881,2026-09-08T22:27:07.472733+00:00,study3b_fifo_runtime_v1
71950,C_7841,2012,2013,0.000304327026242,0,0,0.08,0.00734832882881,2026-09-08T22:27:07.472733+00:00,study3b_fifo_runtime_v1
71966,C_7845,2012,2013,9.82540586847e-05,0,0,0.08,0.00734832882881,2026-09-08T22:27:07.472733+00:00,study3b_fifo_runtime_v1
71970,C_7846,2012,2013,0.000372975831851,0,0,0.08,0.00734832882881,2026-09-08T22:27:07.472733+00:00,study3b_fifo_runtime_v1
71977,C_7848,2012,2013,0.000913625117391,0,0,0.08,0.00734832882881,2026-09-08T22:27:07.472733+00:00,study3b_fifo_runtime_v1
71984,C_7849,2012,2013,8.05423551355e-05,0,0,0.08,0.00734832882881,2026-09-08T22:27:07.472733+00:00,study3b_fifo_runtime_v1
71992,C_7851,2012,2013,7.04261265128e-06,0,0,0.08,0.00734832882881,2026-09-08T22:27:07.472733+00:00,study3b_fifo_runtime_v1
71997,C_7853,2012,2013,3.64317420463e-05,0,0,0.08,0.00734832882881,2026-09-08T22:27:07.472733+00:00,study3b_fifo_runtime_v1
72004,C_7854,2012,2013,0.00107140641194,0,0,0.08,0.00734832882881,2026-09-08T22:27:07.472733+00:00,study3b_fifo_runtime_v1
72014,C_7856,2012,2013,0.000477085035527,0,0,0.08,0.00734832882881,2026-09-08T22:27:07.472733+00:00,study3b_fifo_runtime_v1
72026,C_7859,2012,2013,3.92103684135e-05,0,0,0.08,0.00734832882881,2026-09-08T22:27:07.472733+00:00,study3b_fifo_runtime_v1
72029,C_7860,2012,2013,0.000103419180959,0,0,0.08,0.00734832882881,2026-09-08T22:27:07.472733+00:00,study3b_fifo_runtime_v1
72034,C_7861,2012,2013,5.52852907276e-05,0,0,0.08,0.00734832882881,2026-09-08T22:27:07.472733+00:00,study3b_fifo_runtime_v1
72041,C_7862,2012,2013,0.000313106138492,0,0,0.08,0.00734832882881,2026-09-08T22:27:07.472733+00:00,study3b_fifo_runtime_v1
72045,C_7863,2012,2013,0.0014806430554,0,0,0.08,0.00734832882881,2026-09-08T22:27:07.472733+00:00,study3b_fifo_runtime_v1
72052,C_7864,2012,2013,0.000115637667477,0,0,0.08,0.00734832882881,2026-09-08T22:27:07.472733+00:00,study3b_fifo_runtime_v1
72059,C_7865,2012,2013,0.000619443249889,0,0,0.08,0.00734832882881,2026-09-08T22:27:07.472733+00:00,study3b_fifo_runtime_v1
72066,C_7866,2012,2013,0.00162775244098,0,0,0.08,0.00734832882881,2026-09-08T22:27:07.472733+00:00,study3b_fifo_runtime_v1
72073,C_7867,2012,2013,3.48833455064e-05,0,0,0.08,0.00734832882881,2026-09-08T22:27:07.472733+00:00,study3b_fifo_runtime_v1
72080,C_7868,2012,2013,0.00101051281672,0,0,0.08,0.00734832882881,2026-09-08T22:27:07.472733+00:00,study3b_fifo_runtime_v1
72087,C_7869,2012,2013,3.37410019711e-05,0,0,0.08,0.00734832882881,2026-09-08T22:27:07.472733+00:00,study3b_fifo_runtime_v1
72097,C_7872,2012,2013,0.00115347525571,0,0,0.08,0.00734832882881,2026-09-08T22:27:07.472733+00:00,study3b_fifo_runtime_v1
72100,C_7873,2012,2013,0.000755916524213,0,0,0.08,0.00734832882881,2026-09-08T22:27:07.472733+00:00,study3b_fifo_runtime_v1
72104,C_7875,2012,2013,0.00089167553233,0,0,0.08,0.00734832882881,2026-09-08T22:27:07.472733+00:00,study3b_fifo_runtime_v1
72109,C_7876,2012,2013,0.000992806162685,0,0,0.08,0.00734832882881,2026-09-08T22:27:07.472733+00:00,study3b_fifo_runtime_v1
72116,C_7877,2012,2013,0.0061235637404,0,0,0.08,0.00734832882881,2026-09-08T22:27:07.472733+00:00,study3b_fifo_runtime_v1
72118,C_7878,2012,2013,0.000758711306844,0,0,0.08,0.00734832882881,2026-09-08T22:27:07.472733+00:00,study3b_fifo_runtime_v1
72126,C_7880,2012,2013,8.73603858054e-05,0,0,0.08,0.00734832882881,2026-09-08T22:27:07.472733+00:00,study3b_fifo_runtime_v1
72134,C_7882,2012,2013,0.000527064956259,0,0,0.08,0.00734832882881,2026-09-08T22:27:07.472733+00:00,study3b_fifo_runtime_v1
72140,C_7884,2012,2013,0.000931952847168,0,0,0.08,0.00734832882881,2026-09-08T22:27:07.472733+00:00,study3b_fifo_runtime_v1
72142,C_7885,2012,2013,1.22209848996e-05,0,0,0.08,0.00734832882881,2026-09-08T22:27:07.472733+00:00,study3b_fifo_runtime_v1
72155,C_7890,2012,2013,8.02542581368e-06,0,0,0.08,0.00734832882881,2026-09-08T22:27:07.472733+00:00,study3b_fifo_runtime_v1
72165,C_7892,2012,2013,0.00346365105361,0,0,0.08,0.00734832882881,2026-09-08T22:27:07.472733+00:00,study3b_fifo_runtime_v1
72172,C_7894,2012,2013,0.000183201220352,0,0,0.08,0.00734832882881,2026-09-08T22:27:07.472733+00:00,study3b_fifo_runtime_v1
72179,C_7895,2012,2013,0.00733564933762,0,0,0.08,0.00734832882881,2026-09-08T22:27:07.472733+00:00,study3b_fifo_runtime_v1
72183,C_7896,2012,2013,5.40966684639e-05,0,0,0.08,0.00734832882881,2026-09-08T22:27:07.472733+00:00,study3b_fifo_runtime_v1
72190,C_7897,2012,2013,0.000562720990274,0,0,0.08,0.00734832882881,2026-09-08T22:27:07.472733+00:00,study3b_fifo_runtime_v1
72203,C_7899,2012,2013,9.41928592511e-05,0,0,0.08,0.00734832882881,2026-09-08T22:27:07.472733+00:00,study3b_fifo_runtime_v1
72210,C_7900,2012,2013,0.0569935403764,0,1,0.08,0.00734832882881,2026-09-08T22:27:07.472733+00:00,study3b_fifo_runtime_v1
72213,C_7901,2012,2013,0.00120486447122,0,0,0.08,0.00734832882881,2026-09-08T22:27:07.472733+00:00,study3b_fifo_runtime_v1
72220,C_7902,2012,2013,2.24387913477e-05,0,0,0.08,0.00734832882881,2026-09-08T22:27:07.472733+00:00,study3b_fifo_runtime_v1
72227,C_7903,2012,2013,4.84349147882e-05,0,0,0.08,0.00734832882881,2026-09-08T22:27:07.472733+00:00,study3b_fifo_runtime_v1
72236,C_7905,2012,2013,0.000375214760425,0,0,0.08,0.00734832882881,2026-09-08T22:27:07.472733+00:00,study3b_fifo_runtime_v1
72240,C_7906,2012,2013,4.49334183941e-05,0,0,0.08,0.00734832882881,2026-09-08T22:27:07.472733+00:00,study3b_fifo_runtime_v1
72249,C_7908,2012,2013,0.00143517029937,0,0,0.08,0.00734832882881,2026-09-08T22:27:07.472733+00:00,study3b_fifo_runtime_v1
72252,C_7909,2012,2013,0.000125052873045,0,0,0.08,0.00734832882881,2026-09-08T22:27:07.472733+00:00,study3b_fifo_runtime_v1
72253,C_7910,2012,2013,0.00027916309773,0,0,0.08,0.00734832882881,2026-09-08T22:27:07.472733+00:00,study3b_fifo_runtime_v1
72272,C_7912,2012,2013,5.09698693349e-05,0,0,0.08,0.00734832882881,2026-09-08T22:27:07.472733+00:00,study3b_fifo_runtime_v1
72296,C_7916,2012,2013,5.31746009074e-05,0,0,0.08,0.00734832882881,2026-09-08T22:27:07.472733+00:00,study3b_fifo_runtime_v1
72309,C_7917,2012,2013,1.63657041412e-05,0,0,0.08,0.00734832882881,2026-09-08T22:27:07.472733+00:00,study3b_fifo_runtime_v1
72317,C_7918,2012,2013,0.000550699944142,0,0,0.08,0.00734832882881,2026-09-08T22:27:07.472733+00:00,study3b_fifo_runtime_v1
72339,C_7921,2012,2013,0.000697249546647,0,0,0.08,0.00734832882881,2026-09-08T22:27:07.472733+00:00,study3b_fifo_runtime_v1
72355,C_7924,2012,2013,0.00093908328563,0,0,0.08,0.00734832882881,2026-09-08T22:27:07.472733+00:00,study3b_fifo_runtime_v1
72362,C_7925,2012,2013,1.58882703545e-05,0,0,0.08,0.00734832882881,2026-09-08T22:27:07.472733+00:00,study3b_fifo_runtime_v1
72373,C_7926,2012,2013,0.0183569937944,0,1,0.08,0.00734832882881,2026-09-08T22:27:07.472733+00:00,study3b_fifo_runtime_v1
72386,C_7927,2012,2013,3.28679052473e-05,0,0,0.08,0.00734832882881,2026-09-08T22:27:07.472733+00:00,study3b_fifo_runtime_v1
72399,C_7928,2012,2013,0.000197259883862,0,0,0.08,0.00734832882881,2026-09-08T22:27:07.472733+00:00,study3b_fifo_runtime_v1
72406,C_7929,2012,2013,0.000370558904251,0,0,0.08,0.00734832882881,2026-09-08T22:27:07.472733+00:00,study3b_fifo_runtime_v1
72420,C_7932,2012,2013,1.64804951055e-05,0,0,0.08,0.00734832882881,2026-09-08T22:27:07.472733+00:00,study3b_fifo_runtime_v1
72433,C_7933,2012,2013,0.0731342360377,0,1,0.08,0.00734832882881,2026-09-08T22:27:07.472733+00:00,study3b_fifo_runtime_v1
72440,C_7934,2012,2013,0.00798069871962,0,1,0.08,0.00734832882881,2026-09-08T22:27:07.472733+00:00,study3b_fifo_runtime_v1
72462,C_7938,2012,2013,0.00110233272426,0,0,0.08,0.00734832882881,2026-09-08T22:27:07.472733+00:00,study3b_fifo_runtime_v1
72477,C_7940,2012,2013,0.000196630193386,0,0,0.08,0.00734832882881,2026-09-08T22:27:07.472733+00:00,study3b_fifo_runtime_v1
72489,C_7941,2012,2013,6.96494171279e-05,0,0,0.08,0.00734832882881,2026-09-08T22:27:07.472733+00:00,study3b_fifo_runtime_v1
72501,C_7942,2012,2013,6.91038148943e-05,0,0,0.08,0.00734832882881,2026-09-08T22:27:07.472733+00:00,study3b_fifo_runtime_v1
72514,C_7943,2012,2013,9.24830146687e-06,0,0,0.08,0.00734832882881,2026-09-08T22:27:07.472733+00:00,study3b_fifo_runtime_v1
72527,C_7944,2012,2013,0.000554421741981,0,0,0.08,0.00734832882881,2026-09-08T22:27:07.472733+00:00,study3b_fifo_runtime_v1
72538,C_7946,2012,2013,0.000454116292531,0,0,0.08,0.00734832882881,2026-09-08T22:27:07.472733+00:00,study3b_fifo_runtime_v1
72556,C_7950,2012,2013,4.93865409226e-05,0,0,0.08,0.00734832882881,2026-09-08T22:27:07.472733+00:00,study3b_fifo_runtime_v1
72566,C_7951,2012,2013,0.0121201733127,0,1,0.08,0.00734832882881,2026-09-08T22:27:07.472733+00:00,study3b_fifo_runtime_v1
72567,C_7952,2012,2013,0.00134534854442,0,0,0.08,0.00734832882881,2026-09-08T22:27:07.472733+00:00,study3b_fifo_runtime_v1
72579,C_7953,2012,2013,2.34536182688e-05,0,0,0.08,0.00734832882881,2026-09-08T22:27:07.472733+00:00,study3b_fifo_runtime_v1
72592,C_7954,2012,2013,7.9797791841e-06,0,0,0.08,0.00734832882881,2026-09-08T22:27:07.472733+00:00,study3b_fifo_runtime_v1
72604,C_7955,2012,2013,0.000316175399348,0,0,0.08,0.00734832882881,2026-09-08T22:27:07.472733+00:00,study3b_fifo_runtime_v1
72617,C_7957,2012,2013,0.00126808846835,0,0,0.08,0.00734832882881,2026-09-08T22:27:07.472733+00:00,study3b_fifo_runtime_v1
72632,C_7960,2012,2013,0.000303615146549,0,0,0.08,0.00734832882881,2026-09-08T22:27:07.472733+00:00,study3b_fifo_runtime_v1
72647,C_7963,2012,2013,9.52259288169e-05,0,0,0.08,0.00734832882881,2026-09-08T22:27:07.472733+00:00,study3b_fifo_runtime_v1
72654,C_7964,2012,2013,5.71705058974e-05,0,0,0.08,0.00734832882881,2026-09-08T22:27:07.472733+00:00,study3b_fifo_runtime_v1
72665,C_7966,2012,2013,0.000277686398476,0,0,0.08,0.00734832882881,2026-09-08T22:27:07.472733+00:00,study3b_fifo_runtime_v1
72693,C_7971,2012,2013,4.2683299398e-05,0,0,0.08,0.00734832882881,2026-09-08T22:27:07.472733+00:00,study3b_fifo_runtime_v1
72707,C_7973,2012,2013,0.000374654075131,0,0,0.08,0.00734832882881,2026-09-08T22:27:07.472733+00:00,study3b_fifo_runtime_v1
72719,C_7974,2012,2013,2.50948214671e-05,0,0,0.08,0.00734832882881,2026-09-08T22:27:07.472733+00:00,study3b_fifo_runtime_v1
72741,C_7977,2012,2013,0.00016066666285,0,0,0.08,0.00734832882881,2026-09-08T22:27:07.472733+00:00,study3b_fifo_runtime_v1
72754,C_7978,2012,2013,0.000123417223222,0,0,0.08,0.00734832882881,2026-09-08T22:27:07.472733+00:00,study3b_fifo_runtime_v1
72770,C_7982,2012,2013,0.000127552033518,0,0,0.08,0.00734832882881,2026-09-08T22:27:07.472733+00:00,study3b_fifo_runtime_v1
72772,C_7983,2012,2013,0.000186568766367,0,0,0.08,0.00734832882881,2026-09-08T22:27:07.472733+00:00,study3b_fifo_runtime_v1
72781,C_7984,2012,2013,0.000743435986806,0,0,0.08,0.00734832882881,2026-09-08T22:27:07.472733+00:00,study3b_fifo_runtime_v1
72790,C_7985,2012,2013,1.64315806614e-05,0,0,0.08,0.00734832882881,2026-09-08T22:27:07.472733+00:00,study3b_fifo_runtime_v1
72802,C_7986,2012,2013,0.000176599496626,0,0,0.08,0.00734832882881,2026-09-08T22:27:07.472733+00:00,study3b_fifo_runtime_v1
72815,C_7987,2012,2013,0.0195987839252,0,1,0.08,0.00734832882881,2026-09-08T22:27:07.472733+00:00,study3b_fifo_runtime_v1
72824,C_7989,2012,2013,0.00194187031593,0,0,0.08,0.00734832882881,2026-09-08T22:27:07.472733+00:00,study3b_fifo_runtime_v1
72837,C_7990,2012,2013,0.00113911076915,0,0,0.08,0.00734832882881,2026-09-08T22:27:07.472733+00:00,study3b_fifo_runtime_v1
72848,C_7991,2012,2013,0.00118350924458,0,0,0.08,0.00734832882881,2026-09-08T22:27:07.472733+00:00,study3b_fifo_runtime_v1
72854,C_7993,2012,2013,0.00498173944652,0,0,0.08,0.00734832882881,2026-09-08T22:27:07.472733+00:00,study3b_fifo_runtime_v1
72867,C_7994,2012,2013,0.000335976481438,0,0,0.08,0.00734832882881,2026-09-08T22:27:07.472733+00:00,study3b_fifo_runtime_v1
72878,C_7995,2012,2013,7.61535875426e-06,0,0,0.08,0.00734832882881,2026-09-08T22:27:07.472733+00:00,study3b_fifo_runtime_v1
72891,C_7996,2012,2013,0.00024341524113,0,0,0.08,0.00734832882881,2026-09-08T22:27:07.472733+00:00,study3b_fifo_runtime_v1
72905,C_7999,2012,2013,0.000280424486846,0,0,0.08,0.00734832882881,2026-09-08T22:27:07.472733+00:00,study3b_fifo_runtime_v1
72919,C_8002,2012,2013,0.429804891348,1,1,0.08,0.00734832882881,2026-09-08T22:27:07.472733+00:00,study3b_fifo_runtime_v1
72925,C_8003,2012,2013,4.85615746584e-05,0,0,0.08,0.00734832882881,2026-09-08T22:27:07.472733+00:00,study3b_fifo_runtime_v1
72934,C_8005,2012,2013,0.00193602312356,0,0,0.08,0.00734832882881,2026-09-08T22:27:07.472733+00:00,study3b_fifo_runtime_v1
72947,C_8006,2012,2013,0.000223268012633,0,0,0.08,0.00734832882881,2026-09-08T22:27:07.472733+00:00,study3b_fifo_runtime_v1
72957,C_8008,2012,2013,3.07869668177e-05,0,0,0.08,0.00734832882881,2026-09-08T22:27:07.472733+00:00,study3b_fifo_runtime_v1
72971,C_8010,2012,2013,0.000331941148033,0,0,0.08,0.00734832882881,2026-09-08T22:27:07.472733+00:00,study3b_fifo_runtime_v1
72983,C_8012,2012,2013,0.00166969781276,0,0,0.08,0.00734832882881,2026-09-08T22:27:07.472733+00:00,study3b_fifo_runtime_v1
72997,C_8014,2012,2013,0.00182777747978,0,0,0.08,0.00734832882881,2026-09-08T22:27:07.472733+00:00,study3b_fifo_runtime_v1
73010,C_8015,2012,2013,1.55656216521e-05,0,0,0.08,0.00734832882881,2026-09-08T22:27:07.472733+00:00,study3b_fifo_runtime_v1
73023,C_8016,2012,2013,0.00186662178021,0,0,0.08,0.00734832882881,2026-09-08T22:27:07.472733+00:00,study3b_fifo_runtime_v1
73037,C_8018,2012,2013,0.000135337017127,0,0,0.08,0.00734832882881,2026-09-08T22:27:07.472733+00:00,study3b_fifo_runtime_v1
73050,C_8020,2012,2013,7.20729985915e-06,0,0,0.08,0.00734832882881,2026-09-08T22:27:07.472733+00:00,study3b_fifo_runtime_v1
73063,C_8021,2012,2013,0.000512757338583,0,0,0.08,0.00734832882881,2026-09-08T22:27:07.472733+00:00,study3b_fifo_runtime_v1
73080,C_8025,2012,2013,9.66605421127e-06,0,0,0.08,0.00734832882881,2026-09-08T22:27:07.472733+00:00,study3b_fifo_runtime_v1
73092,C_8026,2012,2013,6.54090908938e-05,0,0,0.08,0.00734832882881,2026-09-08T22:27:07.472733+00:00,study3b_fifo_runtime_v1
73099,C_8027,2012,2013,0.000485608819872,0,0,0.08,0.00734832882881,2026-09-08T22:27:07.472733+00:00,study3b_fifo_runtime_v1
73106,C_8028,2012,2013,0.00545491231605,0,0,0.08,0.00734832882881,2026-09-08T22:27:07.472733+00:00,study3b_fifo_runtime_v1
73113,C_8029,2012,2013,0.00259099993855,0,0,0.08,0.00734832882881,2026-09-08T22:27:07.472733+00:00,study3b_fifo_runtime_v1
73132,C_8031,2012,2013,0.00265957531519,0,0,0.08,0.00734832882881,2026-09-08T22:27:07.472733+00:00,study3b_fifo_runtime_v1
73140,C_8032,2012,2013,0.00310633704066,0,0,0.08,0.00734832882881,2026-09-08T22:27:07.472733+00:00,study3b_fifo_runtime_v1
73152,C_8034,2012,2013,7.57507150411e-05,0,0,0.08,0.00734832882881,2026-09-08T22:27:07.472733+00:00,study3b_fifo_runtime_v1
73165,C_8035,2012,2013,0.000703787838574,0,0,0.08,0.00734832882881,2026-09-08T22:27:07.472733+00:00,study3b_fifo_runtime_v1
73177,C_8036,2012,2013,0.000470236991532,0,0,0.08,0.00734832882881,2026-09-08T22:27:07.472733+00:00,study3b_fifo_runtime_v1
73186,C_8037,2012,2013,7.13138942956e-05,0,0,0.08,0.00734832882881,2026-09-08T22:27:07.472733+00:00,study3b_fifo_runtime_v1
73197,C_8038,2012,2013,1.86725865206e-05,0,0,0.08,0.00734832882881,2026-09-08T22:27:07.472733+00:00,study3b_fifo_runtime_v1
73207,C_8040,2012,2013,0.0012032694649,0,0,0.08,0.00734832882881,2026-09-08T22:27:07.472733+00:00,study3b_fifo_runtime_v1
73222,C_8042,2012,2013,0.00136538723018,0,0,0.08,0.00734832882881,2026-09-08T22:27:07.472733+00:00,study3b_fifo_runtime_v1
73233,C_8044,2012,2013,0.000555671344046,0,0,0.08,0.00734832882881,2026-09-08T22:27:07.472733+00:00,study3b_fifo_runtime_v1
73240,C_8045,2012,2013,4.7114717745e-05,0,0,0.08,0.00734832882881,2026-09-08T22:27:07.472733+00:00,study3b_fifo_runtime_v1
73260,C_8048,2012,2013,9.33128831093e-05,0,0,0.08,0.00734832882881,2026-09-08T22:27:07.472733+00:00,study3b_fifo_runtime_v1
73272,C_8049,2012,2013,7.29035991753e-06,0,0,0.08,0.00734832882881,2026-09-08T22:27:07.472733+00:00,study3b_fifo_runtime_v1
73284,C_8050,2012,2013,0.131455346942,1,1,0.08,0.00734832882881,2026-09-08T22:27:07.472733+00:00,study3b_fifo_runtime_v1
73293,C_8051,2012,2013,0.00572200724855,0,0,0.08,0.00734832882881,2026-09-08T22:27:07.472733+00:00,study3b_fifo_runtime_v1
73305,C_8052,2012,2013,0.000115862108942,0,0,0.08,0.00734832882881,2026-09-08T22:27:07.472733+00:00,study3b_fifo_runtime_v1
73326,C_8056,2012,2013,4.151669782e-05,0,0,0.08,0.00734832882881,2026-09-08T22:27:07.472733+00:00,study3b_fifo_runtime_v1
73335,C_8057,2012,2013,0.00837904401124,0,1,0.08,0.00734832882881,2026-09-08T22:27:07.472733+00:00,study3b_fifo_runtime_v1
73344,C_8058,2012,2013,4.81367278553e-05,0,0,0.08,0.00734832882881,2026-09-08T22:27:07.472733+00:00,study3b_fifo_runtime_v1
73356,C_8060,2012,2013,0.000116843446449,0,0,0.08,0.00734832882881,2026-09-08T22:27:07.472733+00:00,study3b_fifo_runtime_v1
73367,C_8061,2012,2013,0.00152433721814,0,0,0.08,0.00734832882881,2026-09-08T22:27:07.472733+00:00,study3b_fifo_runtime_v1
73379,C_8062,2012,2013,0.0168366804719,0,1,0.08,0.00734832882881,2026-09-08T22:27:07.472733+00:00,study3b_fifo_runtime_v1
73391,C_8063,2012,2013,0.00129896227736,0,0,0.08,0.00734832882881,2026-09-08T22:27:07.472733+00:00,study3b_fifo_runtime_v1
73392,C_8064,2012,2013,0.000469811173389,0,0,0.08,0.00734832882881,2026-09-08T22:27:07.472733+00:00,study3b_fifo_runtime_v1
73404,C_8065,2012,2013,0.000156853842782,0,0,0.08,0.00734832882881,2026-09-08T22:27:07.472733+00:00,study3b_fifo_runtime_v1
73412,C_8066,2012,2013,0.000362714519724,0,0,0.08,0.00734832882881,2026-09-08T22:27:07.472733+00:00,study3b_fifo_runtime_v1
73428,C_8069,2012,2013,0.00346266874112,0,0,0.08,0.00734832882881,2026-09-08T22:27:07.472733+00:00,study3b_fifo_runtime_v1
73441,C_8071,2012,2013,0.00094085582532,0,0,0.08,0.00734832882881,2026-09-08T22:27:07.472733+00:00,study3b_fifo_runtime_v1
73449,C_8072,2012,2013,0.0235816184431,0,1,0.08,0.00734832882881,2026-09-08T22:27:07.472733+00:00,study3b_fifo_runtime_v1
73457,C_8074,2012,2013,0.0178788620979,0,1,0.08,0.00734832882881,2026-09-08T22:27:07.472733+00:00,study3b_fifo_runtime_v1
73468,C_8076,2012,2013,0.000146355785546,0,0,0.08,0.00734832882881,2026-09-08T22:27:07.472733+00:00,study3b_fifo_runtime_v1
73480,C_8077,2012,2013,0.000398386357119,0,0,0.08,0.00734832882881,2026-09-08T22:27:07.472733+00:00,study3b_fifo_runtime_v1
73492,C_8078,2012,2013,0.00103470508475,0,0,0.08,0.00734832882881,2026-09-08T22:27:07.472733+00:00,study3b_fifo_runtime_v1
73500,C_8079,2012,2013,2.02399623959e-05,0,0,0.08,0.00734832882881,2026-09-08T22:27:07.472733+00:00,study3b_fifo_runtime_v1
73513,C_8081,2012,2013,3.4834654798e-05,0,0,0.08,0.00734832882881,2026-09-08T22:27:07.472733+00:00,study3b_fifo_runtime_v1
73525,C_8082,2012,2013,0.0140285640955,0,1,0.08,0.00734832882881,2026-09-08T22:27:07.472733+00:00,study3b_fifo_runtime_v1
73542,C_8085,2012,2013,6.89967782819e-05,0,0,0.08,0.00734832882881,2026-09-08T22:27:07.472733+00:00,study3b_fifo_runtime_v1
73557,C_8087,2012,2013,0.0011429960141,0,0,0.08,0.00734832882881,2026-09-08T22:27:07.472733+00:00,study3b_fifo_runtime_v1
73567,C_8088,2012,2013,0.00262847007252,0,0,0.08,0.00734832882881,2026-09-08T22:27:07.472733+00:00,study3b_fifo_runtime_v1
73579,C_8089,2012,2013,0.00227410788648,0,0,0.08,0.00734832882881,2026-09-08T22:27:07.472733+00:00,study3b_fifo_runtime_v1
73588,C_8091,2012,2013,4.66733181383e-05,0,0,0.08,0.00734832882881,2026-09-08T22:27:07.472733+00:00,study3b_fifo_runtime_v1
73598,C_8092,2012,2013,0.00494923023507,0,0,0.08,0.00734832882881,2026-09-08T22:27:07.472733+00:00,study3b_fifo_runtime_v1
73613,C_8094,2012,2013,0.000894750643056,0,0,0.08,0.00734832882881,2026-09-08T22:27:07.472733+00:00,study3b_fifo_runtime_v1
73620,C_8095,2012,2013,0.00834566075355,0,1,0.08,0.00734832882881,2026-09-08T22:27:07.472733+00:00,study3b_fifo_runtime_v1
73626,C_8096,2012,2013,0.0104969805107,0,1,0.08,0.00734832882881,2026-09-08T22:27:07.472733+00:00,study3b_fifo_runtime_v1
73637,C_8097,2012,2013,2.1677976747e-06,0,0,0.08,0.00734832882881,2026-09-08T22:27:07.472733+00:00,study3b_fifo_runtime_v1
73649,C_8098,2012,2013,0.000146388862049,0,0,0.08,0.00734832882881,2026-09-08T22:27:07.472733+00:00,study3b_fifo_runtime_v1
73661,C_8099,2012,2013,4.79776063003e-05,0,0,0.08,0.00734832882881,2026-09-08T22:27:07.472733+00:00,study3b_fifo_runtime_v1
73676,C_8101,2012,2013,1.8507365894e-05,0,0,0.08,0.00734832882881,2026-09-08T22:27:07.472733+00:00,study3b_fifo_runtime_v1
73691,C_8103,2012,2013,0.000397100899136,0,0,0.08,0.00734832882881,2026-09-08T22:27:07.472733+00:00,study3b_fifo_runtime_v1
73697,C_8104,2012,2013,0.00270534027368,0,0,0.08,0.00734832882881,2026-09-08T22:27:07.472733+00:00,study3b_fifo_runtime_v1
73721,C_8109,2012,2013,0.00199282751419,0,0,0.08,0.00734832882881,2026-09-08T22:27:07.472733+00:00,study3b_fifo_runtime_v1
73731,C_8110,2012,2013,0.0361077673733,0,1,0.08,0.00734832882881,2026-09-08T22:27:07.472733+00:00,study3b_fifo_runtime_v1
73743,C_8111,2012,2013,0.00114918861073,0,0,0.08,0.00734832882881,2026-09-08T22:27:07.472733+00:00,study3b_fifo_runtime_v1
73755,C_8112,2012,2013,0.000565994356293,0,0,0.08,0.00734832882881,2026-09-08T22:27:07.472733+00:00,study3b_fifo_runtime_v1
73767,C_8113,2012,2013,4.27740924351e-05,0,0,0.08,0.00734832882881,2026-09-08T22:27:07.472733+00:00,study3b_fifo_runtime_v1
73777,C_8114,2012,2013,0.00157471874263,0,0,0.08,0.00734832882881,2026-09-08T22:27:07.472733+00:00,study3b_fifo_runtime_v1
73789,C_8115,2012,2013,4.29949832323e-05,0,0,0.08,0.00734832882881,2026-09-08T22:27:07.472733+00:00,study3b_fifo_runtime_v1
73797,C_8116,2012,2013,0.000109241889731,0,0,0.08,0.00734832882881,2026-09-08T22:27:07.472733+00:00,study3b_fifo_runtime_v1
73822,C_8120,2012,2013,9.4012961199e-05,0,0,0.08,0.00734832882881,2026-09-08T22:27:07.472733+00:00,study3b_fifo_runtime_v1
73834,C_8122,2012,2013,0.000106833911559,0,0,0.08,0.00734832882881,2026-09-08T22:27:07.472733+00:00,study3b_fifo_runtime_v1
73846,C_8124,2012,2013,0.000675843853969,0,0,0.08,0.00734832882881,2026-09-08T22:27:07.472733+00:00,study3b_fifo_runtime_v1
73855,C_8125,2012,2013,0.00166705623269,0,0,0.08,0.00734832882881,2026-09-08T22:27:07.472733+00:00,study3b_fifo_runtime_v1
73865,C_8126,2012,2013,6.66026317049e-05,0,0,0.08,0.00734832882881,2026-09-08T22:27:07.472733+00:00,study3b_fifo_runtime_v1
73873,C_8127,2012,2013,8.16599913378e-06,0,0,0.08,0.00734832882881,2026-09-08T22:27:07.472733+00:00,study3b_fifo_runtime_v1
73882,C_8128,2012,2013,0.000124174970551,0,0,0.08,0.00734832882881,2026-09-08T22:27:07.472733+00:00,study3b_fifo_runtime_v1
73890,C_8129,2012,2013,0.0146753219888,0,1,0.08,0.00734832882881,2026-09-08T22:27:07.472733+00:00,study3b_fifo_runtime_v1
73910,C_8133,2012,2013,0.00115431949962,0,0,0.08,0.00734832882881,2026-09-08T22:27:07.472733+00:00,study3b_fifo_runtime_v1
73918,C_8134,2012,2013,0.0020749757532,0,0,0.08,0.00734832882881,2026-09-08T22:27:07.472733+00:00,study3b_fifo_runtime_v1
73929,C_8135,2012,2013,0.000142548102303,0,0,0.08,0.00734832882881,2026-09-08T22:27:07.472733+00:00,study3b_fifo_runtime_v1
73933,C_8136,2012,2013,0.000148826555233,0,0,0.08,0.00734832882881,2026-09-08T22:27:07.472733+00:00,study3b_fifo_runtime_v1
73940,C_8137,2012,2013,0.0010234384099,0,0,0.08,0.00734832882881,2026-09-08T22:27:07.472733+00:00,study3b_fifo_runtime_v1
73969,C_8144,2012,2013,0.00586141832173,0,0,0.08,0.00734832882881,2026-09-08T22:27:07.472733+00:00,study3b_fifo_runtime_v1
73974,C_8145,2012,2013,0.000337004981702,0,0,0.08,0.00734832882881,2026-09-08T22:27:07.472733+00:00,study3b_fifo_runtime_v1
73983,C_8147,2012,2013,0.00264504435472,0,0,0.08,0.00734832882881,2026-09-08T22:27:07.472733+00:00,study3b_fifo_runtime_v1
73997,C_8149,2012,2013,6.82934842189e-06,0,0,0.08,0.00734832882881,2026-09-08T22:27:07.472733+00:00,study3b_fifo_runtime_v1
74011,C_8151,2012,2013,4.1535589844e-05,0,0,0.08,0.00734832882881,2026-09-08T22:27:07.472733+00:00,study3b_fifo_runtime_v1
74028,C_8154,2012,2013,3.17760277539e-05,0,0,0.08,0.00734832882881,2026-09-08T22:27:07.472733+00:00,study3b_fifo_runtime_v1
74040,C_8155,2012,2013,4.08263003919e-05,0,0,0.08,0.00734832882881,2026-09-08T22:27:07.472733+00:00,study3b_fifo_runtime_v1
74048,C_8157,2012,2013,1.88614631043e-05,0,0,0.08,0.00734832882881,2026-09-08T22:27:07.472733+00:00,study3b_fifo_runtime_v1
74060,C_8158,2012,2013,6.51949085295e-06,0,0,0.08,0.00734832882881,2026-09-08T22:27:07.472733+00:00,study3b_fifo_runtime_v1
74069,C_8159,2012,2013,0.00041109288577,0,0,0.08,0.00734832882881,2026-09-08T22:27:07.472733+00:00,study3b_fifo_runtime_v1
74080,C_8160,2012,2013,0.000238922992139,0,0,0.08,0.00734832882881,2026-09-08T22:27:07.472733+00:00,study3b_fifo_runtime_v1
74086,C_8161,2012,2013,0.000324151827954,0,0,0.08,0.00734832882881,2026-09-08T22:27:07.472733+00:00,study3b_fifo_runtime_v1
74094,C_8162,2012,2013,0.000136960850796,0,0,0.08,0.00734832882881,2026-09-08T22:27:07.472733+00:00,study3b_fifo_runtime_v1
74104,C_8163,2012,2013,0.000486021715915,0,0,0.08,0.00734832882881,2026-09-08T22:27:07.472733+00:00,study3b_fifo_runtime_v1
74116,C_8164,2012,2013,5.31365985807e-05,0,0,0.08,0.00734832882881,2026-09-08T22:27:07.472733+00:00,study3b_fifo_runtime_v1
74127,C_8165,2012,2013,0.000109248874651,0,0,0.08,0.00734832882881,2026-09-08T22:27:07.472733+00:00,study3b_fifo_runtime_v1
74134,C_8166,2012,2013,0.000611695402768,0,0,0.08,0.00734832882881,2026-09-08T22:27:07.472733+00:00,study3b_fifo_runtime_v1
74143,C_8167,2012,2013,0.000530859397259,0,0,0.08,0.00734832882881,2026-09-08T22:27:07.472733+00:00,study3b_fifo_runtime_v1
74146,C_8168,2012,2013,0.000283400615444,0,0,0.08,0.00734832882881,2026-09-08T22:27:07.472733+00:00,study3b_fifo_runtime_v1
74153,C_8169,2012,2013,0.000159241564688,0,0,0.08,0.00734832882881,2026-09-08T22:27:07.472733+00:00,study3b_fifo_runtime_v1
74161,C_8170,2012,2013,8.02924259915e-05,0,0,0.08,0.00734832882881,2026-09-08T22:27:07.472733+00:00,study3b_fifo_runtime_v1
74178,C_8172,2012,2013,0.0011406049598,0,0,0.08,0.00734832882881,2026-09-08T22:27:07.472733+00:00,study3b_fifo_runtime_v1
74184,C_8173,2012,2013,0.000198963622097,0,0,0.08,0.00734832882881,2026-09-08T22:27:07.472733+00:00,study3b_fifo_runtime_v1
74195,C_8174,2012,2013,3.08971757477e-05,0,0,0.08,0.00734832882881,2026-09-08T22:27:07.472733+00:00,study3b_fifo_runtime_v1
74202,C_8175,2012,2013,1.366896322e-05,0,0,0.08,0.00734832882881,2026-09-08T22:27:07.472733+00:00,study3b_fifo_runtime_v1
74211,C_8177,2012,2013,0.00012755219359,0,0,0.08,0.00734832882881,2026-09-08T22:27:07.472733+00:00,study3b_fifo_runtime_v1
74221,C_8180,2012,2013,0.00211292295717,0,0,0.08,0.00734832882881,2026-09-08T22:27:07.472733+00:00,study3b_fifo_runtime_v1
74234,C_8182,2012,2013,6.03182706982e-06,0,0,0.08,0.00734832882881,2026-09-08T22:27:07.472733+00:00,study3b_fifo_runtime_v1
74246,C_8183,2012,2013,0.000842657813337,0,0,0.08,0.00734832882881,2026-09-08T22:27:07.472733+00:00,study3b_fifo_runtime_v1
74257,C_8184,2012,2013,0.000595092191361,0,0,0.08,0.00734832882881,2026-09-08T22:27:07.472733+00:00,study3b_fifo_runtime_v1
74265,C_8185,2012,2013,0.000249621109106,0,0,0.08,0.00734832882881,2026-09-08T22:27:07.472733+00:00,study3b_fifo_runtime_v1
74277,C_8188,2012,2013,0.000216474683839,0,0,0.08,0.00734832882881,2026-09-08T22:27:07.472733+00:00,study3b_fifo_runtime_v1
74284,C_8189,2012,2013,4.91032405989e-05,0,0,0.08,0.00734832882881,2026-09-08T22:27:07.472733+00:00,study3b_fifo_runtime_v1
74292,C_8190,2012,2013,0.000956929696258,0,0,0.08,0.00734832882881,2026-09-08T22:27:07.472733+00:00,study3b_fifo_runtime_v1
74298,C_8191,2012,2013,0.000334155745804,0,0,0.08,0.00734832882881,2026-09-08T22:27:07.472733+00:00,study3b_fifo_runtime_v1
74310,C_8193,2012,2013,7.68367026467e-05,0,0,0.08,0.00734832882881,2026-09-08T22:27:07.472733+00:00,study3b_fifo_runtime_v1
74323,C_8196,2012,2013,0.00130429642741,0,0,0.08,0.00734832882881,2026-09-08T22:27:07.472733+00:00,study3b_fifo_runtime_v1
74330,C_8197,2012,2013,0.00167254498228,0,0,0.08,0.00734832882881,2026-09-08T22:27:07.472733+00:00,study3b_fifo_runtime_v1
74342,C_8199,2012,2013,6.42062223051e-05,0,0,0.08,0.00734832882881,2026-09-08T22:27:07.472733+00:00,study3b_fifo_runtime_v1
74357,C_8201,2012,2013,0.00121300120372,0,0,0.08,0.00734832882881,2026-09-08T22:27:07.472733+00:00,study3b_fifo_runtime_v1
74369,C_8202,2012,2013,0.03882605955,0,1,0.08,0.00734832882881,2026-09-08T22:27:07.472733+00:00,study3b_fifo_runtime_v1
74377,C_8203,2012,2013,9.45931606111e-05,0,0,0.08,0.00734832882881,2026-09-08T22:27:07.472733+00:00,study3b_fifo_runtime_v1
74389,C_8204,2012,2013,0.000599759339821,0,0,0.08,0.00734832882881,2026-09-08T22:27:07.472733+00:00,study3b_fifo_runtime_v1
74406,C_8207,2012,2013,6.44926331006e-06,0,0,0.08,0.00734832882881,2026-09-08T22:27:07.472733+00:00,study3b_fifo_runtime_v1
74414,C_8208,2012,2013,0.000282750697806,0,0,0.08,0.00734832882881,2026-09-08T22:27:07.472733+00:00,study3b_fifo_runtime_v1
74426,C_8209,2012,2013,6.72917622069e-06,0,0,0.08,0.00734832882881,2026-09-08T22:27:07.472733+00:00,study3b_fifo_runtime_v1
74439,C_8211,2012,2013,3.93295376853e-05,0,0,0.08,0.00734832882881,2026-09-08T22:27:07.472733+00:00,study3b_fifo_runtime_v1
74462,C_8218,2012,2013,0.00203520199284,0,0,0.08,0.00734832882881,2026-09-08T22:27:07.472733+00:00,study3b_fifo_runtime_v1
74473,C_8220,2012,2013,9.92763743852e-05,0,0,0.08,0.00734832882881,2026-09-08T22:27:07.472733+00:00,study3b_fifo_runtime_v1
74484,C_8221,2012,2013,7.02938705217e-05,0,0,0.08,0.00734832882881,2026-09-08T22:27:07.472733+00:00,study3b_fifo_runtime_v1
74498,C_8223,2012,2013,0.000207207645872,0,0,0.08,0.00734832882881,2026-09-08T22:27:07.472733+00:00,study3b_fifo_runtime_v1
74503,C_8224,2012,2013,0.000300636194879,0,0,0.08,0.00734832882881,2026-09-08T22:27:07.472733+00:00,study3b_fifo_runtime_v1
74515,C_8225,2012,2013,3.80307101295e-05,0,0,0.08,0.00734832882881,2026-09-08T22:27:07.472733+00:00,study3b_fifo_runtime_v1
74535,C_8229,2012,2013,0.000180120827281,0,0,0.08,0.00734832882881,2026-09-08T22:27:07.472733+00:00,study3b_fifo_runtime_v1
74544,C_8230,2012,2013,0.000414797657868,0,0,0.08,0.00734832882881,2026-09-08T22:27:07.472733+00:00,study3b_fifo_runtime_v1
74553,C_8231,2012,2013,2.44883790401e-06,0,0,0.08,0.00734832882881,2026-09-08T22:27:07.472733+00:00,study3b_fifo_runtime_v1
74565,C_8232,2012,2013,0.000130800428451,0,0,0.08,0.00734832882881,2026-09-08T22:27:07.472733+00:00,study3b_fifo_runtime_v1
74581,C_8235,2012,2013,1.10490318548e-05,0,0,0.08,0.00734832882881,2026-09-08T22:27:07.472733+00:00,study3b_fifo_runtime_v1
74596,C_8237,2012,2013,0.000693933165167,0,0,0.08,0.00734832882881,2026-09-08T22:27:07.472733+00:00,study3b_fifo_runtime_v1
74608,C_8238,2012,2013,0.00091214227723,0,0,0.08,0.00734832882881,2026-09-08T22:27:07.472733+00:00,study3b_fifo_runtime_v1
74609,C_8239,2012,2013,0.0075204805471,0,1,0.08,0.00734832882881,2026-09-08T22:27:07.472733+00:00,study3b_fifo_runtime_v1
74620,C_8241,2012,2013,0.000119987460494,0,0,0.08,0.00734832882881,2026-09-08T22:27:07.472733+00:00,study3b_fifo_runtime_v1
74635,C_8244,2012,2013,0.000140148214996,0,0,0.08,0.00734832882881,2026-09-08T22:27:07.472733+00:00,study3b_fifo_runtime_v1
74653,C_8247,2012,2013,0.000186823264812,0,0,0.08,0.00734832882881,2026-09-08T22:27:07.472733+00:00,study3b_fifo_runtime_v1
74659,C_8248,2012,2013,0.000646848289762,0,0,0.08,0.00734832882881,2026-09-08T22:27:07.472733+00:00,study3b_fifo_runtime_v1
74666,C_8249,2012,2013,0.00290290894918,0,0,0.08,0.00734832882881,2026-09-08T22:27:07.472733+00:00,study3b_fifo_runtime_v1
74684,C_8253,2012,2013,0.4185346663,1,1,0.08,0.00734832882881,2026-09-08T22:27:07.472733+00:00,study3b_fifo_runtime_v1
74696,C_8254,2012,2013,0.00438164221123,0,0,0.08,0.00734832882881,2026-09-08T22:27:07.472733+00:00,study3b_fifo_runtime_v1
74706,C_8255,2012,2013,0.000258365733316,0,0,0.08,0.00734832882881,2026-09-08T22:27:07.472733+00:00,study3b_fifo_runtime_v1
74713,C_8257,2012,2013,0.0672028660774,0,1,0.08,0.00734832882881,2026-09-08T22:27:07.472733+00:00,study3b_fifo_runtime_v1
74722,C_8258,2012,2013,0.00011101715063,0,0,0.08,0.00734832882881,2026-09-08T22:27:07.472733+00:00,study3b_fifo_runtime_v1
74733,C_8259,2012,2013,7.89553996583e-06,0,0,0.08,0.00734832882881,2026-09-08T22:27:07.472733+00:00,study3b_fifo_runtime_v1
74747,C_8261,2012,2013,0.00278796697967,0,0,0.08,0.00734832882881,2026-09-08T22:27:07.472733+00:00,study3b_fifo_runtime_v1
74758,C_8264,2012,2013,6.7080349254e-05,0,0,0.08,0.00734832882881,2026-09-08T22:27:07.472733+00:00,study3b_fifo_runtime_v1
74766,C_8265,2012,2013,8.87270362e-05,0,0,0.08,0.00734832882881,2026-09-08T22:27:07.472733+00:00,study3b_fifo_runtime_v1
74778,C_8266,2012,2013,1.63354252436e-05,0,0,0.08,0.00734832882881,2026-09-08T22:27:07.472733+00:00,study3b_fifo_runtime_v1
74784,C_8267,2012,2013,0.000842100183945,0,0,0.08,0.00734832882881,2026-09-08T22:27:07.472733+00:00,study3b_fifo_runtime_v1
74788,C_8268,2012,2013,0.00053052714793,0,0,0.08,0.00734832882881,2026-09-08T22:27:07.472733+00:00,study3b_fifo_runtime_v1
74800,C_8269,2012,2013,0.000523719878402,0,0,0.08,0.00734832882881,2026-09-08T22:27:07.472733+00:00,study3b_fifo_runtime_v1
74807,C_8270,2012,2013,0.00251710042357,0,0,0.08,0.00734832882881,2026-09-08T22:27:07.472733+00:00,study3b_fifo_runtime_v1
74819,C_8271,2012,2013,0.0194145403802,0,1,0.08,0.00734832882881,2026-09-08T22:27:07.472733+00:00,study3b_fifo_runtime_v1
74826,C_8272,2012,2013,0.00120333966333,0,0,0.08,0.00734832882881,2026-09-08T22:27:07.472733+00:00,study3b_fifo_runtime_v1
74845,C_8275,2012,2013,0.000654935080092,0,0,0.08,0.00734832882881,2026-09-08T22:27:07.472733+00:00,study3b_fifo_runtime_v1
74853,C_8277,2012,2013,0.00108375120908,0,0,0.08,0.00734832882881,2026-09-08T22:27:07.472733+00:00,study3b_fifo_runtime_v1
74863,C_8278,2012,2013,8.87154383236e-05,0,0,0.08,0.00734832882881,2026-09-08T22:27:07.472733+00:00,study3b_fifo_runtime_v1
74870,C_8279,2012,2013,0.00154270406347,0,0,0.08,0.00734832882881,2026-09-08T22:27:07.472733+00:00,study3b_fifo_runtime_v1
74892,C_8283,2012,2013,0.00377756194212,0,0,0.08,0.00734832882881,2026-09-08T22:27:07.472733+00:00,study3b_fifo_runtime_v1
74908,C_8286,2012,2013,0.00213618576527,0,0,0.08,0.00734832882881,2026-09-08T22:27:07.472733+00:00,study3b_fifo_runtime_v1
74919,C_8287,2012,2013,3.65070154658e-05,0,0,0.08,0.00734832882881,2026-09-08T22:27:07.472733+00:00,study3b_fifo_runtime_v1
74922,C_8288,2012,2013,0.00126740441192,0,0,0.08,0.00734832882881,2026-09-08T22:27:07.472733+00:00,study3b_fifo_runtime_v1
74929,C_8289,2012,2013,0.000234812687268,0,0,0.08,0.00734832882881,2026-09-08T22:27:07.472733+00:00,study3b_fifo_runtime_v1
74942,C_8293,2012,2013,0.000240326815401,0,0,0.08,0.00734832882881,2026-09-08T22:27:07.472733+00:00,study3b_fifo_runtime_v1
74952,C_8296,2012,2013,0.000102603480627,0,0,0.08,0.00734832882881,2026-09-08T22:27:07.472733+00:00,study3b_fifo_runtime_v1
74963,C_8297,2012,2013,0.00398811558262,0,0,0.08,0.00734832882881,2026-09-08T22:27:07.472733+00:00,study3b_fifo_runtime_v1
74970,C_8298,2012,2013,0.00103111111093,0,0,0.08,0.00734832882881,2026-09-08T22:27:07.472733+00:00,study3b_fifo_runtime_v1
74977,C_8299,2012,2013,0.00103533046786,0,0,0.08,0.00734832882881,2026-09-08T22:27:07.472733+00:00,study3b_fifo_runtime_v1
74986,C_8300,2012,2013,0.00212254375219,0,0,0.08,0.00734832882881,2026-09-08T22:27:07.472733+00:00,study3b_fifo_runtime_v1
74994,C_8301,2012,2013,0.00206823437475,0,0,0.08,0.00734832882881,2026-09-08T22:27:07.472733+00:00,study3b_fifo_runtime_v1
75005,C_8302,2012,2013,0.00470606563613,0,0,0.08,0.00734832882881,2026-09-08T22:27:07.472733+00:00,study3b_fifo_runtime_v1
75012,C_8303,2012,2013,0.0129147125408,0,1,0.08,0.00734832882881,2026-09-08T22:27:07.472733+00:00,study3b_fifo_runtime_v1
75019,C_8304,2012,2013,8.58053681441e-05,0,0,0.08,0.00734832882881,2026-09-08T22:27:07.472733+00:00,study3b_fifo_runtime_v1
75038,C_8310,2012,2013,0.000332446739776,0,0,0.08,0.00734832882881,2026-09-08T22:27:07.472733+00:00,study3b_fifo_runtime_v1
75047,C_8311,2012,2013,1.66074805747e-05,0,0,0.08,0.00734832882881,2026-09-08T22:27:07.472733+00:00,study3b_fifo_runtime_v1
75058,C_8312,2012,2013,0.000360918493243,0,0,0.08,0.00734832882881,2026-09-08T22:27:07.472733+00:00,study3b_fifo_runtime_v1
75065,C_8313,2012,2013,3.52899951395e-06,0,0,0.08,0.00734832882881,2026-09-08T22:27:07.472733+00:00,study3b_fifo_runtime_v1
75076,C_8314,2012,2013,0.00032580239349,0,0,0.08,0.00734832882881,2026-09-08T22:27:07.472733+00:00,study3b_fifo_runtime_v1
75087,C_8315,2012,2013,0.000267666880973,0,0,0.08,0.00734832882881,2026-09-08T22:27:07.472733+00:00,study3b_fifo_runtime_v1
75097,C_8316,2012,2013,0.00335632357746,0,0,0.08,0.00734832882881,2026-09-08T22:27:07.472733+00:00,study3b_fifo_runtime_v1
75107,C_8317,2012,2013,0.000231031750445,0,0,0.08,0.00734832882881,2026-09-08T22:27:07.472733+00:00,study3b_fifo_runtime_v1
75121,C_8320,2012,2013,3.33104362653e-05,0,0,0.08,0.00734832882881,2026-09-08T22:27:07.472733+00:00,study3b_fifo_runtime_v1
75128,C_8321,2012,2013,0.00570528768003,0,0,0.08,0.00734832882881,2026-09-08T22:27:07.472733+00:00,study3b_fifo_runtime_v1
75135,C_8322,2012,2013,0.000306405505398,0,0,0.08,0.00734832882881,2026-09-08T22:27:07.472733+00:00,study3b_fifo_runtime_v1
75143,C_8323,2012,2013,0.00339908804744,0,0,0.08,0.00734832882881,2026-09-08T22:27:07.472733+00:00,study3b_fifo_runtime_v1
75147,C_8325,2012,2013,0.00359666743316,0,0,0.08,0.00734832882881,2026-09-08T22:27:07.472733+00:00,study3b_fifo_runtime_v1
75158,C_8326,2012,2013,8.62936722115e-05,0,0,0.08,0.00734832882881,2026-09-08T22:27:07.472733+00:00,study3b_fifo_runtime_v1
75169,C_8328,2012,2013,0.000170039318618,0,0,0.08,0.00734832882881,2026-09-08T22:27:07.472733+00:00,study3b_fifo_runtime_v1
75174,C_8329,2012,2013,3.45020780514e-05,0,0,0.08,0.00734832882881,2026-09-08T22:27:07.472733+00:00,study3b_fifo_runtime_v1
75184,C_8330,2012,2013,0.0051967096515,0,0,0.08,0.00734832882881,2026-09-08T22:27:07.472733+00:00,study3b_fifo_runtime_v1
75191,C_8331,2012,2013,5.3777872381e-05,0,0,0.08,0.00734832882881,2026-09-08T22:27:07.472733+00:00,study3b_fifo_runtime_v1
75197,C_8332,2012,2013,7.02731267666e-05,0,0,0.08,0.00734832882881,2026-09-08T22:27:07.472733+00:00,study3b_fifo_runtime_v1
75210,C_8334,2012,2013,6.37847188045e-05,0,0,0.08,0.00734832882881,2026-09-08T22:27:07.472733+00:00,study3b_fifo_runtime_v1
75219,C_8335,2012,2013,0.000323104060953,0,0,0.08,0.00734832882881,2026-09-08T22:27:07.472733+00:00,study3b_fifo_runtime_v1
75230,C_8336,2012,2013,0.000128060040879,0,0,0.08,0.00734832882881,2026-09-08T22:27:07.472733+00:00,study3b_fifo_runtime_v1
75247,C_8340,2012,2013,2.07855464396e-05,0,0,0.08,0.00734832882881,2026-09-08T22:27:07.472733+00:00,study3b_fifo_runtime_v1
75254,C_8342,2012,2013,0.00157700898126,0,0,0.08,0.00734832882881,2026-09-08T22:27:07.472733+00:00,study3b_fifo_runtime_v1
75258,C_8343,2012,2013,3.19094797305e-05,0,0,0.08,0.00734832882881,2026-09-08T22:27:07.472733+00:00,study3b_fifo_runtime_v1
75266,C_8345,2012,2013,0.000719025207218,0,0,0.08,0.00734832882881,2026-09-08T22:27:07.472733+00:00,study3b_fifo_runtime_v1
75276,C_8346,2012,2013,4.41766169388e-05,0,0,0.08,0.00734832882881,2026-09-08T22:27:07.472733+00:00,study3b_fifo_runtime_v1
75282,C_8347,2012,2013,5.45093898836e-05,0,0,0.08,0.00734832882881,2026-09-08T22:27:07.472733+00:00,study3b_fifo_runtime_v1
75287,C_8348,2012,2013,1.08092363007e-05,0,0,0.08,0.00734832882881,2026-09-08T22:27:07.472733+00:00,study3b_fifo_runtime_v1
75298,C_8349,2012,2013,0.000203209972824,0,0,0.08,0.00734832882881,2026-09-08T22:27:07.472733+00:00,study3b_fifo_runtime_v1
75306,C_8350,2012,2013,0.00149562268052,0,0,0.08,0.00734832882881,2026-09-08T22:27:07.472733+00:00,study3b_fifo_runtime_v1
75311,C_8351,2012,2013,0.000271245284239,0,0,0.08,0.00734832882881,2026-09-08T22:27:07.472733+00:00,study3b_fifo_runtime_v1
75332,C_8354,2012,2013,1.12710622489e-05,0,0,0.08,0.00734832882881,2026-09-08T22:27:07.472733+00:00,study3b_fifo_runtime_v1
75341,C_8355,2012,2013,1.33021649162e-05,0,0,0.08,0.00734832882881,2026-09-08T22:27:07.472733+00:00,study3b_fifo_runtime_v1
75355,C_8357,2012,2013,0.000360206788173,0,0,0.08,0.00734832882881,2026-09-08T22:27:07.472733+00:00,study3b_fifo_runtime_v1
75373,C_8360,2012,2013,0.00149468751624,0,0,0.08,0.00734832882881,2026-09-08T22:27:07.472733+00:00,study3b_fifo_runtime_v1
75390,C_8362,2012,2013,8.06196203484e-06,0,0,0.08,0.00734832882881,2026-09-08T22:27:07.472733+00:00,study3b_fifo_runtime_v1
75400,C_8363,2012,2013,0.000905583554413,0,0,0.08,0.00734832882881,2026-09-08T22:27:07.472733+00:00,study3b_fifo_runtime_v1
75409,C_8364,2012,2013,5.77540631639e-05,0,0,0.08,0.00734832882881,2026-09-08T22:27:07.472733+00:00,study3b_fifo_runtime_v1
75420,C_8365,2012,2013,0.000412621186115,0,0,0.08,0.00734832882881,2026-09-08T22:27:07.472733+00:00,study3b_fifo_runtime_v1
75430,C_8366,2012,2013,0.0021037820261,0,0,0.08,0.00734832882881,2026-09-08T22:27:07.472733+00:00,study3b_fifo_runtime_v1
75433,C_8367,2012,2013,8.92272728379e-05,0,0,0.08,0.00734832882881,2026-09-08T22:27:07.472733+00:00,study3b_fifo_runtime_v1
75448,C_8369,2012,2013,5.16651380167e-06,0,0,0.08,0.00734832882881,2026-09-08T22:27:07.472733+00:00,study3b_fifo_runtime_v1
75458,C_8370,2012,2013,0.000248263007961,0,0,0.08,0.00734832882881,2026-09-08T22:27:07.472733+00:00,study3b_fifo_runtime_v1
75468,C_8371,2012,2013,7.61128603699e-06,0,0,0.08,0.00734832882881,2026-09-08T22:27:07.472733+00:00,study3b_fifo_runtime_v1
75482,C_8373,2012,2013,0.00131079740822,0,0,0.08,0.00734832882881,2026-09-08T22:27:07.472733+00:00,study3b_fifo_runtime_v1
75489,C_8374,2012,2013,0.00474635465071,0,0,0.08,0.00734832882881,2026-09-08T22:27:07.472733+00:00,study3b_fifo_runtime_v1
75496,C_8375,2012,2013,3.39910766343e-05,0,0,0.08,0.00734832882881,2026-09-08T22:27:07.472733+00:00,study3b_fifo_runtime_v1
75504,C_8376,2012,2013,0.00158108491451,0,0,0.08,0.00734832882881,2026-09-08T22:27:07.472733+00:00,study3b_fifo_runtime_v1
75515,C_8378,2012,2013,0.00102330953814,0,0,0.08,0.00734832882881,2026-09-08T22:27:07.472733+00:00,study3b_fifo_runtime_v1
75524,C_8379,2012,2013,0.000257200823398,0,0,0.08,0.00734832882881,2026-09-08T22:27:07.472733+00:00,study3b_fifo_runtime_v1
75531,C_8380,2012,2013,0.000207928751479,0,0,0.08,0.00734832882881,2026-09-08T22:27:07.472733+00:00,study3b_fifo_runtime_v1
75543,C_8382,2012,2013,0.000907298468519,0,0,0.08,0.00734832882881,2026-09-08T22:27:07.472733+00:00,study3b_fifo_runtime_v1
75556,C_8385,2012,2013,0.000747047364712,0,0,0.08,0.00734832882881,2026-09-08T22:27:07.472733+00:00,study3b_fifo_runtime_v1
75567,C_8386,2012,2013,0.000262817105977,0,0,0.08,0.00734832882881,2026-09-08T22:27:07.472733+00:00,study3b_fifo_runtime_v1
75577,C_8387,2012,2013,3.39805010299e-05,0,0,0.08,0.00734832882881,2026-09-08T22:27:07.472733+00:00,study3b_fifo_runtime_v1
75583,C_8388,2012,2013,0.000549050688278,0,0,0.08,0.00734832882881,2026-09-08T22:27:07.472733+00:00,study3b_fifo_runtime_v1
75595,C_8390,2012,2013,0.000100510427728,0,0,0.08,0.00734832882881,2026-09-08T22:27:07.472733+00:00,study3b_fifo_runtime_v1
75606,C_8391,2012,2013,0.000641495280433,0,0,0.08,0.00734832882881,2026-09-08T22:27:07.472733+00:00,study3b_fifo_runtime_v1
75613,C_8392,2012,2013,0.000354188377969,0,0,0.08,0.00734832882881,2026-09-08T22:27:07.472733+00:00,study3b_fifo_runtime_v1
75621,C_8393,2012,2013,9.92377244984e-05,0,0,0.08,0.00734832882881,2026-09-08T22:27:07.472733+00:00,study3b_fifo_runtime_v1
75622,C_8394,2012,2013,0.000711786095053,0,0,0.08,0.00734832882881,2026-09-08T22:27:07.472733+00:00,study3b_fifo_runtime_v1
75635,C_8396,2012,2013,6.58075305182e-06,0,0,0.08,0.00734832882881,2026-09-08T22:27:07.472733+00:00,study3b_fifo_runtime_v1
75642,C_8397,2012,2013,2.05971864489e-05,0,0,0.08,0.00734832882881,2026-09-08T22:27:07.472733+00:00,study3b_fifo_runtime_v1
75653,C_8398,2012,2013,0.00182047404815,0,0,0.08,0.00734832882881,2026-09-08T22:27:07.472733+00:00,study3b_fifo_runtime_v1
75664,C_8399,2012,2013,1.07817659227e-05,0,0,0.08,0.00734832882881,2026-09-08T22:27:07.472733+00:00,study3b_fifo_runtime_v1
75672,C_8400,2012,2013,0.000438537012087,0,0,0.08,0.00734832882881,2026-09-08T22:27:07.472733+00:00,study3b_fifo_runtime_v1
75683,C_8402,2012,2013,0.00129877228756,0,0,0.08,0.00734832882881,2026-09-08T22:27:07.472733+00:00,study3b_fifo_runtime_v1
75686,C_8403,2012,2013,0.000164821089129,0,0,0.08,0.00734832882881,2026-09-08T22:27:07.472733+00:00,study3b_fifo_runtime_v1
75691,C_8404,2012,2013,0.000249585922575,0,0,0.08,0.00734832882881,2026-09-08T22:27:07.472733+00:00,study3b_fifo_runtime_v1
75696,C_8405,2012,2013,0.000291786913294,0,0,0.08,0.00734832882881,2026-09-08T22:27:07.472733+00:00,study3b_fifo_runtime_v1
75706,C_8407,2012,2013,0.00320257991552,0,0,0.08,0.00734832882881,2026-09-08T22:27:07.472733+00:00,study3b_fifo_runtime_v1
75711,C_8408,2012,2013,4.94677224196e-05,0,0,0.08,0.00734832882881,2026-09-08T22:27:07.472733+00:00,study3b_fifo_runtime_v1
75722,C_8410,2012,2013,1.30159160108e-05,0,0,0.08,0.00734832882881,2026-09-08T22:27:07.472733+00:00,study3b_fifo_runtime_v1
75736,C_8412,2012,2013,0.000914496078622,0,0,0.08,0.00734832882881,2026-09-08T22:27:07.472733+00:00,study3b_fifo_runtime_v1
75745,C_8415,2012,2013,0.824669837952,1,1,0.08,0.00734832882881,2026-09-08T22:27:07.472733+00:00,study3b_fifo_runtime_v1
75748,C_8416,2012,2013,0.00125893275253,0,0,0.08,0.00734832882881,2026-09-08T22:27:07.472733+00:00,study3b_fifo_runtime_v1
75761,C_8418,2012,2013,9.67034429777e-06,0,0,0.08,0.00734832882881,2026-09-08T22:27:07.472733+00:00,study3b_fifo_runtime_v1
75772,C_8420,2012,2013,8.00528232503e-06,0,0,0.08,0.00734832882881,2026-09-08T22:27:07.472733+00:00,study3b_fifo_runtime_v1
75779,C_8422,2012,2013,7.20511525287e-05,0,0,0.08,0.00734832882881,2026-09-08T22:27:07.472733+00:00,study3b_fifo_runtime_v1
75782,C_8423,2012,2013,0.00150082574692,0,0,0.08,0.00734832882881,2026-09-08T22:27:07.472733+00:00,study3b_fifo_runtime_v1
75786,C_8424,2012,2013,0.0090541690588,0,1,0.08,0.00734832882881,2026-09-08T22:27:07.472733+00:00,study3b_fifo_runtime_v1
75795,C_8426,2012,2013,0.00133403018117,0,0,0.08,0.00734832882881,2026-09-08T22:27:07.472733+00:00,study3b_fifo_runtime_v1
75803,C_8427,2012,2013,0.000446968508186,0,0,0.08,0.00734832882881,2026-09-08T22:27:07.472733+00:00,study3b_fifo_runtime_v1
75814,C_8430,2012,2013,0.00250592082739,0,0,0.08,0.00734832882881,2026-09-08T22:27:07.472733+00:00,study3b_fifo_runtime_v1
75819,C_8431,2012,2013,0.00142700655852,0,0,0.08,0.00734832882881,2026-09-08T22:27:07.472733+00:00,study3b_fifo_runtime_v1
75828,C_8433,2012,2013,0.000331049435772,0,0,0.08,0.00734832882881,2026-09-08T22:27:07.472733+00:00,study3b_fifo_runtime_v1
75841,C_8436,2012,2013,0.000454027991509,0,0,0.08,0.00734832882881,2026-09-08T22:27:07.472733+00:00,study3b_fifo_runtime_v1
75847,C_8437,2012,2013,0.026860261336,0,1,0.08,0.00734832882881,2026-09-08T22:27:07.472733+00:00,study3b_fifo_runtime_v1
75859,C_8441,2012,2013,0.000145597863593,0,0,0.08,0.00734832882881,2026-09-08T22:27:07.472733+00:00,study3b_fifo_runtime_v1
75867,C_8444,2012,2013,0.00129615538754,0,0,0.08,0.00734832882881,2026-09-08T22:27:07.472733+00:00,study3b_fifo_runtime_v1
75884,C_8448,2012,2013,0.000137867624289,0,0,0.08,0.00734832882881,2026-09-08T22:27:07.472733+00:00,study3b_fifo_runtime_v1
75895,C_8450,2012,2013,0.000121697688883,0,0,0.08,0.00734832882881,2026-09-08T22:27:07.472733+00:00,study3b_fifo_runtime_v1
75901,C_8451,2012,2013,1.51212989294e-05,0,0,0.08,0.00734832882881,2026-09-08T22:27:07.472733+00:00,study3b_fifo_runtime_v1
75912,C_8453,2012,2013,6.51081936667e-05,0,0,0.08,0.00734832882881,2026-09-08T22:27:07.472733+00:00,study3b_fifo_runtime_v1
75921,C_8454,2012,2013,2.61592267634e-05,0,0,0.08,0.00734832882881,2026-09-08T22:27:07.472733+00:00,study3b_fifo_runtime_v1
75929,C_8455,2012,2013,0.00149281544145,0,0,0.08,0.00734832882881,2026-09-08T22:27:07.472733+00:00,study3b_fifo_runtime_v1
75938,C_8456,2012,2013,0.000189069207408,0,0,0.08,0.00734832882881,2026-09-08T22:27:07.472733+00:00,study3b_fifo_runtime_v1
75945,C_8458,2012,2013,6.56219708617e-05,0,0,0.08,0.00734832882881,2026-09-08T22:27:07.472733+00:00,study3b_fifo_runtime_v1
75955,C_8459,2012,2013,1.76282276243e-06,0,0,0.08,0.00734832882881,2026-09-08T22:27:07.472733+00:00,study3b_fifo_runtime_v1
75967,C_8461,2012,2013,0.00987379997969,0,1,0.08,0.00734832882881,2026-09-08T22:27:07.472733+00:00,study3b_fifo_runtime_v1
75979,C_8463,2012,2013,0.000160519281053,0,0,0.08,0.00734832882881,2026-09-08T22:27:07.472733+00:00,study3b_fifo_runtime_v1
75987,C_8466,2012,2013,2.54328642768e-05,0,0,0.08,0.00734832882881,2026-09-08T22:27:07.472733+00:00,study3b_fifo_runtime_v1
75990,C_8467,2012,2013,0.0013404606143,0,0,0.08,0.00734832882881,2026-09-08T22:27:07.472733+00:00,study3b_fifo_runtime_v1
75999,C_8468,2012,2013,0.00366044859402,0,0,0.08,0.00734832882881,2026-09-08T22:27:07.472733+00:00,study3b_fifo_runtime_v1
76009,C_8470,2012,2013,0.000634792668279,0,0,0.08,0.00734832882881,2026-09-08T22:27:07.472733+00:00,study3b_fifo_runtime_v1
76024,C_8473,2012,2013,0.00703334622085,0,0,0.08,0.00734832882881,2026-09-08T22:27:07.472733+00:00,study3b_fifo_runtime_v1
76025,C_8474,2012,2013,0.000227349693887,0,0,0.08,0.00734832882881,2026-09-08T22:27:07.472733+00:00,study3b_fifo_runtime_v1
76037,C_8476,2012,2013,9.59621174843e-05,0,0,0.08,0.00734832882881,2026-09-08T22:27:07.472733+00:00,study3b_fifo_runtime_v1
76041,C_8477,2012,2013,0.00190253590699,0,0,0.08,0.00734832882881,2026-09-08T22:27:07.472733+00:00,study3b_fifo_runtime_v1
76050,C_8478,2012,2013,0.000357790704584,0,0,0.08,0.00734832882881,2026-09-08T22:27:07.472733+00:00,study3b_fifo_runtime_v1
76060,C_8479,2012,2013,0.0337283015251,0,1,0.08,0.00734832882881,2026-09-08T22:27:07.472733+00:00,study3b_fifo_runtime_v1
76063,C_8480,2012,2013,0.000424103433033,0,0,0.08,0.00734832882881,2026-09-08T22:27:07.472733+00:00,study3b_fifo_runtime_v1
76073,C_8481,2012,2013,3.27625525642e-06,0,0,0.08,0.00734832882881,2026-09-08T22:27:07.472733+00:00,study3b_fifo_runtime_v1
76080,C_8482,2012,2013,0.00427827332169,0,0,0.08,0.00734832882881,2026-09-08T22:27:07.472733+00:00,study3b_fifo_runtime_v1
76090,C_8483,2012,2013,2.88244846161e-05,0,0,0.08,0.00734832882881,2026-09-08T22:27:07.472733+00:00,study3b_fifo_runtime_v1
76096,C_8484,2012,2013,0.0150740584359,0,1,0.08,0.00734832882881,2026-09-08T22:27:07.472733+00:00,study3b_fifo_runtime_v1
76102,C_8485,2012,2013,0.000249718636042,0,0,0.08,0.00734832882881,2026-09-08T22:27:07.472733+00:00,study3b_fifo_runtime_v1
76112,C_8487,2012,2013,0.000193543339265,0,0,0.08,0.00734832882881,2026-09-08T22:27:07.472733+00:00,study3b_fifo_runtime_v1
76120,C_8489,2012,2013,0.000558562111109,0,0,0.08,0.00734832882881,2026-09-08T22:27:07.472733+00:00,study3b_fifo_runtime_v1
76124,C_8490,2012,2013,0.000165741032106,0,0,0.08,0.00734832882881,2026-09-08T22:27:07.472733+00:00,study3b_fifo_runtime_v1
76132,C_8491,2012,2013,0.00437006121501,0,0,0.08,0.00734832882881,2026-09-08T22:27:07.472733+00:00,study3b_fifo_runtime_v1
76137,C_8492,2012,2013,0.000755658897106,0,0,0.08,0.00734832882881,2026-09-08T22:27:07.472733+00:00,study3b_fifo_runtime_v1
76152,C_8495,2012,2013,0.00115380168427,0,0,0.08,0.00734832882881,2026-09-08T22:27:07.472733+00:00,study3b_fifo_runtime_v1
76161,C_8496,2012,2013,0.000189853963093,0,0,0.08,0.00734832882881,2026-09-08T22:27:07.472733+00:00,study3b_fifo_runtime_v1
76165,C_8497,2012,2013,0.00147911719978,0,0,0.08,0.00734832882881,2026-09-08T22:27:07.472733+00:00,study3b_fifo_runtime_v1
76173,C_8499,2012,2013,0.000336570927175,0,0,0.08,0.00734832882881,2026-09-08T22:27:07.472733+00:00,study3b_fifo_runtime_v1
76183,C_8502,2012,2013,0.000347899767803,0,0,0.08,0.00734832882881,2026-09-08T22:27:07.472733+00:00,study3b_fifo_runtime_v1
76190,C_8503,2012,2013,0.000840748834889,0,0,0.08,0.00734832882881,2026-09-08T22:27:07.472733+00:00,study3b_fifo_runtime_v1
76199,C_8504,2012,2013,6.76760319038e-05,0,0,0.08,0.00734832882881,2026-09-08T22:27:07.472733+00:00,study3b_fifo_runtime_v1
76202,C_8505,2012,2013,0.00411431258544,0,0,0.08,0.00734832882881,2026-09-08T22:27:07.472733+00:00,study3b_fifo_runtime_v1
76207,C_8506,2012,2013,4.02820478485e-06,0,0,0.08,0.00734832882881,2026-09-08T22:27:07.472733+00:00,study3b_fifo_runtime_v1
76216,C_8507,2012,2013,0.0434576608241,0,1,0.08,0.00734832882881,2026-09-08T22:27:07.472733+00:00,study3b_fifo_runtime_v1
76229,C_8509,2012,2013,0.00488981604576,0,0,0.08,0.00734832882881,2026-09-08T22:27:07.472733+00:00,study3b_fifo_runtime_v1
76238,C_8510,2012,2013,5.13522763868e-06,0,0,0.08,0.00734832882881,2026-09-08T22:27:07.472733+00:00,study3b_fifo_runtime_v1
76246,C_8511,2012,2013,0.000236304535065,0,0,0.08,0.00734832882881,2026-09-08T22:27:07.472733+00:00,study3b_fifo_runtime_v1
76251,C_8513,2012,2013,1.41244054248e-05,0,0,0.08,0.00734832882881,2026-09-08T22:27:07.472733+00:00,study3b_fifo_runtime_v1
76264,C_8516,2012,2013,0.000396825285861,0,0,0.08,0.00734832882881,2026-09-08T22:27:07.472733+00:00,study3b_fifo_runtime_v1
76280,C_8518,2012,2013,0.0130557818338,0,1,0.08,0.00734832882881,2026-09-08T22:27:07.472733+00:00,study3b_fifo_runtime_v1
76285,C_8519,2012,2013,2.13648831959e-06,0,0,0.08,0.00734832882881,2026-09-08T22:27:07.472733+00:00,study3b_fifo_runtime_v1
76292,C_8520,2012,2013,5.93166332692e-05,0,0,0.08,0.00734832882881,2026-09-08T22:27:07.472733+00:00,study3b_fifo_runtime_v1
76299,C_8521,2012,2013,0.00237957458012,0,0,0.08,0.00734832882881,2026-09-08T22:27:07.472733+00:00,study3b_fifo_runtime_v1
76308,C_8522,2012,2013,1.05863728095e-05,0,0,0.08,0.00734832882881,2026-09-08T22:27:07.472733+00:00,study3b_fifo_runtime_v1
76317,C_8523,2012,2013,0.000737999973353,0,0,0.08,0.00734832882881,2026-09-08T22:27:07.472733+00:00,study3b_fifo_runtime_v1
76327,C_8525,2012,2013,0.00119091372471,0,0,0.08,0.00734832882881,2026-09-08T22:27:07.472733+00:00,study3b_fifo_runtime_v1
76330,C_8526,2012,2013,7.78224712121e-05,0,0,0.08,0.00734832882881,2026-09-08T22:27:07.472733+00:00,study3b_fifo_runtime_v1
76340,C_8527,2012,2013,0.000276691367617,0,0,0.08,0.00734832882881,2026-09-08T22:27:07.472733+00:00,study3b_fifo_runtime_v1
76348,C_8528,2012,2013,3.76314528694e-05,0,0,0.08,0.00734832882881,2026-09-08T22:27:07.472733+00:00,study3b_fifo_runtime_v1
76362,C_8532,2012,2013,0.00147050770465,0,0,0.08,0.00734832882881,2026-09-08T22:27:07.472733+00:00,study3b_fifo_runtime_v1
76367,C_8534,2012,2013,0.00156204507221,0,0,0.08,0.00734832882881,2026-09-08T22:27:07.472733+00:00,study3b_fifo_runtime_v1
76370,C_8535,2012,2013,0.0002133166563,0,0,0.08,0.00734832882881,2026-09-08T22:27:07.472733+00:00,study3b_fifo_runtime_v1
76372,C_8536,2012,2013,0.000162755153724,0,0,0.08,0.00734832882881,2026-09-08T22:27:07.472733+00:00,study3b_fifo_runtime_v1
76375,C_8537,2012,2013,0.01063675154,0,1,0.08,0.00734832882881,2026-09-08T22:27:07.472733+00:00,study3b_fifo_runtime_v1
76384,C_8538,2012,2013,4.05888131354e-05,0,0,0.08,0.00734832882881,2026-09-08T22:27:07.472733+00:00,study3b_fifo_runtime_v1
76393,C_8539,2012,2013,4.82603354612e-05,0,0,0.08,0.00734832882881,2026-09-08T22:27:07.472733+00:00,study3b_fifo_runtime_v1
76404,C_8541,2012,2013,2.63778474618e-05,0,0,0.08,0.00734832882881,2026-09-08T22:27:07.472733+00:00,study3b_fifo_runtime_v1
76413,C_8542,2012,2013,4.7747278586e-05,0,0,0.08,0.00734832882881,2026-09-08T22:27:07.472733+00:00,study3b_fifo_runtime_v1
76417,C_8543,2012,2013,0.000233689890592,0,0,0.08,0.00734832882881,2026-09-08T22:27:07.472733+00:00,study3b_fifo_runtime_v1
76420,C_8544,2012,2013,0.000258166779531,0,0,0.08,0.00734832882881,2026-09-08T22:27:07.472733+00:00,study3b_fifo_runtime_v1
76429,C_8545,2012,2013,1.25162405311e-05,0,0,0.08,0.00734832882881,2026-09-08T22:27:07.472733+00:00,study3b_fifo_runtime_v1
76440,C_8547,2012,2013,0.00530679291114,0,0,0.08,0.00734832882881,2026-09-08T22:27:07.472733+00:00,study3b_fifo_runtime_v1
76446,C_8549,2012,2013,0.0311216507107,0,1,0.08,0.00734832882881,2026-09-08T22:27:07.472733+00:00,study3b_fifo_runtime_v1
76453,C_8550,2012,2013,0.00200623623095,0,0,0.08,0.00734832882881,2026-09-08T22:27:07.472733+00:00,study3b_fifo_runtime_v1
76456,C_8551,2012,2013,0.000192491090274,0,0,0.08,0.00734832882881,2026-09-08T22:27:07.472733+00:00,study3b_fifo_runtime_v1
76469,C_8553,2012,2013,4.85351192765e-05,0,0,0.08,0.00734832882881,2026-09-08T22:27:07.472733+00:00,study3b_fifo_runtime_v1
76478,C_8554,2012,2013,5.54860571356e-06,0,0,0.08,0.00734832882881,2026-09-08T22:27:07.472733+00:00,study3b_fifo_runtime_v1
76488,C_8556,2012,2013,2.45194732997e-05,0,0,0.08,0.00734832882881,2026-09-08T22:27:07.472733+00:00,study3b_fifo_runtime_v1
76494,C_8557,2012,2013,0.000343673251336,0,0,0.08,0.00734832882881,2026-09-08T22:27:07.472733+00:00,study3b_fifo_runtime_v1
76498,C_8558,2012,2013,7.67528490542e-06,0,0,0.08,0.00734832882881,2026-09-08T22:27:07.472733+00:00,study3b_fifo_runtime_v1
76506,C_8559,2012,2013,4.34036046499e-05,0,0,0.08,0.00734832882881,2026-09-08T22:27:07.472733+00:00,study3b_fifo_runtime_v1
76511,C_8560,2012,2013,5.98718652327e-05,0,0,0.08,0.00734832882881,2026-09-08T22:27:07.472733+00:00,study3b_fifo_runtime_v1
76516,C_8561,2012,2013,0.0276915114373,0,1,0.08,0.00734832882881,2026-09-08T22:27:07.472733+00:00,study3b_fifo_runtime_v1
76525,C_8562,2012,2013,0.00400453479961,0,0,0.08,0.00734832882881,2026-09-08T22:27:07.472733+00:00,study3b_fifo_runtime_v1
76533,C_8563,2012,2013,8.85155386641e-05,0,0,0.08,0.00734832882881,2026-09-08T22:27:07.472733+00:00,study3b_fifo_runtime_v1
76542,C_8564,2012,2013,5.16394320584e-05,0,0,0.08,0.00734832882881,2026-09-08T22:27:07.472733+00:00,study3b_fifo_runtime_v1
76552,C_8566,2012,2013,6.56468837406e-05,0,0,0.08,0.00734832882881,2026-09-08T22:27:07.472733+00:00,study3b_fifo_runtime_v1
76563,C_8568,2012,2013,3.98642405344e-05,0,0,0.08,0.00734832882881,2026-09-08T22:27:07.472733+00:00,study3b_fifo_runtime_v1
76576,C_8570,2012,2013,4.16668481193e-05,0,0,0.08,0.00734832882881,2026-09-08T22:27:07.472733+00:00,study3b_fifo_runtime_v1
76585,C_8571,2012,2013,0.00275005702861,0,0,0.08,0.00734832882881,2026-09-08T22:27:07.472733+00:00,study3b_fifo_runtime_v1
76591,C_8573,2012,2013,0.000229097364354,0,0,0.08,0.00734832882881,2026-09-08T22:27:07.472733+00:00,study3b_fifo_runtime_v1
76594,C_8574,2012,2013,4.61875697511e-06,0,0,0.08,0.00734832882881,2026-09-08T22:27:07.472733+00:00,study3b_fifo_runtime_v1
76600,C_8575,2012,2013,0.00117058609612,0,0,0.08,0.00734832882881,2026-09-08T22:27:07.472733+00:00,study3b_fifo_runtime_v1
76609,C_8576,2012,2013,3.16515543091e-05,0,0,0.08,0.00734832882881,2026-09-08T22:27:07.472733+00:00,study3b_fifo_runtime_v1
76616,C_8577,2012,2013,6.50889414828e-05,0,0,0.08,0.00734832882881,2026-09-08T22:27:07.472733+00:00,study3b_fifo_runtime_v1
76620,C_8578,2012,2013,0.000639173085801,0,0,0.08,0.00734832882881,2026-09-08T22:27:07.472733+00:00,study3b_fifo_runtime_v1
76628,C_8580,2012,2013,6.95252674632e-05,0,0,0.08,0.00734832882881,2026-09-08T22:27:07.472733+00:00,study3b_fifo_runtime_v1
76633,C_8581,2012,2013,1.80558599823e-05,0,0,0.08,0.00734832882881,2026-09-08T22:27:07.472733+00:00,study3b_fifo_runtime_v1
76638,C_8582,2012,2013,0.000192448424059,0,0,0.08,0.00734832882881,2026-09-08T22:27:07.472733+00:00,study3b_fifo_runtime_v1
76644,C_8583,2012,2013,7.77389577706e-05,0,0,0.08,0.00734832882881,2026-09-08T22:27:07.472733+00:00,study3b_fifo_runtime_v1
76650,C_8584,2012,2013,0.011612710543,0,1,0.08,0.00734832882881,2026-09-08T22:27:07.472733+00:00,study3b_fifo_runtime_v1
76655,C_8585,2012,2013,9.78366879281e-05,0,0,0.08,0.00734832882881,2026-09-08T22:27:07.472733+00:00,study3b_fifo_runtime_v1
76663,C_8586,2012,2013,0.000346736167558,0,0,0.08,0.00734832882881,2026-09-08T22:27:07.472733+00:00,study3b_fifo_runtime_v1
76671,C_8587,2012,2013,1.1945402548e-05,0,0,0.08,0.00734832882881,2026-09-08T22:27:07.472733+00:00,study3b_fifo_runtime_v1
76676,C_8588,2012,2013,0.0293041095138,0,1,0.08,0.00734832882881,2026-09-08T22:27:07.472733+00:00,study3b_fifo_runtime_v1
76686,C_8590,2012,2013,0.00121564383153,0,0,0.08,0.00734832882881,2026-09-08T22:27:07.472733+00:00,study3b_fifo_runtime_v1
76691,C_8591,2012,2013,0.00011342795915,0,0,0.08,0.00734832882881,2026-09-08T22:27:07.472733+00:00,study3b_fifo_runtime_v1
76700,C_8592,2012,2013,0.000645120453555,0,0,0.08,0.00734832882881,2026-09-08T22:27:07.472733+00:00,study3b_fifo_runtime_v1
76704,C_8593,2012,2013,0.000573166413233,0,0,0.08,0.00734832882881,2026-09-08T22:27:07.472733+00:00,study3b_fifo_runtime_v1
76712,C_8594,2012,2013,0.000151422020281,0,0,0.08,0.00734832882881,2026-09-08T22:27:07.472733+00:00,study3b_fifo_runtime_v1
76715,C_8595,2012,2013,7.37477530492e-05,0,0,0.08,0.00734832882881,2026-09-08T22:27:07.472733+00:00,study3b_fifo_runtime_v1
76724,C_8596,2012,2013,4.90164784424e-05,0,0,0.08,0.00734832882881,2026-09-08T22:27:07.472733+00:00,study3b_fifo_runtime_v1
76731,C_8598,2012,2013,0.000214743136894,0,0,0.08,0.00734832882881,2026-09-08T22:27:07.472733+00:00,study3b_fifo_runtime_v1
76736,C_8599,2012,2013,0.00153622124344,0,0,0.08,0.00734832882881,2026-09-08T22:27:07.472733+00:00,study3b_fifo_runtime_v1
76747,C_8603,2012,2013,0.000246760173468,0,0,0.08,0.00734832882881,2026-09-08T22:27:07.472733+00:00,study3b_fifo_runtime_v1
76750,C_8604,2012,2013,1.53051205416e-05,0,0,0.08,0.00734832882881,2026-09-08T22:27:07.472733+00:00,study3b_fifo_runtime_v1
76753,C_8605,2012,2013,0.000736816553399,0,0,0.08,0.00734832882881,2026-09-08T22:27:07.472733+00:00,study3b_fifo_runtime_v1
76757,C_8606,2012,2013,0.00377439172007,0,0,0.08,0.00734832882881,2026-09-08T22:27:07.472733+00:00,study3b_fifo_runtime_v1
76762,C_8607,2012,2013,0.00673625059426,0,0,0.08,0.00734832882881,2026-09-08T22:27:07.472733+00:00,study3b_fifo_runtime_v1
76770,C_8608,2012,2013,0.00507130054757,0,0,0.08,0.00734832882881,2026-09-08T22:27:07.472733+00:00,study3b_fifo_runtime_v1
76776,C_8609,2012,2013,0.0172383058816,0,1,0.08,0.00734832882881,2026-09-08T22:27:07.472733+00:00,study3b_fifo_runtime_v1
76782,C_8611,2012,2013,0.00679245777428,0,0,0.08,0.00734832882881,2026-09-08T22:27:07.472733+00:00,study3b_fifo_runtime_v1
76785,C_8612,2012,2013,0.000193438769202,0,0,0.08,0.00734832882881,2026-09-08T22:27:07.472733+00:00,study3b_fifo_runtime_v1
76794,C_8613,2012,2013,3.90093773603e-05,0,0,0.08,0.00734832882881,2026-09-08T22:27:07.472733+00:00,study3b_fifo_runtime_v1
76802,C_8614,2012,2013,3.48426729033e-05,0,0,0.08,0.00734832882881,2026-09-08T22:27:07.472733+00:00,study3b_fifo_runtime_v1
76811,C_8615,2012,2013,0.00050576007925,0,0,0.08,0.00734832882881,2026-09-08T22:27:07.472733+00:00,study3b_fifo_runtime_v1
76820,C_8616,2012,2013,0.000136786824442,0,0,0.08,0.00734832882881,2026-09-08T22:27:07.472733+00:00,study3b_fifo_runtime_v1
76832,C_8618,2012,2013,1.31194537971e-05,0,0,0.08,0.00734832882881,2026-09-08T22:27:07.472733+00:00,study3b_fifo_runtime_v1
76837,C_8619,2012,2013,2.40636527451e-05,0,0,0.08,0.00734832882881,2026-09-08T22:27:07.472733+00:00,study3b_fifo_runtime_v1
76845,C_8620,2012,2013,0.000187776997336,0,0,0.08,0.00734832882881,2026-09-08T22:27:07.472733+00:00,study3b_fifo_runtime_v1
76851,C_8621,2012,2013,4.14326095779e-05,0,0,0.08,0.00734832882881,2026-09-08T22:27:07.472733+00:00,study3b_fifo_runtime_v1
76858,C_8622,2012,2013,7.44741337257e-05,0,0,0.08,0.00734832882881,2026-09-08T22:27:07.472733+00:00,study3b_fifo_runtime_v1
76867,C_8623,2012,2013,0.000420319178374,0,0,0.08,0.00734832882881,2026-09-08T22:27:07.472733+00:00,study3b_fifo_runtime_v1
76875,C_8624,2012,2013,2.06643599086e-05,0,0,0.08,0.00734832882881,2026-09-08T22:27:07.472733+00:00,study3b_fifo_runtime_v1
76882,C_8625,2012,2013,0.00125126529019,0,0,0.08,0.00734832882881,2026-09-08T22:27:07.472733+00:00,study3b_fifo_runtime_v1
76890,C_8626,2012,2013,0.00044877268374,0,0,0.08,0.00734832882881,2026-09-08T22:27:07.472733+00:00,study3b_fifo_runtime_v1
76894,C_8627,2012,2013,4.5397260692e-05,0,0,0.08,0.00734832882881,2026-09-08T22:27:07.472733+00:00,study3b_fifo_runtime_v1
76902,C_8628,2012,2013,0.00284905103035,0,0,0.08,0.00734832882881,2026-09-08T22:27:07.472733+00:00,study3b_fifo_runtime_v1
76908,C_8629,2012,2013,1.00361012301e-05,0,0,0.08,0.00734832882881,2026-09-08T22:27:07.472733+00:00,study3b_fifo_runtime_v1
76911,C_8630,2012,2013,0.00011694344721,0,0,0.08,0.00734832882881,2026-09-08T22:27:07.472733+00:00,study3b_fifo_runtime_v1
76926,C_8634,2012,2013,0.0037478459999,0,0,0.08,0.00734832882881,2026-09-08T22:27:07.472733+00:00,study3b_fifo_runtime_v1
76951,C_8639,2012,2013,3.6902129068e-05,0,0,0.08,0.00734832882881,2026-09-08T22:27:07.472733+00:00,study3b_fifo_runtime_v1
76953,C_8640,2012,2013,0.00270243897103,0,0,0.08,0.00734832882881,2026-09-08T22:27:07.472733+00:00,study3b_fifo_runtime_v1
76962,C_8641,2012,2013,0.0015513910912,0,0,0.08,0.00734832882881,2026-09-08T22:27:07.472733+00:00,study3b_fifo_runtime_v1
76966,C_8642,2012,2013,0.00117658742238,0,0,0.08,0.00734832882881,2026-09-08T22:27:07.472733+00:00,study3b_fifo_runtime_v1
76980,C_8644,2012,2013,0.0908098593354,1,1,0.08,0.00734832882881,2026-09-08T22:27:07.472733+00:00,study3b_fifo_runtime_v1
76989,C_8645,2012,2013,0.00637260824442,0,0,0.08,0.00734832882881,2026-09-08T22:27:07.472733+00:00,study3b_fifo_runtime_v1
76999,C_8647,2012,2013,0.0109515683725,0,1,0.08,0.00734832882881,2026-09-08T22:27:07.472733+00:00,study3b_fifo_runtime_v1
77007,C_8648,2012,2013,0.000564293994103,0,0,0.08,0.00734832882881,2026-09-08T22:27:07.472733+00:00,study3b_fifo_runtime_v1
77011,C_8649,2012,2013,0.000129127220134,0,0,0.08,0.00734832882881,2026-09-08T22:27:07.472733+00:00,study3b_fifo_runtime_v1
77016,C_8650,2012,2013,0.000100637458672,0,0,0.08,0.00734832882881,2026-09-08T22:27:07.472733+00:00,study3b_fifo_runtime_v1
77024,C_8653,2012,2013,0.0310581084341,0,1,0.08,0.00734832882881,2026-09-08T22:27:07.472733+00:00,study3b_fifo_runtime_v1
77030,C_8655,2012,2013,0.000106323430373,0,0,0.08,0.00734832882881,2026-09-08T22:27:07.472733+00:00,study3b_fifo_runtime_v1
77038,C_8656,2012,2013,0.000133509704028,0,0,0.08,0.00734832882881,2026-09-08T22:27:07.472733+00:00,study3b_fifo_runtime_v1
77042,C_8657,2012,2013,0.00160402443726,0,0,0.08,0.00734832882881,2026-09-08T22:27:07.472733+00:00,study3b_fifo_runtime_v1
77049,C_8659,2012,2013,0.000202743147383,0,0,0.08,0.00734832882881,2026-09-08T22:27:07.472733+00:00,study3b_fifo_runtime_v1
77053,C_8660,2012,2013,0.000163233562489,0,0,0.08,0.00734832882881,2026-09-08T22:27:07.472733+00:00,study3b_fifo_runtime_v1
77061,C_8661,2012,2013,1.8854989321e-05,0,0,0.08,0.00734832882881,2026-09-08T22:27:07.472733+00:00,study3b_fifo_runtime_v1
77069,C_8662,2012,2013,0.000228416975006,0,0,0.08,0.00734832882881,2026-09-08T22:27:07.472733+00:00,study3b_fifo_runtime_v1
77076,C_8663,2012,2013,0.000974460330326,0,0,0.08,0.00734832882881,2026-09-08T22:27:07.472733+00:00,study3b_fifo_runtime_v1
77082,C_8664,2012,2013,0.00804051663727,0,1,0.08,0.00734832882881,2026-09-08T22:27:07.472733+00:00,study3b_fifo_runtime_v1
77084,C_8665,2012,2013,0.000318980164593,0,0,0.08,0.00734832882881,2026-09-08T22:27:07.472733+00:00,study3b_fifo_runtime_v1
77088,C_8666,2012,2013,0.281530946493,1,1,0.08,0.00734832882881,2026-09-08T22:27:07.472733+00:00,study3b_fifo_runtime_v1
77095,C_8669,2012,2013,0.000181744122528,0,0,0.08,0.00734832882881,2026-09-08T22:27:07.472733+00:00,study3b_fifo_runtime_v1
77103,C_8671,2012,2013,9.71800272964e-06,0,0,0.08,0.00734832882881,2026-09-08T22:27:07.472733+00:00,study3b_fifo_runtime_v1
77105,C_8672,2012,2013,0.000104761646071,0,0,0.08,0.00734832882881,2026-09-08T22:27:07.472733+00:00,study3b_fifo_runtime_v1
77114,C_8673,2012,2013,2.25282947213e-05,0,0,0.08,0.00734832882881,2026-09-08T22:27:07.472733+00:00,study3b_fifo_runtime_v1
77115,C_8674,2012,2013,0.00176235556137,0,0,0.08,0.00734832882881,2026-09-08T22:27:07.472733+00:00,study3b_fifo_runtime_v1
77119,C_8675,2012,2013,0.000171563864569,0,0,0.08,0.00734832882881,2026-09-08T22:27:07.472733+00:00,study3b_fifo_runtime_v1
77129,C_8677,2012,2013,0.00108867685776,0,0,0.08,0.00734832882881,2026-09-08T22:27:07.472733+00:00,study3b_fifo_runtime_v1
77138,C_8678,2012,2013,3.04448767565e-05,0,0,0.08,0.00734832882881,2026-09-08T22:27:07.472733+00:00,study3b_fifo_runtime_v1
77147,C_8679,2012,2013,0.00225916132331,0,0,0.08,0.00734832882881,2026-09-08T22:27:07.472733+00:00,study3b_fifo_runtime_v1
77150,C_8680,2012,2013,7.5137380918e-05,0,0,0.08,0.00734832882881,2026-09-08T22:27:07.472733+00:00,study3b_fifo_runtime_v1
77161,C_8685,2012,2013,7.89584591985e-05,0,0,0.08,0.00734832882881,2026-09-08T22:27:07.472733+00:00,study3b_fifo_runtime_v1
77170,C_8687,2012,2013,0.000158175476827,0,0,0.08,0.00734832882881,2026-09-08T22:27:07.472733+00:00,study3b_fifo_runtime_v1
77177,C_8688,2012,2013,0.00042935347301,0,0,0.08,0.00734832882881,2026-09-08T22:27:07.472733+00:00,study3b_fifo_runtime_v1
77185,C_8690,2012,2013,2.01167731575e-05,0,0,0.08,0.00734832882881,2026-09-08T22:27:07.472733+00:00,study3b_fifo_runtime_v1
77190,C_8691,2012,2013,0.0142735950649,0,1,0.08,0.00734832882881,2026-09-08T22:27:07.472733+00:00,study3b_fifo_runtime_v1
77198,C_8692,2012,2013,0.00292443600483,0,0,0.08,0.00734832882881,2026-09-08T22:27:07.472733+00:00,study3b_fifo_runtime_v1
77199,C_8693,2012,2013,0.0031077042222,0,0,0.08,0.00734832882881,2026-09-08T22:27:07.472733+00:00,study3b_fifo_runtime_v1
77205,C_8695,2012,2013,3.3966745832e-05,0,0,0.08,0.00734832882881,2026-09-08T22:27:07.472733+00:00,study3b_fifo_runtime_v1
77214,C_8696,2012,2013,0.000659175973851,0,0,0.08,0.00734832882881,2026-09-08T22:27:07.472733+00:00,study3b_fifo_runtime_v1
77220,C_8698,2012,2013,0.000188669437193,0,0,0.08,0.00734832882881,2026-09-08T22:27:07.472733+00:00,study3b_fifo_runtime_v1
77227,C_8699,2012,2013,0.00341101549566,0,0,0.08,0.00734832882881,2026-09-08T22:27:07.472733+00:00,study3b_fifo_runtime_v1
77237,C_8703,2012,2013,0.000418199575506,0,0,0.08,0.00734832882881,2026-09-08T22:27:07.472733+00:00,study3b_fifo_runtime_v1
77240,C_8704,2012,2013,0.00100255839061,0,0,0.08,0.00734832882881,2026-09-08T22:27:07.472733+00:00,study3b_fifo_runtime_v1
77247,C_8705,2012,2013,0.00132771057542,0,0,0.08,0.00734832882881,2026-09-08T22:27:07.472733+00:00,study3b_fifo_runtime_v1
77254,C_8706,2012,2013,0.000120161683299,0,0,0.08,0.00734832882881,2026-09-08T22:27:07.472733+00:00,study3b_fifo_runtime_v1
77257,C_8707,2012,2013,4.68529942736e-05,0,0,0.08,0.00734832882881,2026-09-08T22:27:07.472733+00:00,study3b_fifo_runtime_v1
77265,C_8708,2012,2013,2.48559081228e-05,0,0,0.08,0.00734832882881,2026-09-08T22:27:07.472733+00:00,study3b_fifo_runtime_v1
77273,C_8709,2012,2013,2.26170650421e-05,0,0,0.08,0.00734832882881,2026-09-08T22:27:07.472733+00:00,study3b_fifo_runtime_v1
77280,C_8710,2012,2013,0.0011660332093,0,0,0.08,0.00734832882881,2026-09-08T22:27:07.472733+00:00,study3b_fifo_runtime_v1
77289,C_8711,2012,2013,4.09710173699e-06,0,0,0.08,0.00734832882881,2026-09-08T22:27:07.472733+00:00,study3b_fifo_runtime_v1
77292,C_8712,2012,2013,1.81252780749e-05,0,0,0.08,0.00734832882881,2026-09-08T22:27:07.472733+00:00,study3b_fifo_runtime_v1
77297,C_8713,2012,2013,0.000105161627289,0,0,0.08,0.00734832882881,2026-09-08T22:27:07.472733+00:00,study3b_fifo_runtime_v1
77302,C_8714,2012,2013,0.000379600358428,0,0,0.08,0.00734832882881,2026-09-08T22:27:07.472733+00:00,study3b_fifo_runtime_v1
77306,C_8715,2012,2013,0.00200612773187,0,0,0.08,0.00734832882881,2026-09-08T22:27:07.472733+00:00,study3b_fifo_runtime_v1
77309,C_8716,2012,2013,0.000899284088518,0,0,0.08,0.00734832882881,2026-09-08T22:27:07.472733+00:00,study3b_fifo_runtime_v1
77313,C_8717,2012,2013,0.000105141516542,0,0,0.08,0.00734832882881,2026-09-08T22:27:07.472733+00:00,study3b_fifo_runtime_v1
77317,C_8719,2012,2013,1.7363950974e-05,0,0,0.08,0.00734832882881,2026-09-08T22:27:07.472733+00:00,study3b_fifo_runtime_v1
77325,C_8720,2012,2013,0.00336128170602,0,0,0.08,0.00734832882881,2026-09-08T22:27:07.472733+00:00,study3b_fifo_runtime_v1
77330,C_8721,2012,2013,6.37347038719e-05,0,0,0.08,0.00734832882881,2026-09-08T22:27:07.472733+00:00,study3b_fifo_runtime_v1
77337,C_8722,2012,2013,3.8792120904e-05,0,0,0.08,0.00734832882881,2026-09-08T22:27:07.472733+00:00,study3b_fifo_runtime_v1
77351,C_8724,2012,2013,0.219461485744,1,1,0.08,0.00734832882881,2026-09-08T22:27:07.472733+00:00,study3b_fifo_runtime_v1
77359,C_8725,2012,2013,1.76797384484e-05,0,0,0.08,0.00734832882881,2026-09-08T22:27:07.472733+00:00,study3b_fifo_runtime_v1
77361,C_8726,2012,2013,0.00196908623911,0,0,0.08,0.00734832882881,2026-09-08T22:27:07.472733+00:00,study3b_fifo_runtime_v1
77369,C_8728,2012,2013,0.00114130030852,0,0,0.08,0.00734832882881,2026-09-08T22:27:07.472733+00:00,study3b_fifo_runtime_v1
77375,C_8729,2012,2013,0.00619819946587,0,0,0.08,0.00734832882881,2026-09-08T22:27:07.472733+00:00,study3b_fifo_runtime_v1
77380,C_8730,2012,2013,0.000231544603594,0,0,0.08,0.00734832882881,2026-09-08T22:27:07.472733+00:00,study3b_fifo_runtime_v1
77383,C_8731,2012,2013,0.000237139334786,0,0,0.08,0.00734832882881,2026-09-08T22:27:07.472733+00:00,study3b_fifo_runtime_v1
77387,C_8732,2012,2013,0.000152027263539,0,0,0.08,0.00734832882881,2026-09-08T22:27:07.472733+00:00,study3b_fifo_runtime_v1
77389,C_8733,2012,2013,0.000116439339763,0,0,0.08,0.00734832882881,2026-09-08T22:27:07.472733+00:00,study3b_fifo_runtime_v1
77397,C_8734,2012,2013,0.0193917173892,0,1,0.08,0.00734832882881,2026-09-08T22:27:07.472733+00:00,study3b_fifo_runtime_v1
77408,C_8737,2012,2013,3.12370502797e-05,0,0,0.08,0.00734832882881,2026-09-08T22:27:07.472733+00:00,study3b_fifo_runtime_v1
77416,C_8738,2012,2013,0.0615695901215,0,1,0.08,0.00734832882881,2026-09-08T22:27:07.472733+00:00,study3b_fifo_runtime_v1
77426,C_8741,2012,2013,0.00331331905909,0,0,0.08,0.00734832882881,2026-09-08T22:27:07.472733+00:00,study3b_fifo_runtime_v1
77431,C_8743,2012,2013,0.00205980963074,0,0,0.08,0.00734832882881,2026-09-08T22:27:07.472733+00:00,study3b_fifo_runtime_v1
77434,C_8744,2012,2013,2.14558513107e-05,0,0,0.08,0.00734832882881,2026-09-08T22:27:07.472733+00:00,study3b_fifo_runtime_v1
77438,C_8745,2012,2013,0.0163537226617,0,1,0.08,0.00734832882881,2026-09-08T22:27:07.472733+00:00,study3b_fifo_runtime_v1
77443,C_8746,2012,2013,0.000644132494926,0,0,0.08,0.00734832882881,2026-09-08T22:27:07.472733+00:00,study3b_fifo_runtime_v1
77446,C_8747,2012,2013,0.000734489352908,0,0,0.08,0.00734832882881,2026-09-08T22:27:07.472733+00:00,study3b_fifo_runtime_v1
77453,C_8748,2012,2013,4.80999187857e-05,0,0,0.08,0.00734832882881,2026-09-08T22:27:07.472733+00:00,study3b_fifo_runtime_v1
77468,C_8751,2012,2013,0.0013117743656,0,0,0.08,0.00734832882881,2026-09-08T22:27:07.472733+00:00,study3b_fifo_runtime_v1
77475,C_8753,2012,2013,0.000241302230279,0,0,0.08,0.00734832882881,2026-09-08T22:27:07.472733+00:00,study3b_fifo_runtime_v1
77477,C_8754,2012,2013,0.000243382019107,0,0,0.08,0.00734832882881,2026-09-08T22:27:07.472733+00:00,study3b_fifo_runtime_v1
77479,C_8755,2012,2013,0.000437278387835,0,0,0.08,0.00734832882881,2026-09-08T22:27:07.472733+00:00,study3b_fifo_runtime_v1
77480,C_8756,2012,2013,0.0105636669323,0,1,0.08,0.00734832882881,2026-09-08T22:27:07.472733+00:00,study3b_fifo_runtime_v1
77483,C_8757,2012,2013,0.00117711478379,0,0,0.08,0.00734832882881,2026-09-08T22:27:07.472733+00:00,study3b_fifo_runtime_v1
77491,C_8758,2012,2013,0.00158272997942,0,0,0.08,0.00734832882881,2026-09-08T22:27:07.472733+00:00,study3b_fifo_runtime_v1
77499,C_8759,2012,2013,5.76382262807e-06,0,0,0.08,0.00734832882881,2026-09-08T22:27:07.472733+00:00,study3b_fifo_runtime_v1
77507,C_8760,2012,2013,0.000220516172703,0,0,0.08,0.00734832882881,2026-09-08T22:27:07.472733+00:00,study3b_fifo_runtime_v1
77516,C_8762,2012,2013,1.79944927368e-05,0,0,0.08,0.00734832882881,2026-09-08T22:27:07.472733+00:00,study3b_fifo_runtime_v1
77525,C_8763,2012,2013,0.00119906163309,0,0,0.08,0.00734832882881,2026-09-08T22:27:07.472733+00:00,study3b_fifo_runtime_v1
77528,C_8764,2012,2013,0.000344512198353,0,0,0.08,0.00734832882881,2026-09-08T22:27:07.472733+00:00,study3b_fifo_runtime_v1
77532,C_8765,2012,2013,7.20506795915e-06,0,0,0.08,0.00734832882881,2026-09-08T22:27:07.472733+00:00,study3b_fifo_runtime_v1
77544,C_8767,2012,2013,0.000133520647069,0,0,0.08,0.00734832882881,2026-09-08T22:27:07.472733+00:00,study3b_fifo_runtime_v1
77552,C_8768,2012,2013,0.000129685853608,0,0,0.08,0.00734832882881,2026-09-08T22:27:07.472733+00:00,study3b_fifo_runtime_v1
77554,C_8769,2012,2013,0.000533445563633,0,0,0.08,0.00734832882881,2026-09-08T22:27:07.472733+00:00,study3b_fifo_runtime_v1
77556,C_8770,2012,2013,7.16537979315e-05,0,0,0.08,0.00734832882881,2026-09-08T22:27:07.472733+00:00,study3b_fifo_runtime_v1
77563,C_8773,2012,2013,0.000523963128217,0,0,0.08,0.00734832882881,2026-09-08T22:27:07.472733+00:00,study3b_fifo_runtime_v1
77576,C_8776,2012,2013,0.000308623333694,0,0,0.08,0.00734832882881,2026-09-08T22:27:07.472733+00:00,study3b_fifo_runtime_v1
77584,C_8778,2012,2013,0.000124444355606,0,0,0.08,0.00734832882881,2026-09-08T22:27:07.472733+00:00,study3b_fifo_runtime_v1
77587,C_8780,2012,2013,0.000166274781805,0,0,0.08,0.00734832882881,2026-09-08T22:27:07.472733+00:00,study3b_fifo_runtime_v1
77592,C_8781,2012,2013,0.00402581738308,0,0,0.08,0.00734832882881,2026-09-08T22:27:07.472733+00:00,study3b_fifo_runtime_v1
77600,C_8783,2012,2013,0.015104434453,0,1,0.08,0.00734832882881,2026-09-08T22:27:07.472733+00:00,study3b_fifo_runtime_v1
77604,C_8784,2012,2013,0.000144841804286,0,0,0.08,0.00734832882881,2026-09-08T22:27:07.472733+00:00,study3b_fifo_runtime_v1
77620,C_8789,2012,2013,0.00498669035733,0,0,0.08,0.00734832882881,2026-09-08T22:27:07.472733+00:00,study3b_fifo_runtime_v1
77628,C_8790,2012,2013,0.00385022512637,0,0,0.08,0.00734832882881,2026-09-08T22:27:07.472733+00:00,study3b_fifo_runtime_v1
77637,C_8792,2012,2013,6.75166738802e-05,0,0,0.08,0.00734832882881,2026-09-08T22:27:07.472733+00:00,study3b_fifo_runtime_v1
77646,C_8794,2012,2013,0.00051435577916,0,0,0.08,0.00734832882881,2026-09-08T22:27:07.472733+00:00,study3b_fifo_runtime_v1
77654,C_8796,2012,2013,2.21744630835e-05,0,0,0.08,0.00734832882881,2026-09-08T22:27:07.472733+00:00,study3b_fifo_runtime_v1
77667,C_8798,2012,2013,0.000256667030044,0,0,0.08,0.00734832882881,2026-09-08T22:27:07.472733+00:00,study3b_fifo_runtime_v1
77678,C_8800,2012,2013,0.000683226855472,0,0,0.08,0.00734832882881,2026-09-08T22:27:07.472733+00:00,study3b_fifo_runtime_v1
77685,C_8801,2012,2013,9.77298695943e-05,0,0,0.08,0.00734832882881,2026-09-08T22:27:07.472733+00:00,study3b_fifo_runtime_v1
77692,C_8802,2012,2013,9.13843978196e-05,0,0,0.08,0.00734832882881,2026-09-08T22:27:07.472733+00:00,study3b_fifo_runtime_v1
77700,C_8803,2012,2013,0.00106403662357,0,0,0.08,0.00734832882881,2026-09-08T22:27:07.472733+00:00,study3b_fifo_runtime_v1
77710,C_8805,2012,2013,0.000888977607246,0,0,0.08,0.00734832882881,2026-09-08T22:27:07.472733+00:00,study3b_fifo_runtime_v1
77713,C_8806,2012,2013,0.000296947575407,0,0,0.08,0.00734832882881,2026-09-08T22:27:07.472733+00:00,study3b_fifo_runtime_v1
77730,C_8809,2012,2013,0.00401331949979,0,0,0.08,0.00734832882881,2026-09-08T22:27:07.472733+00:00,study3b_fifo_runtime_v1
77738,C_8810,2012,2013,0.0010621426627,0,0,0.08,0.00734832882881,2026-09-08T22:27:07.472733+00:00,study3b_fifo_runtime_v1
77750,C_8812,2012,2013,0.000677442818414,0,0,0.08,0.00734832882881,2026-09-08T22:27:07.472733+00:00,study3b_fifo_runtime_v1
77754,C_8814,2012,2013,0.00161155778915,0,0,0.08,0.00734832882881,2026-09-08T22:27:07.472733+00:00,study3b_fifo_runtime_v1
77759,C_8815,2012,2013,0.000301847234368,0,0,0.08,0.00734832882881,2026-09-08T22:27:07.472733+00:00,study3b_fifo_runtime_v1
77762,C_8816,2012,2013,0.000140527248732,0,0,0.08,0.00734832882881,2026-09-08T22:27:07.472733+00:00,study3b_fifo_runtime_v1
77768,C_8817,2012,2013,0.000917421362828,0,0,0.08,0.00734832882881,2026-09-08T22:27:07.472733+00:00,study3b_fifo_runtime_v1
77772,C_8818,2012,2013,0.00474397232756,0,0,0.08,0.00734832882881,2026-09-08T22:27:07.472733+00:00,study3b_fifo_runtime_v1
77779,C_8819,2012,2013,8.71481388458e-05,0,0,0.08,0.00734832882881,2026-09-08T22:27:07.472733+00:00,study3b_fifo_runtime_v1
77785,C_8820,2012,2013,0.000101458339486,0,0,0.08,0.00734832882881,2026-09-08T22:27:07.472733+00:00,study3b_fifo_runtime_v1
77787,C_8821,2012,2013,1.16030096251e-05,0,0,0.08,0.00734832882881,2026-09-08T22:27:07.472733+00:00,study3b_fifo_runtime_v1
77792,C_8822,2012,2013,0.000171774081537,0,0,0.08,0.00734832882881,2026-09-08T22:27:07.472733+00:00,study3b_fifo_runtime_v1
77796,C_8823,2012,2013,0.000113392510684,0,0,0.08,0.00734832882881,2026-09-08T22:27:07.472733+00:00,study3b_fifo_runtime_v1
77803,C_8824,2012,2013,7.36070478524e-06,0,0,0.08,0.00734832882881,2026-09-08T22:27:07.472733+00:00,study3b_fifo_runtime_v1
77810,C_8825,2012,2013,6.28852467344e-06,0,0,0.08,0.00734832882881,2026-09-08T22:27:07.472733+00:00,study3b_fifo_runtime_v1
77818,C_8826,2012,2013,4.51733467344e-05,0,0,0.08,0.00734832882881,2026-09-08T22:27:07.472733+00:00,study3b_fifo_runtime_v1
77830,C_8828,2012,2013,0.000146746999235,0,0,0.08,0.00734832882881,2026-09-08T22:27:07.472733+00:00,study3b_fifo_runtime_v1
77842,C_8830,2012,2013,6.68354405207e-05,0,0,0.08,0.00734832882881,2026-09-08T22:27:07.472733+00:00,study3b_fifo_runtime_v1
77849,C_8831,2012,2013,5.0325455959e-05,0,0,0.08,0.00734832882881,2026-09-08T22:27:07.472733+00:00,study3b_fifo_runtime_v1
77854,C_8832,2012,2013,1.02496242107e-05,0,0,0.08,0.00734832882881,2026-09-08T22:27:07.472733+00:00,study3b_fifo_runtime_v1
77861,C_8833,2012,2013,0.00102726940531,0,0,0.08,0.00734832882881,2026-09-08T22:27:07.472733+00:00,study3b_fifo_runtime_v1
77868,C_8834,2012,2013,0.0141981644556,0,1,0.08,0.00734832882881,2026-09-08T22:27:07.472733+00:00,study3b_fifo_runtime_v1
77871,C_8835,2012,2013,0.00178585015237,0,0,0.08,0.00734832882881,2026-09-08T22:27:07.472733+00:00,study3b_fifo_runtime_v1
77875,C_8836,2012,2013,0.00135949614923,0,0,0.08,0.00734832882881,2026-09-08T22:27:07.472733+00:00,study3b_fifo_runtime_v1
77885,C_8839,2012,2013,4.7751742386e-05,0,0,0.08,0.00734832882881,2026-09-08T22:27:07.472733+00:00,study3b_fifo_runtime_v1
77890,C_8840,2012,2013,9.94516303763e-05,0,0,0.08,0.00734832882881,2026-09-08T22:27:07.472733+00:00,study3b_fifo_runtime_v1
77901,C_8843,2012,2013,0.00586353661492,0,0,0.08,0.00734832882881,2026-09-08T22:27:07.472733+00:00,study3b_fifo_runtime_v1
77904,C_8846,2012,2013,0.00014415475016,0,0,0.08,0.00734832882881,2026-09-08T22:27:07.472733+00:00,study3b_fifo_runtime_v1
77911,C_8847,2012,2013,4.96727479913e-05,0,0,0.08,0.00734832882881,2026-09-08T22:27:07.472733+00:00,study3b_fifo_runtime_v1
77920,C_8849,2012,2013,0.000878367514815,0,0,0.08,0.00734832882881,2026-09-08T22:27:07.472733+00:00,study3b_fifo_runtime_v1
77932,C_8851,2012,2013,0.000340290367603,0,0,0.08,0.00734832882881,2026-09-08T22:27:07.472733+00:00,study3b_fifo_runtime_v1
77938,C_8852,2012,2013,0.000214470535866,0,0,0.08,0.00734832882881,2026-09-08T22:27:07.472733+00:00,study3b_fifo_runtime_v1
77944,C_8853,2012,2013,0.00214418652467,0,0,0.08,0.00734832882881,2026-09-08T22:27:07.472733+00:00,study3b_fifo_runtime_v1
77950,C_8854,2012,2013,0.000142224133015,0,0,0.08,0.00734832882881,2026-09-08T22:27:07.472733+00:00,study3b_fifo_runtime_v1
77958,C_8855,2012,2013,0.000469337712275,0,0,0.08,0.00734832882881,2026-09-08T22:27:07.472733+00:00,study3b_fifo_runtime_v1
77966,C_8857,2012,2013,0.0003841878206,0,0,0.08,0.00734832882881,2026-09-08T22:27:07.472733+00:00,study3b_fifo_runtime_v1
77968,C_8858,2012,2013,5.37217747478e-05,0,0,0.08,0.00734832882881,2026-09-08T22:27:07.472733+00:00,study3b_fifo_runtime_v1
77975,C_8859,2012,2013,0.000735616020393,0,0,0.08,0.00734832882881,2026-09-08T22:27:07.472733+00:00,study3b_fifo_runtime_v1
77981,C_8860,2012,2013,0.000447847385658,0,0,0.08,0.00734832882881,2026-09-08T22:27:07.472733+00:00,study3b_fifo_runtime_v1
77989,C_8861,2012,2013,0.00100823340472,0,0,0.08,0.00734832882881,2026-09-08T22:27:07.472733+00:00,study3b_fifo_runtime_v1
77993,C_8862,2012,2013,0.000382884871215,0,0,0.08,0.00734832882881,2026-09-08T22:27:07.472733+00:00,study3b_fifo_runtime_v1
77995,C_8863,2012,2013,0.00218721316196,0,0,0.08,0.00734832882881,2026-09-08T22:27:07.472733+00:00,study3b_fifo_runtime_v1
77998,C_8864,2012,2013,0.000236811043578,0,0,0.08,0.00734832882881,2026-09-08T22:27:07.472733+00:00,study3b_fifo_runtime_v1
78006,C_8866,2012,2013,0.000132209650474,0,0,0.08,0.00734832882881,2026-09-08T22:27:07.472733+00:00,study3b_fifo_runtime_v1
78010,C_8867,2012,2013,0.000230516481679,0,0,0.08,0.00734832882881,2026-09-08T22:27:07.472733+00:00,study3b_fifo_runtime_v1
78018,C_8868,2012,2013,4.14034620917e-05,0,0,0.08,0.00734832882881,2026-09-08T22:27:07.472733+00:00,study3b_fifo_runtime_v1
78020,C_8869,2012,2013,0.00020440442313,0,0,0.08,0.00734832882881,2026-09-08T22:27:07.472733+00:00,study3b_fifo_runtime_v1
78022,C_8870,2012,2013,0.00694674253464,0,0,0.08,0.00734832882881,2026-09-08T22:27:07.472733+00:00,study3b_fifo_runtime_v1
78026,C_8872,2012,2013,0.00147237384226,0,0,0.08,0.00734832882881,2026-09-08T22:27:07.472733+00:00,study3b_fifo_runtime_v1
78034,C_8873,2012,2013,0.00226327031851,0,0,0.08,0.00734832882881,2026-09-08T22:27:07.472733+00:00,study3b_fifo_runtime_v1
78042,C_8874,2012,2013,0.000729737861548,0,0,0.08,0.00734832882881,2026-09-08T22:27:07.472733+00:00,study3b_fifo_runtime_v1
78045,C_8875,2012,2013,0.000478992733406,0,0,0.08,0.00734832882881,2026-09-08T22:27:07.472733+00:00,study3b_fifo_runtime_v1
78052,C_8876,2012,2013,2.34200415434e-05,0,0,0.08,0.00734832882881,2026-09-08T22:27:07.472733+00:00,study3b_fifo_runtime_v1
78059,C_8877,2012,2013,0.000203574090847,0,0,0.08,0.00734832882881,2026-09-08T22:27:07.472733+00:00,study3b_fifo_runtime_v1
78067,C_8879,2012,2013,0.000212121507502,0,0,0.08,0.00734832882881,2026-09-08T22:27:07.472733+00:00,study3b_fifo_runtime_v1
78078,C_8882,2012,2013,0.000144923178595,0,0,0.08,0.00734832882881,2026-09-08T22:27:07.472733+00:00,study3b_fifo_runtime_v1
78084,C_8883,2012,2013,0.0155793977901,0,1,0.08,0.00734832882881,2026-09-08T22:27:07.472733+00:00,study3b_fifo_runtime_v1
78086,C_8884,2012,2013,2.86501690425e-05,0,0,0.08,0.00734832882881,2026-09-08T22:27:07.472733+00:00,study3b_fifo_runtime_v1
78097,C_8886,2012,2013,9.06153218239e-05,0,0,0.08,0.00734832882881,2026-09-08T22:27:07.472733+00:00,study3b_fifo_runtime_v1
78100,C_8887,2012,2013,7.63810749049e-05,0,0,0.08,0.00734832882881,2026-09-08T22:27:07.472733+00:00,study3b_fifo_runtime_v1
78106,C_8889,2012,2013,0.000112375848403,0,0,0.08,0.00734832882881,2026-09-08T22:27:07.472733+00:00,study3b_fifo_runtime_v1
78115,C_8892,2012,2013,0.000137083872687,0,0,0.08,0.00734832882881,2026-09-08T22:27:07.472733+00:00,study3b_fifo_runtime_v1
78120,C_8893,2012,2013,2.75345973932e-06,0,0,0.08,0.00734832882881,2026-09-08T22:27:07.472733+00:00,study3b_fifo_runtime_v1
78137,C_8896,2012,2013,7.07242179487e-06,0,0,0.08,0.00734832882881,2026-09-08T22:27:07.472733+00:00,study3b_fifo_runtime_v1
78151,C_8899,2012,2013,1.08984722829e-05,0,0,0.08,0.00734832882881,2026-09-08T22:27:07.472733+00:00,study3b_fifo_runtime_v1
78162,C_8901,2012,2013,5.34698892807e-06,0,0,0.08,0.00734832882881,2026-09-08T22:27:07.472733+00:00,study3b_fifo_runtime_v1
78178,C_8904,2012,2013,0.000402951147407,0,0,0.08,0.00734832882881,2026-09-08T22:27:07.472733+00:00,study3b_fifo_runtime_v1
78182,C_8906,2012,2013,1.8413133148e-05,0,0,0.08,0.00734832882881,2026-09-08T22:27:07.472733+00:00,study3b_fifo_runtime_v1
78190,C_8907,2012,2013,0.00100100238342,0,0,0.08,0.00734832882881,2026-09-08T22:27:07.472733+00:00,study3b_fifo_runtime_v1
78193,C_8908,2012,2013,0.00734432972968,0,0,0.08,0.00734832882881,2026-09-08T22:27:07.472733+00:00,study3b_fifo_runtime_v1
78195,C_8909,2012,2013,0.00211289688013,0,0,0.08,0.00734832882881,2026-09-08T22:27:07.472733+00:00,study3b_fifo_runtime_v1
78203,C_8910,2012,2013,4.22962193625e-06,0,0,0.08,0.00734832882881,2026-09-08T22:27:07.472733+00:00,study3b_fifo_runtime_v1
78210,C_8911,2012,2013,9.99009862426e-05,0,0,0.08,0.00734832882881,2026-09-08T22:27:07.472733+00:00,study3b_fifo_runtime_v1
78213,C_8912,2012,2013,0.00358488899656,0,0,0.08,0.00734832882881,2026-09-08T22:27:07.472733+00:00,study3b_fifo_runtime_v1
78228,C_8914,2012,2013,2.24608938879e-05,0,0,0.08,0.00734832882881,2026-09-08T22:27:07.472733+00:00,study3b_fifo_runtime_v1
78240,C_8916,2012,2013,0.000424512894824,0,0,0.08,0.00734832882881,2026-09-08T22:27:07.472733+00:00,study3b_fifo_runtime_v1
78250,C_8918,2012,2013,0.00257048034109,0,0,0.08,0.00734832882881,2026-09-08T22:27:07.472733+00:00,study3b_fifo_runtime_v1
78262,C_8919,2012,2013,0.0813123956323,1,1,0.08,0.00734832882881,2026-09-08T22:27:07.472733+00:00,study3b_fifo_runtime_v1
78273,C_8920,2012,2013,0.00051439186791,0,0,0.08,0.00734832882881,2026-09-08T22:27:07.472733+00:00,study3b_fifo_runtime_v1
78289,C_8921,2012,2013,0.000845297530759,0,0,0.08,0.00734832882881,2026-09-08T22:27:07.472733+00:00,study3b_fifo_runtime_v1
78296,C_8922,2012,2013,0.00221844576299,0,0,0.08,0.00734832882881,2026-09-08T22:27:07.472733+00:00,study3b_fifo_runtime_v1
78303,C_8923,2012,2013,7.33955093892e-05,0,0,0.08,0.00734832882881,2026-09-08T22:27:07.472733+00:00,study3b_fifo_runtime_v1
78313,C_8924,2012,2013,7.1151429438e-05,0,0,0.08,0.00734832882881,2026-09-08T22:27:07.472733+00:00,study3b_fifo_runtime_v1
78327,C_8925,2012,2013,0.000120560893265,0,0,0.08,0.00734832882881,2026-09-08T22:27:07.472733+00:00,study3b_fifo_runtime_v1
78342,C_8926,2012,2013,0.00647883862257,0,0,0.08,0.00734832882881,2026-09-08T22:27:07.472733+00:00,study3b_fifo_runtime_v1
78364,C_8928,2012,2013,5.27932133991e-05,0,0,0.08,0.00734832882881,2026-09-08T22:27:07.472733+00:00,study3b_fifo_runtime_v1
78387,C_8930,2012,2013,0.000724896730389,0,0,0.08,0.00734832882881,2026-09-08T22:27:07.472733+00:00,study3b_fifo_runtime_v1
78411,C_8933,2012,2013,4.25344333053e-05,0,0,0.08,0.00734832882881,2026-09-08T22:27:07.472733+00:00,study3b_fifo_runtime_v1
78417,C_8934,2012,2013,0.000909709371626,0,0,0.08,0.00734832882881,2026-09-08T22:27:07.472733+00:00,study3b_fifo_runtime_v1
78429,C_8935,2012,2013,0.000135529044201,0,0,0.08,0.00734832882881,2026-09-08T22:27:07.472733+00:00,study3b_fifo_runtime_v1
78445,C_8937,2012,2013,3.33163407049e-05,0,0,0.08,0.00734832882881,2026-09-08T22:27:07.472733+00:00,study3b_fifo_runtime_v1
78460,C_8938,2012,2013,0.000677990727127,0,0,0.08,0.00734832882881,2026-09-08T22:27:07.472733+00:00,study3b_fifo_runtime_v1
78497,C_8943,2012,2013,3.66049680451e-05,0,0,0.08,0.00734832882881,2026-09-08T22:27:07.472733+00:00,study3b_fifo_runtime_v1
78517,C_8946,2012,2013,0.000277954648482,0,0,0.08,0.00734832882881,2026-09-08T22:27:07.472733+00:00,study3b_fifo_runtime_v1
78528,C_8948,2012,2013,0.00917023979127,0,1,0.08,0.00734832882881,2026-09-08T22:27:07.472733+00:00,study3b_fifo_runtime_v1
78541,C_8950,2012,2013,0.000488253775984,0,0,0.08,0.00734832882881,2026-09-08T22:27:07.472733+00:00,study3b_fifo_runtime_v1
78556,C_8952,2012,2013,0.0109676411375,0,1,0.08,0.00734832882881,2026-09-08T22:27:07.472733+00:00,study3b_fifo_runtime_v1
78571,C_8954,2012,2013,3.52769384335e-05,0,0,0.08,0.00734832882881,2026-09-08T22:27:07.472733+00:00,study3b_fifo_runtime_v1
78584,C_8957,2012,2013,8.91625750228e-05,0,0,0.08,0.00734832882881,2026-09-08T22:27:07.472733+00:00,study3b_fifo_runtime_v1
78602,C_8958,2012,2013,0.0339159108698,0,1,0.08,0.00734832882881,2026-09-08T22:27:07.472733+00:00,study3b_fifo_runtime_v1
78609,C_8959,2012,2013,5.27033298567e-05,0,0,0.08,0.00734832882881,2026-09-08T22:27:07.472733+00:00,study3b_fifo_runtime_v1
78615,C_8960,2012,2013,0.026209903881,0,1,0.08,0.00734832882881,2026-09-08T22:27:07.472733+00:00,study3b_fifo_runtime_v1
78624,C_8961,2012,2013,0.00291176955216,0,0,0.08,0.00734832882881,2026-09-08T22:27:07.472733+00:00,study3b_fifo_runtime_v1
78634,C_8964,2012,2013,1.25644073705e-05,0,0,0.08,0.00734832882881,2026-09-08T22:27:07.472733+00:00,study3b_fifo_runtime_v1
78641,C_8965,2012,2013,3.00257324852e-05,0,0,0.08,0.00734832882881,2026-09-08T22:27:07.472733+00:00,study3b_fifo_runtime_v1
78654,C_8967,2012,2013,3.81597747037e-05,0,0,0.08,0.00734832882881,2026-09-08T22:27:07.472733+00:00,study3b_fifo_runtime_v1
