source_row_id,company_name,feature_year,predicted_event_year,y_proba,y_pred_f1,y_pred_fpr5,f1_threshold,fpr5_threshold,state_updated_at,runtime_version
10,C_1,2009,2010,5.21634028701e-05,0,0,0.07,0.0378263480961,2026-09-08T22:18:35.604489+00:00,study3b_fifo_runtime_v1
29,C_2,2009,2010,0.000850382901262,0,0,0.07,0.0378263480961,2026-09-08T22:18:35.604489+00:00,study3b_fifo_runtime_v1
60,C_6,2009,2010,0.00706856558099,0,0,0.07,0.0378263480961,2026-09-08T22:18:35.604489+00:00,study3b_fifo_runtime_v1
72,C_7,2009,2010,8.94352342584e-05,0,0,0.07,0.0378263480961,2026-09-08T22:18:35.604489+00:00,study3b_fifo_runtime_v1
100,C_9,2009,2010,4.1584342398e-05,0,0,0.07,0.0378263480961,2026-09-08T22:18:35.604489+00:00,study3b_fifo_runtime_v1
120,C_10,2009,2010,0.00010785235645,0,0,0.07,0.0378263480961,2026-09-08T22:18:35.604489+00:00,study3b_fifo_runtime_v1
140,C_11,2009,2010,0.000128153435071,0,0,0.07,0.0378263480961,2026-09-08T22:18:35.604489+00:00,study3b_fifo_runtime_v1
160,C_12,2009,2010,0.00261769187637,0,0,0.07,0.0378263480961,2026-09-08T22:18:35.604489+00:00,study3b_fifo_runtime_v1
183,C_14,2009,2010,0.00177991716191,0,0,0.07,0.0378263480961,2026-09-08T22:18:35.604489+00:00,study3b_fifo_runtime_v1
208,C_17,2009,2010,3.37756064255e-05,0,0,0.07,0.0378263480961,2026-09-08T22:18:35.604489+00:00,study3b_fifo_runtime_v1
229,C_19,2009,2010,0.000273939367617,0,0,0.07,0.0378263480961,2026-09-08T22:18:35.604489+00:00,study3b_fifo_runtime_v1
249,C_20,2009,2010,0.000185125289136,0,0,0.07,0.0378263480961,2026-09-08T22:18:35.604489+00:00,study3b_fifo_runtime_v1
271,C_22,2009,2010,0.0021190859843,0,0,0.07,0.0378263480961,2026-09-08T22:18:35.604489+00:00,study3b_fifo_runtime_v1
294,C_24,2009,2010,0.000111790235678,0,0,0.07,0.0378263480961,2026-09-08T22:18:35.604489+00:00,study3b_fifo_runtime_v1
313,C_26,2009,2010,6.71316302032e-05,0,0,0.07,0.0378263480961,2026-09-08T22:18:35.604489+00:00,study3b_fifo_runtime_v1
333,C_27,2009,2010,0.000292325887131,0,0,0.07,0.0378263480961,2026-09-08T22:18:35.604489+00:00,study3b_fifo_runtime_v1
356,C_29,2009,2010,0.00800834968686,0,0,0.07,0.0378263480961,2026-09-08T22:18:35.604489+00:00,study3b_fifo_runtime_v1
372,C_30,2009,2010,0.00217084446922,0,0,0.07,0.0378263480961,2026-09-08T22:18:35.604489+00:00,study3b_fifo_runtime_v1
392,C_31,2009,2010,0.00420730886981,0,0,0.07,0.0378263480961,2026-09-08T22:18:35.604489+00:00,study3b_fifo_runtime_v1
412,C_32,2009,2010,0.000174524684553,0,0,0.07,0.0378263480961,2026-09-08T22:18:35.604489+00:00,study3b_fifo_runtime_v1
452,C_37,2009,2010,0.000108441956399,0,0,0.07,0.0378263480961,2026-09-08T22:18:35.604489+00:00,study3b_fifo_runtime_v1
479,C_40,2009,2010,0.000380091834813,0,0,0.07,0.0378263480961,2026-09-08T22:18:35.604489+00:00,study3b_fifo_runtime_v1
500,C_42,2009,2010,0.000148582344991,0,0,0.07,0.0378263480961,2026-09-08T22:18:35.604489+00:00,study3b_fifo_runtime_v1
523,C_46,2009,2010,9.4876762887e-05,0,0,0.07,0.0378263480961,2026-09-08T22:18:35.604489+00:00,study3b_fifo_runtime_v1
543,C_47,2009,2010,0.0025596593041,0,0,0.07,0.0378263480961,2026-09-08T22:18:35.604489+00:00,study3b_fifo_runtime_v1
566,C_50,2009,2010,1.565351522e-05,0,0,0.07,0.0378263480961,2026-09-08T22:18:35.604489+00:00,study3b_fifo_runtime_v1
585,C_51,2009,2010,0.000201761795324,0,0,0.07,0.0378263480961,2026-09-08T22:18:35.604489+00:00,study3b_fifo_runtime_v1
606,C_54,2009,2010,2.47098814725e-05,0,0,0.07,0.0378263480961,2026-09-08T22:18:35.604489+00:00,study3b_fifo_runtime_v1
626,C_55,2009,2010,0.00308873434551,0,0,0.07,0.0378263480961,2026-09-08T22:18:35.604489+00:00,study3b_fifo_runtime_v1
640,C_56,2009,2010,0.148903727531,1,1,0.07,0.0378263480961,2026-09-08T22:18:35.604489+00:00,study3b_fifo_runtime_v1
660,C_57,2009,2010,0.000692608766258,0,0,0.07,0.0378263480961,2026-09-08T22:18:35.604489+00:00,study3b_fifo_runtime_v1
675,C_58,2009,2010,7.10895037628e-05,0,0,0.07,0.0378263480961,2026-09-08T22:18:35.604489+00:00,study3b_fifo_runtime_v1
698,C_60,2009,2010,3.64412812814e-06,0,0,0.07,0.0378263480961,2026-09-08T22:18:35.604489+00:00,study3b_fifo_runtime_v1
716,C_61,2009,2010,0.000178572430741,0,0,0.07,0.0378263480961,2026-09-08T22:18:35.604489+00:00,study3b_fifo_runtime_v1
736,C_62,2009,2010,8.8273001893e-05,0,0,0.07,0.0378263480961,2026-09-08T22:18:35.604489+00:00,study3b_fifo_runtime_v1
760,C_64,2009,2010,0.0121797462925,0,0,0.07,0.0378263480961,2026-09-08T22:18:35.604489+00:00,study3b_fifo_runtime_v1
775,C_65,2009,2010,0.000190385791939,0,0,0.07,0.0378263480961,2026-09-08T22:18:35.604489+00:00,study3b_fifo_runtime_v1
787,C_66,2009,2010,0.00668526859954,0,0,0.07,0.0378263480961,2026-09-08T22:18:35.604489+00:00,study3b_fifo_runtime_v1
810,C_69,2009,2010,5.58308092877e-05,0,0,0.07,0.0378263480961,2026-09-08T22:18:35.604489+00:00,study3b_fifo_runtime_v1
827,C_70,2009,2010,0.00137234630529,0,0,0.07,0.0378263480961,2026-09-08T22:18:35.604489+00:00,study3b_fifo_runtime_v1
847,C_71,2009,2010,3.745590584e-05,0,0,0.07,0.0378263480961,2026-09-08T22:18:35.604489+00:00,study3b_fifo_runtime_v1
890,C_75,2009,2010,0.000424001482315,0,0,0.07,0.0378263480961,2026-09-08T22:18:35.604489+00:00,study3b_fifo_runtime_v1
913,C_77,2009,2010,2.45398896368e-05,0,0,0.07,0.0378263480961,2026-09-08T22:18:35.604489+00:00,study3b_fifo_runtime_v1
928,C_79,2009,2010,0.000377079675673,0,0,0.07,0.0378263480961,2026-09-08T22:18:35.604489+00:00,study3b_fifo_runtime_v1
948,C_80,2009,2010,0.000563602428883,0,0,0.07,0.0378263480961,2026-09-08T22:18:35.604489+00:00,study3b_fifo_runtime_v1
975,C_82,2009,2010,0.00142500456423,0,0,0.07,0.0378263480961,2026-09-08T22:18:35.604489+00:00,study3b_fifo_runtime_v1
998,C_84,2009,2010,1.0696231584e-05,0,0,0.07,0.0378263480961,2026-09-08T22:18:35.604489+00:00,study3b_fifo_runtime_v1
1018,C_85,2009,2010,2.97949445667e-05,0,0,0.07,0.0378263480961,2026-09-08T22:18:35.604489+00:00,study3b_fifo_runtime_v1
1037,C_86,2009,2010,0.0356070436537,0,0,0.07,0.0378263480961,2026-09-08T22:18:35.604489+00:00,study3b_fifo_runtime_v1
1051,C_87,2009,2010,6.41739970888e-05,0,0,0.07,0.0378263480961,2026-09-08T22:18:35.604489+00:00,study3b_fifo_runtime_v1
1078,C_90,2009,2010,0.000450266437838,0,0,0.07,0.0378263480961,2026-09-08T22:18:35.604489+00:00,study3b_fifo_runtime_v1
1116,C_93,2009,2010,0.000327157933498,0,0,0.07,0.0378263480961,2026-09-08T22:18:35.604489+00:00,study3b_fifo_runtime_v1
1136,C_94,2009,2010,0.0107150813565,0,0,0.07,0.0378263480961,2026-09-08T22:18:35.604489+00:00,study3b_fifo_runtime_v1
1181,C_98,2009,2010,0.00545791303739,0,0,0.07,0.0378263480961,2026-09-08T22:18:35.604489+00:00,study3b_fifo_runtime_v1
1192,C_99,2009,2010,9.8866148619e-05,0,0,0.07,0.0378263480961,2026-09-08T22:18:35.604489+00:00,study3b_fifo_runtime_v1
1208,C_100,2009,2010,5.9408503148e-05,0,0,0.07,0.0378263480961,2026-09-08T22:18:35.604489+00:00,study3b_fifo_runtime_v1
1223,C_101,2009,2010,0.000186143442988,0,0,0.07,0.0378263480961,2026-09-08T22:18:35.604489+00:00,study3b_fifo_runtime_v1
1243,C_102,2009,2010,5.0723010645e-05,0,0,0.07,0.0378263480961,2026-09-08T22:18:35.604489+00:00,study3b_fifo_runtime_v1
1263,C_103,2009,2010,0.012305653654,0,0,0.07,0.0378263480961,2026-09-08T22:18:35.604489+00:00,study3b_fifo_runtime_v1
1274,C_104,2009,2010,0.00326994410716,0,0,0.07,0.0378263480961,2026-09-08T22:18:35.604489+00:00,study3b_fifo_runtime_v1
1285,C_105,2009,2010,0.000220400572289,0,0,0.07,0.0378263480961,2026-09-08T22:18:35.604489+00:00,study3b_fifo_runtime_v1
1305,C_106,2009,2010,5.90250310779e-05,0,0,0.07,0.0378263480961,2026-09-08T22:18:35.604489+00:00,study3b_fifo_runtime_v1
1324,C_107,2009,2010,7.67520978115e-05,0,0,0.07,0.0378263480961,2026-09-08T22:18:35.604489+00:00,study3b_fifo_runtime_v1
1343,C_108,2009,2010,0.000188676523976,0,0,0.07,0.0378263480961,2026-09-08T22:18:35.604489+00:00,study3b_fifo_runtime_v1
1363,C_109,2009,2010,6.92335015628e-05,0,0,0.07,0.0378263480961,2026-09-08T22:18:35.604489+00:00,study3b_fifo_runtime_v1
1377,C_110,2009,2010,0.00462932279333,0,0,0.07,0.0378263480961,2026-09-08T22:18:35.604489+00:00,study3b_fifo_runtime_v1
1406,C_113,2009,2010,0.000560677726753,0,0,0.07,0.0378263480961,2026-09-08T22:18:35.604489+00:00,study3b_fifo_runtime_v1
1426,C_114,2009,2010,0.00021583038324,0,0,0.07,0.0378263480961,2026-09-08T22:18:35.604489+00:00,study3b_fifo_runtime_v1
1447,C_116,2009,2010,0.000116904098832,0,0,0.07,0.0378263480961,2026-09-08T22:18:35.604489+00:00,study3b_fifo_runtime_v1
1467,C_117,2009,2010,1.67199541465e-05,0,0,0.07,0.0378263480961,2026-09-08T22:18:35.604489+00:00,study3b_fifo_runtime_v1
1487,C_118,2009,2010,0.0196339916438,0,0,0.07,0.0378263480961,2026-09-08T22:18:35.604489+00:00,study3b_fifo_runtime_v1
1508,C_120,2009,2010,0.000183773110621,0,0,0.07,0.0378263480961,2026-09-08T22:18:35.604489+00:00,study3b_fifo_runtime_v1
1530,C_123,2009,2010,8.22661095299e-05,0,0,0.07,0.0378263480961,2026-09-08T22:18:35.604489+00:00,study3b_fifo_runtime_v1
1548,C_124,2009,2010,0.00163669709582,0,0,0.07,0.0378263480961,2026-09-08T22:18:35.604489+00:00,study3b_fifo_runtime_v1
1595,C_129,2009,2010,0.000142132674227,0,0,0.07,0.0378263480961,2026-09-08T22:18:35.604489+00:00,study3b_fifo_runtime_v1
1606,C_130,2009,2010,5.50006334379e-05,0,0,0.07,0.0378263480961,2026-09-08T22:18:35.604489+00:00,study3b_fifo_runtime_v1
1635,C_132,2009,2010,0.00340814166702,0,0,0.07,0.0378263480961,2026-09-08T22:18:35.604489+00:00,study3b_fifo_runtime_v1
1662,C_134,2009,2010,0.00443013198674,0,0,0.07,0.0378263480961,2026-09-08T22:18:35.604489+00:00,study3b_fifo_runtime_v1
1682,C_135,2009,2010,4.40035801148e-05,0,0,0.07,0.0378263480961,2026-09-08T22:18:35.604489+00:00,study3b_fifo_runtime_v1
1702,C_136,2009,2010,4.35336369264e-05,0,0,0.07,0.0378263480961,2026-09-08T22:18:35.604489+00:00,study3b_fifo_runtime_v1
1728,C_139,2009,2010,0.000171477382537,0,0,0.07,0.0378263480961,2026-09-08T22:18:35.604489+00:00,study3b_fifo_runtime_v1
1745,C_141,2009,2010,4.00284880016e-05,0,0,0.07,0.0378263480961,2026-09-08T22:18:35.604489+00:00,study3b_fifo_runtime_v1
1779,C_144,2009,2010,0.00257764011621,0,0,0.07,0.0378263480961,2026-09-08T22:18:35.604489+00:00,study3b_fifo_runtime_v1
1793,C_145,2009,2010,0.00012002884614,0,0,0.07,0.0378263480961,2026-09-08T22:18:35.604489+00:00,study3b_fifo_runtime_v1
1811,C_146,2009,2010,9.92700734059e-05,0,0,0.07,0.0378263480961,2026-09-08T22:18:35.604489+00:00,study3b_fifo_runtime_v1
1831,C_147,2009,2010,7.23340999684e-05,0,0,0.07,0.0378263480961,2026-09-08T22:18:35.604489+00:00,study3b_fifo_runtime_v1
1842,C_148,2009,2010,0.000281606015051,0,0,0.07,0.0378263480961,2026-09-08T22:18:35.604489+00:00,study3b_fifo_runtime_v1
1866,C_150,2009,2010,0.000177659050678,0,0,0.07,0.0378263480961,2026-09-08T22:18:35.604489+00:00,study3b_fifo_runtime_v1
1908,C_156,2009,2010,0.000568369461689,0,0,0.07,0.0378263480961,2026-09-08T22:18:35.604489+00:00,study3b_fifo_runtime_v1
1926,C_157,2009,2010,0.00046306636068,0,0,0.07,0.0378263480961,2026-09-08T22:18:35.604489+00:00,study3b_fifo_runtime_v1
1954,C_161,2009,2010,0.000292435695883,0,0,0.07,0.0378263480961,2026-09-08T22:18:35.604489+00:00,study3b_fifo_runtime_v1
1970,C_163,2009,2010,0.00650897203013,0,0,0.07,0.0378263480961,2026-09-08T22:18:35.604489+00:00,study3b_fifo_runtime_v1
1990,C_164,2009,2010,9.2362119176e-05,0,0,0.07,0.0378263480961,2026-09-08T22:18:35.604489+00:00,study3b_fifo_runtime_v1
2008,C_165,2009,2010,6.37040429865e-05,0,0,0.07,0.0378263480961,2026-09-08T22:18:35.604489+00:00,study3b_fifo_runtime_v1
2021,C_166,2009,2010,6.1379330873e-05,0,0,0.07,0.0378263480961,2026-09-08T22:18:35.604489+00:00,study3b_fifo_runtime_v1
2044,C_168,2009,2010,0.000659983546939,0,0,0.07,0.0378263480961,2026-09-08T22:18:35.604489+00:00,study3b_fifo_runtime_v1
2073,C_170,2009,2010,0.000154754088726,0,0,0.07,0.0378263480961,2026-09-08T22:18:35.604489+00:00,study3b_fifo_runtime_v1
2096,C_172,2009,2010,0.000456923007732,0,0,0.07,0.0378263480961,2026-09-08T22:18:35.604489+00:00,study3b_fifo_runtime_v1
2116,C_173,2009,2010,0.0487233251333,0,1,0.07,0.0378263480961,2026-09-08T22:18:35.604489+00:00,study3b_fifo_runtime_v1
2134,C_175,2009,2010,0.000453085754998,0,0,0.07,0.0378263480961,2026-09-08T22:18:35.604489+00:00,study3b_fifo_runtime_v1
2148,C_176,2009,2010,0.000287981791189,0,0,0.07,0.0378263480961,2026-09-08T22:18:35.604489+00:00,study3b_fifo_runtime_v1
2168,C_177,2009,2010,0.000506894139107,0,0,0.07,0.0378263480961,2026-09-08T22:18:35.604489+00:00,study3b_fifo_runtime_v1
2183,C_179,2009,2010,0.000111842156912,0,0,0.07,0.0378263480961,2026-09-08T22:18:35.604489+00:00,study3b_fifo_runtime_v1
2224,C_185,2009,2010,0.000496839405969,0,0,0.07,0.0378263480961,2026-09-08T22:18:35.604489+00:00,study3b_fifo_runtime_v1
2244,C_186,2009,2010,0.000588838069234,0,0,0.07,0.0378263480961,2026-09-08T22:18:35.604489+00:00,study3b_fifo_runtime_v1
2265,C_189,2009,2010,8.09261473478e-05,0,0,0.07,0.0378263480961,2026-09-08T22:18:35.604489+00:00,study3b_fifo_runtime_v1
2276,C_190,2009,2010,4.92711878906e-05,0,0,0.07,0.0378263480961,2026-09-08T22:18:35.604489+00:00,study3b_fifo_runtime_v1
2300,C_192,2009,2010,0.000668994209263,0,0,0.07,0.0378263480961,2026-09-08T22:18:35.604489+00:00,study3b_fifo_runtime_v1
2311,C_193,2009,2010,0.000268365285592,0,0,0.07,0.0378263480961,2026-09-08T22:18:35.604489+00:00,study3b_fifo_runtime_v1
2321,C_194,2009,2010,0.0020587539766,0,0,0.07,0.0378263480961,2026-09-08T22:18:35.604489+00:00,study3b_fifo_runtime_v1
2348,C_197,2009,2010,4.18724084739e-05,0,0,0.07,0.0378263480961,2026-09-08T22:18:35.604489+00:00,study3b_fifo_runtime_v1
2368,C_198,2009,2010,0.000463560922071,0,0,0.07,0.0378263480961,2026-09-08T22:18:35.604489+00:00,study3b_fifo_runtime_v1
2388,C_199,2009,2010,6.16924153292e-05,0,0,0.07,0.0378263480961,2026-09-08T22:18:35.604489+00:00,study3b_fifo_runtime_v1
2410,C_201,2009,2010,0.000231809914112,0,0,0.07,0.0378263480961,2026-09-08T22:18:35.604489+00:00,study3b_fifo_runtime_v1
2428,C_202,2009,2010,0.000582513166592,0,0,0.07,0.0378263480961,2026-09-08T22:18:35.604489+00:00,study3b_fifo_runtime_v1
2448,C_203,2009,2010,0.0010954963509,0,0,0.07,0.0378263480961,2026-09-08T22:18:35.604489+00:00,study3b_fifo_runtime_v1
2462,C_204,2009,2010,0.000206267344765,0,0,0.07,0.0378263480961,2026-09-08T22:18:35.604489+00:00,study3b_fifo_runtime_v1
2488,C_206,2009,2010,7.28854720364e-05,0,0,0.07,0.0378263480961,2026-09-08T22:18:35.604489+00:00,study3b_fifo_runtime_v1
2509,C_208,2009,2010,6.32038791082e-05,0,0,0.07,0.0378263480961,2026-09-08T22:18:35.604489+00:00,study3b_fifo_runtime_v1
2532,C_210,2009,2010,0.0153393307701,0,0,0.07,0.0378263480961,2026-09-08T22:18:35.604489+00:00,study3b_fifo_runtime_v1
2544,C_211,2009,2010,7.89087425801e-06,0,0,0.07,0.0378263480961,2026-09-08T22:18:35.604489+00:00,study3b_fifo_runtime_v1
2564,C_212,2009,2010,3.60485755664e-05,0,0,0.07,0.0378263480961,2026-09-08T22:18:35.604489+00:00,study3b_fifo_runtime_v1
2575,C_213,2009,2010,0.00046802390716,0,0,0.07,0.0378263480961,2026-09-08T22:18:35.604489+00:00,study3b_fifo_runtime_v1
2586,C_214,2009,2010,4.4210217311e-05,0,0,0.07,0.0378263480961,2026-09-08T22:18:35.604489+00:00,study3b_fifo_runtime_v1
2606,C_215,2009,2010,9.63202910498e-05,0,0,0.07,0.0378263480961,2026-09-08T22:18:35.604489+00:00,study3b_fifo_runtime_v1
2626,C_216,2009,2010,0.000259197084233,0,0,0.07,0.0378263480961,2026-09-08T22:18:35.604489+00:00,study3b_fifo_runtime_v1
2644,C_217,2009,2010,0.0395964197814,0,1,0.07,0.0378263480961,2026-09-08T22:18:35.604489+00:00,study3b_fifo_runtime_v1
2655,C_218,2009,2010,0.000264187663561,0,0,0.07,0.0378263480961,2026-09-08T22:18:35.604489+00:00,study3b_fifo_runtime_v1
2673,C_219,2009,2010,0.00965983886272,0,0,0.07,0.0378263480961,2026-09-08T22:18:35.604489+00:00,study3b_fifo_runtime_v1
2684,C_220,2009,2010,0.00113215646707,0,0,0.07,0.0378263480961,2026-09-08T22:18:35.604489+00:00,study3b_fifo_runtime_v1
2704,C_221,2009,2010,0.000156481386512,0,0,0.07,0.0378263480961,2026-09-08T22:18:35.604489+00:00,study3b_fifo_runtime_v1
2729,C_223,2009,2010,0.000791530532297,0,0,0.07,0.0378263480961,2026-09-08T22:18:35.604489+00:00,study3b_fifo_runtime_v1
2749,C_224,2009,2010,0.0431000180542,0,1,0.07,0.0378263480961,2026-09-08T22:18:35.604489+00:00,study3b_fifo_runtime_v1
2806,C_232,2009,2010,0.000341732287779,0,0,0.07,0.0378263480961,2026-09-08T22:18:35.604489+00:00,study3b_fifo_runtime_v1
2817,C_233,2009,2010,0.00023128464818,0,0,0.07,0.0378263480961,2026-09-08T22:18:35.604489+00:00,study3b_fifo_runtime_v1
2838,C_235,2009,2010,0.000362658029189,0,0,0.07,0.0378263480961,2026-09-08T22:18:35.604489+00:00,study3b_fifo_runtime_v1
2870,C_239,2009,2010,0.000467406556709,0,0,0.07,0.0378263480961,2026-09-08T22:18:35.604489+00:00,study3b_fifo_runtime_v1
2897,C_241,2009,2010,0.000129818465211,0,0,0.07,0.0378263480961,2026-09-08T22:18:35.604489+00:00,study3b_fifo_runtime_v1
2926,C_243,2009,2010,0.00050963985268,0,0,0.07,0.0378263480961,2026-09-08T22:18:35.604489+00:00,study3b_fifo_runtime_v1
2946,C_245,2009,2010,0.00102121045347,0,0,0.07,0.0378263480961,2026-09-08T22:18:35.604489+00:00,study3b_fifo_runtime_v1
2959,C_246,2009,2010,0.00163367704954,0,0,0.07,0.0378263480961,2026-09-08T22:18:35.604489+00:00,study3b_fifo_runtime_v1
2987,C_249,2009,2010,0.000928273657337,0,0,0.07,0.0378263480961,2026-09-08T22:18:35.604489+00:00,study3b_fifo_runtime_v1
3007,C_250,2009,2010,0.000346148532117,0,0,0.07,0.0378263480961,2026-09-08T22:18:35.604489+00:00,study3b_fifo_runtime_v1
3027,C_251,2009,2010,0.000485949334688,0,0,0.07,0.0378263480961,2026-09-08T22:18:35.604489+00:00,study3b_fifo_runtime_v1
3047,C_252,2009,2010,8.65595866344e-05,0,0,0.07,0.0378263480961,2026-09-08T22:18:35.604489+00:00,study3b_fifo_runtime_v1
3067,C_253,2009,2010,9.15842538234e-05,0,0,0.07,0.0378263480961,2026-09-08T22:18:35.604489+00:00,study3b_fifo_runtime_v1
3078,C_254,2009,2010,0.00451978994533,0,0,0.07,0.0378263480961,2026-09-08T22:18:35.604489+00:00,study3b_fifo_runtime_v1
3098,C_255,2009,2010,0.0112873958424,0,0,0.07,0.0378263480961,2026-09-08T22:18:35.604489+00:00,study3b_fifo_runtime_v1
3113,C_256,2009,2010,0.000103614896943,0,0,0.07,0.0378263480961,2026-09-08T22:18:35.604489+00:00,study3b_fifo_runtime_v1
3133,C_258,2009,2010,0.000136835806188,0,0,0.07,0.0378263480961,2026-09-08T22:18:35.604489+00:00,study3b_fifo_runtime_v1
3145,C_259,2009,2010,0.000531578960363,0,0,0.07,0.0378263480961,2026-09-08T22:18:35.604489+00:00,study3b_fifo_runtime_v1
3185,C_264,2009,2010,0.00456816097721,0,0,0.07,0.0378263480961,2026-09-08T22:18:35.604489+00:00,study3b_fifo_runtime_v1
3222,C_268,2009,2010,0.000153883200255,0,0,0.07,0.0378263480961,2026-09-08T22:18:35.604489+00:00,study3b_fifo_runtime_v1
3249,C_270,2009,2010,5.13702507305e-05,0,0,0.07,0.0378263480961,2026-09-08T22:18:35.604489+00:00,study3b_fifo_runtime_v1
3260,C_271,2009,2010,6.41267470201e-05,0,0,0.07,0.0378263480961,2026-09-08T22:18:35.604489+00:00,study3b_fifo_runtime_v1
3280,C_272,2009,2010,0.000290787022095,0,0,0.07,0.0378263480961,2026-09-08T22:18:35.604489+00:00,study3b_fifo_runtime_v1
3300,C_273,2009,2010,0.000114765374747,0,0,0.07,0.0378263480961,2026-09-08T22:18:35.604489+00:00,study3b_fifo_runtime_v1
3320,C_274,2009,2010,0.000105702900328,0,0,0.07,0.0378263480961,2026-09-08T22:18:35.604489+00:00,study3b_fifo_runtime_v1
3340,C_275,2009,2010,0.000350998918293,0,0,0.07,0.0378263480961,2026-09-08T22:18:35.604489+00:00,study3b_fifo_runtime_v1
3353,C_276,2009,2010,0.000136197733809,0,0,0.07,0.0378263480961,2026-09-08T22:18:35.604489+00:00,study3b_fifo_runtime_v1
3375,C_278,2009,2010,0.000227063777857,0,0,0.07,0.0378263480961,2026-09-08T22:18:35.604489+00:00,study3b_fifo_runtime_v1
3397,C_280,2009,2010,0.000430971180322,0,0,0.07,0.0378263480961,2026-09-08T22:18:35.604489+00:00,study3b_fifo_runtime_v1
3416,C_281,2009,2010,0.0148683628067,0,0,0.07,0.0378263480961,2026-09-08T22:18:35.604489+00:00,study3b_fifo_runtime_v1
3428,C_282,2009,2010,0.00836170185357,0,0,0.07,0.0378263480961,2026-09-08T22:18:35.604489+00:00,study3b_fifo_runtime_v1
3442,C_283,2009,2010,9.59902317845e-05,0,0,0.07,0.0378263480961,2026-09-08T22:18:35.604489+00:00,study3b_fifo_runtime_v1
3462,C_284,2009,2010,0.000115714901767,0,0,0.07,0.0378263480961,2026-09-08T22:18:35.604489+00:00,study3b_fifo_runtime_v1
3478,C_285,2009,2010,6.65181069053e-05,0,0,0.07,0.0378263480961,2026-09-08T22:18:35.604489+00:00,study3b_fifo_runtime_v1
3498,C_286,2009,2010,0.000287809845759,0,0,0.07,0.0378263480961,2026-09-08T22:18:35.604489+00:00,study3b_fifo_runtime_v1
3512,C_287,2009,2010,3.2019088394e-05,0,0,0.07,0.0378263480961,2026-09-08T22:18:35.604489+00:00,study3b_fifo_runtime_v1
3524,C_288,2009,2010,0.000416648661485,0,0,0.07,0.0378263480961,2026-09-08T22:18:35.604489+00:00,study3b_fifo_runtime_v1
3542,C_289,2009,2010,9.37009244808e-05,0,0,0.07,0.0378263480961,2026-09-08T22:18:35.604489+00:00,study3b_fifo_runtime_v1
3556,C_290,2009,2010,0.000461196963442,0,0,0.07,0.0378263480961,2026-09-08T22:18:35.604489+00:00,study3b_fifo_runtime_v1
3573,C_291,2009,2010,4.13652742282e-05,0,0,0.07,0.0378263480961,2026-09-08T22:18:35.604489+00:00,study3b_fifo_runtime_v1
3586,C_292,2009,2010,0.00166392000392,0,0,0.07,0.0378263480961,2026-09-08T22:18:35.604489+00:00,study3b_fifo_runtime_v1
3606,C_293,2009,2010,8.86388224899e-05,0,0,0.07,0.0378263480961,2026-09-08T22:18:35.604489+00:00,study3b_fifo_runtime_v1
3624,C_296,2009,2010,0.000366453547031,0,0,0.07,0.0378263480961,2026-09-08T22:18:35.604489+00:00,study3b_fifo_runtime_v1
3678,C_304,2009,2010,0.0100791528821,0,0,0.07,0.0378263480961,2026-09-08T22:18:35.604489+00:00,study3b_fifo_runtime_v1
3691,C_305,2009,2010,0.00447981618345,0,0,0.07,0.0378263480961,2026-09-08T22:18:35.604489+00:00,study3b_fifo_runtime_v1
3711,C_306,2009,2010,0.00013658766693,0,0,0.07,0.0378263480961,2026-09-08T22:18:35.604489+00:00,study3b_fifo_runtime_v1
3731,C_307,2009,2010,3.71559763153e-05,0,0,0.07,0.0378263480961,2026-09-08T22:18:35.604489+00:00,study3b_fifo_runtime_v1
3751,C_309,2009,2010,9.21520768316e-05,0,0,0.07,0.0378263480961,2026-09-08T22:18:35.604489+00:00,study3b_fifo_runtime_v1
3773,C_311,2009,2010,0.00296151521616,0,0,0.07,0.0378263480961,2026-09-08T22:18:35.604489+00:00,study3b_fifo_runtime_v1
3804,C_315,2009,2010,1.32069508254e-05,0,0,0.07,0.0378263480961,2026-09-08T22:18:35.604489+00:00,study3b_fifo_runtime_v1
3836,C_317,2009,2010,0.000279072060948,0,0,0.07,0.0378263480961,2026-09-08T22:18:35.604489+00:00,study3b_fifo_runtime_v1
3856,C_318,2009,2010,9.42526385188e-05,0,0,0.07,0.0378263480961,2026-09-08T22:18:35.604489+00:00,study3b_fifo_runtime_v1
3876,C_319,2009,2010,0.000350840651663,0,0,0.07,0.0378263480961,2026-09-08T22:18:35.604489+00:00,study3b_fifo_runtime_v1
3905,C_322,2009,2010,1.0567658137e-05,0,0,0.07,0.0378263480961,2026-09-08T22:18:35.604489+00:00,study3b_fifo_runtime_v1
3925,C_323,2009,2010,5.88500261074e-05,0,0,0.07,0.0378263480961,2026-09-08T22:18:35.604489+00:00,study3b_fifo_runtime_v1
3945,C_324,2009,2010,0.000367579254089,0,0,0.07,0.0378263480961,2026-09-08T22:18:35.604489+00:00,study3b_fifo_runtime_v1
3960,C_325,2009,2010,0.000182902498636,0,0,0.07,0.0378263480961,2026-09-08T22:18:35.604489+00:00,study3b_fifo_runtime_v1
4004,C_329,2009,2010,0.000134151006932,0,0,0.07,0.0378263480961,2026-09-08T22:18:35.604489+00:00,study3b_fifo_runtime_v1
4037,C_332,2009,2010,8.16146857687e-05,0,0,0.07,0.0378263480961,2026-09-08T22:18:35.604489+00:00,study3b_fifo_runtime_v1
4055,C_333,2009,2010,0.00100314838346,0,0,0.07,0.0378263480961,2026-09-08T22:18:35.604489+00:00,study3b_fifo_runtime_v1
4074,C_334,2009,2010,0.00163236574735,0,0,0.07,0.0378263480961,2026-09-08T22:18:35.604489+00:00,study3b_fifo_runtime_v1
4098,C_336,2009,2010,0.000256312545389,0,0,0.07,0.0378263480961,2026-09-08T22:18:35.604489+00:00,study3b_fifo_runtime_v1
4109,C_337,2009,2010,0.000243467351538,0,0,0.07,0.0378263480961,2026-09-08T22:18:35.604489+00:00,study3b_fifo_runtime_v1
4129,C_338,2009,2010,0.0986821874976,1,1,0.07,0.0378263480961,2026-09-08T22:18:35.604489+00:00,study3b_fifo_runtime_v1
4140,C_339,2009,2010,0.00131435599178,0,0,0.07,0.0378263480961,2026-09-08T22:18:35.604489+00:00,study3b_fifo_runtime_v1
4158,C_341,2009,2010,5.31533005415e-05,0,0,0.07,0.0378263480961,2026-09-08T22:18:35.604489+00:00,study3b_fifo_runtime_v1
4178,C_342,2009,2010,0.000114437389129,0,0,0.07,0.0378263480961,2026-09-08T22:18:35.604489+00:00,study3b_fifo_runtime_v1
4197,C_343,2009,2010,0.000889028247911,0,0,0.07,0.0378263480961,2026-09-08T22:18:35.604489+00:00,study3b_fifo_runtime_v1
4226,C_345,2009,2010,0.00656874105334,0,0,0.07,0.0378263480961,2026-09-08T22:18:35.604489+00:00,study3b_fifo_runtime_v1
4246,C_346,2009,2010,0.00389402429573,0,0,0.07,0.0378263480961,2026-09-08T22:18:35.604489+00:00,study3b_fifo_runtime_v1
4277,C_349,2009,2010,0.0001052544103,0,0,0.07,0.0378263480961,2026-09-08T22:18:35.604489+00:00,study3b_fifo_runtime_v1
4312,C_352,2009,2010,0.149044200778,1,1,0.07,0.0378263480961,2026-09-08T22:18:35.604489+00:00,study3b_fifo_runtime_v1
4332,C_353,2009,2010,0.000114590926387,0,0,0.07,0.0378263480961,2026-09-08T22:18:35.604489+00:00,study3b_fifo_runtime_v1
4353,C_355,2009,2010,0.000642393424641,0,0,0.07,0.0378263480961,2026-09-08T22:18:35.604489+00:00,study3b_fifo_runtime_v1
4368,C_356,2009,2010,0.000326471199514,0,0,0.07,0.0378263480961,2026-09-08T22:18:35.604489+00:00,study3b_fifo_runtime_v1
4396,C_359,2009,2010,8.22273068479e-05,0,0,0.07,0.0378263480961,2026-09-08T22:18:35.604489+00:00,study3b_fifo_runtime_v1
4425,C_363,2009,2010,0.004032893572,0,0,0.07,0.0378263480961,2026-09-08T22:18:35.604489+00:00,study3b_fifo_runtime_v1
4442,C_365,2009,2010,2.63112524408e-05,0,0,0.07,0.0378263480961,2026-09-08T22:18:35.604489+00:00,study3b_fifo_runtime_v1
4460,C_367,2009,2010,0.000415533344494,0,0,0.07,0.0378263480961,2026-09-08T22:18:35.604489+00:00,study3b_fifo_runtime_v1
4483,C_369,2009,2010,0.0732271000743,1,1,0.07,0.0378263480961,2026-09-08T22:18:35.604489+00:00,study3b_fifo_runtime_v1
4507,C_372,2009,2010,0.000275571917882,0,0,0.07,0.0378263480961,2026-09-08T22:18:35.604489+00:00,study3b_fifo_runtime_v1
4533,C_374,2009,2010,4.7792946134e-06,0,0,0.07,0.0378263480961,2026-09-08T22:18:35.604489+00:00,study3b_fifo_runtime_v1
4556,C_376,2009,2010,0.000131261534989,0,0,0.07,0.0378263480961,2026-09-08T22:18:35.604489+00:00,study3b_fifo_runtime_v1
4576,C_377,2009,2010,7.16289723641e-05,0,0,0.07,0.0378263480961,2026-09-08T22:18:35.604489+00:00,study3b_fifo_runtime_v1
4607,C_380,2009,2010,1.94844451471e-05,0,0,0.07,0.0378263480961,2026-09-08T22:18:35.604489+00:00,study3b_fifo_runtime_v1
4618,C_381,2009,2010,7.64387805248e-05,0,0,0.07,0.0378263480961,2026-09-08T22:18:35.604489+00:00,study3b_fifo_runtime_v1
4660,C_386,2009,2010,7.73253486841e-05,0,0,0.07,0.0378263480961,2026-09-08T22:18:35.604489+00:00,study3b_fifo_runtime_v1
4680,C_387,2009,2010,0.00100320379715,0,0,0.07,0.0378263480961,2026-09-08T22:18:35.604489+00:00,study3b_fifo_runtime_v1
4694,C_388,2009,2010,0.00099986908026,0,0,0.07,0.0378263480961,2026-09-08T22:18:35.604489+00:00,study3b_fifo_runtime_v1
4714,C_389,2009,2010,0.000638020108454,0,0,0.07,0.0378263480961,2026-09-08T22:18:35.604489+00:00,study3b_fifo_runtime_v1
4732,C_392,2009,2010,5.4810760048e-05,0,0,0.07,0.0378263480961,2026-09-08T22:18:35.604489+00:00,study3b_fifo_runtime_v1
4752,C_393,2009,2010,0.000684676168021,0,0,0.07,0.0378263480961,2026-09-08T22:18:35.604489+00:00,study3b_fifo_runtime_v1
4764,C_394,2009,2010,1.15914563139e-05,0,0,0.07,0.0378263480961,2026-09-08T22:18:35.604489+00:00,study3b_fifo_runtime_v1
4792,C_396,2009,2010,0.000414818612626,0,0,0.07,0.0378263480961,2026-09-08T22:18:35.604489+00:00,study3b_fifo_runtime_v1
4805,C_397,2009,2010,0.000192162275198,0,0,0.07,0.0378263480961,2026-09-08T22:18:35.604489+00:00,study3b_fifo_runtime_v1
4825,C_398,2009,2010,0.000371197500499,0,0,0.07,0.0378263480961,2026-09-08T22:18:35.604489+00:00,study3b_fifo_runtime_v1
4845,C_399,2009,2010,0.00203728373162,0,0,0.07,0.0378263480961,2026-09-08T22:18:35.604489+00:00,study3b_fifo_runtime_v1
4865,C_400,2009,2010,0.000207206161576,0,0,0.07,0.0378263480961,2026-09-08T22:18:35.604489+00:00,study3b_fifo_runtime_v1
4885,C_401,2009,2010,0.000295744190225,0,0,0.07,0.0378263480961,2026-09-08T22:18:35.604489+00:00,study3b_fifo_runtime_v1
4912,C_403,2009,2010,0.000334867159836,0,0,0.07,0.0378263480961,2026-09-08T22:18:35.604489+00:00,study3b_fifo_runtime_v1
4928,C_404,2009,2010,0.000125259190099,0,0,0.07,0.0378263480961,2026-09-08T22:18:35.604489+00:00,study3b_fifo_runtime_v1
4950,C_406,2009,2010,0.00039251302951,0,0,0.07,0.0378263480961,2026-09-08T22:18:35.604489+00:00,study3b_fifo_runtime_v1
4970,C_407,2009,2010,0.000222909147851,0,0,0.07,0.0378263480961,2026-09-08T22:18:35.604489+00:00,study3b_fifo_runtime_v1
4990,C_408,2009,2010,2.14104129554e-05,0,0,0.07,0.0378263480961,2026-09-08T22:18:35.604489+00:00,study3b_fifo_runtime_v1
5013,C_410,2009,2010,0.00702795526013,0,0,0.07,0.0378263480961,2026-09-08T22:18:35.604489+00:00,study3b_fifo_runtime_v1
5028,C_412,2009,2010,2.36651267187e-05,0,0,0.07,0.0378263480961,2026-09-08T22:18:35.604489+00:00,study3b_fifo_runtime_v1
5048,C_413,2009,2010,0.000684402359184,0,0,0.07,0.0378263480961,2026-09-08T22:18:35.604489+00:00,study3b_fifo_runtime_v1
5069,C_415,2009,2010,6.85617487761e-05,0,0,0.07,0.0378263480961,2026-09-08T22:18:35.604489+00:00,study3b_fifo_runtime_v1
5089,C_416,2009,2010,0.000262332410784,0,0,0.07,0.0378263480961,2026-09-08T22:18:35.604489+00:00,study3b_fifo_runtime_v1
5108,C_417,2009,2010,0.00076220696792,0,0,0.07,0.0378263480961,2026-09-08T22:18:35.604489+00:00,study3b_fifo_runtime_v1
5128,C_418,2009,2010,0.000241254761931,0,0,0.07,0.0378263480961,2026-09-08T22:18:35.604489+00:00,study3b_fifo_runtime_v1
5180,C_423,2009,2010,0.00130132469349,0,0,0.07,0.0378263480961,2026-09-08T22:18:35.604489+00:00,study3b_fifo_runtime_v1
5209,C_426,2009,2010,0.000364995008567,0,0,0.07,0.0378263480961,2026-09-08T22:18:35.604489+00:00,study3b_fifo_runtime_v1
5235,C_428,2009,2010,3.15345787385e-05,0,0,0.07,0.0378263480961,2026-09-08T22:18:35.604489+00:00,study3b_fifo_runtime_v1
5291,C_437,2009,2010,0.000173477819772,0,0,0.07,0.0378263480961,2026-09-08T22:18:35.604489+00:00,study3b_fifo_runtime_v1
5311,C_438,2009,2010,0.000596585625317,0,0,0.07,0.0378263480961,2026-09-08T22:18:35.604489+00:00,study3b_fifo_runtime_v1
5324,C_439,2009,2010,0.000219755267608,0,0,0.07,0.0378263480961,2026-09-08T22:18:35.604489+00:00,study3b_fifo_runtime_v1
5344,C_440,2009,2010,0.000325733417412,0,0,0.07,0.0378263480961,2026-09-08T22:18:35.604489+00:00,study3b_fifo_runtime_v1
5366,C_443,2009,2010,0.00235050171614,0,0,0.07,0.0378263480961,2026-09-08T22:18:35.604489+00:00,study3b_fifo_runtime_v1
5375,C_444,2009,2010,0.00561595940962,0,0,0.07,0.0378263480961,2026-09-08T22:18:35.604489+00:00,study3b_fifo_runtime_v1
5400,C_447,2009,2010,5.38113417861e-05,0,0,0.07,0.0378263480961,2026-09-08T22:18:35.604489+00:00,study3b_fifo_runtime_v1
5421,C_449,2009,2010,0.00013474978914,0,0,0.07,0.0378263480961,2026-09-08T22:18:35.604489+00:00,study3b_fifo_runtime_v1
5455,C_453,2009,2010,0.0299037545919,0,0,0.07,0.0378263480961,2026-09-08T22:18:35.604489+00:00,study3b_fifo_runtime_v1
5473,C_454,2009,2010,2.96363068628e-05,0,0,0.07,0.0378263480961,2026-09-08T22:18:35.604489+00:00,study3b_fifo_runtime_v1
5493,C_455,2009,2010,0.00142502749804,0,0,0.07,0.0378263480961,2026-09-08T22:18:35.604489+00:00,study3b_fifo_runtime_v1
5513,C_456,2009,2010,0.000163205069839,0,0,0.07,0.0378263480961,2026-09-08T22:18:35.604489+00:00,study3b_fifo_runtime_v1
5568,C_463,2009,2010,4.44187135145e-05,0,0,0.07,0.0378263480961,2026-09-08T22:18:35.604489+00:00,study3b_fifo_runtime_v1
5588,C_464,2009,2010,0.000344898639014,0,0,0.07,0.0378263480961,2026-09-08T22:18:35.604489+00:00,study3b_fifo_runtime_v1
5616,C_466,2009,2010,0.0173964742571,0,0,0.07,0.0378263480961,2026-09-08T22:18:35.604489+00:00,study3b_fifo_runtime_v1
5636,C_467,2009,2010,0.00281844846904,0,0,0.07,0.0378263480961,2026-09-08T22:18:35.604489+00:00,study3b_fifo_runtime_v1
5656,C_468,2009,2010,3.89792439819e-05,0,0,0.07,0.0378263480961,2026-09-08T22:18:35.604489+00:00,study3b_fifo_runtime_v1
5676,C_469,2009,2010,1.59259270731e-05,0,0,0.07,0.0378263480961,2026-09-08T22:18:35.604489+00:00,study3b_fifo_runtime_v1
5688,C_470,2009,2010,8.3410552179e-05,0,0,0.07,0.0378263480961,2026-09-08T22:18:35.604489+00:00,study3b_fifo_runtime_v1
5701,C_471,2009,2010,0.000884369947016,0,0,0.07,0.0378263480961,2026-09-08T22:18:35.604489+00:00,study3b_fifo_runtime_v1
5725,C_473,2009,2010,7.65862932894e-05,0,0,0.07,0.0378263480961,2026-09-08T22:18:35.604489+00:00,study3b_fifo_runtime_v1
5743,C_475,2009,2010,0.000216144238948,0,0,0.07,0.0378263480961,2026-09-08T22:18:35.604489+00:00,study3b_fifo_runtime_v1
5763,C_476,2009,2010,7.17221191735e-05,0,0,0.07,0.0378263480961,2026-09-08T22:18:35.604489+00:00,study3b_fifo_runtime_v1
5783,C_477,2009,2010,9.27480868995e-05,0,0,0.07,0.0378263480961,2026-09-08T22:18:35.604489+00:00,study3b_fifo_runtime_v1
5818,C_480,2009,2010,4.9967708037e-05,0,0,0.07,0.0378263480961,2026-09-08T22:18:35.604489+00:00,study3b_fifo_runtime_v1
5834,C_481,2009,2010,0.000210167767364,0,0,0.07,0.0378263480961,2026-09-08T22:18:35.604489+00:00,study3b_fifo_runtime_v1
5862,C_483,2009,2010,6.88462387188e-05,0,0,0.07,0.0378263480961,2026-09-08T22:18:35.604489+00:00,study3b_fifo_runtime_v1
5882,C_484,2009,2010,0.000277774117421,0,0,0.07,0.0378263480961,2026-09-08T22:18:35.604489+00:00,study3b_fifo_runtime_v1
5902,C_485,2009,2010,0.000124335841974,0,0,0.07,0.0378263480961,2026-09-08T22:18:35.604489+00:00,study3b_fifo_runtime_v1
5923,C_488,2009,2010,7.80144619057e-05,0,0,0.07,0.0378263480961,2026-09-08T22:18:35.604489+00:00,study3b_fifo_runtime_v1
5941,C_489,2009,2010,0.00658965855837,0,0,0.07,0.0378263480961,2026-09-08T22:18:35.604489+00:00,study3b_fifo_runtime_v1
5956,C_490,2009,2010,0.000441601529019,0,0,0.07,0.0378263480961,2026-09-08T22:18:35.604489+00:00,study3b_fifo_runtime_v1
5976,C_491,2009,2010,0.000516373896971,0,0,0.07,0.0378263480961,2026-09-08T22:18:35.604489+00:00,study3b_fifo_runtime_v1
5996,C_492,2009,2010,0.000135131107527,0,0,0.07,0.0378263480961,2026-09-08T22:18:35.604489+00:00,study3b_fifo_runtime_v1
6023,C_494,2009,2010,0.000214931977098,0,0,0.07,0.0378263480961,2026-09-08T22:18:35.604489+00:00,study3b_fifo_runtime_v1
6043,C_495,2009,2010,6.39152131043e-05,0,0,0.07,0.0378263480961,2026-09-08T22:18:35.604489+00:00,study3b_fifo_runtime_v1
6064,C_497,2009,2010,0.00097488501342,0,0,0.07,0.0378263480961,2026-09-08T22:18:35.604489+00:00,study3b_fifo_runtime_v1
6084,C_498,2009,2010,0.000735903391615,0,0,0.07,0.0378263480961,2026-09-08T22:18:35.604489+00:00,study3b_fifo_runtime_v1
6097,C_499,2009,2010,0.00167030456942,0,0,0.07,0.0378263480961,2026-09-08T22:18:35.604489+00:00,study3b_fifo_runtime_v1
6112,C_500,2009,2010,0.000313761614962,0,0,0.07,0.0378263480961,2026-09-08T22:18:35.604489+00:00,study3b_fifo_runtime_v1
6136,C_502,2009,2010,0.000196436405531,0,0,0.07,0.0378263480961,2026-09-08T22:18:35.604489+00:00,study3b_fifo_runtime_v1
6156,C_503,2009,2010,0.12231682986,1,1,0.07,0.0378263480961,2026-09-08T22:18:35.604489+00:00,study3b_fifo_runtime_v1
6191,C_508,2009,2010,1.42275266626e-05,0,0,0.07,0.0378263480961,2026-09-08T22:18:35.604489+00:00,study3b_fifo_runtime_v1
6212,C_510,2009,2010,0.00831393990666,0,0,0.07,0.0378263480961,2026-09-08T22:18:35.604489+00:00,study3b_fifo_runtime_v1
6225,C_511,2009,2010,0.000332129566232,0,0,0.07,0.0378263480961,2026-09-08T22:18:35.604489+00:00,study3b_fifo_runtime_v1
6248,C_513,2009,2010,0.000705690123141,0,0,0.07,0.0378263480961,2026-09-08T22:18:35.604489+00:00,study3b_fifo_runtime_v1
6281,C_516,2009,2010,0.000386030500522,0,0,0.07,0.0378263480961,2026-09-08T22:18:35.604489+00:00,study3b_fifo_runtime_v1
6301,C_517,2009,2010,0.000205195465242,0,0,0.07,0.0378263480961,2026-09-08T22:18:35.604489+00:00,study3b_fifo_runtime_v1
6321,C_518,2009,2010,0.00976862944663,0,0,0.07,0.0378263480961,2026-09-08T22:18:35.604489+00:00,study3b_fifo_runtime_v1
6342,C_520,2009,2010,0.00208149640821,0,0,0.07,0.0378263480961,2026-09-08T22:18:35.604489+00:00,study3b_fifo_runtime_v1
6361,C_521,2009,2010,0.000162653261214,0,0,0.07,0.0378263480961,2026-09-08T22:18:35.604489+00:00,study3b_fifo_runtime_v1
6381,C_522,2009,2010,0.000269298237981,0,0,0.07,0.0378263480961,2026-09-08T22:18:35.604489+00:00,study3b_fifo_runtime_v1
6393,C_523,2009,2010,0.000201824834221,0,0,0.07,0.0378263480961,2026-09-08T22:18:35.604489+00:00,study3b_fifo_runtime_v1
6415,C_525,2009,2010,0.000238379652728,0,0,0.07,0.0378263480961,2026-09-08T22:18:35.604489+00:00,study3b_fifo_runtime_v1
6435,C_526,2009,2010,0.000392705755075,0,0,0.07,0.0378263480961,2026-09-08T22:18:35.604489+00:00,study3b_fifo_runtime_v1
6457,C_528,2009,2010,5.03612682223e-05,0,0,0.07,0.0378263480961,2026-09-08T22:18:35.604489+00:00,study3b_fifo_runtime_v1
6475,C_530,2009,2010,0.000105257997348,0,0,0.07,0.0378263480961,2026-09-08T22:18:35.604489+00:00,study3b_fifo_runtime_v1
6486,C_531,2009,2010,1.35283871714e-05,0,0,0.07,0.0378263480961,2026-09-08T22:18:35.604489+00:00,study3b_fifo_runtime_v1
6506,C_532,2009,2010,0.00029583054129,0,0,0.07,0.0378263480961,2026-09-08T22:18:35.604489+00:00,study3b_fifo_runtime_v1
6525,C_533,2009,2010,0.000230092133279,0,0,0.07,0.0378263480961,2026-09-08T22:18:35.604489+00:00,study3b_fifo_runtime_v1
6539,C_535,2009,2010,0.000140814750921,0,0,0.07,0.0378263480961,2026-09-08T22:18:35.604489+00:00,study3b_fifo_runtime_v1
6573,C_538,2009,2010,0.000180412302143,0,0,0.07,0.0378263480961,2026-09-08T22:18:35.604489+00:00,study3b_fifo_runtime_v1
6599,C_540,2009,2010,0.00016418924497,0,0,0.07,0.0378263480961,2026-09-08T22:18:35.604489+00:00,study3b_fifo_runtime_v1
6619,C_541,2009,2010,0.000254091195529,0,0,0.07,0.0378263480961,2026-09-08T22:18:35.604489+00:00,study3b_fifo_runtime_v1
6637,C_542,2009,2010,0.000585310859606,0,0,0.07,0.0378263480961,2026-09-08T22:18:35.604489+00:00,study3b_fifo_runtime_v1
6657,C_543,2009,2010,0.000526953896042,0,0,0.07,0.0378263480961,2026-09-08T22:18:35.604489+00:00,study3b_fifo_runtime_v1
6676,C_544,2009,2010,7.4837844295e-05,0,0,0.07,0.0378263480961,2026-09-08T22:18:35.604489+00:00,study3b_fifo_runtime_v1
6696,C_545,2009,2010,0.00165042595472,0,0,0.07,0.0378263480961,2026-09-08T22:18:35.604489+00:00,study3b_fifo_runtime_v1
6716,C_546,2009,2010,2.46091149165e-05,0,0,0.07,0.0378263480961,2026-09-08T22:18:35.604489+00:00,study3b_fifo_runtime_v1
6737,C_548,2009,2010,0.00101012398954,0,0,0.07,0.0378263480961,2026-09-08T22:18:35.604489+00:00,study3b_fifo_runtime_v1
6757,C_549,2009,2010,3.41124396073e-05,0,0,0.07,0.0378263480961,2026-09-08T22:18:35.604489+00:00,study3b_fifo_runtime_v1
6784,C_551,2009,2010,4.34923094872e-05,0,0,0.07,0.0378263480961,2026-09-08T22:18:35.604489+00:00,study3b_fifo_runtime_v1
6804,C_552,2009,2010,2.63442634605e-05,0,0,0.07,0.0378263480961,2026-09-08T22:18:35.604489+00:00,study3b_fifo_runtime_v1
6824,C_553,2009,2010,0.316226631403,1,1,0.07,0.0378263480961,2026-09-08T22:18:35.604489+00:00,study3b_fifo_runtime_v1
6844,C_554,2009,2010,0.00095004751347,0,0,0.07,0.0378263480961,2026-09-08T22:18:35.604489+00:00,study3b_fifo_runtime_v1
6886,C_559,2009,2010,0.00027749556466,0,0,0.07,0.0378263480961,2026-09-08T22:18:35.604489+00:00,study3b_fifo_runtime_v1
6916,C_561,2009,2010,0.000252869474934,0,0,0.07,0.0378263480961,2026-09-08T22:18:35.604489+00:00,study3b_fifo_runtime_v1
6936,C_562,2009,2010,0.00100407830905,0,0,0.07,0.0378263480961,2026-09-08T22:18:35.604489+00:00,study3b_fifo_runtime_v1
6956,C_563,2009,2010,0.000552358047571,0,0,0.07,0.0378263480961,2026-09-08T22:18:35.604489+00:00,study3b_fifo_runtime_v1
6980,C_565,2009,2010,0.000309052906232,0,0,0.07,0.0378263480961,2026-09-08T22:18:35.604489+00:00,study3b_fifo_runtime_v1
7000,C_566,2009,2010,0.000199276852072,0,0,0.07,0.0378263480961,2026-09-08T22:18:35.604489+00:00,study3b_fifo_runtime_v1
7025,C_568,2009,2010,0.00034696990042,0,0,0.07,0.0378263480961,2026-09-08T22:18:35.604489+00:00,study3b_fifo_runtime_v1
7046,C_572,2009,2010,0.000171925188624,0,0,0.07,0.0378263480961,2026-09-08T22:18:35.604489+00:00,study3b_fifo_runtime_v1
7076,C_576,2009,2010,0.000158380295034,0,0,0.07,0.0378263480961,2026-09-08T22:18:35.604489+00:00,study3b_fifo_runtime_v1
7105,C_579,2009,2010,5.37762098247e-05,0,0,0.07,0.0378263480961,2026-09-08T22:18:35.604489+00:00,study3b_fifo_runtime_v1
7124,C_580,2009,2010,0.00077979353955,0,0,0.07,0.0378263480961,2026-09-08T22:18:35.604489+00:00,study3b_fifo_runtime_v1
7141,C_581,2009,2010,0.00257168919779,0,0,0.07,0.0378263480961,2026-09-08T22:18:35.604489+00:00,study3b_fifo_runtime_v1
7151,C_582,2009,2010,0.000248527037911,0,0,0.07,0.0378263480961,2026-09-08T22:18:35.604489+00:00,study3b_fifo_runtime_v1
7171,C_583,2009,2010,0.000632927869447,0,0,0.07,0.0378263480961,2026-09-08T22:18:35.604489+00:00,study3b_fifo_runtime_v1
7191,C_584,2009,2010,0.000736348971259,0,0,0.07,0.0378263480961,2026-09-08T22:18:35.604489+00:00,study3b_fifo_runtime_v1
7212,C_586,2009,2010,0.000540084321983,0,0,0.07,0.0378263480961,2026-09-08T22:18:35.604489+00:00,study3b_fifo_runtime_v1
7232,C_588,2009,2010,0.0001070397484,0,0,0.07,0.0378263480961,2026-09-08T22:18:35.604489+00:00,study3b_fifo_runtime_v1
7273,C_595,2009,2010,0.000189274083823,0,0,0.07,0.0378263480961,2026-09-08T22:18:35.604489+00:00,study3b_fifo_runtime_v1
7305,C_598,2009,2010,0.000649599242024,0,0,0.07,0.0378263480961,2026-09-08T22:18:35.604489+00:00,study3b_fifo_runtime_v1
7348,C_604,2009,2010,4.29214596807e-05,0,0,0.07,0.0378263480961,2026-09-08T22:18:35.604489+00:00,study3b_fifo_runtime_v1
7362,C_605,2009,2010,0.000858522544149,0,0,0.07,0.0378263480961,2026-09-08T22:18:35.604489+00:00,study3b_fifo_runtime_v1
7382,C_606,2009,2010,3.08050985041e-05,0,0,0.07,0.0378263480961,2026-09-08T22:18:35.604489+00:00,study3b_fifo_runtime_v1
7402,C_607,2009,2010,0.000699382682797,0,0,0.07,0.0378263480961,2026-09-08T22:18:35.604489+00:00,study3b_fifo_runtime_v1
7436,C_612,2009,2010,6.20428254479e-05,0,0,0.07,0.0378263480961,2026-09-08T22:18:35.604489+00:00,study3b_fifo_runtime_v1
7452,C_614,2009,2010,0.00019054832228,0,0,0.07,0.0378263480961,2026-09-08T22:18:35.604489+00:00,study3b_fifo_runtime_v1
7472,C_615,2009,2010,0.000199895192054,0,0,0.07,0.0378263480961,2026-09-08T22:18:35.604489+00:00,study3b_fifo_runtime_v1
7487,C_616,2009,2010,0.000148157472722,0,0,0.07,0.0378263480961,2026-09-08T22:18:35.604489+00:00,study3b_fifo_runtime_v1
7508,C_618,2009,2010,0.000749968166929,0,0,0.07,0.0378263480961,2026-09-08T22:18:35.604489+00:00,study3b_fifo_runtime_v1
7518,C_619,2009,2010,0.000153268163558,0,0,0.07,0.0378263480961,2026-09-08T22:18:35.604489+00:00,study3b_fifo_runtime_v1
7537,C_620,2009,2010,9.30956666707e-05,0,0,0.07,0.0378263480961,2026-09-08T22:18:35.604489+00:00,study3b_fifo_runtime_v1
7556,C_621,2009,2010,0.00010765526531,0,0,0.07,0.0378263480961,2026-09-08T22:18:35.604489+00:00,study3b_fifo_runtime_v1
7577,C_623,2009,2010,3.88436274079e-05,0,0,0.07,0.0378263480961,2026-09-08T22:18:35.604489+00:00,study3b_fifo_runtime_v1
7603,C_625,2009,2010,0.00135810382199,0,0,0.07,0.0378263480961,2026-09-08T22:18:35.604489+00:00,study3b_fifo_runtime_v1
7623,C_628,2009,2010,0.000136209477205,0,0,0.07,0.0378263480961,2026-09-08T22:18:35.604489+00:00,study3b_fifo_runtime_v1
7643,C_629,2009,2010,0.00326948543079,0,0,0.07,0.0378263480961,2026-09-08T22:18:35.604489+00:00,study3b_fifo_runtime_v1
7663,C_630,2009,2010,0.000530296645593,0,0,0.07,0.0378263480961,2026-09-08T22:18:35.604489+00:00,study3b_fifo_runtime_v1
7686,C_632,2009,2010,0.000183386480785,0,0,0.07,0.0378263480961,2026-09-08T22:18:35.604489+00:00,study3b_fifo_runtime_v1
7725,C_637,2009,2010,0.0436249189079,0,1,0.07,0.0378263480961,2026-09-08T22:18:35.604489+00:00,study3b_fifo_runtime_v1
7730,C_638,2009,2010,0.00102135783527,0,0,0.07,0.0378263480961,2026-09-08T22:18:35.604489+00:00,study3b_fifo_runtime_v1
7743,C_639,2009,2010,0.000113053705718,0,0,0.07,0.0378263480961,2026-09-08T22:18:35.604489+00:00,study3b_fifo_runtime_v1
7763,C_640,2009,2010,4.83535295643e-05,0,0,0.07,0.0378263480961,2026-09-08T22:18:35.604489+00:00,study3b_fifo_runtime_v1
7790,C_643,2009,2010,0.000164536773809,0,0,0.07,0.0378263480961,2026-09-08T22:18:35.604489+00:00,study3b_fifo_runtime_v1
7800,C_644,2009,2010,0.00758710876107,0,0,0.07,0.0378263480961,2026-09-08T22:18:35.604489+00:00,study3b_fifo_runtime_v1
7827,C_646,2009,2010,0.00057739688782,0,0,0.07,0.0378263480961,2026-09-08T22:18:35.604489+00:00,study3b_fifo_runtime_v1
7867,C_649,2009,2010,1.61192492669e-05,0,0,0.07,0.0378263480961,2026-09-08T22:18:35.604489+00:00,study3b_fifo_runtime_v1
7889,C_651,2009,2010,1.53466389747e-05,0,0,0.07,0.0378263480961,2026-09-08T22:18:35.604489+00:00,study3b_fifo_runtime_v1
7916,C_654,2009,2010,0.000248020951403,0,0,0.07,0.0378263480961,2026-09-08T22:18:35.604489+00:00,study3b_fifo_runtime_v1
7929,C_656,2009,2010,0.00079579121666,0,0,0.07,0.0378263480961,2026-09-08T22:18:35.604489+00:00,study3b_fifo_runtime_v1
7960,C_660,2009,2010,5.73346915189e-06,0,0,0.07,0.0378263480961,2026-09-08T22:18:35.604489+00:00,study3b_fifo_runtime_v1
7987,C_662,2009,2010,0.000161292860867,0,0,0.07,0.0378263480961,2026-09-08T22:18:35.604489+00:00,study3b_fifo_runtime_v1
8006,C_665,2009,2010,0.000797859916929,0,0,0.07,0.0378263480961,2026-09-08T22:18:35.604489+00:00,study3b_fifo_runtime_v1
8029,C_667,2009,2010,0.000114535847388,0,0,0.07,0.0378263480961,2026-09-08T22:18:35.604489+00:00,study3b_fifo_runtime_v1
8042,C_668,2009,2010,0.00370146078058,0,0,0.07,0.0378263480961,2026-09-08T22:18:35.604489+00:00,study3b_fifo_runtime_v1
8062,C_669,2009,2010,7.16542708687e-05,0,0,0.07,0.0378263480961,2026-09-08T22:18:35.604489+00:00,study3b_fifo_runtime_v1
8083,C_671,2009,2010,0.000237588610617,0,0,0.07,0.0378263480961,2026-09-08T22:18:35.604489+00:00,study3b_fifo_runtime_v1
8103,C_672,2009,2010,4.98594708915e-05,0,0,0.07,0.0378263480961,2026-09-08T22:18:35.604489+00:00,study3b_fifo_runtime_v1
8127,C_674,2009,2010,6.95736307534e-05,0,0,0.07,0.0378263480961,2026-09-08T22:18:35.604489+00:00,study3b_fifo_runtime_v1
8147,C_675,2009,2010,0.00324725243263,0,0,0.07,0.0378263480961,2026-09-08T22:18:35.604489+00:00,study3b_fifo_runtime_v1
8167,C_676,2009,2010,0.00522136501968,0,0,0.07,0.0378263480961,2026-09-08T22:18:35.604489+00:00,study3b_fifo_runtime_v1
8187,C_677,2009,2010,0.00311742979102,0,0,0.07,0.0378263480961,2026-09-08T22:18:35.604489+00:00,study3b_fifo_runtime_v1
8204,C_679,2009,2010,0.000998926931061,0,0,0.07,0.0378263480961,2026-09-08T22:18:35.604489+00:00,study3b_fifo_runtime_v1
8229,C_683,2009,2010,0.000179250782821,0,0,0.07,0.0378263480961,2026-09-08T22:18:35.604489+00:00,study3b_fifo_runtime_v1
8268,C_689,2009,2010,5.46979463252e-05,0,0,0.07,0.0378263480961,2026-09-08T22:18:35.604489+00:00,study3b_fifo_runtime_v1
8288,C_691,2009,2010,6.61160302116e-05,0,0,0.07,0.0378263480961,2026-09-08T22:18:35.604489+00:00,study3b_fifo_runtime_v1
8328,C_697,2009,2010,8.47513365443e-06,0,0,0.07,0.0378263480961,2026-09-08T22:18:35.604489+00:00,study3b_fifo_runtime_v1
8342,C_698,2009,2010,0.000671186018735,0,0,0.07,0.0378263480961,2026-09-08T22:18:35.604489+00:00,study3b_fifo_runtime_v1
8370,C_703,2009,2010,9.63491911534e-05,0,0,0.07,0.0378263480961,2026-09-08T22:18:35.604489+00:00,study3b_fifo_runtime_v1
8391,C_705,2009,2010,0.000195125772734,0,0,0.07,0.0378263480961,2026-09-08T22:18:35.604489+00:00,study3b_fifo_runtime_v1
8406,C_707,2009,2010,4.53152279078e-05,0,0,0.07,0.0378263480961,2026-09-08T22:18:35.604489+00:00,study3b_fifo_runtime_v1
8426,C_708,2009,2010,9.96672242763e-05,0,0,0.07,0.0378263480961,2026-09-08T22:18:35.604489+00:00,study3b_fifo_runtime_v1
8465,C_712,2009,2010,0.00011622459715,0,0,0.07,0.0378263480961,2026-09-08T22:18:35.604489+00:00,study3b_fifo_runtime_v1
8489,C_714,2009,2010,0.000197163768462,0,0,0.07,0.0378263480961,2026-09-08T22:18:35.604489+00:00,study3b_fifo_runtime_v1
8509,C_715,2009,2010,0.000339261256158,0,0,0.07,0.0378263480961,2026-09-08T22:18:35.604489+00:00,study3b_fifo_runtime_v1
8529,C_716,2009,2010,0.00629336386919,0,0,0.07,0.0378263480961,2026-09-08T22:18:35.604489+00:00,study3b_fifo_runtime_v1
8549,C_717,2009,2010,0.000547405739781,0,0,0.07,0.0378263480961,2026-09-08T22:18:35.604489+00:00,study3b_fifo_runtime_v1
8575,C_719,2009,2010,2.04634652619e-05,0,0,0.07,0.0378263480961,2026-09-08T22:18:35.604489+00:00,study3b_fifo_runtime_v1
8595,C_720,2009,2010,1.82744788617e-05,0,0,0.07,0.0378263480961,2026-09-08T22:18:35.604489+00:00,study3b_fifo_runtime_v1
8616,C_722,2009,2010,3.67904467566e-05,0,0,0.07,0.0378263480961,2026-09-08T22:18:35.604489+00:00,study3b_fifo_runtime_v1
8636,C_723,2009,2010,0.000696905713994,0,0,0.07,0.0378263480961,2026-09-08T22:18:35.604489+00:00,study3b_fifo_runtime_v1
8662,C_725,2009,2010,8.75972255017e-05,0,0,0.07,0.0378263480961,2026-09-08T22:18:35.604489+00:00,study3b_fifo_runtime_v1
8688,C_727,2009,2010,0.00159734592307,0,0,0.07,0.0378263480961,2026-09-08T22:18:35.604489+00:00,study3b_fifo_runtime_v1
8717,C_729,2009,2010,4.65518642159e-05,0,0,0.07,0.0378263480961,2026-09-08T22:18:35.604489+00:00,study3b_fifo_runtime_v1
8729,C_730,2009,2010,0.000226001764531,0,0,0.07,0.0378263480961,2026-09-08T22:18:35.604489+00:00,study3b_fifo_runtime_v1
8749,C_731,2009,2010,0.000156965805218,0,0,0.07,0.0378263480961,2026-09-08T22:18:35.604489+00:00,study3b_fifo_runtime_v1
8769,C_732,2009,2010,0.00019244379655,0,0,0.07,0.0378263480961,2026-09-08T22:18:35.604489+00:00,study3b_fifo_runtime_v1
8789,C_733,2009,2010,0.000272680539638,0,0,0.07,0.0378263480961,2026-09-08T22:18:35.604489+00:00,study3b_fifo_runtime_v1
8807,C_735,2009,2010,0.00261218729429,0,0,0.07,0.0378263480961,2026-09-08T22:18:35.604489+00:00,study3b_fifo_runtime_v1
8841,C_737,2009,2010,0.00393883045763,0,0,0.07,0.0378263480961,2026-09-08T22:18:35.604489+00:00,study3b_fifo_runtime_v1
8861,C_738,2009,2010,0.00059801194584,0,0,0.07,0.0378263480961,2026-09-08T22:18:35.604489+00:00,study3b_fifo_runtime_v1
8893,C_741,2009,2010,0.000195623098989,0,0,0.07,0.0378263480961,2026-09-08T22:18:35.604489+00:00,study3b_fifo_runtime_v1
8915,C_743,2009,2010,0.0040125423111,0,0,0.07,0.0378263480961,2026-09-08T22:18:35.604489+00:00,study3b_fifo_runtime_v1
8935,C_744,2009,2010,7.90657068137e-05,0,0,0.07,0.0378263480961,2026-09-08T22:18:35.604489+00:00,study3b_fifo_runtime_v1
8954,C_745,2009,2010,3.60577942047e-05,0,0,0.07,0.0378263480961,2026-09-08T22:18:35.604489+00:00,study3b_fifo_runtime_v1
8982,C_748,2009,2010,0.00314123206772,0,0,0.07,0.0378263480961,2026-09-08T22:18:35.604489+00:00,study3b_fifo_runtime_v1
9001,C_750,2009,2010,0.011646643281,0,0,0.07,0.0378263480961,2026-09-08T22:18:35.604489+00:00,study3b_fifo_runtime_v1
9024,C_752,2009,2010,0.00102947431151,0,0,0.07,0.0378263480961,2026-09-08T22:18:35.604489+00:00,study3b_fifo_runtime_v1
9059,C_756,2009,2010,5.98561018705e-05,0,0,0.07,0.0378263480961,2026-09-08T22:18:35.604489+00:00,study3b_fifo_runtime_v1
9079,C_757,2009,2010,0.00010916392057,0,0,0.07,0.0378263480961,2026-09-08T22:18:35.604489+00:00,study3b_fifo_runtime_v1
9099,C_758,2009,2010,0.0108850523829,0,0,0.07,0.0378263480961,2026-09-08T22:18:35.604489+00:00,study3b_fifo_runtime_v1
9116,C_759,2009,2010,0.000138885618071,0,0,0.07,0.0378263480961,2026-09-08T22:18:35.604489+00:00,study3b_fifo_runtime_v1
9147,C_762,2009,2010,0.00446577509865,0,0,0.07,0.0378263480961,2026-09-08T22:18:35.604489+00:00,study3b_fifo_runtime_v1
9163,C_764,2009,2010,0.00042711905553,0,0,0.07,0.0378263480961,2026-09-08T22:18:35.604489+00:00,study3b_fifo_runtime_v1
9174,C_765,2009,2010,0.00691977376118,0,0,0.07,0.0378263480961,2026-09-08T22:18:35.604489+00:00,study3b_fifo_runtime_v1
9185,C_766,2009,2010,0.000180237111636,0,0,0.07,0.0378263480961,2026-09-08T22:18:35.604489+00:00,study3b_fifo_runtime_v1
9205,C_767,2009,2010,3.91995599784e-05,0,0,0.07,0.0378263480961,2026-09-08T22:18:35.604489+00:00,study3b_fifo_runtime_v1
9219,C_768,2009,2010,5.08702350999e-06,0,0,0.07,0.0378263480961,2026-09-08T22:18:35.604489+00:00,study3b_fifo_runtime_v1
9239,C_771,2009,2010,0.000213714956772,0,0,0.07,0.0378263480961,2026-09-08T22:18:35.604489+00:00,study3b_fifo_runtime_v1
9261,C_773,2009,2010,0.000178200178198,0,0,0.07,0.0378263480961,2026-09-08T22:18:35.604489+00:00,study3b_fifo_runtime_v1
9281,C_774,2009,2010,2.88579121843e-05,0,0,0.07,0.0378263480961,2026-09-08T22:18:35.604489+00:00,study3b_fifo_runtime_v1
9301,C_775,2009,2010,0.000963860715274,0,0,0.07,0.0378263480961,2026-09-08T22:18:35.604489+00:00,study3b_fifo_runtime_v1
9321,C_776,2009,2010,0.0268595647067,0,0,0.07,0.0378263480961,2026-09-08T22:18:35.604489+00:00,study3b_fifo_runtime_v1
9336,C_778,2009,2010,3.88366424886e-05,0,0,0.07,0.0378263480961,2026-09-08T22:18:35.604489+00:00,study3b_fifo_runtime_v1
9356,C_779,2009,2010,0.000124170866911,0,0,0.07,0.0378263480961,2026-09-08T22:18:35.604489+00:00,study3b_fifo_runtime_v1
9382,C_781,2009,2010,0.000495834799949,0,0,0.07,0.0378263480961,2026-09-08T22:18:35.604489+00:00,study3b_fifo_runtime_v1
9401,C_782,2009,2010,7.71280683693e-05,0,0,0.07,0.0378263480961,2026-09-08T22:18:35.604489+00:00,study3b_fifo_runtime_v1
9423,C_784,2009,2010,0.000440656905994,0,0,0.07,0.0378263480961,2026-09-08T22:18:35.604489+00:00,study3b_fifo_runtime_v1
9488,C_792,2009,2010,3.92407127947e-05,0,0,0.07,0.0378263480961,2026-09-08T22:18:35.604489+00:00,study3b_fifo_runtime_v1
9508,C_793,2009,2010,4.73504587717e-05,0,0,0.07,0.0378263480961,2026-09-08T22:18:35.604489+00:00,study3b_fifo_runtime_v1
9519,C_794,2009,2010,9.66032748693e-05,0,0,0.07,0.0378263480961,2026-09-08T22:18:35.604489+00:00,study3b_fifo_runtime_v1
9539,C_795,2009,2010,5.38740823686e-05,0,0,0.07,0.0378263480961,2026-09-08T22:18:35.604489+00:00,study3b_fifo_runtime_v1
9558,C_796,2009,2010,4.01563993364e-05,0,0,0.07,0.0378263480961,2026-09-08T22:18:35.604489+00:00,study3b_fifo_runtime_v1
9578,C_797,2009,2010,0.000188754158444,0,0,0.07,0.0378263480961,2026-09-08T22:18:35.604489+00:00,study3b_fifo_runtime_v1
9606,C_799,2009,2010,0.000685664301272,0,0,0.07,0.0378263480961,2026-09-08T22:18:35.604489+00:00,study3b_fifo_runtime_v1
9626,C_800,2009,2010,0.000657636846881,0,0,0.07,0.0378263480961,2026-09-08T22:18:35.604489+00:00,study3b_fifo_runtime_v1
9640,C_801,2009,2010,7.63258794905e-05,0,0,0.07,0.0378263480961,2026-09-08T22:18:35.604489+00:00,study3b_fifo_runtime_v1
9708,C_810,2009,2010,0.000166615238413,0,0,0.07,0.0378263480961,2026-09-08T22:18:35.604489+00:00,study3b_fifo_runtime_v1
9728,C_811,2009,2010,1.59272349265e-05,0,0,0.07,0.0378263480961,2026-09-08T22:18:35.604489+00:00,study3b_fifo_runtime_v1
9747,C_812,2009,2010,0.000887002854142,0,0,0.07,0.0378263480961,2026-09-08T22:18:35.604489+00:00,study3b_fifo_runtime_v1
9769,C_814,2009,2010,0.00222542812116,0,0,0.07,0.0378263480961,2026-09-08T22:18:35.604489+00:00,study3b_fifo_runtime_v1
9785,C_815,2009,2010,4.42226382802e-06,0,0,0.07,0.0378263480961,2026-09-08T22:18:35.604489+00:00,study3b_fifo_runtime_v1
9810,C_817,2009,2010,0.00071374286199,0,0,0.07,0.0378263480961,2026-09-08T22:18:35.604489+00:00,study3b_fifo_runtime_v1
9829,C_818,2009,2010,0.0116939498112,0,0,0.07,0.0378263480961,2026-09-08T22:18:35.604489+00:00,study3b_fifo_runtime_v1
9845,C_819,2009,2010,0.000344349304214,0,0,0.07,0.0378263480961,2026-09-08T22:18:35.604489+00:00,study3b_fifo_runtime_v1
9858,C_820,2009,2010,2.9422908483e-05,0,0,0.07,0.0378263480961,2026-09-08T22:18:35.604489+00:00,study3b_fifo_runtime_v1
9875,C_821,2009,2010,0.000438117334852,0,0,0.07,0.0378263480961,2026-09-08T22:18:35.604489+00:00,study3b_fifo_runtime_v1
9903,C_824,2009,2010,0.00014085789735,0,0,0.07,0.0378263480961,2026-09-08T22:18:35.604489+00:00,study3b_fifo_runtime_v1
9920,C_826,2009,2010,0.000657927303109,0,0,0.07,0.0378263480961,2026-09-08T22:18:35.604489+00:00,study3b_fifo_runtime_v1
9936,C_827,2009,2010,0.000275746861007,0,0,0.07,0.0378263480961,2026-09-08T22:18:35.604489+00:00,study3b_fifo_runtime_v1
9970,C_830,2009,2010,0.0001569208398,0,0,0.07,0.0378263480961,2026-09-08T22:18:35.604489+00:00,study3b_fifo_runtime_v1
10000,C_833,2009,2010,0.00439137173817,0,0,0.07,0.0378263480961,2026-09-08T22:18:35.604489+00:00,study3b_fifo_runtime_v1
10027,C_838,2009,2010,0.0192393977195,0,0,0.07,0.0378263480961,2026-09-08T22:18:35.604489+00:00,study3b_fifo_runtime_v1
10042,C_839,2009,2010,0.0034319087863,0,0,0.07,0.0378263480961,2026-09-08T22:18:35.604489+00:00,study3b_fifo_runtime_v1
10062,C_840,2009,2010,0.0106269195676,0,0,0.07,0.0378263480961,2026-09-08T22:18:35.604489+00:00,study3b_fifo_runtime_v1
10093,C_844,2009,2010,0.0738387182355,1,1,0.07,0.0378263480961,2026-09-08T22:18:35.604489+00:00,study3b_fifo_runtime_v1
10116,C_846,2009,2010,4.8824960686e-05,0,0,0.07,0.0378263480961,2026-09-08T22:18:35.604489+00:00,study3b_fifo_runtime_v1
10139,C_848,2009,2010,0.000160247000167,0,0,0.07,0.0378263480961,2026-09-08T22:18:35.604489+00:00,study3b_fifo_runtime_v1
10175,C_853,2009,2010,0.000215768624912,0,0,0.07,0.0378263480961,2026-09-08T22:18:35.604489+00:00,study3b_fifo_runtime_v1
10195,C_854,2009,2010,0.000173007327248,0,0,0.07,0.0378263480961,2026-09-08T22:18:35.604489+00:00,study3b_fifo_runtime_v1
10213,C_856,2009,2010,0.000414825597545,0,0,0.07,0.0378263480961,2026-09-08T22:18:35.604489+00:00,study3b_fifo_runtime_v1
10236,C_861,2009,2010,0.0136639103293,0,0,0.07,0.0378263480961,2026-09-08T22:18:35.604489+00:00,study3b_fifo_runtime_v1
10256,C_862,2009,2010,0.00028990797,0,0,0.07,0.0378263480961,2026-09-08T22:18:35.604489+00:00,study3b_fifo_runtime_v1
10275,C_863,2009,2010,0.000188206220628,0,0,0.07,0.0378263480961,2026-09-08T22:18:35.604489+00:00,study3b_fifo_runtime_v1
10304,C_865,2009,2010,0.00106931722257,0,0,0.07,0.0378263480961,2026-09-08T22:18:35.604489+00:00,study3b_fifo_runtime_v1
10332,C_867,2009,2010,0.000192021529074,0,0,0.07,0.0378263480961,2026-09-08T22:18:35.604489+00:00,study3b_fifo_runtime_v1
10343,C_868,2009,2010,0.0957994163036,1,1,0.07,0.0378263480961,2026-09-08T22:18:35.604489+00:00,study3b_fifo_runtime_v1
10356,C_869,2009,2010,1.27470593725e-05,0,0,0.07,0.0378263480961,2026-09-08T22:18:35.604489+00:00,study3b_fifo_runtime_v1
10376,C_870,2009,2010,0.00025358700077,0,0,0.07,0.0378263480961,2026-09-08T22:18:35.604489+00:00,study3b_fifo_runtime_v1
10392,C_871,2009,2010,0.000312209973345,0,0,0.07,0.0378263480961,2026-09-08T22:18:35.604489+00:00,study3b_fifo_runtime_v1
10411,C_872,2009,2010,0.000442248448962,0,0,0.07,0.0378263480961,2026-09-08T22:18:35.604489+00:00,study3b_fifo_runtime_v1
10436,C_874,2009,2010,0.000535650411621,0,0,0.07,0.0378263480961,2026-09-08T22:18:35.604489+00:00,study3b_fifo_runtime_v1
10455,C_876,2009,2010,0.00968586467206,0,0,0.07,0.0378263480961,2026-09-08T22:18:35.604489+00:00,study3b_fifo_runtime_v1
10472,C_877,2009,2010,0.000287918373942,0,0,0.07,0.0378263480961,2026-09-08T22:18:35.604489+00:00,study3b_fifo_runtime_v1
10495,C_880,2009,2010,4.73975705972e-05,0,0,0.07,0.0378263480961,2026-09-08T22:18:35.604489+00:00,study3b_fifo_runtime_v1
10523,C_882,2009,2010,0.00129957974423,0,0,0.07,0.0378263480961,2026-09-08T22:18:35.604489+00:00,study3b_fifo_runtime_v1
10543,C_883,2009,2010,0.00354170869105,0,0,0.07,0.0378263480961,2026-09-08T22:18:35.604489+00:00,study3b_fifo_runtime_v1
10570,C_885,2009,2010,0.000551001809072,0,0,0.07,0.0378263480961,2026-09-08T22:18:35.604489+00:00,study3b_fifo_runtime_v1
10589,C_886,2009,2010,0.000692908011843,0,0,0.07,0.0378263480961,2026-09-08T22:18:35.604489+00:00,study3b_fifo_runtime_v1
10608,C_887,2009,2010,0.000302973203361,0,0,0.07,0.0378263480961,2026-09-08T22:18:35.604489+00:00,study3b_fifo_runtime_v1
10627,C_889,2009,2010,0.000265585113084,0,0,0.07,0.0378263480961,2026-09-08T22:18:35.604489+00:00,study3b_fifo_runtime_v1
10647,C_890,2009,2010,0.000451356638223,0,0,0.07,0.0378263480961,2026-09-08T22:18:35.604489+00:00,study3b_fifo_runtime_v1
10667,C_891,2009,2010,8.16061437945e-05,0,0,0.07,0.0378263480961,2026-09-08T22:18:35.604489+00:00,study3b_fifo_runtime_v1
10678,C_892,2009,2010,9.7685287983e-06,0,0,0.07,0.0378263480961,2026-09-08T22:18:35.604489+00:00,study3b_fifo_runtime_v1
10716,C_897,2009,2010,0.000127906401758,0,0,0.07,0.0378263480961,2026-09-08T22:18:35.604489+00:00,study3b_fifo_runtime_v1
10736,C_898,2009,2010,0.000308998482069,0,0,0.07,0.0378263480961,2026-09-08T22:18:35.604489+00:00,study3b_fifo_runtime_v1
10756,C_899,2009,2010,0.000128784551634,0,0,0.07,0.0378263480961,2026-09-08T22:18:35.604489+00:00,study3b_fifo_runtime_v1
10776,C_900,2009,2010,0.000155050322064,0,0,0.07,0.0378263480961,2026-09-08T22:18:35.604489+00:00,study3b_fifo_runtime_v1
10796,C_901,2009,2010,5.41456975043e-05,0,0,0.07,0.0378263480961,2026-09-08T22:18:35.604489+00:00,study3b_fifo_runtime_v1
10816,C_902,2009,2010,0.00810010824353,0,0,0.07,0.0378263480961,2026-09-08T22:18:35.604489+00:00,study3b_fifo_runtime_v1
10833,C_904,2009,2010,0.00863938871771,0,0,0.07,0.0378263480961,2026-09-08T22:18:35.604489+00:00,study3b_fifo_runtime_v1
10852,C_905,2009,2010,0.00194739678409,0,0,0.07,0.0378263480961,2026-09-08T22:18:35.604489+00:00,study3b_fifo_runtime_v1
10864,C_906,2009,2010,2.90126135951e-05,0,0,0.07,0.0378263480961,2026-09-08T22:18:35.604489+00:00,study3b_fifo_runtime_v1
10884,C_907,2009,2010,2.28601074923e-05,0,0,0.07,0.0378263480961,2026-09-08T22:18:35.604489+00:00,study3b_fifo_runtime_v1
10920,C_911,2009,2010,0.00153153773863,0,0,0.07,0.0378263480961,2026-09-08T22:18:35.604489+00:00,study3b_fifo_runtime_v1
10948,C_913,2009,2010,0.000262672983808,0,0,0.07,0.0378263480961,2026-09-08T22:18:35.604489+00:00,study3b_fifo_runtime_v1
10968,C_914,2009,2010,5.25235327586e-06,0,0,0.07,0.0378263480961,2026-09-08T22:18:35.604489+00:00,study3b_fifo_runtime_v1
10992,C_916,2009,2010,0.000293935736408,0,0,0.07,0.0378263480961,2026-09-08T22:18:35.604489+00:00,study3b_fifo_runtime_v1
11004,C_917,2009,2010,0.00093437731266,0,0,0.07,0.0378263480961,2026-09-08T22:18:35.604489+00:00,study3b_fifo_runtime_v1
11015,C_918,2009,2010,0.000450846477179,0,0,0.07,0.0378263480961,2026-09-08T22:18:35.604489+00:00,study3b_fifo_runtime_v1
11044,C_920,2009,2010,0.000876732345205,0,0,0.07,0.0378263480961,2026-09-08T22:18:35.604489+00:00,study3b_fifo_runtime_v1
11056,C_921,2009,2010,0.000229909492191,0,0,0.07,0.0378263480961,2026-09-08T22:18:35.604489+00:00,study3b_fifo_runtime_v1
11076,C_922,2009,2010,0.00874665286392,0,0,0.07,0.0378263480961,2026-09-08T22:18:35.604489+00:00,study3b_fifo_runtime_v1
11088,C_923,2009,2010,0.00096466235118,0,0,0.07,0.0378263480961,2026-09-08T22:18:35.604489+00:00,study3b_fifo_runtime_v1
11105,C_925,2009,2010,0.00462282123044,0,0,0.07,0.0378263480961,2026-09-08T22:18:35.604489+00:00,study3b_fifo_runtime_v1
11119,C_926,2009,2010,0.000855651393067,0,0,0.07,0.0378263480961,2026-09-08T22:18:35.604489+00:00,study3b_fifo_runtime_v1
11149,C_930,2009,2010,0.000133242050651,0,0,0.07,0.0378263480961,2026-09-08T22:18:35.604489+00:00,study3b_fifo_runtime_v1
11170,C_932,2009,2010,0.000514112238307,0,0,0.07,0.0378263480961,2026-09-08T22:18:35.604489+00:00,study3b_fifo_runtime_v1
11190,C_933,2009,2010,0.00028111517895,0,0,0.07,0.0378263480961,2026-09-08T22:18:35.604489+00:00,study3b_fifo_runtime_v1
11223,C_940,2009,2010,0.00205847527832,0,0,0.07,0.0378263480961,2026-09-08T22:18:35.604489+00:00,study3b_fifo_runtime_v1
11245,C_942,2009,2010,0.00014493711933,0,0,0.07,0.0378263480961,2026-09-08T22:18:35.604489+00:00,study3b_fifo_runtime_v1
11305,C_948,2009,2010,0.169115081429,1,1,0.07,0.0378263480961,2026-09-08T22:18:35.604489+00:00,study3b_fifo_runtime_v1
11316,C_949,2009,2010,0.000277048588032,0,0,0.07,0.0378263480961,2026-09-08T22:18:35.604489+00:00,study3b_fifo_runtime_v1
11336,C_950,2009,2010,0.000282452878309,0,0,0.07,0.0378263480961,2026-09-08T22:18:35.604489+00:00,study3b_fifo_runtime_v1
11356,C_951,2009,2010,6.74583789078e-05,0,0,0.07,0.0378263480961,2026-09-08T22:18:35.604489+00:00,study3b_fifo_runtime_v1
11368,C_952,2009,2010,0.00533243082464,0,0,0.07,0.0378263480961,2026-09-08T22:18:35.604489+00:00,study3b_fifo_runtime_v1
11388,C_953,2009,2010,0.00014312005078,0,0,0.07,0.0378263480961,2026-09-08T22:18:35.604489+00:00,study3b_fifo_runtime_v1
11402,C_954,2009,2010,0.000643731676973,0,0,0.07,0.0378263480961,2026-09-08T22:18:35.604489+00:00,study3b_fifo_runtime_v1
11418,C_956,2009,2010,0.000835420389194,0,0,0.07,0.0378263480961,2026-09-08T22:18:35.604489+00:00,study3b_fifo_runtime_v1
11438,C_957,2009,2010,0.00121336174197,0,0,0.07,0.0378263480961,2026-09-08T22:18:35.604489+00:00,study3b_fifo_runtime_v1
11458,C_958,2009,2010,0.00161126779858,0,0,0.07,0.0378263480961,2026-09-08T22:18:35.604489+00:00,study3b_fifo_runtime_v1
11478,C_959,2009,2010,0.00125060498249,0,0,0.07,0.0378263480961,2026-09-08T22:18:35.604489+00:00,study3b_fifo_runtime_v1
11499,C_962,2009,2010,2.09131812881e-05,0,0,0.07,0.0378263480961,2026-09-08T22:18:35.604489+00:00,study3b_fifo_runtime_v1
11541,C_966,2009,2010,0.000549314136151,0,0,0.07,0.0378263480961,2026-09-08T22:18:35.604489+00:00,study3b_fifo_runtime_v1
11565,C_968,2009,2010,5.95117635385e-05,0,0,0.07,0.0378263480961,2026-09-08T22:18:35.604489+00:00,study3b_fifo_runtime_v1
11576,C_969,2009,2010,0.000682971847709,0,0,0.07,0.0378263480961,2026-09-08T22:18:35.604489+00:00,study3b_fifo_runtime_v1
11596,C_970,2009,2010,0.000231987229199,0,0,0.07,0.0378263480961,2026-09-08T22:18:35.604489+00:00,study3b_fifo_runtime_v1
11610,C_972,2009,2010,4.18800809712e-05,0,0,0.07,0.0378263480961,2026-09-08T22:18:35.604489+00:00,study3b_fifo_runtime_v1
11630,C_973,2009,2010,0.000117645795399,0,0,0.07,0.0378263480961,2026-09-08T22:18:35.604489+00:00,study3b_fifo_runtime_v1
11654,C_976,2009,2010,6.57284763292e-05,0,0,0.07,0.0378263480961,2026-09-08T22:18:35.604489+00:00,study3b_fifo_runtime_v1
11681,C_978,2009,2010,0.000691341992933,0,0,0.07,0.0378263480961,2026-09-08T22:18:35.604489+00:00,study3b_fifo_runtime_v1
11698,C_980,2009,2010,0.000210309997783,0,0,0.07,0.0378263480961,2026-09-08T22:18:35.604489+00:00,study3b_fifo_runtime_v1
11720,C_982,2009,2010,0.00882194191217,0,0,0.07,0.0378263480961,2026-09-08T22:18:35.604489+00:00,study3b_fifo_runtime_v1
11732,C_983,2009,2010,0.00213315361179,0,0,0.07,0.0378263480961,2026-09-08T22:18:35.604489+00:00,study3b_fifo_runtime_v1
11746,C_984,2009,2010,0.000143706914969,0,0,0.07,0.0378263480961,2026-09-08T22:18:35.604489+00:00,study3b_fifo_runtime_v1
11766,C_985,2009,2010,0.00398180261254,0,0,0.07,0.0378263480961,2026-09-08T22:18:35.604489+00:00,study3b_fifo_runtime_v1
11798,C_988,2009,2010,9.84380822047e-05,0,0,0.07,0.0378263480961,2026-09-08T22:18:35.604489+00:00,study3b_fifo_runtime_v1
11846,C_994,2009,2010,0.00125954952091,0,0,0.07,0.0378263480961,2026-09-08T22:18:35.604489+00:00,study3b_fifo_runtime_v1
11876,C_997,2009,2010,0.00034666978172,0,0,0.07,0.0378263480961,2026-09-08T22:18:35.604489+00:00,study3b_fifo_runtime_v1
11896,C_998,2009,2010,0.000216987507883,0,0,0.07,0.0378263480961,2026-09-08T22:18:35.604489+00:00,study3b_fifo_runtime_v1
11916,C_999,2009,2010,0.00025988399284,0,0,0.07,0.0378263480961,2026-09-08T22:18:35.604489+00:00,study3b_fifo_runtime_v1
11936,C_1000,2009,2010,0.000105716659164,0,0,0.07,0.0378263480961,2026-09-08T22:18:35.604489+00:00,study3b_fifo_runtime_v1
11956,C_1001,2009,2010,0.000135060879984,0,0,0.07,0.0378263480961,2026-09-08T22:18:35.604489+00:00,study3b_fifo_runtime_v1
11976,C_1002,2009,2010,0.00037991499994,0,0,0.07,0.0378263480961,2026-09-08T22:18:35.604489+00:00,study3b_fifo_runtime_v1
11996,C_1003,2009,2010,0.005520908162,0,0,0.07,0.0378263480961,2026-09-08T22:18:35.604489+00:00,study3b_fifo_runtime_v1
12015,C_1004,2009,2010,5.85287743888e-05,0,0,0.07,0.0378263480961,2026-09-08T22:18:35.604489+00:00,study3b_fifo_runtime_v1
12031,C_1005,2009,2010,6.70895460644e-05,0,0,0.07,0.0378263480961,2026-09-08T22:18:35.604489+00:00,study3b_fifo_runtime_v1
12044,C_1006,2009,2010,0.00102378614247,0,0,0.07,0.0378263480961,2026-09-08T22:18:35.604489+00:00,study3b_fifo_runtime_v1
12057,C_1007,2009,2010,0.00143327703699,0,0,0.07,0.0378263480961,2026-09-08T22:18:35.604489+00:00,study3b_fifo_runtime_v1
12079,C_1009,2009,2010,0.000613965559751,0,0,0.07,0.0378263480961,2026-09-08T22:18:35.604489+00:00,study3b_fifo_runtime_v1
12099,C_1010,2009,2010,0.000100117242255,0,0,0.07,0.0378263480961,2026-09-08T22:18:35.604489+00:00,study3b_fifo_runtime_v1
12124,C_1012,2009,2010,0.000270685268333,0,0,0.07,0.0378263480961,2026-09-08T22:18:35.604489+00:00,study3b_fifo_runtime_v1
12162,C_1015,2009,2010,5.19845016242e-05,0,0,0.07,0.0378263480961,2026-09-08T22:18:35.604489+00:00,study3b_fifo_runtime_v1
12180,C_1016,2009,2010,0.000541567802429,0,0,0.07,0.0378263480961,2026-09-08T22:18:35.604489+00:00,study3b_fifo_runtime_v1
12200,C_1017,2009,2010,0.00234103412367,0,0,0.07,0.0378263480961,2026-09-08T22:18:35.604489+00:00,study3b_fifo_runtime_v1
12230,C_1019,2009,2010,3.99936543545e-05,0,0,0.07,0.0378263480961,2026-09-08T22:18:35.604489+00:00,study3b_fifo_runtime_v1
12256,C_1021,2009,2010,0.000196561319171,0,0,0.07,0.0378263480961,2026-09-08T22:18:35.604489+00:00,study3b_fifo_runtime_v1
12276,C_1022,2009,2010,0.000243838047027,0,0,0.07,0.0378263480961,2026-09-08T22:18:35.604489+00:00,study3b_fifo_runtime_v1
12293,C_1024,2009,2010,0.000694896036293,0,0,0.07,0.0378263480961,2026-09-08T22:18:35.604489+00:00,study3b_fifo_runtime_v1
12313,C_1025,2009,2010,9.33497867663e-05,0,0,0.07,0.0378263480961,2026-09-08T22:18:35.604489+00:00,study3b_fifo_runtime_v1
12333,C_1026,2009,2010,9.46467625909e-05,0,0,0.07,0.0378263480961,2026-09-08T22:18:35.604489+00:00,study3b_fifo_runtime_v1
12348,C_1027,2009,2010,0.000134276182507,0,0,0.07,0.0378263480961,2026-09-08T22:18:35.604489+00:00,study3b_fifo_runtime_v1
12382,C_1030,2009,2010,0.00369441253133,0,0,0.07,0.0378263480961,2026-09-08T22:18:35.604489+00:00,study3b_fifo_runtime_v1
12398,C_1031,2009,2010,0.00050930242287,0,0,0.07,0.0378263480961,2026-09-08T22:18:35.604489+00:00,study3b_fifo_runtime_v1
12418,C_1032,2009,2010,5.13411323482e-05,0,0,0.07,0.0378263480961,2026-09-08T22:18:35.604489+00:00,study3b_fifo_runtime_v1
12438,C_1033,2009,2010,3.81701720471e-05,0,0,0.07,0.0378263480961,2026-09-08T22:18:35.604489+00:00,study3b_fifo_runtime_v1
12457,C_1034,2009,2010,0.00331341126002,0,0,0.07,0.0378263480961,2026-09-08T22:18:35.604489+00:00,study3b_fifo_runtime_v1
12484,C_1037,2009,2010,0.000192260660697,0,0,0.07,0.0378263480961,2026-09-08T22:18:35.604489+00:00,study3b_fifo_runtime_v1
12504,C_1038,2009,2010,0.000203336181585,0,0,0.07,0.0378263480961,2026-09-08T22:18:35.604489+00:00,study3b_fifo_runtime_v1
12524,C_1039,2009,2010,0.000314942415571,0,0,0.07,0.0378263480961,2026-09-08T22:18:35.604489+00:00,study3b_fifo_runtime_v1
12551,C_1041,2009,2010,0.000306528090732,0,0,0.07,0.0378263480961,2026-09-08T22:18:35.604489+00:00,study3b_fifo_runtime_v1
12572,C_1043,2009,2010,7.36852307455e-05,0,0,0.07,0.0378263480961,2026-09-08T22:18:35.604489+00:00,study3b_fifo_runtime_v1
12587,C_1045,2009,2010,0.00147309841122,0,0,0.07,0.0378263480961,2026-09-08T22:18:35.604489+00:00,study3b_fifo_runtime_v1
12604,C_1046,2009,2010,0.000992223853245,0,0,0.07,0.0378263480961,2026-09-08T22:18:35.604489+00:00,study3b_fifo_runtime_v1
12629,C_1048,2009,2010,0.000124426369439,0,0,0.07,0.0378263480961,2026-09-08T22:18:35.604489+00:00,study3b_fifo_runtime_v1
12649,C_1049,2009,2010,0.000135097463499,0,0,0.07,0.0378263480961,2026-09-08T22:18:35.604489+00:00,study3b_fifo_runtime_v1
12677,C_1052,2009,2010,2.80547010334e-05,0,0,0.07,0.0378263480961,2026-09-08T22:18:35.604489+00:00,study3b_fifo_runtime_v1
12689,C_1053,2009,2010,4.18876334152e-05,0,0,0.07,0.0378263480961,2026-09-08T22:18:35.604489+00:00,study3b_fifo_runtime_v1
12707,C_1054,2009,2010,9.41969337873e-05,0,0,0.07,0.0378263480961,2026-09-08T22:18:35.604489+00:00,study3b_fifo_runtime_v1
12736,C_1057,2009,2010,0.00391560420394,0,0,0.07,0.0378263480961,2026-09-08T22:18:35.604489+00:00,study3b_fifo_runtime_v1
12756,C_1059,2009,2010,0.000153929882799,0,0,0.07,0.0378263480961,2026-09-08T22:18:35.604489+00:00,study3b_fifo_runtime_v1
12778,C_1061,2009,2010,7.47724479879e-05,0,0,0.07,0.0378263480961,2026-09-08T22:18:35.604489+00:00,study3b_fifo_runtime_v1
12802,C_1063,2009,2010,0.000115634997201,0,0,0.07,0.0378263480961,2026-09-08T22:18:35.604489+00:00,study3b_fifo_runtime_v1
12840,C_1068,2009,2010,0.00645812042058,0,0,0.07,0.0378263480961,2026-09-08T22:18:35.604489+00:00,study3b_fifo_runtime_v1
12859,C_1070,2009,2010,0.00434613833204,0,0,0.07,0.0378263480961,2026-09-08T22:18:35.604489+00:00,study3b_fifo_runtime_v1
12873,C_1071,2009,2010,0.00261576031335,0,0,0.07,0.0378263480961,2026-09-08T22:18:35.604489+00:00,study3b_fifo_runtime_v1
12890,C_1073,2009,2010,0.000249078409979,0,0,0.07,0.0378263480961,2026-09-08T22:18:35.604489+00:00,study3b_fifo_runtime_v1
12920,C_1077,2009,2010,0.000107284569822,0,0,0.07,0.0378263480961,2026-09-08T22:18:35.604489+00:00,study3b_fifo_runtime_v1
12940,C_1078,2009,2010,0.000121148128528,0,0,0.07,0.0378263480961,2026-09-08T22:18:35.604489+00:00,study3b_fifo_runtime_v1
12956,C_1079,2009,2010,0.000104304293927,0,0,0.07,0.0378263480961,2026-09-08T22:18:35.604489+00:00,study3b_fifo_runtime_v1
12978,C_1081,2009,2010,0.00114837649744,0,0,0.07,0.0378263480961,2026-09-08T22:18:35.604489+00:00,study3b_fifo_runtime_v1
12998,C_1082,2009,2010,0.000291311007459,0,0,0.07,0.0378263480961,2026-09-08T22:18:35.604489+00:00,study3b_fifo_runtime_v1
13017,C_1083,2009,2010,0.0156174451113,0,0,0.07,0.0378263480961,2026-09-08T22:18:35.604489+00:00,study3b_fifo_runtime_v1
13033,C_1084,2009,2010,0.000785252836067,0,0,0.07,0.0378263480961,2026-09-08T22:18:35.604489+00:00,study3b_fifo_runtime_v1
13058,C_1086,2009,2010,0.000415029906435,0,0,0.07,0.0378263480961,2026-09-08T22:18:35.604489+00:00,study3b_fifo_runtime_v1
13085,C_1088,2009,2010,0.00130854081362,0,0,0.07,0.0378263480961,2026-09-08T22:18:35.604489+00:00,study3b_fifo_runtime_v1
13105,C_1089,2009,2010,0.000153854824021,0,0,0.07,0.0378263480961,2026-09-08T22:18:35.604489+00:00,study3b_fifo_runtime_v1
13129,C_1091,2009,2010,1.23284808069e-05,0,0,0.07,0.0378263480961,2026-09-08T22:18:35.604489+00:00,study3b_fifo_runtime_v1
13156,C_1094,2009,2010,0.000114226560981,0,0,0.07,0.0378263480961,2026-09-08T22:18:35.604489+00:00,study3b_fifo_runtime_v1
13176,C_1095,2009,2010,4.64491786261e-05,0,0,0.07,0.0378263480961,2026-09-08T22:18:35.604489+00:00,study3b_fifo_runtime_v1
13196,C_1096,2009,2010,0.000143666940858,0,0,0.07,0.0378263480961,2026-09-08T22:18:35.604489+00:00,study3b_fifo_runtime_v1
13217,C_1098,2009,2010,2.83460904029e-05,0,0,0.07,0.0378263480961,2026-09-08T22:18:35.604489+00:00,study3b_fifo_runtime_v1
13233,C_1100,2009,2010,0.000116721028462,0,0,0.07,0.0378263480961,2026-09-08T22:18:35.604489+00:00,study3b_fifo_runtime_v1
13258,C_1102,2009,2010,0.000237730811932,0,0,0.07,0.0378263480961,2026-09-08T22:18:35.604489+00:00,study3b_fifo_runtime_v1
13274,C_1104,2009,2010,8.633066318e-05,0,0,0.07,0.0378263480961,2026-09-08T22:18:35.604489+00:00,study3b_fifo_runtime_v1
13288,C_1105,2009,2010,8.46974653541e-05,0,0,0.07,0.0378263480961,2026-09-08T22:18:35.604489+00:00,study3b_fifo_runtime_v1
13300,C_1106,2009,2010,0.000174677770701,0,0,0.07,0.0378263480961,2026-09-08T22:18:35.604489+00:00,study3b_fifo_runtime_v1
13336,C_1109,2009,2010,0.000813549093436,0,0,0.07,0.0378263480961,2026-09-08T22:18:35.604489+00:00,study3b_fifo_runtime_v1
13363,C_1112,2009,2010,8.36298277136e-05,0,0,0.07,0.0378263480961,2026-09-08T22:18:35.604489+00:00,study3b_fifo_runtime_v1
13383,C_1113,2009,2010,0.00031090687844,0,0,0.07,0.0378263480961,2026-09-08T22:18:35.604489+00:00,study3b_fifo_runtime_v1
13425,C_1117,2009,2010,0.000891887757462,0,0,0.07,0.0378263480961,2026-09-08T22:18:35.604489+00:00,study3b_fifo_runtime_v1
13445,C_1118,2009,2010,0.000175623121322,0,0,0.07,0.0378263480961,2026-09-08T22:18:35.604489+00:00,study3b_fifo_runtime_v1
13468,C_1120,2009,2010,0.000141162774526,0,0,0.07,0.0378263480961,2026-09-08T22:18:35.604489+00:00,study3b_fifo_runtime_v1
13488,C_1121,2009,2010,0.00021344050765,0,0,0.07,0.0378263480961,2026-09-08T22:18:35.604489+00:00,study3b_fifo_runtime_v1
13508,C_1122,2009,2010,0.000300739426166,0,0,0.07,0.0378263480961,2026-09-08T22:18:35.604489+00:00,study3b_fifo_runtime_v1
13528,C_1123,2009,2010,0.000253246398643,0,0,0.07,0.0378263480961,2026-09-08T22:18:35.604489+00:00,study3b_fifo_runtime_v1
13545,C_1124,2009,2010,8.78732535057e-05,0,0,0.07,0.0378263480961,2026-09-08T22:18:35.604489+00:00,study3b_fifo_runtime_v1
13564,C_1125,2009,2010,0.00508992513642,0,0,0.07,0.0378263480961,2026-09-08T22:18:35.604489+00:00,study3b_fifo_runtime_v1
13584,C_1126,2009,2010,0.0220252852887,0,0,0.07,0.0378263480961,2026-09-08T22:18:35.604489+00:00,study3b_fifo_runtime_v1
13604,C_1127,2009,2010,6.52990129311e-05,0,0,0.07,0.0378263480961,2026-09-08T22:18:35.604489+00:00,study3b_fifo_runtime_v1
13622,C_1129,2009,2010,0.000616270059254,0,0,0.07,0.0378263480961,2026-09-08T22:18:35.604489+00:00,study3b_fifo_runtime_v1
13636,C_1130,2009,2010,0.00120872759726,0,0,0.07,0.0378263480961,2026-09-08T22:18:35.604489+00:00,study3b_fifo_runtime_v1
13656,C_1131,2009,2010,0.000121213728562,0,0,0.07,0.0378263480961,2026-09-08T22:18:35.604489+00:00,study3b_fifo_runtime_v1
13676,C_1132,2009,2010,0.00348121672869,0,0,0.07,0.0378263480961,2026-09-08T22:18:35.604489+00:00,study3b_fifo_runtime_v1
13704,C_1135,2009,2010,0.000121262710309,0,0,0.07,0.0378263480961,2026-09-08T22:18:35.604489+00:00,study3b_fifo_runtime_v1
13724,C_1136,2009,2010,0.0606753863394,0,1,0.07,0.0378263480961,2026-09-08T22:18:35.604489+00:00,study3b_fifo_runtime_v1
13744,C_1137,2009,2010,0.00107640493661,0,0,0.07,0.0378263480961,2026-09-08T22:18:35.604489+00:00,study3b_fifo_runtime_v1
13775,C_1141,2009,2010,0.000212204351556,0,0,0.07,0.0378263480961,2026-09-08T22:18:35.604489+00:00,study3b_fifo_runtime_v1
13795,C_1142,2009,2010,0.000367531465599,0,0,0.07,0.0378263480961,2026-09-08T22:18:35.604489+00:00,study3b_fifo_runtime_v1
13815,C_1143,2009,2010,2.65848884737e-05,0,0,0.07,0.0378263480961,2026-09-08T22:18:35.604489+00:00,study3b_fifo_runtime_v1
13845,C_1145,2009,2010,4.43507306045e-05,0,0,0.07,0.0378263480961,2026-09-08T22:18:35.604489+00:00,study3b_fifo_runtime_v1
13865,C_1146,2009,2010,0.000895819801372,0,0,0.07,0.0378263480961,2026-09-08T22:18:35.604489+00:00,study3b_fifo_runtime_v1
13885,C_1147,2009,2010,0.000106085499283,0,0,0.07,0.0378263480961,2026-09-08T22:18:35.604489+00:00,study3b_fifo_runtime_v1
13900,C_1148,2009,2010,0.000174962799065,0,0,0.07,0.0378263480961,2026-09-08T22:18:35.604489+00:00,study3b_fifo_runtime_v1
13924,C_1151,2009,2010,0.00130032969173,0,0,0.07,0.0378263480961,2026-09-08T22:18:35.604489+00:00,study3b_fifo_runtime_v1
13936,C_1153,2009,2010,0.000530323071871,0,0,0.07,0.0378263480961,2026-09-08T22:18:35.604489+00:00,study3b_fifo_runtime_v1
13956,C_1154,2009,2010,0.00648315949365,0,0,0.07,0.0378263480961,2026-09-08T22:18:35.604489+00:00,study3b_fifo_runtime_v1
13968,C_1156,2009,2010,0.000373071205104,0,0,0.07,0.0378263480961,2026-09-08T22:18:35.604489+00:00,study3b_fifo_runtime_v1
13988,C_1160,2009,2010,3.00609099213e-05,0,0,0.07,0.0378263480961,2026-09-08T22:18:35.604489+00:00,study3b_fifo_runtime_v1
14005,C_1162,2009,2010,0.000316481164191,0,0,0.07,0.0378263480961,2026-09-08T22:18:35.604489+00:00,study3b_fifo_runtime_v1
14016,C_1163,2009,2010,4.13879788539e-05,0,0,0.07,0.0378263480961,2026-09-08T22:18:35.604489+00:00,study3b_fifo_runtime_v1
14036,C_1164,2009,2010,0.000175101100467,0,0,0.07,0.0378263480961,2026-09-08T22:18:35.604489+00:00,study3b_fifo_runtime_v1
14056,C_1165,2009,2010,9.54718198045e-05,0,0,0.07,0.0378263480961,2026-09-08T22:18:35.604489+00:00,study3b_fifo_runtime_v1
14076,C_1166,2009,2010,0.000203529561986,0,0,0.07,0.0378263480961,2026-09-08T22:18:35.604489+00:00,study3b_fifo_runtime_v1
14094,C_1168,2009,2010,1.59655537573e-05,0,0,0.07,0.0378263480961,2026-09-08T22:18:35.604489+00:00,study3b_fifo_runtime_v1
14114,C_1169,2009,2010,1.87907735381e-05,0,0,0.07,0.0378263480961,2026-09-08T22:18:35.604489+00:00,study3b_fifo_runtime_v1
14152,C_1173,2009,2010,0.000298213242786,0,0,0.07,0.0378263480961,2026-09-08T22:18:35.604489+00:00,study3b_fifo_runtime_v1
14164,C_1174,2009,2010,0.000181746610906,0,0,0.07,0.0378263480961,2026-09-08T22:18:35.604489+00:00,study3b_fifo_runtime_v1
14178,C_1175,2009,2010,0.00469840923324,0,0,0.07,0.0378263480961,2026-09-08T22:18:35.604489+00:00,study3b_fifo_runtime_v1
14205,C_1177,2009,2010,0.000700389500707,0,0,0.07,0.0378263480961,2026-09-08T22:18:35.604489+00:00,study3b_fifo_runtime_v1
14225,C_1178,2009,2010,4.63202595711e-05,0,0,0.07,0.0378263480961,2026-09-08T22:18:35.604489+00:00,study3b_fifo_runtime_v1
14245,C_1179,2009,2010,0.000806072261184,0,0,0.07,0.0378263480961,2026-09-08T22:18:35.604489+00:00,study3b_fifo_runtime_v1
14278,C_1182,2009,2010,0.00142894650344,0,0,0.07,0.0378263480961,2026-09-08T22:18:35.604489+00:00,study3b_fifo_runtime_v1
14290,C_1184,2009,2010,0.00330272410065,0,0,0.07,0.0378263480961,2026-09-08T22:18:35.604489+00:00,study3b_fifo_runtime_v1
14321,C_1188,2009,2010,0.00212039565668,0,0,0.07,0.0378263480961,2026-09-08T22:18:35.604489+00:00,study3b_fifo_runtime_v1
14341,C_1189,2009,2010,0.00487345876172,0,0,0.07,0.0378263480961,2026-09-08T22:18:35.604489+00:00,study3b_fifo_runtime_v1
14354,C_1190,2009,2010,0.000226000571274,0,0,0.07,0.0378263480961,2026-09-08T22:18:35.604489+00:00,study3b_fifo_runtime_v1
14374,C_1191,2009,2010,0.00150093156844,0,0,0.07,0.0378263480961,2026-09-08T22:18:35.604489+00:00,study3b_fifo_runtime_v1
14393,C_1192,2009,2010,0.000314886128763,0,0,0.07,0.0378263480961,2026-09-08T22:18:35.604489+00:00,study3b_fifo_runtime_v1
14413,C_1193,2009,2010,4.45496443717e-05,0,0,0.07,0.0378263480961,2026-09-08T22:18:35.604489+00:00,study3b_fifo_runtime_v1
14433,C_1194,2009,2010,0.0128342276439,0,0,0.07,0.0378263480961,2026-09-08T22:18:35.604489+00:00,study3b_fifo_runtime_v1
14460,C_1196,2009,2010,0.000117845753266,0,0,0.07,0.0378263480961,2026-09-08T22:18:35.604489+00:00,study3b_fifo_runtime_v1
14491,C_1199,2009,2010,0.000133762383484,0,0,0.07,0.0378263480961,2026-09-08T22:18:35.604489+00:00,study3b_fifo_runtime_v1
14511,C_1200,2009,2010,0.00146859267261,0,0,0.07,0.0378263480961,2026-09-08T22:18:35.604489+00:00,study3b_fifo_runtime_v1
14525,C_1201,2009,2010,0.00060059473617,0,0,0.07,0.0378263480961,2026-09-08T22:18:35.604489+00:00,study3b_fifo_runtime_v1
14557,C_1204,2009,2010,9.3803020718e-05,0,0,0.07,0.0378263480961,2026-09-08T22:18:35.604489+00:00,study3b_fifo_runtime_v1
14584,C_1207,2009,2010,0.000866908580065,0,0,0.07,0.0378263480961,2026-09-08T22:18:35.604489+00:00,study3b_fifo_runtime_v1
14604,C_1208,2009,2010,0.000152248961967,0,0,0.07,0.0378263480961,2026-09-08T22:18:35.604489+00:00,study3b_fifo_runtime_v1
14634,C_1210,2009,2010,2.69203155767e-05,0,0,0.07,0.0378263480961,2026-09-08T22:18:35.604489+00:00,study3b_fifo_runtime_v1
14654,C_1211,2009,2010,0.00619302829728,0,0,0.07,0.0378263480961,2026-09-08T22:18:35.604489+00:00,study3b_fifo_runtime_v1
14674,C_1212,2009,2010,6.90419838065e-05,0,0,0.07,0.0378263480961,2026-09-08T22:18:35.604489+00:00,study3b_fifo_runtime_v1
14693,C_1213,2009,2010,0.000102130354207,0,0,0.07,0.0378263480961,2026-09-08T22:18:35.604489+00:00,study3b_fifo_runtime_v1
14720,C_1215,2009,2010,0.00553204258904,0,0,0.07,0.0378263480961,2026-09-08T22:18:35.604489+00:00,study3b_fifo_runtime_v1
14740,C_1216,2009,2010,0.000169447273947,0,0,0.07,0.0378263480961,2026-09-08T22:18:35.604489+00:00,study3b_fifo_runtime_v1
14767,C_1219,2009,2010,1.92962725123e-05,0,0,0.07,0.0378263480961,2026-09-08T22:18:35.604489+00:00,study3b_fifo_runtime_v1
14790,C_1222,2009,2010,1.57277027029e-05,0,0,0.07,0.0378263480961,2026-09-08T22:18:35.604489+00:00,study3b_fifo_runtime_v1
14821,C_1226,2009,2010,0.00907277129591,0,0,0.07,0.0378263480961,2026-09-08T22:18:35.604489+00:00,study3b_fifo_runtime_v1
14838,C_1227,2009,2010,0.00082332897,0,0,0.07,0.0378263480961,2026-09-08T22:18:35.604489+00:00,study3b_fifo_runtime_v1
14858,C_1228,2009,2010,0.00123745889869,0,0,0.07,0.0378263480961,2026-09-08T22:18:35.604489+00:00,study3b_fifo_runtime_v1
14878,C_1229,2009,2010,0.000147248385474,0,0,0.07,0.0378263480961,2026-09-08T22:18:35.604489+00:00,study3b_fifo_runtime_v1
14914,C_1232,2009,2010,0.000271837925538,0,0,0.07,0.0378263480961,2026-09-08T22:18:35.604489+00:00,study3b_fifo_runtime_v1
14930,C_1233,2009,2010,7.32140542823e-05,0,0,0.07,0.0378263480961,2026-09-08T22:18:35.604489+00:00,study3b_fifo_runtime_v1
14950,C_1234,2009,2010,0.000667454209179,0,0,0.07,0.0378263480961,2026-09-08T22:18:35.604489+00:00,study3b_fifo_runtime_v1
14969,C_1236,2009,2010,0.00834181625396,0,0,0.07,0.0378263480961,2026-09-08T22:18:35.604489+00:00,study3b_fifo_runtime_v1
14980,C_1237,2009,2010,0.00333475111984,0,0,0.07,0.0378263480961,2026-09-08T22:18:35.604489+00:00,study3b_fifo_runtime_v1
15000,C_1238,2009,2010,0.000339244987117,0,0,0.07,0.0378263480961,2026-09-08T22:18:35.604489+00:00,study3b_fifo_runtime_v1
15025,C_1240,2009,2010,0.000336043653078,0,0,0.07,0.0378263480961,2026-09-08T22:18:35.604489+00:00,study3b_fifo_runtime_v1
15055,C_1243,2009,2010,0.000192109218915,0,0,0.07,0.0378263480961,2026-09-08T22:18:35.604489+00:00,study3b_fifo_runtime_v1
15075,C_1244,2009,2010,0.00145130418241,0,0,0.07,0.0378263480961,2026-09-08T22:18:35.604489+00:00,study3b_fifo_runtime_v1
15094,C_1245,2009,2010,0.00383219891228,0,0,0.07,0.0378263480961,2026-09-08T22:18:35.604489+00:00,study3b_fifo_runtime_v1
15114,C_1246,2009,2010,0.000178652509931,0,0,0.07,0.0378263480961,2026-09-08T22:18:35.604489+00:00,study3b_fifo_runtime_v1
15134,C_1247,2009,2010,4.95810927532e-05,0,0,0.07,0.0378263480961,2026-09-08T22:18:35.604489+00:00,study3b_fifo_runtime_v1
15162,C_1250,2009,2010,7.31785912649e-05,0,0,0.07,0.0378263480961,2026-09-08T22:18:35.604489+00:00,study3b_fifo_runtime_v1
15179,C_1251,2009,2010,0.000159261078807,0,0,0.07,0.0378263480961,2026-09-08T22:18:35.604489+00:00,study3b_fifo_runtime_v1
15199,C_1252,2009,2010,1.52320390043e-05,0,0,0.07,0.0378263480961,2026-09-08T22:18:35.604489+00:00,study3b_fifo_runtime_v1
15219,C_1253,2009,2010,0.000368998385966,0,0,0.07,0.0378263480961,2026-09-08T22:18:35.604489+00:00,study3b_fifo_runtime_v1
15239,C_1254,2009,2010,0.000122585173813,0,0,0.07,0.0378263480961,2026-09-08T22:18:35.604489+00:00,study3b_fifo_runtime_v1
15265,C_1258,2009,2010,2.22615435632e-05,0,0,0.07,0.0378263480961,2026-09-08T22:18:35.604489+00:00,study3b_fifo_runtime_v1
15286,C_1260,2009,2010,0.0136413946748,0,0,0.07,0.0378263480961,2026-09-08T22:18:35.604489+00:00,study3b_fifo_runtime_v1
15319,C_1266,2009,2010,0.00148139614612,0,0,0.07,0.0378263480961,2026-09-08T22:18:35.604489+00:00,study3b_fifo_runtime_v1
15356,C_1269,2009,2010,5.39419124834e-05,0,0,0.07,0.0378263480961,2026-09-08T22:18:35.604489+00:00,study3b_fifo_runtime_v1
15376,C_1270,2009,2010,0.000271177967079,0,0,0.07,0.0378263480961,2026-09-08T22:18:35.604489+00:00,study3b_fifo_runtime_v1
15393,C_1271,2009,2010,0.000163686228916,0,0,0.07,0.0378263480961,2026-09-08T22:18:35.604489+00:00,study3b_fifo_runtime_v1
15415,C_1273,2009,2010,0.000129307751195,0,0,0.07,0.0378263480961,2026-09-08T22:18:35.604489+00:00,study3b_fifo_runtime_v1
15453,C_1278,2009,2010,0.00111199344974,0,0,0.07,0.0378263480961,2026-09-08T22:18:35.604489+00:00,study3b_fifo_runtime_v1
15476,C_1280,2009,2010,0.000225283860345,0,0,0.07,0.0378263480961,2026-09-08T22:18:35.604489+00:00,study3b_fifo_runtime_v1
15497,C_1282,2009,2010,0.000648904999252,0,0,0.07,0.0378263480961,2026-09-08T22:18:35.604489+00:00,study3b_fifo_runtime_v1
15524,C_1284,2009,2010,0.0103988237679,0,0,0.07,0.0378263480961,2026-09-08T22:18:35.604489+00:00,study3b_fifo_runtime_v1
15554,C_1288,2009,2010,3.83080696338e-05,0,0,0.07,0.0378263480961,2026-09-08T22:18:35.604489+00:00,study3b_fifo_runtime_v1
15574,C_1289,2009,2010,0.000145560334204,0,0,0.07,0.0378263480961,2026-09-08T22:18:35.604489+00:00,study3b_fifo_runtime_v1
15595,C_1291,2009,2010,3.12150041282e-05,0,0,0.07,0.0378263480961,2026-09-08T22:18:35.604489+00:00,study3b_fifo_runtime_v1
15617,C_1293,2009,2010,2.04532479984e-05,0,0,0.07,0.0378263480961,2026-09-08T22:18:35.604489+00:00,study3b_fifo_runtime_v1
15646,C_1295,2009,2010,2.61492969003e-05,0,0,0.07,0.0378263480961,2026-09-08T22:18:35.604489+00:00,study3b_fifo_runtime_v1
15666,C_1296,2009,2010,0.000104438884591,0,0,0.07,0.0378263480961,2026-09-08T22:18:35.604489+00:00,study3b_fifo_runtime_v1
15690,C_1298,2009,2010,0.000674154376611,0,0,0.07,0.0378263480961,2026-09-08T22:18:35.604489+00:00,study3b_fifo_runtime_v1
15707,C_1299,2009,2010,0.00543479109183,0,0,0.07,0.0378263480961,2026-09-08T22:18:35.604489+00:00,study3b_fifo_runtime_v1
15718,C_1300,2009,2010,0.00031820643926,0,0,0.07,0.0378263480961,2026-09-08T22:18:35.604489+00:00,study3b_fifo_runtime_v1
15738,C_1301,2009,2010,0.00194951239973,0,0,0.07,0.0378263480961,2026-09-08T22:18:35.604489+00:00,study3b_fifo_runtime_v1
15758,C_1302,2009,2010,0.000242919602897,0,0,0.07,0.0378263480961,2026-09-08T22:18:35.604489+00:00,study3b_fifo_runtime_v1
15791,C_1306,2009,2010,0.000169725142769,0,0,0.07,0.0378263480961,2026-09-08T22:18:35.604489+00:00,study3b_fifo_runtime_v1
15811,C_1307,2009,2010,2.63088750216e-05,0,0,0.07,0.0378263480961,2026-09-08T22:18:35.604489+00:00,study3b_fifo_runtime_v1
15840,C_1310,2009,2010,0.000224205767154,0,0,0.07,0.0378263480961,2026-09-08T22:18:35.604489+00:00,study3b_fifo_runtime_v1
15875,C_1314,2009,2010,0.00013655803923,0,0,0.07,0.0378263480961,2026-09-08T22:18:35.604489+00:00,study3b_fifo_runtime_v1
15895,C_1315,2009,2010,0.000630415976048,0,0,0.07,0.0378263480961,2026-09-08T22:18:35.604489+00:00,study3b_fifo_runtime_v1
15927,C_1319,2009,2010,0.00154923275113,0,0,0.07,0.0378263480961,2026-09-08T22:18:35.604489+00:00,study3b_fifo_runtime_v1
15954,C_1325,2009,2010,0.00266882753931,0,0,0.07,0.0378263480961,2026-09-08T22:18:35.604489+00:00,study3b_fifo_runtime_v1
15975,C_1327,2009,2010,0.000116028611956,0,0,0.07,0.0378263480961,2026-09-08T22:18:35.604489+00:00,study3b_fifo_runtime_v1
15994,C_1328,2009,2010,0.00351594598033,0,0,0.07,0.0378263480961,2026-09-08T22:18:35.604489+00:00,study3b_fifo_runtime_v1
16024,C_1331,2009,2010,0.000181012917892,0,0,0.07,0.0378263480961,2026-09-08T22:18:35.604489+00:00,study3b_fifo_runtime_v1
16044,C_1332,2009,2010,5.70258162043e-05,0,0,0.07,0.0378263480961,2026-09-08T22:18:35.604489+00:00,study3b_fifo_runtime_v1
16056,C_1333,2009,2010,0.000403866608394,0,0,0.07,0.0378263480961,2026-09-08T22:18:35.604489+00:00,study3b_fifo_runtime_v1
16075,C_1337,2009,2010,0.000965082843322,0,0,0.07,0.0378263480961,2026-09-08T22:18:35.604489+00:00,study3b_fifo_runtime_v1
16095,C_1338,2009,2010,0.000923721177969,0,0,0.07,0.0378263480961,2026-09-08T22:18:35.604489+00:00,study3b_fifo_runtime_v1
16157,C_1344,2009,2010,4.58352551505e-05,0,0,0.07,0.0378263480961,2026-09-08T22:18:35.604489+00:00,study3b_fifo_runtime_v1
16177,C_1345,2009,2010,6.79631120875e-05,0,0,0.07,0.0378263480961,2026-09-08T22:18:35.604489+00:00,study3b_fifo_runtime_v1
16204,C_1347,2009,2010,9.07634148462e-06,0,0,0.07,0.0378263480961,2026-09-08T22:18:35.604489+00:00,study3b_fifo_runtime_v1
16226,C_1349,2009,2010,0.00710251694545,0,0,0.07,0.0378263480961,2026-09-08T22:18:35.604489+00:00,study3b_fifo_runtime_v1
16241,C_1350,2009,2010,0.00327835674398,0,0,0.07,0.0378263480961,2026-09-08T22:18:35.604489+00:00,study3b_fifo_runtime_v1
16269,C_1353,2009,2010,3.13480995828e-05,0,0,0.07,0.0378263480961,2026-09-08T22:18:35.604489+00:00,study3b_fifo_runtime_v1
16313,C_1359,2009,2010,0.00283244741149,0,0,0.07,0.0378263480961,2026-09-08T22:18:35.604489+00:00,study3b_fifo_runtime_v1
16333,C_1360,2009,2010,0.000178848815267,0,0,0.07,0.0378263480961,2026-09-08T22:18:35.604489+00:00,study3b_fifo_runtime_v1
16348,C_1361,2009,2010,5.93815821048e-05,0,0,0.07,0.0378263480961,2026-09-08T22:18:35.604489+00:00,study3b_fifo_runtime_v1
16372,C_1364,2009,2010,2.35827992583e-05,0,0,0.07,0.0378263480961,2026-09-08T22:18:35.604489+00:00,study3b_fifo_runtime_v1
16383,C_1365,2009,2010,0.00204905658029,0,0,0.07,0.0378263480961,2026-09-08T22:18:35.604489+00:00,study3b_fifo_runtime_v1
16396,C_1367,2009,2010,0.000244755996391,0,0,0.07,0.0378263480961,2026-09-08T22:18:35.604489+00:00,study3b_fifo_runtime_v1
16411,C_1368,2009,2010,0.000248902331805,0,0,0.07,0.0378263480961,2026-09-08T22:18:35.604489+00:00,study3b_fifo_runtime_v1
16424,C_1370,2009,2010,6.35262476862e-05,0,0,0.07,0.0378263480961,2026-09-08T22:18:35.604489+00:00,study3b_fifo_runtime_v1
16459,C_1376,2009,2010,0.000209883161006,0,0,0.07,0.0378263480961,2026-09-08T22:18:35.604489+00:00,study3b_fifo_runtime_v1
16481,C_1378,2009,2010,0.000201418457436,0,0,0.07,0.0378263480961,2026-09-08T22:18:35.604489+00:00,study3b_fifo_runtime_v1
16505,C_1380,2009,2010,3.4395216062e-05,0,0,0.07,0.0378263480961,2026-09-08T22:18:35.604489+00:00,study3b_fifo_runtime_v1
16525,C_1381,2009,2010,0.000291925185593,0,0,0.07,0.0378263480961,2026-09-08T22:18:35.604489+00:00,study3b_fifo_runtime_v1
16544,C_1382,2009,2010,0.000727709790226,0,0,0.07,0.0378263480961,2026-09-08T22:18:35.604489+00:00,study3b_fifo_runtime_v1
16569,C_1384,2009,2010,0.0404568426311,0,1,0.07,0.0378263480961,2026-09-08T22:18:35.604489+00:00,study3b_fifo_runtime_v1
16593,C_1386,2009,2010,0.00527534121647,0,0,0.07,0.0378263480961,2026-09-08T22:18:35.604489+00:00,study3b_fifo_runtime_v1
16604,C_1387,2009,2010,2.92118838843e-05,0,0,0.07,0.0378263480961,2026-09-08T22:18:35.604489+00:00,study3b_fifo_runtime_v1
16633,C_1390,2009,2010,0.0319540165365,0,0,0.07,0.0378263480961,2026-09-08T22:18:35.604489+00:00,study3b_fifo_runtime_v1
16654,C_1392,2009,2010,0.000122888057376,0,0,0.07,0.0378263480961,2026-09-08T22:18:35.604489+00:00,study3b_fifo_runtime_v1
16687,C_1397,2009,2010,0.000365857616998,0,0,0.07,0.0378263480961,2026-09-08T22:18:35.604489+00:00,study3b_fifo_runtime_v1
16723,C_1402,2009,2010,0.00922681484371,0,0,0.07,0.0378263480961,2026-09-08T22:18:35.604489+00:00,study3b_fifo_runtime_v1
16743,C_1403,2009,2010,5.04494819324e-05,0,0,0.07,0.0378263480961,2026-09-08T22:18:35.604489+00:00,study3b_fifo_runtime_v1
16775,C_1406,2009,2010,0.000792631704826,0,0,0.07,0.0378263480961,2026-09-08T22:18:35.604489+00:00,study3b_fifo_runtime_v1
16805,C_1409,2009,2010,0.377244621515,1,1,0.07,0.0378263480961,2026-09-08T22:18:35.604489+00:00,study3b_fifo_runtime_v1
16816,C_1410,2009,2010,0.000169266815647,0,0,0.07,0.0378263480961,2026-09-08T22:18:35.604489+00:00,study3b_fifo_runtime_v1
16841,C_1414,2009,2010,0.000333413248882,0,0,0.07,0.0378263480961,2026-09-08T22:18:35.604489+00:00,study3b_fifo_runtime_v1
16861,C_1415,2009,2010,0.000182566116564,0,0,0.07,0.0378263480961,2026-09-08T22:18:35.604489+00:00,study3b_fifo_runtime_v1
16892,C_1419,2009,2010,0.00196262891404,0,0,0.07,0.0378263480961,2026-09-08T22:18:35.604489+00:00,study3b_fifo_runtime_v1
16905,C_1420,2009,2010,0.000676316616591,0,0,0.07,0.0378263480961,2026-09-08T22:18:35.604489+00:00,study3b_fifo_runtime_v1
16925,C_1421,2009,2010,0.00172137760092,0,0,0.07,0.0378263480961,2026-09-08T22:18:35.604489+00:00,study3b_fifo_runtime_v1
16941,C_1422,2009,2010,6.21252474957e-05,0,0,0.07,0.0378263480961,2026-09-08T22:18:35.604489+00:00,study3b_fifo_runtime_v1
16979,C_1428,2009,2010,0.00233040400781,0,0,0.07,0.0378263480961,2026-09-08T22:18:35.604489+00:00,study3b_fifo_runtime_v1
16996,C_1429,2009,2010,0.000120574033645,0,0,0.07,0.0378263480961,2026-09-08T22:18:35.604489+00:00,study3b_fifo_runtime_v1
17016,C_1430,2009,2010,0.00100328598637,0,0,0.07,0.0378263480961,2026-09-08T22:18:35.604489+00:00,study3b_fifo_runtime_v1
17027,C_1431,2009,2010,0.00285822222941,0,0,0.07,0.0378263480961,2026-09-08T22:18:35.604489+00:00,study3b_fifo_runtime_v1
17041,C_1432,2009,2010,0.000328246533172,0,0,0.07,0.0378263480961,2026-09-08T22:18:35.604489+00:00,study3b_fifo_runtime_v1
17061,C_1433,2009,2010,0.000592238095123,0,0,0.07,0.0378263480961,2026-09-08T22:18:35.604489+00:00,study3b_fifo_runtime_v1
17097,C_1435,2009,2010,4.66288765892e-05,0,0,0.07,0.0378263480961,2026-09-08T22:18:35.604489+00:00,study3b_fifo_runtime_v1
17115,C_1437,2009,2010,0.00120627076831,0,0,0.07,0.0378263480961,2026-09-08T22:18:35.604489+00:00,study3b_fifo_runtime_v1
17127,C_1438,2009,2010,0.000233957616729,0,0,0.07,0.0378263480961,2026-09-08T22:18:35.604489+00:00,study3b_fifo_runtime_v1
17147,C_1439,2009,2010,0.000239970147959,0,0,0.07,0.0378263480961,2026-09-08T22:18:35.604489+00:00,study3b_fifo_runtime_v1
17167,C_1440,2009,2010,0.000111854118586,0,0,0.07,0.0378263480961,2026-09-08T22:18:35.604489+00:00,study3b_fifo_runtime_v1
17196,C_1443,2009,2010,0.000256569503108,0,0,0.07,0.0378263480961,2026-09-08T22:18:35.604489+00:00,study3b_fifo_runtime_v1
17216,C_1444,2009,2010,0.000110611239506,0,0,0.07,0.0378263480961,2026-09-08T22:18:35.604489+00:00,study3b_fifo_runtime_v1
17236,C_1445,2009,2010,0.000103852507891,0,0,0.07,0.0378263480961,2026-09-08T22:18:35.604489+00:00,study3b_fifo_runtime_v1
17259,C_1448,2009,2010,0.000314606237225,0,0,0.07,0.0378263480961,2026-09-08T22:18:35.604489+00:00,study3b_fifo_runtime_v1
17278,C_1450,2009,2010,0.000952944916207,0,0,0.07,0.0378263480961,2026-09-08T22:18:35.604489+00:00,study3b_fifo_runtime_v1
17298,C_1451,2009,2010,2.86023005174e-05,0,0,0.07,0.0378263480961,2026-09-08T22:18:35.604489+00:00,study3b_fifo_runtime_v1
17309,C_1452,2009,2010,0.000308023329126,0,0,0.07,0.0378263480961,2026-09-08T22:18:35.604489+00:00,study3b_fifo_runtime_v1
17329,C_1453,2009,2010,0.000110250352009,0,0,0.07,0.0378263480961,2026-09-08T22:18:35.604489+00:00,study3b_fifo_runtime_v1
17346,C_1454,2009,2010,0.000356288888725,0,0,0.07,0.0378263480961,2026-09-08T22:18:35.604489+00:00,study3b_fifo_runtime_v1
17364,C_1455,2009,2010,0.000344573752955,0,0,0.07,0.0378263480961,2026-09-08T22:18:35.604489+00:00,study3b_fifo_runtime_v1
17384,C_1456,2009,2010,4.80124472233e-05,0,0,0.07,0.0378263480961,2026-09-08T22:18:35.604489+00:00,study3b_fifo_runtime_v1
17398,C_1457,2009,2010,0.0366532616317,0,0,0.07,0.0378263480961,2026-09-08T22:18:35.604489+00:00,study3b_fifo_runtime_v1
17418,C_1458,2009,2010,3.66338572348e-05,0,0,0.07,0.0378263480961,2026-09-08T22:18:35.604489+00:00,study3b_fifo_runtime_v1
17438,C_1461,2009,2010,0.00354455015622,0,0,0.07,0.0378263480961,2026-09-08T22:18:35.604489+00:00,study3b_fifo_runtime_v1
17461,C_1464,2009,2010,0.000135440845042,0,0,0.07,0.0378263480961,2026-09-08T22:18:35.604489+00:00,study3b_fifo_runtime_v1
17486,C_1466,2009,2010,0.000108430009277,0,0,0.07,0.0378263480961,2026-09-08T22:18:35.604489+00:00,study3b_fifo_runtime_v1
17499,C_1467,2009,2010,0.000159967239597,0,0,0.07,0.0378263480961,2026-09-08T22:18:35.604489+00:00,study3b_fifo_runtime_v1
17520,C_1469,2009,2010,0.000347755179973,0,0,0.07,0.0378263480961,2026-09-08T22:18:35.604489+00:00,study3b_fifo_runtime_v1
17535,C_1470,2009,2010,0.00217743986286,0,0,0.07,0.0378263480961,2026-09-08T22:18:35.604489+00:00,study3b_fifo_runtime_v1
17562,C_1472,2009,2010,0.000775536114816,0,0,0.07,0.0378263480961,2026-09-08T22:18:35.604489+00:00,study3b_fifo_runtime_v1
17582,C_1473,2009,2010,0.00077729485929,0,0,0.07,0.0378263480961,2026-09-08T22:18:35.604489+00:00,study3b_fifo_runtime_v1
17614,C_1476,2009,2010,5.92954602325e-05,0,0,0.07,0.0378263480961,2026-09-08T22:18:35.604489+00:00,study3b_fifo_runtime_v1
17663,C_1483,2009,2010,2.90151347144e-05,0,0,0.07,0.0378263480961,2026-09-08T22:18:35.604489+00:00,study3b_fifo_runtime_v1
17683,C_1484,2009,2010,0.000402000645408,0,0,0.07,0.0378263480961,2026-09-08T22:18:35.604489+00:00,study3b_fifo_runtime_v1
17711,C_1486,2009,2010,0.00906267296523,0,0,0.07,0.0378263480961,2026-09-08T22:18:35.604489+00:00,study3b_fifo_runtime_v1
17724,C_1487,2009,2010,0.000320857478073,0,0,0.07,0.0378263480961,2026-09-08T22:18:35.604489+00:00,study3b_fifo_runtime_v1
17739,C_1490,2009,2010,0.000615736411419,0,0,0.07,0.0378263480961,2026-09-08T22:18:35.604489+00:00,study3b_fifo_runtime_v1
17758,C_1491,2009,2010,0.0218392517418,0,0,0.07,0.0378263480961,2026-09-08T22:18:35.604489+00:00,study3b_fifo_runtime_v1
17778,C_1492,2009,2010,4.72173887829e-05,0,0,0.07,0.0378263480961,2026-09-08T22:18:35.604489+00:00,study3b_fifo_runtime_v1
17798,C_1493,2009,2010,1.31886235977e-05,0,0,0.07,0.0378263480961,2026-09-08T22:18:35.604489+00:00,study3b_fifo_runtime_v1
17816,C_1495,2009,2010,2.17195556615e-05,0,0,0.07,0.0378263480961,2026-09-08T22:18:35.604489+00:00,study3b_fifo_runtime_v1
17832,C_1496,2009,2010,0.0112698776647,0,0,0.07,0.0378263480961,2026-09-08T22:18:35.604489+00:00,study3b_fifo_runtime_v1
17845,C_1497,2009,2010,0.000429721520049,0,0,0.07,0.0378263480961,2026-09-08T22:18:35.604489+00:00,study3b_fifo_runtime_v1
17869,C_1500,2009,2010,0.104091234505,1,1,0.07,0.0378263480961,2026-09-08T22:18:35.604489+00:00,study3b_fifo_runtime_v1
17881,C_1501,2009,2010,0.000133066714625,0,0,0.07,0.0378263480961,2026-09-08T22:18:35.604489+00:00,study3b_fifo_runtime_v1
17907,C_1504,2009,2010,3.1818763091e-05,0,0,0.07,0.0378263480961,2026-09-08T22:18:35.604489+00:00,study3b_fifo_runtime_v1
17918,C_1505,2009,2010,8.58872444951e-05,0,0,0.07,0.0378263480961,2026-09-08T22:18:35.604489+00:00,study3b_fifo_runtime_v1
17952,C_1510,2009,2010,0.000971655827016,0,0,0.07,0.0378263480961,2026-09-08T22:18:35.604489+00:00,study3b_fifo_runtime_v1
17969,C_1511,2009,2010,0.000302066851873,0,0,0.07,0.0378263480961,2026-09-08T22:18:35.604489+00:00,study3b_fifo_runtime_v1
17983,C_1513,2009,2010,0.000455710134702,0,0,0.07,0.0378263480961,2026-09-08T22:18:35.604489+00:00,study3b_fifo_runtime_v1
18002,C_1515,2009,2010,0.0079978024587,0,0,0.07,0.0378263480961,2026-09-08T22:18:35.604489+00:00,study3b_fifo_runtime_v1
18023,C_1517,2009,2010,1.62652959261e-05,0,0,0.07,0.0378263480961,2026-09-08T22:18:35.604489+00:00,study3b_fifo_runtime_v1
18072,C_1523,2009,2010,0.000497484172229,0,0,0.07,0.0378263480961,2026-09-08T22:18:35.604489+00:00,study3b_fifo_runtime_v1
18088,C_1525,2009,2010,0.00133985222783,0,0,0.07,0.0378263480961,2026-09-08T22:18:35.604489+00:00,study3b_fifo_runtime_v1
18100,C_1526,2009,2010,7.3604111094e-05,0,0,0.07,0.0378263480961,2026-09-08T22:18:35.604489+00:00,study3b_fifo_runtime_v1
18119,C_1527,2009,2010,0.000163187520229,0,0,0.07,0.0378263480961,2026-09-08T22:18:35.604489+00:00,study3b_fifo_runtime_v1
18149,C_1530,2009,2010,0.000401546043577,0,0,0.07,0.0378263480961,2026-09-08T22:18:35.604489+00:00,study3b_fifo_runtime_v1
18168,C_1531,2009,2010,0.00068388087675,0,0,0.07,0.0378263480961,2026-09-08T22:18:35.604489+00:00,study3b_fifo_runtime_v1
18185,C_1533,2009,2010,0.00176742393523,0,0,0.07,0.0378263480961,2026-09-08T22:18:35.604489+00:00,study3b_fifo_runtime_v1
18205,C_1534,2009,2010,6.22751904302e-05,0,0,0.07,0.0378263480961,2026-09-08T22:18:35.604489+00:00,study3b_fifo_runtime_v1
18216,C_1535,2009,2010,0.000287549133645,0,0,0.07,0.0378263480961,2026-09-08T22:18:35.604489+00:00,study3b_fifo_runtime_v1
18244,C_1538,2009,2010,0.000201306291274,0,0,0.07,0.0378263480961,2026-09-08T22:18:35.604489+00:00,study3b_fifo_runtime_v1
18264,C_1539,2009,2010,5.66797680221e-05,0,0,0.07,0.0378263480961,2026-09-08T22:18:35.604489+00:00,study3b_fifo_runtime_v1
18284,C_1540,2009,2010,6.15792014287e-05,0,0,0.07,0.0378263480961,2026-09-08T22:18:35.604489+00:00,study3b_fifo_runtime_v1
18310,C_1542,2009,2010,8.41039509396e-05,0,0,0.07,0.0378263480961,2026-09-08T22:18:35.604489+00:00,study3b_fifo_runtime_v1
18317,C_1544,2009,2010,9.50177854975e-05,0,0,0.07,0.0378263480961,2026-09-08T22:18:35.604489+00:00,study3b_fifo_runtime_v1
18348,C_1549,2009,2010,0.000240440873313,0,0,0.07,0.0378263480961,2026-09-08T22:18:35.604489+00:00,study3b_fifo_runtime_v1
18368,C_1550,2009,2010,0.00306942383759,0,0,0.07,0.0378263480961,2026-09-08T22:18:35.604489+00:00,study3b_fifo_runtime_v1
18395,C_1553,2009,2010,0.000524406204931,0,0,0.07,0.0378263480961,2026-09-08T22:18:35.604489+00:00,study3b_fifo_runtime_v1
18417,C_1555,2009,2010,0.00303132063709,0,0,0.07,0.0378263480961,2026-09-08T22:18:35.604489+00:00,study3b_fifo_runtime_v1
18443,C_1558,2009,2010,0.0196892414242,0,0,0.07,0.0378263480961,2026-09-08T22:18:35.604489+00:00,study3b_fifo_runtime_v1
18454,C_1559,2009,2010,0.00441394606605,0,0,0.07,0.0378263480961,2026-09-08T22:18:35.604489+00:00,study3b_fifo_runtime_v1
18468,C_1560,2009,2010,2.69251522695e-05,0,0,0.07,0.0378263480961,2026-09-08T22:18:35.604489+00:00,study3b_fifo_runtime_v1
18496,C_1562,2009,2010,9.51101756073e-05,0,0,0.07,0.0378263480961,2026-09-08T22:18:35.604489+00:00,study3b_fifo_runtime_v1
18513,C_1564,2009,2010,6.0705220676e-05,0,0,0.07,0.0378263480961,2026-09-08T22:18:35.604489+00:00,study3b_fifo_runtime_v1
18533,C_1565,2009,2010,0.00909382570535,0,0,0.07,0.0378263480961,2026-09-08T22:18:35.604489+00:00,study3b_fifo_runtime_v1
18549,C_1568,2009,2010,0.000107327468868,0,0,0.07,0.0378263480961,2026-09-08T22:18:35.604489+00:00,study3b_fifo_runtime_v1
18570,C_1571,2009,2010,5.41415938642e-05,0,0,0.07,0.0378263480961,2026-09-08T22:18:35.604489+00:00,study3b_fifo_runtime_v1
18590,C_1572,2009,2010,3.01798604596e-06,0,0,0.07,0.0378263480961,2026-09-08T22:18:35.604489+00:00,study3b_fifo_runtime_v1
18629,C_1576,2009,2010,7.77817476774e-05,0,0,0.07,0.0378263480961,2026-09-08T22:18:35.604489+00:00,study3b_fifo_runtime_v1
18663,C_1581,2009,2010,0.0083236368373,0,0,0.07,0.0378263480961,2026-09-08T22:18:35.604489+00:00,study3b_fifo_runtime_v1
18695,C_1584,2009,2010,1.21508428492e-05,0,0,0.07,0.0378263480961,2026-09-08T22:18:35.604489+00:00,study3b_fifo_runtime_v1
18706,C_1585,2009,2010,7.04805497662e-05,0,0,0.07,0.0378263480961,2026-09-08T22:18:35.604489+00:00,study3b_fifo_runtime_v1
18728,C_1587,2009,2010,4.98615409015e-05,0,0,0.07,0.0378263480961,2026-09-08T22:18:35.604489+00:00,study3b_fifo_runtime_v1
18748,C_1588,2009,2010,0.000751147512347,0,0,0.07,0.0378263480961,2026-09-08T22:18:35.604489+00:00,study3b_fifo_runtime_v1
18760,C_1589,2009,2010,0.000124869373394,0,0,0.07,0.0378263480961,2026-09-08T22:18:35.604489+00:00,study3b_fifo_runtime_v1
18780,C_1590,2009,2010,0.0132932038978,0,0,0.07,0.0378263480961,2026-09-08T22:18:35.604489+00:00,study3b_fifo_runtime_v1
18801,C_1592,2009,2010,8.62872402649e-05,0,0,0.07,0.0378263480961,2026-09-08T22:18:35.604489+00:00,study3b_fifo_runtime_v1
18833,C_1595,2009,2010,0.0171055048704,0,0,0.07,0.0378263480961,2026-09-08T22:18:35.604489+00:00,study3b_fifo_runtime_v1
18854,C_1597,2009,2010,0.000107942898467,0,0,0.07,0.0378263480961,2026-09-08T22:18:35.604489+00:00,study3b_fifo_runtime_v1
18866,C_1598,2009,2010,0.000284158770228,0,0,0.07,0.0378263480961,2026-09-08T22:18:35.604489+00:00,study3b_fifo_runtime_v1
18886,C_1599,2009,2010,0.0701996609569,1,1,0.07,0.0378263480961,2026-09-08T22:18:35.604489+00:00,study3b_fifo_runtime_v1
18898,C_1600,2009,2010,0.00134894484654,0,0,0.07,0.0378263480961,2026-09-08T22:18:35.604489+00:00,study3b_fifo_runtime_v1
18924,C_1603,2009,2010,0.0293162297457,0,0,0.07,0.0378263480961,2026-09-08T22:18:35.604489+00:00,study3b_fifo_runtime_v1
18937,C_1604,2009,2010,0.00164299830794,0,0,0.07,0.0378263480961,2026-09-08T22:18:35.604489+00:00,study3b_fifo_runtime_v1
18954,C_1605,2009,2010,0.000698556017596,0,0,0.07,0.0378263480961,2026-09-08T22:18:35.604489+00:00,study3b_fifo_runtime_v1
18974,C_1606,2009,2010,4.66307792522e-05,0,0,0.07,0.0378263480961,2026-09-08T22:18:35.604489+00:00,study3b_fifo_runtime_v1
18991,C_1608,2009,2010,0.000385482097045,0,0,0.07,0.0378263480961,2026-09-08T22:18:35.604489+00:00,study3b_fifo_runtime_v1
19011,C_1609,2009,2010,4.70119593956e-05,0,0,0.07,0.0378263480961,2026-09-08T22:18:35.604489+00:00,study3b_fifo_runtime_v1
19030,C_1610,2009,2010,0.000411110784626,0,0,0.07,0.0378263480961,2026-09-08T22:18:35.604489+00:00,study3b_fifo_runtime_v1
19049,C_1611,2009,2010,0.000754735898226,0,0,0.07,0.0378263480961,2026-09-08T22:18:35.604489+00:00,study3b_fifo_runtime_v1
19069,C_1612,2009,2010,0.00178550276905,0,0,0.07,0.0378263480961,2026-09-08T22:18:35.604489+00:00,study3b_fifo_runtime_v1
19089,C_1613,2009,2010,0.000135365844471,0,0,0.07,0.0378263480961,2026-09-08T22:18:35.604489+00:00,study3b_fifo_runtime_v1
19113,C_1615,2009,2010,0.000126874016132,0,0,0.07,0.0378263480961,2026-09-08T22:18:35.604489+00:00,study3b_fifo_runtime_v1
19129,C_1617,2009,2010,0.000213370367419,0,0,0.07,0.0378263480961,2026-09-08T22:18:35.604489+00:00,study3b_fifo_runtime_v1
19159,C_1619,2009,2010,0.000974436523393,0,0,0.07,0.0378263480961,2026-09-08T22:18:35.604489+00:00,study3b_fifo_runtime_v1
19179,C_1620,2009,2010,0.00033077588887,0,0,0.07,0.0378263480961,2026-09-08T22:18:35.604489+00:00,study3b_fifo_runtime_v1
19201,C_1622,2009,2010,0.00135692476761,0,0,0.07,0.0378263480961,2026-09-08T22:18:35.604489+00:00,study3b_fifo_runtime_v1
19221,C_1623,2009,2010,0.000134639078169,0,0,0.07,0.0378263480961,2026-09-08T22:18:35.604489+00:00,study3b_fifo_runtime_v1
19242,C_1625,2009,2010,0.0179656408727,0,0,0.07,0.0378263480961,2026-09-08T22:18:35.604489+00:00,study3b_fifo_runtime_v1
19262,C_1626,2009,2010,0.00642765173689,0,0,0.07,0.0378263480961,2026-09-08T22:18:35.604489+00:00,study3b_fifo_runtime_v1
19277,C_1627,2009,2010,3.01353502437e-05,0,0,0.07,0.0378263480961,2026-09-08T22:18:35.604489+00:00,study3b_fifo_runtime_v1
19297,C_1628,2009,2010,7.45017969166e-05,0,0,0.07,0.0378263480961,2026-09-08T22:18:35.604489+00:00,study3b_fifo_runtime_v1
19320,C_1630,2009,2010,3.91082103306e-05,0,0,0.07,0.0378263480961,2026-09-08T22:18:35.604489+00:00,study3b_fifo_runtime_v1
19340,C_1631,2009,2010,0.00461871782318,0,0,0.07,0.0378263480961,2026-09-08T22:18:35.604489+00:00,study3b_fifo_runtime_v1
19378,C_1634,2009,2010,0.000238133783569,0,0,0.07,0.0378263480961,2026-09-08T22:18:35.604489+00:00,study3b_fifo_runtime_v1
19397,C_1635,2009,2010,0.00163439905737,0,0,0.07,0.0378263480961,2026-09-08T22:18:35.604489+00:00,study3b_fifo_runtime_v1
19410,C_1636,2009,2010,6.62961610942e-05,0,0,0.07,0.0378263480961,2026-09-08T22:18:35.604489+00:00,study3b_fifo_runtime_v1
19425,C_1637,2009,2010,0.000237780404859,0,0,0.07,0.0378263480961,2026-09-08T22:18:35.604489+00:00,study3b_fifo_runtime_v1
19447,C_1639,2009,2010,0.00131987349596,0,0,0.07,0.0378263480961,2026-09-08T22:18:35.604489+00:00,study3b_fifo_runtime_v1
19468,C_1641,2009,2010,0.00386020261794,0,0,0.07,0.0378263480961,2026-09-08T22:18:35.604489+00:00,study3b_fifo_runtime_v1
19483,C_1642,2009,2010,2.99521871057e-05,0,0,0.07,0.0378263480961,2026-09-08T22:18:35.604489+00:00,study3b_fifo_runtime_v1
19512,C_1644,2009,2010,0.00047587082372,0,0,0.07,0.0378263480961,2026-09-08T22:18:35.604489+00:00,study3b_fifo_runtime_v1
19532,C_1645,2009,2010,0.000124467667774,0,0,0.07,0.0378263480961,2026-09-08T22:18:35.604489+00:00,study3b_fifo_runtime_v1
19552,C_1646,2009,2010,0.000111746718176,0,0,0.07,0.0378263480961,2026-09-08T22:18:35.604489+00:00,study3b_fifo_runtime_v1
19571,C_1647,2009,2010,5.38296881132e-05,0,0,0.07,0.0378263480961,2026-09-08T22:18:35.604489+00:00,study3b_fifo_runtime_v1
19591,C_1648,2009,2010,3.90809618693e-05,0,0,0.07,0.0378263480961,2026-09-08T22:18:35.604489+00:00,study3b_fifo_runtime_v1
19616,C_1651,2009,2010,8.72176387929e-05,0,0,0.07,0.0378263480961,2026-09-08T22:18:35.604489+00:00,study3b_fifo_runtime_v1
19645,C_1653,2009,2010,0.00118216045666,0,0,0.07,0.0378263480961,2026-09-08T22:18:35.604489+00:00,study3b_fifo_runtime_v1
19665,C_1654,2009,2010,8.62357628648e-05,0,0,0.07,0.0378263480961,2026-09-08T22:18:35.604489+00:00,study3b_fifo_runtime_v1
19685,C_1655,2009,2010,3.47511486325e-05,0,0,0.07,0.0378263480961,2026-09-08T22:18:35.604489+00:00,study3b_fifo_runtime_v1
19698,C_1657,2009,2010,3.98081283493e-05,0,0,0.07,0.0378263480961,2026-09-08T22:18:35.604489+00:00,study3b_fifo_runtime_v1
19718,C_1658,2009,2010,5.21574947925e-05,0,0,0.07,0.0378263480961,2026-09-08T22:18:35.604489+00:00,study3b_fifo_runtime_v1
19737,C_1660,2009,2010,4.11633336626e-05,0,0,0.07,0.0378263480961,2026-09-08T22:18:35.604489+00:00,study3b_fifo_runtime_v1
19757,C_1661,2009,2010,0.000112390152935,0,0,0.07,0.0378263480961,2026-09-08T22:18:35.604489+00:00,study3b_fifo_runtime_v1
19800,C_1666,2009,2010,1.05170302049e-05,0,0,0.07,0.0378263480961,2026-09-08T22:18:35.604489+00:00,study3b_fifo_runtime_v1
19822,C_1668,2009,2010,0.00011839945364,0,0,0.07,0.0378263480961,2026-09-08T22:18:35.604489+00:00,study3b_fifo_runtime_v1
19850,C_1670,2009,2010,0.000207334989682,0,0,0.07,0.0378263480961,2026-09-08T22:18:35.604489+00:00,study3b_fifo_runtime_v1
19875,C_1672,2009,2010,0.00297481939197,0,0,0.07,0.0378263480961,2026-09-08T22:18:35.604489+00:00,study3b_fifo_runtime_v1
19895,C_1673,2009,2010,0.00262414477766,0,0,0.07,0.0378263480961,2026-09-08T22:18:35.604489+00:00,study3b_fifo_runtime_v1
19915,C_1674,2009,2010,0.00131975009572,0,0,0.07,0.0378263480961,2026-09-08T22:18:35.604489+00:00,study3b_fifo_runtime_v1
19942,C_1677,2009,2010,3.68243163393e-05,0,0,0.07,0.0378263480961,2026-09-08T22:18:35.604489+00:00,study3b_fifo_runtime_v1
19962,C_1678,2009,2010,0.000466430938104,0,0,0.07,0.0378263480961,2026-09-08T22:18:35.604489+00:00,study3b_fifo_runtime_v1
19986,C_1681,2009,2010,0.00263979914598,0,0,0.07,0.0378263480961,2026-09-08T22:18:35.604489+00:00,study3b_fifo_runtime_v1
19998,C_1682,2009,2010,0.000164696379215,0,0,0.07,0.0378263480961,2026-09-08T22:18:35.604489+00:00,study3b_fifo_runtime_v1
20018,C_1683,2009,2010,3.75265663024e-05,0,0,0.07,0.0378263480961,2026-09-08T22:18:35.604489+00:00,study3b_fifo_runtime_v1
20046,C_1687,2009,2010,4.34900830442e-05,0,0,0.07,0.0378263480961,2026-09-08T22:18:35.604489+00:00,study3b_fifo_runtime_v1
20070,C_1690,2009,2010,7.18381270417e-05,0,0,0.07,0.0378263480961,2026-09-08T22:18:35.604489+00:00,study3b_fifo_runtime_v1
20086,C_1691,2009,2010,4.6358036343e-05,0,0,0.07,0.0378263480961,2026-09-08T22:18:35.604489+00:00,study3b_fifo_runtime_v1
20105,C_1692,2009,2010,0.000100759149063,0,0,0.07,0.0378263480961,2026-09-08T22:18:35.604489+00:00,study3b_fifo_runtime_v1
20125,C_1693,2009,2010,0.000300110754324,0,0,0.07,0.0378263480961,2026-09-08T22:18:35.604489+00:00,study3b_fifo_runtime_v1
20144,C_1694,2009,2010,0.000335624645231,0,0,0.07,0.0378263480961,2026-09-08T22:18:35.604489+00:00,study3b_fifo_runtime_v1
20164,C_1695,2009,2010,3.52981223841e-05,0,0,0.07,0.0378263480961,2026-09-08T22:18:35.604489+00:00,study3b_fifo_runtime_v1
20175,C_1696,2009,2010,1.55690886459e-05,0,0,0.07,0.0378263480961,2026-09-08T22:18:35.604489+00:00,study3b_fifo_runtime_v1
20195,C_1697,2009,2010,5.30970828549e-05,0,0,0.07,0.0378263480961,2026-09-08T22:18:35.604489+00:00,study3b_fifo_runtime_v1
20217,C_1700,2009,2010,0.0016331578372,0,0,0.07,0.0378263480961,2026-09-08T22:18:35.604489+00:00,study3b_fifo_runtime_v1
20245,C_1702,2009,2010,0.00012508056534,0,0,0.07,0.0378263480961,2026-09-08T22:18:35.604489+00:00,study3b_fifo_runtime_v1
20273,C_1704,2009,2010,0.000157770919031,0,0,0.07,0.0378263480961,2026-09-08T22:18:35.604489+00:00,study3b_fifo_runtime_v1
20293,C_1705,2009,2010,8.21131980047e-05,0,0,0.07,0.0378263480961,2026-09-08T22:18:35.604489+00:00,study3b_fifo_runtime_v1
20313,C_1706,2009,2010,0.000475254637422,0,0,0.07,0.0378263480961,2026-09-08T22:18:35.604489+00:00,study3b_fifo_runtime_v1
20349,C_1712,2009,2010,0.00586688658223,0,0,0.07,0.0378263480961,2026-09-08T22:18:35.604489+00:00,study3b_fifo_runtime_v1
20368,C_1713,2009,2010,0.000505895761307,0,0,0.07,0.0378263480961,2026-09-08T22:18:35.604489+00:00,study3b_fifo_runtime_v1
20389,C_1715,2009,2010,0.000117169693112,0,0,0.07,0.0378263480961,2026-09-08T22:18:35.604489+00:00,study3b_fifo_runtime_v1
20421,C_1718,2009,2010,0.00126749672927,0,0,0.07,0.0378263480961,2026-09-08T22:18:35.604489+00:00,study3b_fifo_runtime_v1
20445,C_1720,2009,2010,9.13280891837e-05,0,0,0.07,0.0378263480961,2026-09-08T22:18:35.604489+00:00,study3b_fifo_runtime_v1
20467,C_1722,2009,2010,0.00479068094864,0,0,0.07,0.0378263480961,2026-09-08T22:18:35.604489+00:00,study3b_fifo_runtime_v1
20496,C_1724,2009,2010,6.83207254042e-05,0,0,0.07,0.0378263480961,2026-09-08T22:18:35.604489+00:00,study3b_fifo_runtime_v1
20511,C_1725,2009,2010,0.000126373925013,0,0,0.07,0.0378263480961,2026-09-08T22:18:35.604489+00:00,study3b_fifo_runtime_v1
20531,C_1726,2009,2010,0.00189843878616,0,0,0.07,0.0378263480961,2026-09-08T22:18:35.604489+00:00,study3b_fifo_runtime_v1
20561,C_1730,2009,2010,0.00104251934681,0,0,0.07,0.0378263480961,2026-09-08T22:18:35.604489+00:00,study3b_fifo_runtime_v1
20581,C_1731,2009,2010,0.004361549858,0,0,0.07,0.0378263480961,2026-09-08T22:18:35.604489+00:00,study3b_fifo_runtime_v1
20598,C_1732,2009,2010,0.00199158466421,0,0,0.07,0.0378263480961,2026-09-08T22:18:35.604489+00:00,study3b_fifo_runtime_v1
20618,C_1733,2009,2010,0.00030139303999,0,0,0.07,0.0378263480961,2026-09-08T22:18:35.604489+00:00,study3b_fifo_runtime_v1
20638,C_1734,2009,2010,0.00458141835406,0,0,0.07,0.0378263480961,2026-09-08T22:18:35.604489+00:00,study3b_fifo_runtime_v1
20663,C_1737,2009,2010,0.000150163614308,0,0,0.07,0.0378263480961,2026-09-08T22:18:35.604489+00:00,study3b_fifo_runtime_v1
20690,C_1739,2009,2010,1.78901736945e-05,0,0,0.07,0.0378263480961,2026-09-08T22:18:35.604489+00:00,study3b_fifo_runtime_v1
20710,C_1740,2009,2010,0.000163506381796,0,0,0.07,0.0378263480961,2026-09-08T22:18:35.604489+00:00,study3b_fifo_runtime_v1
20730,C_1741,2009,2010,5.6140092056e-05,0,0,0.07,0.0378263480961,2026-09-08T22:18:35.604489+00:00,study3b_fifo_runtime_v1
20758,C_1744,2009,2010,0.000289980205707,0,0,0.07,0.0378263480961,2026-09-08T22:18:35.604489+00:00,study3b_fifo_runtime_v1
20777,C_1745,2009,2010,0.00109886017162,0,0,0.07,0.0378263480961,2026-09-08T22:18:35.604489+00:00,study3b_fifo_runtime_v1
20799,C_1747,2009,2010,0.217833995819,1,1,0.07,0.0378263480961,2026-09-08T22:18:35.604489+00:00,study3b_fifo_runtime_v1
20820,C_1749,2009,2010,0.000572153599933,0,0,0.07,0.0378263480961,2026-09-08T22:18:35.604489+00:00,study3b_fifo_runtime_v1
20850,C_1751,2009,2010,0.113920934498,1,1,0.07,0.0378263480961,2026-09-08T22:18:35.604489+00:00,study3b_fifo_runtime_v1
20873,C_1753,2009,2010,6.61543963361e-05,0,0,0.07,0.0378263480961,2026-09-08T22:18:35.604489+00:00,study3b_fifo_runtime_v1
20894,C_1755,2009,2010,0.00297519471496,0,0,0.07,0.0378263480961,2026-09-08T22:18:35.604489+00:00,study3b_fifo_runtime_v1
20935,C_1761,2009,2010,0.000380001263693,0,0,0.07,0.0378263480961,2026-09-08T22:18:35.604489+00:00,study3b_fifo_runtime_v1
20979,C_1766,2009,2010,0.00145176053047,0,0,0.07,0.0378263480961,2026-09-08T22:18:35.604489+00:00,study3b_fifo_runtime_v1
21010,C_1771,2009,2010,0.000455311179394,0,0,0.07,0.0378263480961,2026-09-08T22:18:35.604489+00:00,study3b_fifo_runtime_v1
21030,C_1772,2009,2010,0.0665552392602,0,1,0.07,0.0378263480961,2026-09-08T22:18:35.604489+00:00,study3b_fifo_runtime_v1
21041,C_1773,2009,2010,0.000334327545715,0,0,0.07,0.0378263480961,2026-09-08T22:18:35.604489+00:00,study3b_fifo_runtime_v1
21065,C_1775,2009,2010,0.000874046992976,0,0,0.07,0.0378263480961,2026-09-08T22:18:35.604489+00:00,study3b_fifo_runtime_v1
21086,C_1777,2009,2010,3.91791436414e-05,0,0,0.07,0.0378263480961,2026-09-08T22:18:35.604489+00:00,study3b_fifo_runtime_v1
21121,C_1781,2009,2010,5.04951422045e-05,0,0,0.07,0.0378263480961,2026-09-08T22:18:35.604489+00:00,study3b_fifo_runtime_v1
21147,C_1784,2009,2010,8.74021861819e-05,0,0,0.07,0.0378263480961,2026-09-08T22:18:35.604489+00:00,study3b_fifo_runtime_v1
21164,C_1785,2009,2010,0.0061128041707,0,0,0.07,0.0378263480961,2026-09-08T22:18:35.604489+00:00,study3b_fifo_runtime_v1
21178,C_1787,2009,2010,0.000247449643211,0,0,0.07,0.0378263480961,2026-09-08T22:18:35.604489+00:00,study3b_fifo_runtime_v1
21190,C_1788,2009,2010,0.0017037288053,0,0,0.07,0.0378263480961,2026-09-08T22:18:35.604489+00:00,study3b_fifo_runtime_v1
21209,C_1790,2009,2010,0.000247840740485,0,0,0.07,0.0378263480961,2026-09-08T22:18:35.604489+00:00,study3b_fifo_runtime_v1
21242,C_1792,2009,2010,2.68708554358e-05,0,0,0.07,0.0378263480961,2026-09-08T22:18:35.604489+00:00,study3b_fifo_runtime_v1
21260,C_1793,2009,2010,3.89653541788e-05,0,0,0.07,0.0378263480961,2026-09-08T22:18:35.604489+00:00,study3b_fifo_runtime_v1
21295,C_1797,2009,2010,0.000116094575787,0,0,0.07,0.0378263480961,2026-09-08T22:18:35.604489+00:00,study3b_fifo_runtime_v1
21319,C_1799,2009,2010,2.40473546e-05,0,0,0.07,0.0378263480961,2026-09-08T22:18:35.604489+00:00,study3b_fifo_runtime_v1
21339,C_1800,2009,2010,0.000234543535043,0,0,0.07,0.0378263480961,2026-09-08T22:18:35.604489+00:00,study3b_fifo_runtime_v1
21361,C_1806,2009,2010,0.0558383725584,0,1,0.07,0.0378263480961,2026-09-08T22:18:35.604489+00:00,study3b_fifo_runtime_v1
21388,C_1809,2009,2010,0.000161716059665,0,0,0.07,0.0378263480961,2026-09-08T22:18:35.604489+00:00,study3b_fifo_runtime_v1
21404,C_1810,2009,2010,0.00113879784476,0,0,0.07,0.0378263480961,2026-09-08T22:18:35.604489+00:00,study3b_fifo_runtime_v1
21417,C_1811,2009,2010,8.26476480142e-06,0,0,0.07,0.0378263480961,2026-09-08T22:18:35.604489+00:00,study3b_fifo_runtime_v1
21437,C_1813,2009,2010,0.000198580208234,0,0,0.07,0.0378263480961,2026-09-08T22:18:35.604489+00:00,study3b_fifo_runtime_v1
21464,C_1815,2009,2010,5.70517295273e-05,0,0,0.07,0.0378263480961,2026-09-08T22:18:35.604489+00:00,study3b_fifo_runtime_v1
21494,C_1818,2009,2010,0.0120982676744,0,0,0.07,0.0378263480961,2026-09-08T22:18:35.604489+00:00,study3b_fifo_runtime_v1
21530,C_1822,2009,2010,0.000662478152663,0,0,0.07,0.0378263480961,2026-09-08T22:18:35.604489+00:00,study3b_fifo_runtime_v1
21550,C_1823,2009,2010,0.00800335593522,0,0,0.07,0.0378263480961,2026-09-08T22:18:35.604489+00:00,study3b_fifo_runtime_v1
21568,C_1825,2009,2010,0.0001783589978,0,0,0.07,0.0378263480961,2026-09-08T22:18:35.604489+00:00,study3b_fifo_runtime_v1
21588,C_1826,2009,2010,9.83190475381e-05,0,0,0.07,0.0378263480961,2026-09-08T22:18:35.604489+00:00,study3b_fifo_runtime_v1
21630,C_1832,2009,2010,0.000231731100939,0,0,0.07,0.0378263480961,2026-09-08T22:18:35.604489+00:00,study3b_fifo_runtime_v1
21653,C_1834,2009,2010,2.1824542273e-05,0,0,0.07,0.0378263480961,2026-09-08T22:18:35.604489+00:00,study3b_fifo_runtime_v1
21664,C_1835,2009,2010,0.000238818000071,0,0,0.07,0.0378263480961,2026-09-08T22:18:35.604489+00:00,study3b_fifo_runtime_v1
21693,C_1837,2009,2010,0.000177407098818,0,0,0.07,0.0378263480961,2026-09-08T22:18:35.604489+00:00,study3b_fifo_runtime_v1
21707,C_1839,2009,2010,0.000526081770658,0,0,0.07,0.0378263480961,2026-09-08T22:18:35.604489+00:00,study3b_fifo_runtime_v1
21722,C_1840,2009,2010,0.000445194105851,0,0,0.07,0.0378263480961,2026-09-08T22:18:35.604489+00:00,study3b_fifo_runtime_v1
21736,C_1841,2009,2010,2.17763954424e-05,0,0,0.07,0.0378263480961,2026-09-08T22:18:35.604489+00:00,study3b_fifo_runtime_v1
21750,C_1843,2009,2010,0.000171776468051,0,0,0.07,0.0378263480961,2026-09-08T22:18:35.604489+00:00,study3b_fifo_runtime_v1
21770,C_1844,2009,2010,5.92647593294e-05,0,0,0.07,0.0378263480961,2026-09-08T22:18:35.604489+00:00,study3b_fifo_runtime_v1
21797,C_1847,2009,2010,0.000122253200971,0,0,0.07,0.0378263480961,2026-09-08T22:18:35.604489+00:00,study3b_fifo_runtime_v1
21809,C_1848,2009,2010,0.000101238372736,0,0,0.07,0.0378263480961,2026-09-08T22:18:35.604489+00:00,study3b_fifo_runtime_v1
21827,C_1849,2009,2010,0.00012697391503,0,0,0.07,0.0378263480961,2026-09-08T22:18:35.604489+00:00,study3b_fifo_runtime_v1
21845,C_1852,2009,2010,0.000415892427554,0,0,0.07,0.0378263480961,2026-09-08T22:18:35.604489+00:00,study3b_fifo_runtime_v1
21865,C_1853,2009,2010,1.79092730832e-05,0,0,0.07,0.0378263480961,2026-09-08T22:18:35.604489+00:00,study3b_fifo_runtime_v1
21888,C_1855,2009,2010,0.000295670703053,0,0,0.07,0.0378263480961,2026-09-08T22:18:35.604489+00:00,study3b_fifo_runtime_v1
21907,C_1857,2009,2010,6.4022904553e-05,0,0,0.07,0.0378263480961,2026-09-08T22:18:35.604489+00:00,study3b_fifo_runtime_v1
21933,C_1859,2009,2010,0.00600246107206,0,0,0.07,0.0378263480961,2026-09-08T22:18:35.604489+00:00,study3b_fifo_runtime_v1
21962,C_1861,2009,2010,0.000134612957481,0,0,0.07,0.0378263480961,2026-09-08T22:18:35.604489+00:00,study3b_fifo_runtime_v1
21975,C_1863,2009,2010,0.00026672842796,0,0,0.07,0.0378263480961,2026-09-08T22:18:35.604489+00:00,study3b_fifo_runtime_v1
22005,C_1867,2009,2010,3.72958420485e-05,0,0,0.07,0.0378263480961,2026-09-08T22:18:35.604489+00:00,study3b_fifo_runtime_v1
22037,C_1873,2009,2010,1.70239673025e-05,0,0,0.07,0.0378263480961,2026-09-08T22:18:35.604489+00:00,study3b_fifo_runtime_v1
22057,C_1874,2009,2010,0.0108840884641,0,0,0.07,0.0378263480961,2026-09-08T22:18:35.604489+00:00,study3b_fifo_runtime_v1
22070,C_1875,2009,2010,0.00051154952962,0,0,0.07,0.0378263480961,2026-09-08T22:18:35.604489+00:00,study3b_fifo_runtime_v1
22096,C_1878,2009,2010,0.00103218771983,0,0,0.07,0.0378263480961,2026-09-08T22:18:35.604489+00:00,study3b_fifo_runtime_v1
22116,C_1879,2009,2010,0.000569000083487,0,0,0.07,0.0378263480961,2026-09-08T22:18:35.604489+00:00,study3b_fifo_runtime_v1
22127,C_1880,2009,2010,0.00241281907074,0,0,0.07,0.0378263480961,2026-09-08T22:18:35.604489+00:00,study3b_fifo_runtime_v1
22150,C_1883,2009,2010,0.000179588983883,0,0,0.07,0.0378263480961,2026-09-08T22:18:35.604489+00:00,study3b_fifo_runtime_v1
22173,C_1885,2009,2010,0.00102556135971,0,0,0.07,0.0378263480961,2026-09-08T22:18:35.604489+00:00,study3b_fifo_runtime_v1
22191,C_1888,2009,2010,0.040246643126,0,1,0.07,0.0378263480961,2026-09-08T22:18:35.604489+00:00,study3b_fifo_runtime_v1
22204,C_1889,2009,2010,0.000743223878089,0,0,0.07,0.0378263480961,2026-09-08T22:18:35.604489+00:00,study3b_fifo_runtime_v1
22232,C_1891,2009,2010,0.000519365770742,0,0,0.07,0.0378263480961,2026-09-08T22:18:35.604489+00:00,study3b_fifo_runtime_v1
22264,C_1894,2009,2010,0.000100549201306,0,0,0.07,0.0378263480961,2026-09-08T22:18:35.604489+00:00,study3b_fifo_runtime_v1
22294,C_1896,2009,2010,0.000196044376935,0,0,0.07,0.0378263480961,2026-09-08T22:18:35.604489+00:00,study3b_fifo_runtime_v1
22316,C_1898,2009,2010,0.0148650379851,0,0,0.07,0.0378263480961,2026-09-08T22:18:35.604489+00:00,study3b_fifo_runtime_v1
22343,C_1902,2009,2010,4.3920124881e-05,0,0,0.07,0.0378263480961,2026-09-08T22:18:35.604489+00:00,study3b_fifo_runtime_v1
22370,C_1905,2009,2010,0.000150208637933,0,0,0.07,0.0378263480961,2026-09-08T22:18:35.604489+00:00,study3b_fifo_runtime_v1
22387,C_1907,2009,2010,2.16764728975e-05,0,0,0.07,0.0378263480961,2026-09-08T22:18:35.604489+00:00,study3b_fifo_runtime_v1
22453,C_1917,2009,2010,1.06967390821e-05,0,0,0.07,0.0378263480961,2026-09-08T22:18:35.604489+00:00,study3b_fifo_runtime_v1
22473,C_1918,2009,2010,0.000271569384495,0,0,0.07,0.0378263480961,2026-09-08T22:18:35.604489+00:00,study3b_fifo_runtime_v1
22493,C_1920,2009,2010,8.21898574941e-05,0,0,0.07,0.0378263480961,2026-09-08T22:18:35.604489+00:00,study3b_fifo_runtime_v1
22512,C_1922,2009,2010,1.06380393845e-05,0,0,0.07,0.0378263480961,2026-09-08T22:18:35.604489+00:00,study3b_fifo_runtime_v1
22538,C_1927,2009,2010,9.82472629403e-05,0,0,0.07,0.0378263480961,2026-09-08T22:18:35.604489+00:00,study3b_fifo_runtime_v1
22557,C_1928,2009,2010,8.02785962151e-06,0,0,0.07,0.0378263480961,2026-09-08T22:18:35.604489+00:00,study3b_fifo_runtime_v1
22573,C_1929,2009,2010,0.000818142201751,0,0,0.07,0.0378263480961,2026-09-08T22:18:35.604489+00:00,study3b_fifo_runtime_v1
22595,C_1931,2009,2010,0.00640710582957,0,0,0.07,0.0378263480961,2026-09-08T22:18:35.604489+00:00,study3b_fifo_runtime_v1
22617,C_1933,2009,2010,8.65141264512e-05,0,0,0.07,0.0378263480961,2026-09-08T22:18:35.604489+00:00,study3b_fifo_runtime_v1
22639,C_1936,2009,2010,0.00199817656539,0,0,0.07,0.0378263480961,2026-09-08T22:18:35.604489+00:00,study3b_fifo_runtime_v1
22655,C_1937,2009,2010,8.62310116645e-05,0,0,0.07,0.0378263480961,2026-09-08T22:18:35.604489+00:00,study3b_fifo_runtime_v1
22675,C_1938,2009,2010,0.0472571849823,0,1,0.07,0.0378263480961,2026-09-08T22:18:35.604489+00:00,study3b_fifo_runtime_v1
22706,C_1941,2009,2010,0.000744430406485,0,0,0.07,0.0378263480961,2026-09-08T22:18:35.604489+00:00,study3b_fifo_runtime_v1
22724,C_1943,2009,2010,0.000261622451944,0,0,0.07,0.0378263480961,2026-09-08T22:18:35.604489+00:00,study3b_fifo_runtime_v1
22741,C_1945,2009,2010,0.000159518254804,0,0,0.07,0.0378263480961,2026-09-08T22:18:35.604489+00:00,study3b_fifo_runtime_v1
22769,C_1949,2009,2010,0.0069754011929,0,0,0.07,0.0378263480961,2026-09-08T22:18:35.604489+00:00,study3b_fifo_runtime_v1
22785,C_1950,2009,2010,0.0400926955044,0,1,0.07,0.0378263480961,2026-09-08T22:18:35.604489+00:00,study3b_fifo_runtime_v1
22821,C_1954,2009,2010,0.000107112187834,0,0,0.07,0.0378263480961,2026-09-08T22:18:35.604489+00:00,study3b_fifo_runtime_v1
22846,C_1956,2009,2010,0.00146766251419,0,0,0.07,0.0378263480961,2026-09-08T22:18:35.604489+00:00,study3b_fifo_runtime_v1
22877,C_1960,2009,2010,0.000924063555431,0,0,0.07,0.0378263480961,2026-09-08T22:18:35.604489+00:00,study3b_fifo_runtime_v1
22886,C_1961,2009,2010,0.000287115253741,0,0,0.07,0.0378263480961,2026-09-08T22:18:35.604489+00:00,study3b_fifo_runtime_v1
22904,C_1962,2009,2010,0.0758370310068,1,1,0.07,0.0378263480961,2026-09-08T22:18:35.604489+00:00,study3b_fifo_runtime_v1
22924,C_1963,2009,2010,0.000225304858759,0,0,0.07,0.0378263480961,2026-09-08T22:18:35.604489+00:00,study3b_fifo_runtime_v1
22948,C_1965,2009,2010,4.52877575299e-05,0,0,0.07,0.0378263480961,2026-09-08T22:18:35.604489+00:00,study3b_fifo_runtime_v1
22968,C_1966,2009,2010,0.00358725641854,0,0,0.07,0.0378263480961,2026-09-08T22:18:35.604489+00:00,study3b_fifo_runtime_v1
22993,C_1970,2009,2010,0.00865405891091,0,0,0.07,0.0378263480961,2026-09-08T22:18:35.604489+00:00,study3b_fifo_runtime_v1
23025,C_1974,2009,2010,0.00150490552187,0,0,0.07,0.0378263480961,2026-09-08T22:18:35.604489+00:00,study3b_fifo_runtime_v1
23041,C_1976,2009,2010,0.000305214780383,0,0,0.07,0.0378263480961,2026-09-08T22:18:35.604489+00:00,study3b_fifo_runtime_v1
23062,C_1978,2009,2010,0.00223014201038,0,0,0.07,0.0378263480961,2026-09-08T22:18:35.604489+00:00,study3b_fifo_runtime_v1
23080,C_1979,2009,2010,0.00144297385123,0,0,0.07,0.0378263480961,2026-09-08T22:18:35.604489+00:00,study3b_fifo_runtime_v1
23097,C_1980,2009,2010,0.0478263534606,0,1,0.07,0.0378263480961,2026-09-08T22:18:35.604489+00:00,study3b_fifo_runtime_v1
23114,C_1982,2009,2010,0.000189161175513,0,0,0.07,0.0378263480961,2026-09-08T22:18:35.604489+00:00,study3b_fifo_runtime_v1
23134,C_1984,2009,2010,4.40532639914e-05,0,0,0.07,0.0378263480961,2026-09-08T22:18:35.604489+00:00,study3b_fifo_runtime_v1
23164,C_1988,2009,2010,4.08514788433e-05,0,0,0.07,0.0378263480961,2026-09-08T22:18:35.604489+00:00,study3b_fifo_runtime_v1
23177,C_1990,2009,2010,0.00214912113734,0,0,0.07,0.0378263480961,2026-09-08T22:18:35.604489+00:00,study3b_fifo_runtime_v1
23197,C_1991,2009,2010,0.00250579463318,0,0,0.07,0.0378263480961,2026-09-08T22:18:35.604489+00:00,study3b_fifo_runtime_v1
23209,C_1992,2009,2010,5.02975490235e-05,0,0,0.07,0.0378263480961,2026-09-08T22:18:35.604489+00:00,study3b_fifo_runtime_v1
23222,C_1993,2009,2010,0.00082584755728,0,0,0.07,0.0378263480961,2026-09-08T22:18:35.604489+00:00,study3b_fifo_runtime_v1
23248,C_1995,2009,2010,0.0194381773472,0,0,0.07,0.0378263480961,2026-09-08T22:18:35.604489+00:00,study3b_fifo_runtime_v1
23260,C_1996,2009,2010,0.00023804216471,0,0,0.07,0.0378263480961,2026-09-08T22:18:35.604489+00:00,study3b_fifo_runtime_v1
23272,C_1997,2009,2010,4.77178873552e-05,0,0,0.07,0.0378263480961,2026-09-08T22:18:35.604489+00:00,study3b_fifo_runtime_v1
23297,C_1999,2009,2010,0.000111059525807,0,0,0.07,0.0378263480961,2026-09-08T22:18:35.604489+00:00,study3b_fifo_runtime_v1
23327,C_2001,2009,2010,5.71081036469e-05,0,0,0.07,0.0378263480961,2026-09-08T22:18:35.604489+00:00,study3b_fifo_runtime_v1
23339,C_2002,2009,2010,0.000135058013257,0,0,0.07,0.0378263480961,2026-09-08T22:18:35.604489+00:00,study3b_fifo_runtime_v1
23355,C_2003,2009,2010,1.3956058865e-05,0,0,0.07,0.0378263480961,2026-09-08T22:18:35.604489+00:00,study3b_fifo_runtime_v1
23376,C_2005,2009,2010,0.000942378595937,0,0,0.07,0.0378263480961,2026-09-08T22:18:35.604489+00:00,study3b_fifo_runtime_v1
23393,C_2006,2009,2010,0.00483787385747,0,0,0.07,0.0378263480961,2026-09-08T22:18:35.604489+00:00,study3b_fifo_runtime_v1
23406,C_2007,2009,2010,0.000302925094729,0,0,0.07,0.0378263480961,2026-09-08T22:18:35.604489+00:00,study3b_fifo_runtime_v1
23426,C_2008,2009,2010,3.45803600794e-05,0,0,0.07,0.0378263480961,2026-09-08T22:18:35.604489+00:00,study3b_fifo_runtime_v1
23457,C_2012,2009,2010,3.4683256672e-05,0,0,0.07,0.0378263480961,2026-09-08T22:18:35.604489+00:00,study3b_fifo_runtime_v1
23481,C_2015,2009,2010,4.29221145168e-05,0,0,0.07,0.0378263480961,2026-09-08T22:18:35.604489+00:00,study3b_fifo_runtime_v1
23515,C_2018,2009,2010,0.000225046125706,0,0,0.07,0.0378263480961,2026-09-08T22:18:35.604489+00:00,study3b_fifo_runtime_v1
23535,C_2019,2009,2010,0.000214072293602,0,0,0.07,0.0378263480961,2026-09-08T22:18:35.604489+00:00,study3b_fifo_runtime_v1
23557,C_2021,2009,2010,0.00040332833305,0,0,0.07,0.0378263480961,2026-09-08T22:18:35.604489+00:00,study3b_fifo_runtime_v1
23577,C_2022,2009,2010,0.000234197010286,0,0,0.07,0.0378263480961,2026-09-08T22:18:35.604489+00:00,study3b_fifo_runtime_v1
23622,C_2028,2009,2010,0.000227999291383,0,0,0.07,0.0378263480961,2026-09-08T22:18:35.604489+00:00,study3b_fifo_runtime_v1
23635,C_2029,2009,2010,0.000495072279591,0,0,0.07,0.0378263480961,2026-09-08T22:18:35.604489+00:00,study3b_fifo_runtime_v1
23654,C_2031,2009,2010,3.70882880816e-05,0,0,0.07,0.0378263480961,2026-09-08T22:18:35.604489+00:00,study3b_fifo_runtime_v1
23675,C_2033,2009,2010,0.00182196113747,0,0,0.07,0.0378263480961,2026-09-08T22:18:35.604489+00:00,study3b_fifo_runtime_v1
23688,C_2034,2009,2010,4.29136125604e-05,0,0,0.07,0.0378263480961,2026-09-08T22:18:35.604489+00:00,study3b_fifo_runtime_v1
23716,C_2039,2009,2010,0.00252821762115,0,0,0.07,0.0378263480961,2026-09-08T22:18:35.604489+00:00,study3b_fifo_runtime_v1
23738,C_2041,2009,2010,0.00231364974752,0,0,0.07,0.0378263480961,2026-09-08T22:18:35.604489+00:00,study3b_fifo_runtime_v1
23757,C_2045,2009,2010,0.0298451278359,0,0,0.07,0.0378263480961,2026-09-08T22:18:35.604489+00:00,study3b_fifo_runtime_v1
23768,C_2046,2009,2010,7.15224596206e-05,0,0,0.07,0.0378263480961,2026-09-08T22:18:35.604489+00:00,study3b_fifo_runtime_v1
23790,C_2049,2009,2010,1.65805158758e-05,0,0,0.07,0.0378263480961,2026-09-08T22:18:35.604489+00:00,study3b_fifo_runtime_v1
23816,C_2051,2009,2010,0.0232924874872,0,0,0.07,0.0378263480961,2026-09-08T22:18:35.604489+00:00,study3b_fifo_runtime_v1
23825,C_2052,2009,2010,0.000620164966676,0,0,0.07,0.0378263480961,2026-09-08T22:18:35.604489+00:00,study3b_fifo_runtime_v1
23847,C_2055,2009,2010,0.0140516096726,0,0,0.07,0.0378263480961,2026-09-08T22:18:35.604489+00:00,study3b_fifo_runtime_v1
23859,C_2056,2009,2010,0.000356372212991,0,0,0.07,0.0378263480961,2026-09-08T22:18:35.604489+00:00,study3b_fifo_runtime_v1
23880,C_2058,2009,2010,0.004127306398,0,0,0.07,0.0378263480961,2026-09-08T22:18:35.604489+00:00,study3b_fifo_runtime_v1
23902,C_2060,2009,2010,0.00113699480426,0,0,0.07,0.0378263480961,2026-09-08T22:18:35.604489+00:00,study3b_fifo_runtime_v1
23945,C_2066,2009,2010,0.000347563996911,0,0,0.07,0.0378263480961,2026-09-08T22:18:35.604489+00:00,study3b_fifo_runtime_v1
23980,C_2070,2009,2010,0.000255697028479,0,0,0.07,0.0378263480961,2026-09-08T22:18:35.604489+00:00,study3b_fifo_runtime_v1
24000,C_2071,2009,2010,7.00717209838e-05,0,0,0.07,0.0378263480961,2026-09-08T22:18:35.604489+00:00,study3b_fifo_runtime_v1
24018,C_2073,2009,2010,0.00161196058616,0,0,0.07,0.0378263480961,2026-09-08T22:18:35.604489+00:00,study3b_fifo_runtime_v1
24043,C_2078,2009,2010,0.000635010714177,0,0,0.07,0.0378263480961,2026-09-08T22:18:35.604489+00:00,study3b_fifo_runtime_v1
24069,C_2081,2009,2010,0.000239907836658,0,0,0.07,0.0378263480961,2026-09-08T22:18:35.604489+00:00,study3b_fifo_runtime_v1
24084,C_2083,2009,2010,0.00106936611701,0,0,0.07,0.0378263480961,2026-09-08T22:18:35.604489+00:00,study3b_fifo_runtime_v1
24112,C_2085,2009,2010,0.0135013861582,0,0,0.07,0.0378263480961,2026-09-08T22:18:35.604489+00:00,study3b_fifo_runtime_v1
24160,C_2093,2009,2010,0.000213182691368,0,0,0.07,0.0378263480961,2026-09-08T22:18:35.604489+00:00,study3b_fifo_runtime_v1
24202,C_2097,2009,2010,0.0019415236311,0,0,0.07,0.0378263480961,2026-09-08T22:18:35.604489+00:00,study3b_fifo_runtime_v1
24232,C_2101,2009,2010,0.01107955724,0,0,0.07,0.0378263480961,2026-09-08T22:18:35.604489+00:00,study3b_fifo_runtime_v1
24246,C_2102,2009,2010,0.0018676148029,0,0,0.07,0.0378263480961,2026-09-08T22:18:35.604489+00:00,study3b_fifo_runtime_v1
24265,C_2103,2009,2010,0.269658148289,1,1,0.07,0.0378263480961,2026-09-08T22:18:35.604489+00:00,study3b_fifo_runtime_v1
24281,C_2105,2009,2010,9.90611806628e-05,0,0,0.07,0.0378263480961,2026-09-08T22:18:35.604489+00:00,study3b_fifo_runtime_v1
24309,C_2107,2009,2010,0.000134499699925,0,0,0.07,0.0378263480961,2026-09-08T22:18:35.604489+00:00,study3b_fifo_runtime_v1
24330,C_2112,2009,2010,0.00190285954159,0,0,0.07,0.0378263480961,2026-09-08T22:18:35.604489+00:00,study3b_fifo_runtime_v1
24350,C_2113,2009,2010,0.00196448527277,0,0,0.07,0.0378263480961,2026-09-08T22:18:35.604489+00:00,study3b_fifo_runtime_v1
24367,C_2116,2009,2010,9.58098753472e-05,0,0,0.07,0.0378263480961,2026-09-08T22:18:35.604489+00:00,study3b_fifo_runtime_v1
24387,C_2118,2009,2010,0.00234214798547,0,0,0.07,0.0378263480961,2026-09-08T22:18:35.604489+00:00,study3b_fifo_runtime_v1
24406,C_2122,2009,2010,0.00157141929958,0,0,0.07,0.0378263480961,2026-09-08T22:18:35.604489+00:00,study3b_fifo_runtime_v1
24432,C_2125,2009,2010,0.000363930914318,0,0,0.07,0.0378263480961,2026-09-08T22:18:35.604489+00:00,study3b_fifo_runtime_v1
24461,C_2129,2009,2010,0.0019123259699,0,0,0.07,0.0378263480961,2026-09-08T22:18:35.604489+00:00,study3b_fifo_runtime_v1
24481,C_2130,2009,2010,0.00137934694067,0,0,0.07,0.0378263480961,2026-09-08T22:18:35.604489+00:00,study3b_fifo_runtime_v1
24506,C_2133,2009,2010,0.000117418974696,0,0,0.07,0.0378263480961,2026-09-08T22:18:35.604489+00:00,study3b_fifo_runtime_v1
24543,C_2138,2009,2010,0.000345449894667,0,0,0.07,0.0378263480961,2026-09-08T22:18:35.604489+00:00,study3b_fifo_runtime_v1
24555,C_2139,2009,2010,0.000107448460767,0,0,0.07,0.0378263480961,2026-09-08T22:18:35.604489+00:00,study3b_fifo_runtime_v1
24582,C_2141,2009,2010,0.000124843296362,0,0,0.07,0.0378263480961,2026-09-08T22:18:35.604489+00:00,study3b_fifo_runtime_v1
24605,C_2143,2009,2010,0.000172731597559,0,0,0.07,0.0378263480961,2026-09-08T22:18:35.604489+00:00,study3b_fifo_runtime_v1
24630,C_2148,2009,2010,0.000157002621563,0,0,0.07,0.0378263480961,2026-09-08T22:18:35.604489+00:00,study3b_fifo_runtime_v1
24650,C_2149,2009,2010,0.000170300118043,0,0,0.07,0.0378263480961,2026-09-08T22:18:35.604489+00:00,study3b_fifo_runtime_v1
24670,C_2150,2009,2010,9.39176170505e-05,0,0,0.07,0.0378263480961,2026-09-08T22:18:35.604489+00:00,study3b_fifo_runtime_v1
24694,C_2152,2009,2010,0.000917885161471,0,0,0.07,0.0378263480961,2026-09-08T22:18:35.604489+00:00,study3b_fifo_runtime_v1
24726,C_2155,2009,2010,0.000502627168316,0,0,0.07,0.0378263480961,2026-09-08T22:18:35.604489+00:00,study3b_fifo_runtime_v1
24736,C_2156,2009,2010,0.00016822454927,0,0,0.07,0.0378263480961,2026-09-08T22:18:35.604489+00:00,study3b_fifo_runtime_v1
24749,C_2157,2009,2010,3.775974983e-05,0,0,0.07,0.0378263480961,2026-09-08T22:18:35.604489+00:00,study3b_fifo_runtime_v1
24790,C_2165,2009,2010,3.03860379063e-05,0,0,0.07,0.0378263480961,2026-09-08T22:18:35.604489+00:00,study3b_fifo_runtime_v1
24810,C_2166,2009,2010,0.0030435314402,0,0,0.07,0.0378263480961,2026-09-08T22:18:35.604489+00:00,study3b_fifo_runtime_v1
24831,C_2168,2009,2010,0.000132320114062,0,0,0.07,0.0378263480961,2026-09-08T22:18:35.604489+00:00,study3b_fifo_runtime_v1
24854,C_2170,2009,2010,0.000159318675287,0,0,0.07,0.0378263480961,2026-09-08T22:18:35.604489+00:00,study3b_fifo_runtime_v1
24885,C_2173,2009,2010,0.000222545306315,0,0,0.07,0.0378263480961,2026-09-08T22:18:35.604489+00:00,study3b_fifo_runtime_v1
24904,C_2174,2009,2010,0.000123902733321,0,0,0.07,0.0378263480961,2026-09-08T22:18:35.604489+00:00,study3b_fifo_runtime_v1
24927,C_2176,2009,2010,0.000670390960295,0,0,0.07,0.0378263480961,2026-09-08T22:18:35.604489+00:00,study3b_fifo_runtime_v1
24946,C_2177,2009,2010,0.00566433556378,0,0,0.07,0.0378263480961,2026-09-08T22:18:35.604489+00:00,study3b_fifo_runtime_v1
24962,C_2178,2009,2010,6.19028360234e-05,0,0,0.07,0.0378263480961,2026-09-08T22:18:35.604489+00:00,study3b_fifo_runtime_v1
25014,C_2183,2009,2010,6.99805168551e-05,0,0,0.07,0.0378263480961,2026-09-08T22:18:35.604489+00:00,study3b_fifo_runtime_v1
25033,C_2184,2009,2010,0.00487743783742,0,0,0.07,0.0378263480961,2026-09-08T22:18:35.604489+00:00,study3b_fifo_runtime_v1
25062,C_2186,2009,2010,0.00508321681991,0,0,0.07,0.0378263480961,2026-09-08T22:18:35.604489+00:00,study3b_fifo_runtime_v1
25085,C_2189,2009,2010,0.000153057932039,0,0,0.07,0.0378263480961,2026-09-08T22:18:35.604489+00:00,study3b_fifo_runtime_v1
25158,C_2199,2009,2010,0.00051624228945,0,0,0.07,0.0378263480961,2026-09-08T22:18:35.604489+00:00,study3b_fifo_runtime_v1
25173,C_2202,2009,2010,0.00451091257855,0,0,0.07,0.0378263480961,2026-09-08T22:18:35.604489+00:00,study3b_fifo_runtime_v1
25193,C_2203,2009,2010,0.00083074811846,0,0,0.07,0.0378263480961,2026-09-08T22:18:35.604489+00:00,study3b_fifo_runtime_v1
25210,C_2205,2009,2010,0.00151553750038,0,0,0.07,0.0378263480961,2026-09-08T22:18:35.604489+00:00,study3b_fifo_runtime_v1
25217,C_2207,2009,2010,0.00702634407207,0,0,0.07,0.0378263480961,2026-09-08T22:18:35.604489+00:00,study3b_fifo_runtime_v1
25229,C_2208,2009,2010,2.2435300707e-05,0,0,0.07,0.0378263480961,2026-09-08T22:18:35.604489+00:00,study3b_fifo_runtime_v1
25251,C_2211,2009,2010,1.34965057441e-05,0,0,0.07,0.0378263480961,2026-09-08T22:18:35.604489+00:00,study3b_fifo_runtime_v1
25275,C_2213,2009,2010,7.43282134863e-06,0,0,0.07,0.0378263480961,2026-09-08T22:18:35.604489+00:00,study3b_fifo_runtime_v1
25299,C_2217,2009,2010,0.00530931726098,0,0,0.07,0.0378263480961,2026-09-08T22:18:35.604489+00:00,study3b_fifo_runtime_v1
25310,C_2218,2009,2010,2.16229254875e-05,0,0,0.07,0.0378263480961,2026-09-08T22:18:35.604489+00:00,study3b_fifo_runtime_v1
25335,C_2221,2009,2010,0.000948010245338,0,0,0.07,0.0378263480961,2026-09-08T22:18:35.604489+00:00,study3b_fifo_runtime_v1
25357,C_2224,2009,2010,0.00016706653696,0,0,0.07,0.0378263480961,2026-09-08T22:18:35.604489+00:00,study3b_fifo_runtime_v1
25381,C_2226,2009,2010,0.000119938951684,0,0,0.07,0.0378263480961,2026-09-08T22:18:35.604489+00:00,study3b_fifo_runtime_v1
25401,C_2228,2009,2010,0.000113432419312,0,0,0.07,0.0378263480961,2026-09-08T22:18:35.604489+00:00,study3b_fifo_runtime_v1
25421,C_2229,2009,2010,0.000303291744785,0,0,0.07,0.0378263480961,2026-09-08T22:18:35.604489+00:00,study3b_fifo_runtime_v1
25455,C_2234,2009,2010,0.000539093103725,0,0,0.07,0.0378263480961,2026-09-08T22:18:35.604489+00:00,study3b_fifo_runtime_v1
25468,C_2236,2009,2010,0.125082030892,1,1,0.07,0.0378263480961,2026-09-08T22:18:35.604489+00:00,study3b_fifo_runtime_v1
25478,C_2237,2009,2010,0.00159370352048,0,0,0.07,0.0378263480961,2026-09-08T22:18:35.604489+00:00,study3b_fifo_runtime_v1
25496,C_2240,2009,2010,0.000314943725243,0,0,0.07,0.0378263480961,2026-09-08T22:18:35.604489+00:00,study3b_fifo_runtime_v1
25516,C_2241,2009,2010,1.87697824003e-05,0,0,0.07,0.0378263480961,2026-09-08T22:18:35.604489+00:00,study3b_fifo_runtime_v1
25533,C_2242,2009,2010,0.000572288874537,0,0,0.07,0.0378263480961,2026-09-08T22:18:35.604489+00:00,study3b_fifo_runtime_v1
25551,C_2243,2009,2010,5.13263803441e-05,0,0,0.07,0.0378263480961,2026-09-08T22:18:35.604489+00:00,study3b_fifo_runtime_v1
25563,C_2244,2009,2010,7.97497414169e-05,0,0,0.07,0.0378263480961,2026-09-08T22:18:35.604489+00:00,study3b_fifo_runtime_v1
25583,C_2246,2009,2010,1.96584878722e-05,0,0,0.07,0.0378263480961,2026-09-08T22:18:35.604489+00:00,study3b_fifo_runtime_v1
25594,C_2247,2009,2010,0.0152258286253,0,0,0.07,0.0378263480961,2026-09-08T22:18:35.604489+00:00,study3b_fifo_runtime_v1
25622,C_2251,2009,2010,0.00254075531848,0,0,0.07,0.0378263480961,2026-09-08T22:18:35.604489+00:00,study3b_fifo_runtime_v1
25642,C_2253,2009,2010,9.89510808722e-05,0,0,0.07,0.0378263480961,2026-09-08T22:18:35.604489+00:00,study3b_fifo_runtime_v1
25668,C_2256,2009,2010,3.01520758512e-05,0,0,0.07,0.0378263480961,2026-09-08T22:18:35.604489+00:00,study3b_fifo_runtime_v1
25688,C_2257,2009,2010,0.000171621315531,0,0,0.07,0.0378263480961,2026-09-08T22:18:35.604489+00:00,study3b_fifo_runtime_v1
25731,C_2262,2009,2010,0.000275763537502,0,0,0.07,0.0378263480961,2026-09-08T22:18:35.604489+00:00,study3b_fifo_runtime_v1
25751,C_2263,2009,2010,2.74924841506e-05,0,0,0.07,0.0378263480961,2026-09-08T22:18:35.604489+00:00,study3b_fifo_runtime_v1
25771,C_2264,2009,2010,0.000106604878965,0,0,0.07,0.0378263480961,2026-09-08T22:18:35.604489+00:00,study3b_fifo_runtime_v1
25798,C_2266,2009,2010,0.000275412836345,0,0,0.07,0.0378263480961,2026-09-08T22:18:35.604489+00:00,study3b_fifo_runtime_v1
25811,C_2269,2009,2010,0.044334191829,0,1,0.07,0.0378263480961,2026-09-08T22:18:35.604489+00:00,study3b_fifo_runtime_v1
25824,C_2271,2009,2010,0.000456365669379,0,0,0.07,0.0378263480961,2026-09-08T22:18:35.604489+00:00,study3b_fifo_runtime_v1
25844,C_2273,2009,2010,0.00011254070705,0,0,0.07,0.0378263480961,2026-09-08T22:18:35.604489+00:00,study3b_fifo_runtime_v1
25856,C_2274,2009,2010,2.39657947532e-05,0,0,0.07,0.0378263480961,2026-09-08T22:18:35.604489+00:00,study3b_fifo_runtime_v1
25876,C_2275,2009,2010,0.0169698558748,0,0,0.07,0.0378263480961,2026-09-08T22:18:35.604489+00:00,study3b_fifo_runtime_v1
25903,C_2277,2009,2010,0.000104937331344,0,0,0.07,0.0378263480961,2026-09-08T22:18:35.604489+00:00,study3b_fifo_runtime_v1
25932,C_2281,2009,2010,0.000664339167997,0,0,0.07,0.0378263480961,2026-09-08T22:18:35.604489+00:00,study3b_fifo_runtime_v1
25944,C_2282,2009,2010,0.0188119802624,0,0,0.07,0.0378263480961,2026-09-08T22:18:35.604489+00:00,study3b_fifo_runtime_v1
25959,C_2284,2009,2010,0.000956608215347,0,0,0.07,0.0378263480961,2026-09-08T22:18:35.604489+00:00,study3b_fifo_runtime_v1
25979,C_2285,2009,2010,0.000316984340316,0,0,0.07,0.0378263480961,2026-09-08T22:18:35.604489+00:00,study3b_fifo_runtime_v1
25992,C_2286,2009,2010,0.00135556992609,0,0,0.07,0.0378263480961,2026-09-08T22:18:35.604489+00:00,study3b_fifo_runtime_v1
26025,C_2291,2009,2010,0.137958914042,1,1,0.07,0.0378263480961,2026-09-08T22:18:35.604489+00:00,study3b_fifo_runtime_v1
26035,C_2292,2009,2010,0.000910291681066,0,0,0.07,0.0378263480961,2026-09-08T22:18:35.604489+00:00,study3b_fifo_runtime_v1
26092,C_2298,2009,2010,0.000295553036267,0,0,0.07,0.0378263480961,2026-09-08T22:18:35.604489+00:00,study3b_fifo_runtime_v1
26121,C_2300,2009,2010,0.000155021858518,0,0,0.07,0.0378263480961,2026-09-08T22:18:35.604489+00:00,study3b_fifo_runtime_v1
26136,C_2301,2009,2010,0.00160736532416,0,0,0.07,0.0378263480961,2026-09-08T22:18:35.604489+00:00,study3b_fifo_runtime_v1
26150,C_2303,2009,2010,0.0118239643052,0,0,0.07,0.0378263480961,2026-09-08T22:18:35.604489+00:00,study3b_fifo_runtime_v1
26178,C_2307,2009,2010,3.78364711651e-05,0,0,0.07,0.0378263480961,2026-09-08T22:18:35.604489+00:00,study3b_fifo_runtime_v1
26203,C_2311,2009,2010,1.85280405276e-05,0,0,0.07,0.0378263480961,2026-09-08T22:18:35.604489+00:00,study3b_fifo_runtime_v1
26223,C_2312,2009,2010,0.00211549084634,0,0,0.07,0.0378263480961,2026-09-08T22:18:35.604489+00:00,study3b_fifo_runtime_v1
26244,C_2314,2009,2010,0.00148733879905,0,0,0.07,0.0378263480961,2026-09-08T22:18:35.604489+00:00,study3b_fifo_runtime_v1
26256,C_2316,2009,2010,0.000119992211694,0,0,0.07,0.0378263480961,2026-09-08T22:18:35.604489+00:00,study3b_fifo_runtime_v1
26285,C_2318,2009,2010,0.00107906071935,0,0,0.07,0.0378263480961,2026-09-08T22:18:35.604489+00:00,study3b_fifo_runtime_v1
26308,C_2320,2009,2010,0.00663209706545,0,0,0.07,0.0378263480961,2026-09-08T22:18:35.604489+00:00,study3b_fifo_runtime_v1
26326,C_2321,2009,2010,0.003412428312,0,0,0.07,0.0378263480961,2026-09-08T22:18:35.604489+00:00,study3b_fifo_runtime_v1
26345,C_2322,2009,2010,0.000731547595933,0,0,0.07,0.0378263480961,2026-09-08T22:18:35.604489+00:00,study3b_fifo_runtime_v1
26357,C_2323,2009,2010,0.000145136509673,0,0,0.07,0.0378263480961,2026-09-08T22:18:35.604489+00:00,study3b_fifo_runtime_v1
26381,C_2325,2009,2010,0.0012976086,0,0,0.07,0.0378263480961,2026-09-08T22:18:35.604489+00:00,study3b_fifo_runtime_v1
26394,C_2326,2009,2010,0.000807486707345,0,0,0.07,0.0378263480961,2026-09-08T22:18:35.604489+00:00,study3b_fifo_runtime_v1
26414,C_2327,2009,2010,0.000471630395623,0,0,0.07,0.0378263480961,2026-09-08T22:18:35.604489+00:00,study3b_fifo_runtime_v1
26434,C_2330,2009,2010,0.00063315324951,0,0,0.07,0.0378263480961,2026-09-08T22:18:35.604489+00:00,study3b_fifo_runtime_v1
26452,C_2333,2009,2010,0.000410868640756,0,0,0.07,0.0378263480961,2026-09-08T22:18:35.604489+00:00,study3b_fifo_runtime_v1
26464,C_2334,2009,2010,0.00173591764178,0,0,0.07,0.0378263480961,2026-09-08T22:18:35.604489+00:00,study3b_fifo_runtime_v1
26479,C_2335,2009,2010,0.0115327686071,0,0,0.07,0.0378263480961,2026-09-08T22:18:35.604489+00:00,study3b_fifo_runtime_v1
26496,C_2336,2009,2010,0.000207048840821,0,0,0.07,0.0378263480961,2026-09-08T22:18:35.604489+00:00,study3b_fifo_runtime_v1
26531,C_2340,2009,2010,0.000174665954546,0,0,0.07,0.0378263480961,2026-09-08T22:18:35.604489+00:00,study3b_fifo_runtime_v1
26543,C_2341,2009,2010,0.000687418796588,0,0,0.07,0.0378263480961,2026-09-08T22:18:35.604489+00:00,study3b_fifo_runtime_v1
26578,C_2349,2009,2010,0.000261606270215,0,0,0.07,0.0378263480961,2026-09-08T22:18:35.604489+00:00,study3b_fifo_runtime_v1
26611,C_2353,2009,2010,0.0406593196094,0,1,0.07,0.0378263480961,2026-09-08T22:18:35.604489+00:00,study3b_fifo_runtime_v1
26630,C_2354,2009,2010,0.0670756325126,0,1,0.07,0.0378263480961,2026-09-08T22:18:35.604489+00:00,study3b_fifo_runtime_v1
26650,C_2356,2009,2010,6.17059195065e-05,0,0,0.07,0.0378263480961,2026-09-08T22:18:35.604489+00:00,study3b_fifo_runtime_v1
26670,C_2357,2009,2010,0.00414131302387,0,0,0.07,0.0378263480961,2026-09-08T22:18:35.604489+00:00,study3b_fifo_runtime_v1
26699,C_2361,2009,2010,0.00196192110889,0,0,0.07,0.0378263480961,2026-09-08T22:18:35.604489+00:00,study3b_fifo_runtime_v1
26713,C_2362,2009,2010,0.000111005538201,0,0,0.07,0.0378263480961,2026-09-08T22:18:35.604489+00:00,study3b_fifo_runtime_v1
26726,C_2363,2009,2010,5.61939341424e-05,0,0,0.07,0.0378263480961,2026-09-08T22:18:35.604489+00:00,study3b_fifo_runtime_v1
26739,C_2364,2009,2010,0.0016570504522,0,0,0.07,0.0378263480961,2026-09-08T22:18:35.604489+00:00,study3b_fifo_runtime_v1
26759,C_2365,2009,2010,0.000227298121899,0,0,0.07,0.0378263480961,2026-09-08T22:18:35.604489+00:00,study3b_fifo_runtime_v1
26778,C_2367,2009,2010,0.000522273534443,0,0,0.07,0.0378263480961,2026-09-08T22:18:35.604489+00:00,study3b_fifo_runtime_v1
26797,C_2368,2009,2010,0.000132128378027,0,0,0.07,0.0378263480961,2026-09-08T22:18:35.604489+00:00,study3b_fifo_runtime_v1
26817,C_2369,2009,2010,0.00328908418305,0,0,0.07,0.0378263480961,2026-09-08T22:18:35.604489+00:00,study3b_fifo_runtime_v1
26851,C_2373,2009,2010,0.00384789449163,0,0,0.07,0.0378263480961,2026-09-08T22:18:35.604489+00:00,study3b_fifo_runtime_v1
26882,C_2376,2009,2010,3.64695333701e-05,0,0,0.07,0.0378263480961,2026-09-08T22:18:35.604489+00:00,study3b_fifo_runtime_v1
26904,C_2378,2009,2010,0.00115939357784,0,0,0.07,0.0378263480961,2026-09-08T22:18:35.604489+00:00,study3b_fifo_runtime_v1
26919,C_2379,2009,2010,0.0110814208165,0,0,0.07,0.0378263480961,2026-09-08T22:18:35.604489+00:00,study3b_fifo_runtime_v1
26935,C_2382,2009,2010,0.000735592271667,0,0,0.07,0.0378263480961,2026-09-08T22:18:35.604489+00:00,study3b_fifo_runtime_v1
26967,C_2387,2009,2010,0.00266876001842,0,0,0.07,0.0378263480961,2026-09-08T22:18:35.604489+00:00,study3b_fifo_runtime_v1
26988,C_2389,2009,2010,0.00052448787028,0,0,0.07,0.0378263480961,2026-09-08T22:18:35.604489+00:00,study3b_fifo_runtime_v1
27007,C_2391,2009,2010,0.00040414914838,0,0,0.07,0.0378263480961,2026-09-08T22:18:35.604489+00:00,study3b_fifo_runtime_v1
27020,C_2393,2009,2010,0.000230112011195,0,0,0.07,0.0378263480961,2026-09-08T22:18:35.604489+00:00,study3b_fifo_runtime_v1
27037,C_2394,2009,2010,8.58936982695e-05,0,0,0.07,0.0378263480961,2026-09-08T22:18:35.604489+00:00,study3b_fifo_runtime_v1
27052,C_2396,2009,2010,1.45330750456e-05,0,0,0.07,0.0378263480961,2026-09-08T22:18:35.604489+00:00,study3b_fifo_runtime_v1
27062,C_2397,2009,2010,4.30552754551e-05,0,0,0.07,0.0378263480961,2026-09-08T22:18:35.604489+00:00,study3b_fifo_runtime_v1
27078,C_2398,2009,2010,3.40314327332e-05,0,0,0.07,0.0378263480961,2026-09-08T22:18:35.604489+00:00,study3b_fifo_runtime_v1
27098,C_2400,2009,2010,0.00104622344952,0,0,0.07,0.0378263480961,2026-09-08T22:18:35.604489+00:00,study3b_fifo_runtime_v1
27101,C_2401,2009,2010,0.000740906049032,0,0,0.07,0.0378263480961,2026-09-08T22:18:35.604489+00:00,study3b_fifo_runtime_v1
27116,C_2402,2009,2010,0.0150646856055,0,0,0.07,0.0378263480961,2026-09-08T22:18:35.604489+00:00,study3b_fifo_runtime_v1
27144,C_2408,2009,2010,0.00181646470446,0,0,0.07,0.0378263480961,2026-09-08T22:18:35.604489+00:00,study3b_fifo_runtime_v1
27159,C_2409,2009,2010,0.084380634129,1,1,0.07,0.0378263480961,2026-09-08T22:18:35.604489+00:00,study3b_fifo_runtime_v1
27179,C_2410,2009,2010,9.09513619263e-05,0,0,0.07,0.0378263480961,2026-09-08T22:18:35.604489+00:00,study3b_fifo_runtime_v1
27199,C_2411,2009,2010,0.000725877936929,0,0,0.07,0.0378263480961,2026-09-08T22:18:35.604489+00:00,study3b_fifo_runtime_v1
27218,C_2413,2009,2010,6.60481164232e-05,0,0,0.07,0.0378263480961,2026-09-08T22:18:35.604489+00:00,study3b_fifo_runtime_v1
27242,C_2417,2009,2010,5.29628596269e-05,0,0,0.07,0.0378263480961,2026-09-08T22:18:35.604489+00:00,study3b_fifo_runtime_v1
27265,C_2419,2009,2010,4.66452765977e-05,0,0,0.07,0.0378263480961,2026-09-08T22:18:35.604489+00:00,study3b_fifo_runtime_v1
27276,C_2420,2009,2010,5.6943299569e-05,0,0,0.07,0.0378263480961,2026-09-08T22:18:35.604489+00:00,study3b_fifo_runtime_v1
27309,C_2424,2009,2010,0.00447121495381,0,0,0.07,0.0378263480961,2026-09-08T22:18:35.604489+00:00,study3b_fifo_runtime_v1
27326,C_2426,2009,2010,0.000724656740203,0,0,0.07,0.0378263480961,2026-09-08T22:18:35.604489+00:00,study3b_fifo_runtime_v1
27340,C_2429,2009,2010,0.000238808410359,0,0,0.07,0.0378263480961,2026-09-08T22:18:35.604489+00:00,study3b_fifo_runtime_v1
27360,C_2430,2009,2010,0.000115068796731,0,0,0.07,0.0378263480961,2026-09-08T22:18:35.604489+00:00,study3b_fifo_runtime_v1
27394,C_2435,2009,2010,0.00123532756697,0,0,0.07,0.0378263480961,2026-09-08T22:18:35.604489+00:00,study3b_fifo_runtime_v1
27410,C_2436,2009,2010,0.00015765860735,0,0,0.07,0.0378263480961,2026-09-08T22:18:35.604489+00:00,study3b_fifo_runtime_v1
27451,C_2443,2009,2010,0.000111834822746,0,0,0.07,0.0378263480961,2026-09-08T22:18:35.604489+00:00,study3b_fifo_runtime_v1
27466,C_2444,2009,2010,0.000112161593279,0,0,0.07,0.0378263480961,2026-09-08T22:18:35.604489+00:00,study3b_fifo_runtime_v1
27474,C_2445,2009,2010,0.000429803825682,0,0,0.07,0.0378263480961,2026-09-08T22:18:35.604489+00:00,study3b_fifo_runtime_v1
27502,C_2448,2009,2010,0.000231826401432,0,0,0.07,0.0378263480961,2026-09-08T22:18:35.604489+00:00,study3b_fifo_runtime_v1
27548,C_2455,2009,2010,3.30152579409e-05,0,0,0.07,0.0378263480961,2026-09-08T22:18:35.604489+00:00,study3b_fifo_runtime_v1
27579,C_2458,2009,2010,8.07915130281e-05,0,0,0.07,0.0378263480961,2026-09-08T22:18:35.604489+00:00,study3b_fifo_runtime_v1
27599,C_2459,2009,2010,0.000269137817668,0,0,0.07,0.0378263480961,2026-09-08T22:18:35.604489+00:00,study3b_fifo_runtime_v1
27628,C_2465,2009,2010,4.66504898213e-05,0,0,0.07,0.0378263480961,2026-09-08T22:18:35.604489+00:00,study3b_fifo_runtime_v1
27648,C_2467,2009,2010,0.00177266157698,0,0,0.07,0.0378263480961,2026-09-08T22:18:35.604489+00:00,study3b_fifo_runtime_v1
27682,C_2471,2009,2010,1.7681168174e-05,0,0,0.07,0.0378263480961,2026-09-08T22:18:35.604489+00:00,study3b_fifo_runtime_v1
27732,C_2476,2009,2010,0.000485319382278,0,0,0.07,0.0378263480961,2026-09-08T22:18:35.604489+00:00,study3b_fifo_runtime_v1
27761,C_2480,2009,2010,4.71548155474e-05,0,0,0.07,0.0378263480961,2026-09-08T22:18:35.604489+00:00,study3b_fifo_runtime_v1
27785,C_2483,2009,2010,0.00154256215319,0,0,0.07,0.0378263480961,2026-09-08T22:18:35.604489+00:00,study3b_fifo_runtime_v1
27809,C_2485,2009,2010,6.54108152958e-05,0,0,0.07,0.0378263480961,2026-09-08T22:18:35.604489+00:00,study3b_fifo_runtime_v1
27833,C_2487,2009,2010,0.00205990928225,0,0,0.07,0.0378263480961,2026-09-08T22:18:35.604489+00:00,study3b_fifo_runtime_v1
27923,C_2504,2009,2010,1.82021703949e-05,0,0,0.07,0.0378263480961,2026-09-08T22:18:35.604489+00:00,study3b_fifo_runtime_v1
27961,C_2508,2009,2010,0.000147046666825,0,0,0.07,0.0378263480961,2026-09-08T22:18:35.604489+00:00,study3b_fifo_runtime_v1
27977,C_2509,2009,2010,0.000108257117972,0,0,0.07,0.0378263480961,2026-09-08T22:18:35.604489+00:00,study3b_fifo_runtime_v1
28012,C_2514,2009,2010,0.000343143095961,0,0,0.07,0.0378263480961,2026-09-08T22:18:35.604489+00:00,study3b_fifo_runtime_v1
28045,C_2519,2009,2010,5.42320449313e-05,0,0,0.07,0.0378263480961,2026-09-08T22:18:35.604489+00:00,study3b_fifo_runtime_v1
28074,C_2522,2009,2010,0.00219989288598,0,0,0.07,0.0378263480961,2026-09-08T22:18:35.604489+00:00,study3b_fifo_runtime_v1
28241,C_2559,2009,2010,0.000565717695281,0,0,0.07,0.0378263480961,2026-09-08T22:18:35.604489+00:00,study3b_fifo_runtime_v1
28499,C_2614,2009,2010,0.000125163118355,0,0,0.07,0.0378263480961,2026-09-08T22:18:35.604489+00:00,study3b_fifo_runtime_v1
28614,C_2639,2009,2010,0.00167525105644,0,0,0.07,0.0378263480961,2026-09-08T22:18:35.604489+00:00,study3b_fifo_runtime_v1
28640,C_2641,2009,2010,2.77345770883e-05,0,0,0.07,0.0378263480961,2026-09-08T22:18:35.604489+00:00,study3b_fifo_runtime_v1
28681,C_2649,2009,2010,0.00175806588959,0,0,0.07,0.0378263480961,2026-09-08T22:18:35.604489+00:00,study3b_fifo_runtime_v1
28732,C_2660,2009,2010,0.000490286620334,0,0,0.07,0.0378263480961,2026-09-08T22:18:35.604489+00:00,study3b_fifo_runtime_v1
28800,C_2671,2009,2010,2.75455113297e-05,0,0,0.07,0.0378263480961,2026-09-08T22:18:35.604489+00:00,study3b_fifo_runtime_v1
28849,C_2681,2009,2010,0.000686111103278,0,0,0.07,0.0378263480961,2026-09-08T22:18:35.604489+00:00,study3b_fifo_runtime_v1
28871,C_2686,2009,2010,9.76563933364e-06,0,0,0.07,0.0378263480961,2026-09-08T22:18:35.604489+00:00,study3b_fifo_runtime_v1
29026,C_2722,2009,2010,0.0001007398605,0,0,0.07,0.0378263480961,2026-09-08T22:18:35.604489+00:00,study3b_fifo_runtime_v1
29061,C_2728,2009,2010,9.71031331574e-05,0,0,0.07,0.0378263480961,2026-09-08T22:18:35.604489+00:00,study3b_fifo_runtime_v1
29113,C_2738,2009,2010,0.00356915593147,0,0,0.07,0.0378263480961,2026-09-08T22:18:35.604489+00:00,study3b_fifo_runtime_v1
29144,C_2741,2009,2010,6.16956094746e-05,0,0,0.07,0.0378263480961,2026-09-08T22:18:35.604489+00:00,study3b_fifo_runtime_v1
29201,C_2751,2009,2010,0.00133849179838,0,0,0.07,0.0378263480961,2026-09-08T22:18:35.604489+00:00,study3b_fifo_runtime_v1
29221,C_2752,2009,2010,4.07477346016e-05,0,0,0.07,0.0378263480961,2026-09-08T22:18:35.604489+00:00,study3b_fifo_runtime_v1
29257,C_2756,2009,2010,0.0128855695948,0,0,0.07,0.0378263480961,2026-09-08T22:18:35.604489+00:00,study3b_fifo_runtime_v1
29277,C_2757,2009,2010,0.00519285025075,0,0,0.07,0.0378263480961,2026-09-08T22:18:35.604489+00:00,study3b_fifo_runtime_v1
29354,C_2772,2009,2010,0.0421722829342,0,1,0.07,0.0378263480961,2026-09-08T22:18:35.604489+00:00,study3b_fifo_runtime_v1
29390,C_2780,2009,2010,0.013228581287,0,0,0.07,0.0378263480961,2026-09-08T22:18:35.604489+00:00,study3b_fifo_runtime_v1
29461,C_2795,2009,2010,0.00406783539802,0,0,0.07,0.0378263480961,2026-09-08T22:18:35.604489+00:00,study3b_fifo_runtime_v1
29533,C_2812,2009,2010,3.9965234464e-05,0,0,0.07,0.0378263480961,2026-09-08T22:18:35.604489+00:00,study3b_fifo_runtime_v1
29548,C_2817,2009,2010,0.00268508470617,0,0,0.07,0.0378263480961,2026-09-08T22:18:35.604489+00:00,study3b_fifo_runtime_v1
29607,C_2829,2009,2010,0.0155755924061,0,0,0.07,0.0378263480961,2026-09-08T22:18:35.604489+00:00,study3b_fifo_runtime_v1
29714,C_2853,2009,2010,0.000234269362409,0,0,0.07,0.0378263480961,2026-09-08T22:18:35.604489+00:00,study3b_fifo_runtime_v1
29732,C_2854,2009,2010,0.000342307874234,0,0,0.07,0.0378263480961,2026-09-08T22:18:35.604489+00:00,study3b_fifo_runtime_v1
29755,C_2856,2009,2010,5.63017283639e-06,0,0,0.07,0.0378263480961,2026-09-08T22:18:35.604489+00:00,study3b_fifo_runtime_v1
29768,C_2857,2009,2010,2.55345003097e-05,0,0,0.07,0.0378263480961,2026-09-08T22:18:35.604489+00:00,study3b_fifo_runtime_v1
29792,C_2859,2009,2010,0.0365415625274,0,0,0.07,0.0378263480961,2026-09-08T22:18:35.604489+00:00,study3b_fifo_runtime_v1
29832,C_2865,2009,2010,4.25105390605e-05,0,0,0.07,0.0378263480961,2026-09-08T22:18:35.604489+00:00,study3b_fifo_runtime_v1
29885,C_2872,2009,2010,3.68334040104e-05,0,0,0.07,0.0378263480961,2026-09-08T22:18:35.604489+00:00,study3b_fifo_runtime_v1
29929,C_2877,2009,2010,0.00136031128932,0,0,0.07,0.0378263480961,2026-09-08T22:18:35.604489+00:00,study3b_fifo_runtime_v1
29970,C_2883,2009,2010,0.00123108329717,0,0,0.07,0.0378263480961,2026-09-08T22:18:35.604489+00:00,study3b_fifo_runtime_v1
29994,C_2885,2009,2010,0.00247941538692,0,0,0.07,0.0378263480961,2026-09-08T22:18:35.604489+00:00,study3b_fifo_runtime_v1
30019,C_2888,2009,2010,0.000261743465671,0,0,0.07,0.0378263480961,2026-09-08T22:18:35.604489+00:00,study3b_fifo_runtime_v1
30045,C_2893,2009,2010,0.000612814561464,0,0,0.07,0.0378263480961,2026-09-08T22:18:35.604489+00:00,study3b_fifo_runtime_v1
30112,C_2904,2009,2010,0.000251329765888,0,0,0.07,0.0378263480961,2026-09-08T22:18:35.604489+00:00,study3b_fifo_runtime_v1
30139,C_2908,2009,2010,0.000100769364508,0,0,0.07,0.0378263480961,2026-09-08T22:18:35.604489+00:00,study3b_fifo_runtime_v1
30199,C_2921,2009,2010,0.000480813178001,0,0,0.07,0.0378263480961,2026-09-08T22:18:35.604489+00:00,study3b_fifo_runtime_v1
30305,C_2945,2009,2010,8.91964882612e-05,0,0,0.07,0.0378263480961,2026-09-08T22:18:35.604489+00:00,study3b_fifo_runtime_v1
30327,C_2949,2009,2010,0.000883312895894,0,0,0.07,0.0378263480961,2026-09-08T22:18:35.604489+00:00,study3b_fifo_runtime_v1
30346,C_2950,2009,2010,0.000640716112684,0,0,0.07,0.0378263480961,2026-09-08T22:18:35.604489+00:00,study3b_fifo_runtime_v1
30381,C_2954,2009,2010,0.000596938014496,0,0,0.07,0.0378263480961,2026-09-08T22:18:35.604489+00:00,study3b_fifo_runtime_v1
30444,C_2963,2009,2010,0.000178021393367,0,0,0.07,0.0378263480961,2026-09-08T22:18:35.604489+00:00,study3b_fifo_runtime_v1
30463,C_2966,2009,2010,0.000432007131167,0,0,0.07,0.0378263480961,2026-09-08T22:18:35.604489+00:00,study3b_fifo_runtime_v1
30489,C_2971,2009,2010,0.000671069137752,0,0,0.07,0.0378263480961,2026-09-08T22:18:35.604489+00:00,study3b_fifo_runtime_v1
30509,C_2972,2009,2010,0.000761415867601,0,0,0.07,0.0378263480961,2026-09-08T22:18:35.604489+00:00,study3b_fifo_runtime_v1
30529,C_2973,2009,2010,8.67432027007e-05,0,0,0.07,0.0378263480961,2026-09-08T22:18:35.604489+00:00,study3b_fifo_runtime_v1
30540,C_2974,2009,2010,4.84706797579e-05,0,0,0.07,0.0378263480961,2026-09-08T22:18:35.604489+00:00,study3b_fifo_runtime_v1
30599,C_2984,2009,2010,0.000251745106652,0,0,0.07,0.0378263480961,2026-09-08T22:18:35.604489+00:00,study3b_fifo_runtime_v1
30630,C_2989,2009,2010,0.0126424049959,0,0,0.07,0.0378263480961,2026-09-08T22:18:35.604489+00:00,study3b_fifo_runtime_v1
30643,C_2990,2009,2010,6.08316950093e-05,0,0,0.07,0.0378263480961,2026-09-08T22:18:35.604489+00:00,study3b_fifo_runtime_v1
30677,C_2994,2009,2010,1.78438367584e-05,0,0,0.07,0.0378263480961,2026-09-08T22:18:35.604489+00:00,study3b_fifo_runtime_v1
30697,C_2995,2009,2010,0.00132401741575,0,0,0.07,0.0378263480961,2026-09-08T22:18:35.604489+00:00,study3b_fifo_runtime_v1
30724,C_2997,2009,2010,5.30932411493e-05,0,0,0.07,0.0378263480961,2026-09-08T22:18:35.604489+00:00,study3b_fifo_runtime_v1
30741,C_3000,2009,2010,0.00158989464398,0,0,0.07,0.0378263480961,2026-09-08T22:18:35.604489+00:00,study3b_fifo_runtime_v1
30794,C_3007,2009,2010,2.77817434835e-05,0,0,0.07,0.0378263480961,2026-09-08T22:18:35.604489+00:00,study3b_fifo_runtime_v1
30818,C_3009,2009,2010,1.54637182277e-05,0,0,0.07,0.0378263480961,2026-09-08T22:18:35.604489+00:00,study3b_fifo_runtime_v1
30830,C_3010,2009,2010,0.00034169407445,0,0,0.07,0.0378263480961,2026-09-08T22:18:35.604489+00:00,study3b_fifo_runtime_v1
30873,C_3016,2009,2010,0.00690786866471,0,0,0.07,0.0378263480961,2026-09-08T22:18:35.604489+00:00,study3b_fifo_runtime_v1
30908,C_3019,2009,2010,0.301820904016,1,1,0.07,0.0378263480961,2026-09-08T22:18:35.604489+00:00,study3b_fifo_runtime_v1
30947,C_3025,2009,2010,3.7702237023e-05,0,0,0.07,0.0378263480961,2026-09-08T22:18:35.604489+00:00,study3b_fifo_runtime_v1
30980,C_3029,2009,2010,0.00096664839657,0,0,0.07,0.0378263480961,2026-09-08T22:18:35.604489+00:00,study3b_fifo_runtime_v1
30996,C_3030,2009,2010,2.24087616516e-05,0,0,0.07,0.0378263480961,2026-09-08T22:18:35.604489+00:00,study3b_fifo_runtime_v1
31016,C_3031,2009,2010,0.0012284637196,0,0,0.07,0.0378263480961,2026-09-08T22:18:35.604489+00:00,study3b_fifo_runtime_v1
31061,C_3039,2009,2010,0.00588790839538,0,0,0.07,0.0378263480961,2026-09-08T22:18:35.604489+00:00,study3b_fifo_runtime_v1
31118,C_3050,2009,2010,0.00029533135239,0,0,0.07,0.0378263480961,2026-09-08T22:18:35.604489+00:00,study3b_fifo_runtime_v1
31150,C_3055,2009,2010,0.0112931886688,0,0,0.07,0.0378263480961,2026-09-08T22:18:35.604489+00:00,study3b_fifo_runtime_v1
31188,C_3061,2009,2010,0.000665457395371,0,0,0.07,0.0378263480961,2026-09-08T22:18:35.604489+00:00,study3b_fifo_runtime_v1
31207,C_3062,2009,2010,1.04946166175e-05,0,0,0.07,0.0378263480961,2026-09-08T22:18:35.604489+00:00,study3b_fifo_runtime_v1
31257,C_3071,2009,2010,0.000137759619975,0,0,0.07,0.0378263480961,2026-09-08T22:18:35.604489+00:00,study3b_fifo_runtime_v1
31304,C_3078,2009,2010,0.00203370512463,0,0,0.07,0.0378263480961,2026-09-08T22:18:35.604489+00:00,study3b_fifo_runtime_v1
31318,C_3079,2009,2010,6.16412071395e-05,0,0,0.07,0.0378263480961,2026-09-08T22:18:35.604489+00:00,study3b_fifo_runtime_v1
31338,C_3080,2009,2010,0.000817007676233,0,0,0.07,0.0378263480961,2026-09-08T22:18:35.604489+00:00,study3b_fifo_runtime_v1
31387,C_3087,2009,2010,0.000477973837405,0,0,0.07,0.0378263480961,2026-09-08T22:18:35.604489+00:00,study3b_fifo_runtime_v1
31398,C_3088,2009,2010,5.17858679814e-05,0,0,0.07,0.0378263480961,2026-09-08T22:18:35.604489+00:00,study3b_fifo_runtime_v1
31429,C_3093,2009,2010,0.000633324671071,0,0,0.07,0.0378263480961,2026-09-08T22:18:35.604489+00:00,study3b_fifo_runtime_v1
31466,C_3098,2009,2010,0.000707603758201,0,0,0.07,0.0378263480961,2026-09-08T22:18:35.604489+00:00,study3b_fifo_runtime_v1
31478,C_3099,2009,2010,0.000212721468415,0,0,0.07,0.0378263480961,2026-09-08T22:18:35.604489+00:00,study3b_fifo_runtime_v1
31499,C_3102,2009,2010,0.000328992580762,0,0,0.07,0.0378263480961,2026-09-08T22:18:35.604489+00:00,study3b_fifo_runtime_v1
31504,C_3103,2009,2010,0.00141113996506,0,0,0.07,0.0378263480961,2026-09-08T22:18:35.604489+00:00,study3b_fifo_runtime_v1
31521,C_3104,2009,2010,0.000375723495381,0,0,0.07,0.0378263480961,2026-09-08T22:18:35.604489+00:00,study3b_fifo_runtime_v1
31543,C_3108,2009,2010,0.000358166056685,0,0,0.07,0.0378263480961,2026-09-08T22:18:35.604489+00:00,study3b_fifo_runtime_v1
31557,C_3109,2009,2010,0.0154893109575,0,0,0.07,0.0378263480961,2026-09-08T22:18:35.604489+00:00,study3b_fifo_runtime_v1
31599,C_3116,2009,2010,0.000243757269345,0,0,0.07,0.0378263480961,2026-09-08T22:18:35.604489+00:00,study3b_fifo_runtime_v1
31623,C_3119,2009,2010,0.000224511197302,0,0,0.07,0.0378263480961,2026-09-08T22:18:35.604489+00:00,study3b_fifo_runtime_v1
31649,C_3121,2009,2010,0.00013252964709,0,0,0.07,0.0378263480961,2026-09-08T22:18:35.604489+00:00,study3b_fifo_runtime_v1
31733,C_3140,2009,2010,0.0033957650885,0,0,0.07,0.0378263480961,2026-09-08T22:18:35.604489+00:00,study3b_fifo_runtime_v1
31761,C_3144,2009,2010,0.000106342988147,0,0,0.07,0.0378263480961,2026-09-08T22:18:35.604489+00:00,study3b_fifo_runtime_v1
31780,C_3145,2009,2010,0.000132909393869,0,0,0.07,0.0378263480961,2026-09-08T22:18:35.604489+00:00,study3b_fifo_runtime_v1
31809,C_3147,2009,2010,0.000804533890914,0,0,0.07,0.0378263480961,2026-09-08T22:18:35.604489+00:00,study3b_fifo_runtime_v1
31820,C_3148,2009,2010,2.68001294899e-05,0,0,0.07,0.0378263480961,2026-09-08T22:18:35.604489+00:00,study3b_fifo_runtime_v1
31848,C_3150,2009,2010,5.76070633542e-05,0,0,0.07,0.0378263480961,2026-09-08T22:18:35.604489+00:00,study3b_fifo_runtime_v1
31868,C_3151,2009,2010,5.70363481529e-05,0,0,0.07,0.0378263480961,2026-09-08T22:18:35.604489+00:00,study3b_fifo_runtime_v1
31891,C_3153,2009,2010,0.00125498638954,0,0,0.07,0.0378263480961,2026-09-08T22:18:35.604489+00:00,study3b_fifo_runtime_v1
31908,C_3156,2009,2010,2.03156723728e-05,0,0,0.07,0.0378263480961,2026-09-08T22:18:35.604489+00:00,study3b_fifo_runtime_v1
31930,C_3160,2009,2010,0.00205916911364,0,0,0.07,0.0378263480961,2026-09-08T22:18:35.604489+00:00,study3b_fifo_runtime_v1
31946,C_3163,2009,2010,0.0699252262712,0,1,0.07,0.0378263480961,2026-09-08T22:18:35.604489+00:00,study3b_fifo_runtime_v1
31971,C_3165,2009,2010,7.49211540096e-06,0,0,0.07,0.0378263480961,2026-09-08T22:18:35.604489+00:00,study3b_fifo_runtime_v1
32010,C_3169,2009,2010,0.000137551993248,0,0,0.07,0.0378263480961,2026-09-08T22:18:35.604489+00:00,study3b_fifo_runtime_v1
32044,C_3178,2009,2010,2.27105028898e-05,0,0,0.07,0.0378263480961,2026-09-08T22:18:35.604489+00:00,study3b_fifo_runtime_v1
32064,C_3181,2009,2010,0.000283379253233,0,0,0.07,0.0378263480961,2026-09-08T22:18:35.604489+00:00,study3b_fifo_runtime_v1
32130,C_3192,2009,2010,0.0349446497858,0,0,0.07,0.0378263480961,2026-09-08T22:18:35.604489+00:00,study3b_fifo_runtime_v1
32169,C_3196,2009,2010,0.00749036530033,0,0,0.07,0.0378263480961,2026-09-08T22:18:35.604489+00:00,study3b_fifo_runtime_v1
32188,C_3197,2009,2010,8.77249185578e-05,0,0,0.07,0.0378263480961,2026-09-08T22:18:35.604489+00:00,study3b_fifo_runtime_v1
32208,C_3199,2009,2010,0.000460696785012,0,0,0.07,0.0378263480961,2026-09-08T22:18:35.604489+00:00,study3b_fifo_runtime_v1
32245,C_3205,2009,2010,0.00207259878516,0,0,0.07,0.0378263480961,2026-09-08T22:18:35.604489+00:00,study3b_fifo_runtime_v1
32265,C_3206,2009,2010,0.0446145832539,0,1,0.07,0.0378263480961,2026-09-08T22:18:35.604489+00:00,study3b_fifo_runtime_v1
32293,C_3212,2009,2010,0.000317867699778,0,0,0.07,0.0378263480961,2026-09-08T22:18:35.604489+00:00,study3b_fifo_runtime_v1
32340,C_3223,2009,2010,2.41905854637e-05,0,0,0.07,0.0378263480961,2026-09-08T22:18:35.604489+00:00,study3b_fifo_runtime_v1
32377,C_3229,2009,2010,0.00169019645546,0,0,0.07,0.0378263480961,2026-09-08T22:18:35.604489+00:00,study3b_fifo_runtime_v1
32398,C_3232,2009,2010,0.000654008996207,0,0,0.07,0.0378263480961,2026-09-08T22:18:35.604489+00:00,study3b_fifo_runtime_v1
32411,C_3235,2009,2010,0.000353532261215,0,0,0.07,0.0378263480961,2026-09-08T22:18:35.604489+00:00,study3b_fifo_runtime_v1
32426,C_3236,2009,2010,0.00394005421549,0,0,0.07,0.0378263480961,2026-09-08T22:18:35.604489+00:00,study3b_fifo_runtime_v1
32435,C_3237,2009,2010,0.0157362259924,0,0,0.07,0.0378263480961,2026-09-08T22:18:35.604489+00:00,study3b_fifo_runtime_v1
32447,C_3238,2009,2010,0.0735956057906,1,1,0.07,0.0378263480961,2026-09-08T22:18:35.604489+00:00,study3b_fifo_runtime_v1
32470,C_3241,2009,2010,0.000153053566464,0,0,0.07,0.0378263480961,2026-09-08T22:18:35.604489+00:00,study3b_fifo_runtime_v1
32483,C_3242,2009,2010,0.000783324474469,0,0,0.07,0.0378263480961,2026-09-08T22:18:35.604489+00:00,study3b_fifo_runtime_v1
32494,C_3243,2009,2010,4.38424867752e-05,0,0,0.07,0.0378263480961,2026-09-08T22:18:35.604489+00:00,study3b_fifo_runtime_v1
32516,C_3245,2009,2010,0.000134794652695,0,0,0.07,0.0378263480961,2026-09-08T22:18:35.604489+00:00,study3b_fifo_runtime_v1
32543,C_3247,2009,2010,0.00199919845909,0,0,0.07,0.0378263480961,2026-09-08T22:18:35.604489+00:00,study3b_fifo_runtime_v1
32556,C_3249,2009,2010,0.000115024835395,0,0,0.07,0.0378263480961,2026-09-08T22:18:35.604489+00:00,study3b_fifo_runtime_v1
32590,C_3253,2009,2010,0.000368195964256,0,0,0.07,0.0378263480961,2026-09-08T22:18:35.604489+00:00,study3b_fifo_runtime_v1
32610,C_3254,2009,2010,0.000789413868915,0,0,0.07,0.0378263480961,2026-09-08T22:18:35.604489+00:00,study3b_fifo_runtime_v1
32640,C_3257,2009,2010,2.91126871161e-05,0,0,0.07,0.0378263480961,2026-09-08T22:18:35.604489+00:00,study3b_fifo_runtime_v1
32665,C_3260,2009,2010,0.0495610050857,0,1,0.07,0.0378263480961,2026-09-08T22:18:35.604489+00:00,study3b_fifo_runtime_v1
32684,C_3261,2009,2010,0.0109341554344,0,0,0.07,0.0378263480961,2026-09-08T22:18:35.604489+00:00,study3b_fifo_runtime_v1
32706,C_3263,2009,2010,0.000748981547076,0,0,0.07,0.0378263480961,2026-09-08T22:18:35.604489+00:00,study3b_fifo_runtime_v1
32741,C_3270,2009,2010,0.000153292683535,0,0,0.07,0.0378263480961,2026-09-08T22:18:35.604489+00:00,study3b_fifo_runtime_v1
32771,C_3275,2009,2010,2.57620940829e-05,0,0,0.07,0.0378263480961,2026-09-08T22:18:35.604489+00:00,study3b_fifo_runtime_v1
32787,C_3277,2009,2010,3.0208078897e-05,0,0,0.07,0.0378263480961,2026-09-08T22:18:35.604489+00:00,study3b_fifo_runtime_v1
32809,C_3280,2009,2010,0.000282881344901,0,0,0.07,0.0378263480961,2026-09-08T22:18:35.604489+00:00,study3b_fifo_runtime_v1
32824,C_3281,2009,2010,0.000118132069474,0,0,0.07,0.0378263480961,2026-09-08T22:18:35.604489+00:00,study3b_fifo_runtime_v1
32839,C_3282,2009,2010,0.000233516271692,0,0,0.07,0.0378263480961,2026-09-08T22:18:35.604489+00:00,study3b_fifo_runtime_v1
32880,C_3290,2009,2010,0.000831790093798,0,0,0.07,0.0378263480961,2026-09-08T22:18:35.604489+00:00,study3b_fifo_runtime_v1
32910,C_3293,2009,2010,0.00314345187508,0,0,0.07,0.0378263480961,2026-09-08T22:18:35.604489+00:00,study3b_fifo_runtime_v1
32926,C_3295,2009,2010,5.9013680584e-05,0,0,0.07,0.0378263480961,2026-09-08T22:18:35.604489+00:00,study3b_fifo_runtime_v1
32954,C_3297,2009,2010,2.87447237497e-05,0,0,0.07,0.0378263480961,2026-09-08T22:18:35.604489+00:00,study3b_fifo_runtime_v1
32983,C_3299,2009,2010,0.00104172283318,0,0,0.07,0.0378263480961,2026-09-08T22:18:35.604489+00:00,study3b_fifo_runtime_v1
33002,C_3301,2009,2010,8.80244188011e-05,0,0,0.07,0.0378263480961,2026-09-08T22:18:35.604489+00:00,study3b_fifo_runtime_v1
33047,C_3309,2009,2010,1.72992167791e-05,0,0,0.07,0.0378263480961,2026-09-08T22:18:35.604489+00:00,study3b_fifo_runtime_v1
33067,C_3310,2009,2010,0.000306087866193,0,0,0.07,0.0378263480961,2026-09-08T22:18:35.604489+00:00,study3b_fifo_runtime_v1
33106,C_3316,2009,2010,0.000739466631785,0,0,0.07,0.0378263480961,2026-09-08T22:18:35.604489+00:00,study3b_fifo_runtime_v1
33124,C_3317,2009,2010,0.000570790027268,0,0,0.07,0.0378263480961,2026-09-08T22:18:35.604489+00:00,study3b_fifo_runtime_v1
33155,C_3321,2009,2010,0.00046286903671,0,0,0.07,0.0378263480961,2026-09-08T22:18:35.604489+00:00,study3b_fifo_runtime_v1
33175,C_3322,2009,2010,0.000379247852834,0,0,0.07,0.0378263480961,2026-09-08T22:18:35.604489+00:00,study3b_fifo_runtime_v1
33258,C_3333,2009,2010,0.000385218765587,0,0,0.07,0.0378263480961,2026-09-08T22:18:35.604489+00:00,study3b_fifo_runtime_v1
33278,C_3334,2009,2010,2.48767028097e-05,0,0,0.07,0.0378263480961,2026-09-08T22:18:35.604489+00:00,study3b_fifo_runtime_v1
33293,C_3336,2009,2010,4.31878761447e-05,0,0,0.07,0.0378263480961,2026-09-08T22:18:35.604489+00:00,study3b_fifo_runtime_v1
33314,C_3338,2009,2010,0.000659687619191,0,0,0.07,0.0378263480961,2026-09-08T22:18:35.604489+00:00,study3b_fifo_runtime_v1
33330,C_3339,2009,2010,0.0191586092114,0,0,0.07,0.0378263480961,2026-09-08T22:18:35.604489+00:00,study3b_fifo_runtime_v1
33343,C_3340,2009,2010,2.45085175266e-05,0,0,0.07,0.0378263480961,2026-09-08T22:18:35.604489+00:00,study3b_fifo_runtime_v1
33368,C_3344,2009,2010,0.00149485701695,0,0,0.07,0.0378263480961,2026-09-08T22:18:35.604489+00:00,study3b_fifo_runtime_v1
33388,C_3345,2009,2010,0.00116907490883,0,0,0.07,0.0378263480961,2026-09-08T22:18:35.604489+00:00,study3b_fifo_runtime_v1
33412,C_3347,2009,2010,0.00149510649499,0,0,0.07,0.0378263480961,2026-09-08T22:18:35.604489+00:00,study3b_fifo_runtime_v1
33423,C_3348,2009,2010,0.00277035706677,0,0,0.07,0.0378263480961,2026-09-08T22:18:35.604489+00:00,study3b_fifo_runtime_v1
33443,C_3349,2009,2010,0.00041739619337,0,0,0.07,0.0378263480961,2026-09-08T22:18:35.604489+00:00,study3b_fifo_runtime_v1
33464,C_3351,2009,2010,0.00120280287229,0,0,0.07,0.0378263480961,2026-09-08T22:18:35.604489+00:00,study3b_fifo_runtime_v1
33484,C_3352,2009,2010,1.18295547509e-05,0,0,0.07,0.0378263480961,2026-09-08T22:18:35.604489+00:00,study3b_fifo_runtime_v1
33504,C_3355,2009,2010,5.12943661306e-05,0,0,0.07,0.0378263480961,2026-09-08T22:18:35.604489+00:00,study3b_fifo_runtime_v1
33525,C_3357,2009,2010,0.00110582087655,0,0,0.07,0.0378263480961,2026-09-08T22:18:35.604489+00:00,study3b_fifo_runtime_v1
33545,C_3358,2009,2010,3.50591617462e-05,0,0,0.07,0.0378263480961,2026-09-08T22:18:35.604489+00:00,study3b_fifo_runtime_v1
33569,C_3360,2009,2010,0.00039072020445,0,0,0.07,0.0378263480961,2026-09-08T22:18:35.604489+00:00,study3b_fifo_runtime_v1
33595,C_3363,2009,2010,0.000176470624865,0,0,0.07,0.0378263480961,2026-09-08T22:18:35.604489+00:00,study3b_fifo_runtime_v1
33609,C_3365,2009,2010,0.000583208340686,0,0,0.07,0.0378263480961,2026-09-08T22:18:35.604489+00:00,study3b_fifo_runtime_v1
33631,C_3371,2009,2010,4.41133415734e-05,0,0,0.07,0.0378263480961,2026-09-08T22:18:35.604489+00:00,study3b_fifo_runtime_v1
33658,C_3373,2009,2010,0.000150987892994,0,0,0.07,0.0378263480961,2026-09-08T22:18:35.604489+00:00,study3b_fifo_runtime_v1
33678,C_3375,2009,2010,3.76612551918e-05,0,0,0.07,0.0378263480961,2026-09-08T22:18:35.604489+00:00,study3b_fifo_runtime_v1
33708,C_3379,2009,2010,0.00165382900741,0,0,0.07,0.0378263480961,2026-09-08T22:18:35.604489+00:00,study3b_fifo_runtime_v1
33728,C_3380,2009,2010,1.43395836858e-05,0,0,0.07,0.0378263480961,2026-09-08T22:18:35.604489+00:00,study3b_fifo_runtime_v1
33748,C_3381,2009,2010,0.000739244103897,0,0,0.07,0.0378263480961,2026-09-08T22:18:35.604489+00:00,study3b_fifo_runtime_v1
33759,C_3382,2009,2010,0.00100717740133,0,0,0.07,0.0378263480961,2026-09-08T22:18:35.604489+00:00,study3b_fifo_runtime_v1
33787,C_3386,2009,2010,0.000208857774851,0,0,0.07,0.0378263480961,2026-09-08T22:18:35.604489+00:00,study3b_fifo_runtime_v1
33806,C_3387,2009,2010,8.16344618215e-05,0,0,0.07,0.0378263480961,2026-09-08T22:18:35.604489+00:00,study3b_fifo_runtime_v1
33846,C_3390,2009,2010,0.00063673616387,0,0,0.07,0.0378263480961,2026-09-08T22:18:35.604489+00:00,study3b_fifo_runtime_v1
33869,C_3392,2009,2010,0.00108406704385,0,0,0.07,0.0378263480961,2026-09-08T22:18:35.604489+00:00,study3b_fifo_runtime_v1
33901,C_3395,2009,2010,0.000382170634111,0,0,0.07,0.0378263480961,2026-09-08T22:18:35.604489+00:00,study3b_fifo_runtime_v1
33959,C_3406,2009,2010,0.0096667278558,0,0,0.07,0.0378263480961,2026-09-08T22:18:35.604489+00:00,study3b_fifo_runtime_v1
33972,C_3407,2009,2010,0.00894665438682,0,0,0.07,0.0378263480961,2026-09-08T22:18:35.604489+00:00,study3b_fifo_runtime_v1
34019,C_3416,2009,2010,0.000684446713421,0,0,0.07,0.0378263480961,2026-09-08T22:18:35.604489+00:00,study3b_fifo_runtime_v1
34048,C_3420,2009,2010,0.000326690817019,0,0,0.07,0.0378263480961,2026-09-08T22:18:35.604489+00:00,study3b_fifo_runtime_v1
34068,C_3421,2009,2010,0.00107444112655,0,0,0.07,0.0378263480961,2026-09-08T22:18:35.604489+00:00,study3b_fifo_runtime_v1
34084,C_3426,2009,2010,0.00288634304889,0,0,0.07,0.0378263480961,2026-09-08T22:18:35.604489+00:00,study3b_fifo_runtime_v1
34104,C_3427,2009,2010,0.0941815003753,1,1,0.07,0.0378263480961,2026-09-08T22:18:35.604489+00:00,study3b_fifo_runtime_v1
34131,C_3429,2009,2010,0.23546500504,1,1,0.07,0.0378263480961,2026-09-08T22:18:35.604489+00:00,study3b_fifo_runtime_v1
34142,C_3430,2009,2010,2.14452138607e-05,0,0,0.07,0.0378263480961,2026-09-08T22:18:35.604489+00:00,study3b_fifo_runtime_v1
34154,C_3431,2009,2010,0.000626071763691,0,0,0.07,0.0378263480961,2026-09-08T22:18:35.604489+00:00,study3b_fifo_runtime_v1
34213,C_3441,2009,2010,2.95332647511e-05,0,0,0.07,0.0378263480961,2026-09-08T22:18:35.604489+00:00,study3b_fifo_runtime_v1
34233,C_3442,2009,2010,0.00012142209016,0,0,0.07,0.0378263480961,2026-09-08T22:18:35.604489+00:00,study3b_fifo_runtime_v1
34262,C_3445,2009,2010,0.0032564366702,0,0,0.07,0.0378263480961,2026-09-08T22:18:35.604489+00:00,study3b_fifo_runtime_v1
34279,C_3446,2009,2010,0.118408977985,1,1,0.07,0.0378263480961,2026-09-08T22:18:35.604489+00:00,study3b_fifo_runtime_v1
34312,C_3451,2009,2010,6.6088490712e-05,0,0,0.07,0.0378263480961,2026-09-08T22:18:35.604489+00:00,study3b_fifo_runtime_v1
34327,C_3454,2009,2010,0.000191015438759,0,0,0.07,0.0378263480961,2026-09-08T22:18:35.604489+00:00,study3b_fifo_runtime_v1
34368,C_3460,2009,2010,0.0257385428995,0,0,0.07,0.0378263480961,2026-09-08T22:18:35.604489+00:00,study3b_fifo_runtime_v1
34381,C_3461,2009,2010,6.16219112999e-05,0,0,0.07,0.0378263480961,2026-09-08T22:18:35.604489+00:00,study3b_fifo_runtime_v1
34401,C_3462,2009,2010,7.08804363967e-05,0,0,0.07,0.0378263480961,2026-09-08T22:18:35.604489+00:00,study3b_fifo_runtime_v1
34421,C_3463,2009,2010,0.0119900712743,0,0,0.07,0.0378263480961,2026-09-08T22:18:35.604489+00:00,study3b_fifo_runtime_v1
34433,C_3464,2009,2010,5.25339555679e-06,0,0,0.07,0.0378263480961,2026-09-08T22:18:35.604489+00:00,study3b_fifo_runtime_v1
34447,C_3465,2009,2010,0.0011380254291,0,0,0.07,0.0378263480961,2026-09-08T22:18:35.604489+00:00,study3b_fifo_runtime_v1
34467,C_3466,2009,2010,5.41900990356e-05,0,0,0.07,0.0378263480961,2026-09-08T22:18:35.604489+00:00,study3b_fifo_runtime_v1
34486,C_3467,2009,2010,0.000651856360491,0,0,0.07,0.0378263480961,2026-09-08T22:18:35.604489+00:00,study3b_fifo_runtime_v1
34513,C_3470,2009,2010,0.000704602512997,0,0,0.07,0.0378263480961,2026-09-08T22:18:35.604489+00:00,study3b_fifo_runtime_v1
34540,C_3472,2009,2010,4.29547544627e-05,0,0,0.07,0.0378263480961,2026-09-08T22:18:35.604489+00:00,study3b_fifo_runtime_v1
34551,C_3473,2009,2010,0.000387107458664,0,0,0.07,0.0378263480961,2026-09-08T22:18:35.604489+00:00,study3b_fifo_runtime_v1
34568,C_3474,2009,2010,0.000216171101783,0,0,0.07,0.0378263480961,2026-09-08T22:18:35.604489+00:00,study3b_fifo_runtime_v1
34578,C_3475,2009,2010,0.00014026464487,0,0,0.07,0.0378263480961,2026-09-08T22:18:35.604489+00:00,study3b_fifo_runtime_v1
34603,C_3478,2009,2010,1.43404031405e-05,0,0,0.07,0.0378263480961,2026-09-08T22:18:35.604489+00:00,study3b_fifo_runtime_v1
34621,C_3479,2009,2010,0.00072699150769,0,0,0.07,0.0378263480961,2026-09-08T22:18:35.604489+00:00,study3b_fifo_runtime_v1
34665,C_3487,2009,2010,0.000397262891056,0,0,0.07,0.0378263480961,2026-09-08T22:18:35.604489+00:00,study3b_fifo_runtime_v1
34688,C_3490,2009,2010,0.0105130700395,0,0,0.07,0.0378263480961,2026-09-08T22:18:35.604489+00:00,study3b_fifo_runtime_v1
34704,C_3491,2009,2010,0.000236867505009,0,0,0.07,0.0378263480961,2026-09-08T22:18:35.604489+00:00,study3b_fifo_runtime_v1
34723,C_3492,2009,2010,0.00210148491897,0,0,0.07,0.0378263480961,2026-09-08T22:18:35.604489+00:00,study3b_fifo_runtime_v1
34743,C_3493,2009,2010,0.000112699963211,0,0,0.07,0.0378263480961,2026-09-08T22:18:35.604489+00:00,study3b_fifo_runtime_v1
34760,C_3494,2009,2010,0.00142436206806,0,0,0.07,0.0378263480961,2026-09-08T22:18:35.604489+00:00,study3b_fifo_runtime_v1
34789,C_3500,2009,2010,0.00037692123442,0,0,0.07,0.0378263480961,2026-09-08T22:18:35.604489+00:00,study3b_fifo_runtime_v1
34812,C_3502,2009,2010,5.01590111526e-05,0,0,0.07,0.0378263480961,2026-09-08T22:18:35.604489+00:00,study3b_fifo_runtime_v1
34833,C_3504,2009,2010,0.000104569997347,0,0,0.07,0.0378263480961,2026-09-08T22:18:35.604489+00:00,study3b_fifo_runtime_v1
34858,C_3506,2009,2010,0.000388164276956,0,0,0.07,0.0378263480961,2026-09-08T22:18:35.604489+00:00,study3b_fifo_runtime_v1
34873,C_3508,2009,2010,0.00502202892676,0,0,0.07,0.0378263480961,2026-09-08T22:18:35.604489+00:00,study3b_fifo_runtime_v1
34886,C_3510,2009,2010,0.000341843260685,0,0,0.07,0.0378263480961,2026-09-08T22:18:35.604489+00:00,study3b_fifo_runtime_v1
34924,C_3513,2009,2010,0.00169114593882,0,0,0.07,0.0378263480961,2026-09-08T22:18:35.604489+00:00,study3b_fifo_runtime_v1
34959,C_3518,2009,2010,4.96452958032e-05,0,0,0.07,0.0378263480961,2026-09-08T22:18:35.604489+00:00,study3b_fifo_runtime_v1
34984,C_3522,2009,2010,6.83740145178e-05,0,0,0.07,0.0378263480961,2026-09-08T22:18:35.604489+00:00,study3b_fifo_runtime_v1
35007,C_3525,2009,2010,0.000201679999009,0,0,0.07,0.0378263480961,2026-09-08T22:18:35.604489+00:00,study3b_fifo_runtime_v1
35038,C_3529,2009,2010,0.000608761212789,0,0,0.07,0.0378263480961,2026-09-08T22:18:35.604489+00:00,study3b_fifo_runtime_v1
35065,C_3531,2009,2010,0.000114143629617,0,0,0.07,0.0378263480961,2026-09-08T22:18:35.604489+00:00,study3b_fifo_runtime_v1
35083,C_3532,2009,2010,0.000329907605192,0,0,0.07,0.0378263480961,2026-09-08T22:18:35.604489+00:00,study3b_fifo_runtime_v1
35102,C_3533,2009,2010,0.000190084319911,0,0,0.07,0.0378263480961,2026-09-08T22:18:35.604489+00:00,study3b_fifo_runtime_v1
35115,C_3534,2009,2010,0.000688129570335,0,0,0.07,0.0378263480961,2026-09-08T22:18:35.604489+00:00,study3b_fifo_runtime_v1
35143,C_3538,2009,2010,0.000592722790316,0,0,0.07,0.0378263480961,2026-09-08T22:18:35.604489+00:00,study3b_fifo_runtime_v1
35178,C_3544,2009,2010,0.00121575419325,0,0,0.07,0.0378263480961,2026-09-08T22:18:35.604489+00:00,study3b_fifo_runtime_v1
35198,C_3545,2009,2010,1.8698947315e-05,0,0,0.07,0.0378263480961,2026-09-08T22:18:35.604489+00:00,study3b_fifo_runtime_v1
35238,C_3550,2009,2010,0.000335434102453,0,0,0.07,0.0378263480961,2026-09-08T22:18:35.604489+00:00,study3b_fifo_runtime_v1
35261,C_3552,2009,2010,0.000282413413515,0,0,0.07,0.0378263480961,2026-09-08T22:18:35.604489+00:00,study3b_fifo_runtime_v1
35291,C_3554,2009,2010,0.080944724381,1,1,0.07,0.0378263480961,2026-09-08T22:18:35.604489+00:00,study3b_fifo_runtime_v1
35338,C_3561,2009,2010,0.000109869404696,0,0,0.07,0.0378263480961,2026-09-08T22:18:35.604489+00:00,study3b_fifo_runtime_v1
35358,C_3562,2009,2010,0.0033658889588,0,0,0.07,0.0378263480961,2026-09-08T22:18:35.604489+00:00,study3b_fifo_runtime_v1
35380,C_3564,2009,2010,0.0115988971666,0,0,0.07,0.0378263480961,2026-09-08T22:18:35.604489+00:00,study3b_fifo_runtime_v1
35398,C_3565,2009,2010,0.000102536701888,0,0,0.07,0.0378263480961,2026-09-08T22:18:35.604489+00:00,study3b_fifo_runtime_v1
35418,C_3566,2009,2010,0.00389133696444,0,0,0.07,0.0378263480961,2026-09-08T22:18:35.604489+00:00,study3b_fifo_runtime_v1
35432,C_3567,2009,2010,0.00126082252245,0,0,0.07,0.0378263480961,2026-09-08T22:18:35.604489+00:00,study3b_fifo_runtime_v1
35450,C_3568,2009,2010,0.000417649425799,0,0,0.07,0.0378263480961,2026-09-08T22:18:35.604489+00:00,study3b_fifo_runtime_v1
35476,C_3572,2009,2010,0.000147803992149,0,0,0.07,0.0378263480961,2026-09-08T22:18:35.604489+00:00,study3b_fifo_runtime_v1
35492,C_3574,2009,2010,0.0442039519548,0,1,0.07,0.0378263480961,2026-09-08T22:18:35.604489+00:00,study3b_fifo_runtime_v1
35508,C_3577,2009,2010,2.02664159588e-05,0,0,0.07,0.0378263480961,2026-09-08T22:18:35.604489+00:00,study3b_fifo_runtime_v1
35529,C_3579,2009,2010,0.000393364578485,0,0,0.07,0.0378263480961,2026-09-08T22:18:35.604489+00:00,study3b_fifo_runtime_v1
35541,C_3580,2009,2010,0.000111287467007,0,0,0.07,0.0378263480961,2026-09-08T22:18:35.604489+00:00,study3b_fifo_runtime_v1
35562,C_3582,2009,2010,0.000208414057852,0,0,0.07,0.0378263480961,2026-09-08T22:18:35.604489+00:00,study3b_fifo_runtime_v1
35582,C_3583,2009,2010,0.000387637730455,0,0,0.07,0.0378263480961,2026-09-08T22:18:35.604489+00:00,study3b_fifo_runtime_v1
35610,C_3586,2009,2010,0.00220136786811,0,0,0.07,0.0378263480961,2026-09-08T22:18:35.604489+00:00,study3b_fifo_runtime_v1
35622,C_3587,2009,2010,0.00102638814133,0,0,0.07,0.0378263480961,2026-09-08T22:18:35.604489+00:00,study3b_fifo_runtime_v1
35642,C_3588,2009,2010,0.000124710073578,0,0,0.07,0.0378263480961,2026-09-08T22:18:35.604489+00:00,study3b_fifo_runtime_v1
35658,C_3589,2009,2010,3.09310416924e-05,0,0,0.07,0.0378263480961,2026-09-08T22:18:35.604489+00:00,study3b_fifo_runtime_v1
35691,C_3592,2009,2010,3.31831120093e-06,0,0,0.07,0.0378263480961,2026-09-08T22:18:35.604489+00:00,study3b_fifo_runtime_v1
35711,C_3593,2009,2010,0.000103470367321,0,0,0.07,0.0378263480961,2026-09-08T22:18:35.604489+00:00,study3b_fifo_runtime_v1
35731,C_3594,2009,2010,0.00668487884104,0,0,0.07,0.0378263480961,2026-09-08T22:18:35.604489+00:00,study3b_fifo_runtime_v1
35747,C_3595,2009,2010,0.00386199448258,0,0,0.07,0.0378263480961,2026-09-08T22:18:35.604489+00:00,study3b_fifo_runtime_v1
35759,C_3596,2009,2010,0.00128224503715,0,0,0.07,0.0378263480961,2026-09-08T22:18:35.604489+00:00,study3b_fifo_runtime_v1
35805,C_3602,2009,2010,0.000105907653051,0,0,0.07,0.0378263480961,2026-09-08T22:18:35.604489+00:00,study3b_fifo_runtime_v1
35824,C_3603,2009,2010,0.000488322461024,0,0,0.07,0.0378263480961,2026-09-08T22:18:35.604489+00:00,study3b_fifo_runtime_v1
35842,C_3604,2009,2010,0.0248519238085,0,0,0.07,0.0378263480961,2026-09-08T22:18:35.604489+00:00,study3b_fifo_runtime_v1
35868,C_3609,2009,2010,0.000791998638306,0,0,0.07,0.0378263480961,2026-09-08T22:18:35.604489+00:00,study3b_fifo_runtime_v1
35891,C_3611,2009,2010,2.00755403057e-05,0,0,0.07,0.0378263480961,2026-09-08T22:18:35.604489+00:00,study3b_fifo_runtime_v1
35905,C_3612,2009,2010,0.000619233469479,0,0,0.07,0.0378263480961,2026-09-08T22:18:35.604489+00:00,study3b_fifo_runtime_v1
35921,C_3613,2009,2010,4.11263208662e-05,0,0,0.07,0.0378263480961,2026-09-08T22:18:35.604489+00:00,study3b_fifo_runtime_v1
35940,C_3614,2009,2010,0.000209239427932,0,0,0.07,0.0378263480961,2026-09-08T22:18:35.604489+00:00,study3b_fifo_runtime_v1
35967,C_3618,2009,2010,0.000620894308668,0,0,0.07,0.0378263480961,2026-09-08T22:18:35.604489+00:00,study3b_fifo_runtime_v1
35996,C_3621,2009,2010,0.00433277757838,0,0,0.07,0.0378263480961,2026-09-08T22:18:35.604489+00:00,study3b_fifo_runtime_v1
36039,C_3628,2009,2010,0.00628411350772,0,0,0.07,0.0378263480961,2026-09-08T22:18:35.604489+00:00,study3b_fifo_runtime_v1
36051,C_3629,2009,2010,0.000792574835941,0,0,0.07,0.0378263480961,2026-09-08T22:18:35.604489+00:00,study3b_fifo_runtime_v1
36081,C_3632,2009,2010,2.2429640012e-05,0,0,0.07,0.0378263480961,2026-09-08T22:18:35.604489+00:00,study3b_fifo_runtime_v1
36104,C_3634,2009,2010,0.000181064766366,0,0,0.07,0.0378263480961,2026-09-08T22:18:35.604489+00:00,study3b_fifo_runtime_v1
36135,C_3637,2009,2010,3.44891777786e-05,0,0,0.07,0.0378263480961,2026-09-08T22:18:35.604489+00:00,study3b_fifo_runtime_v1
36155,C_3638,2009,2010,4.52625499747e-05,0,0,0.07,0.0378263480961,2026-09-08T22:18:35.604489+00:00,study3b_fifo_runtime_v1
36166,C_3641,2009,2010,0.00231980229728,0,0,0.07,0.0378263480961,2026-09-08T22:18:35.604489+00:00,study3b_fifo_runtime_v1
36180,C_3642,2009,2010,0.000126132217702,0,0,0.07,0.0378263480961,2026-09-08T22:18:35.604489+00:00,study3b_fifo_runtime_v1
36211,C_3648,2009,2010,0.000469045800855,0,0,0.07,0.0378263480961,2026-09-08T22:18:35.604489+00:00,study3b_fifo_runtime_v1
36234,C_3651,2009,2010,0.000603769731242,0,0,0.07,0.0378263480961,2026-09-08T22:18:35.604489+00:00,study3b_fifo_runtime_v1
36254,C_3652,2009,2010,3.32731433446e-05,0,0,0.07,0.0378263480961,2026-09-08T22:18:35.604489+00:00,study3b_fifo_runtime_v1
36273,C_3653,2009,2010,0.000261145498371,0,0,0.07,0.0378263480961,2026-09-08T22:18:35.604489+00:00,study3b_fifo_runtime_v1
36290,C_3655,2009,2010,0.0245685707778,0,0,0.07,0.0378263480961,2026-09-08T22:18:35.604489+00:00,study3b_fifo_runtime_v1
36311,C_3659,2009,2010,0.118615306914,1,1,0.07,0.0378263480961,2026-09-08T22:18:35.604489+00:00,study3b_fifo_runtime_v1
36331,C_3660,2009,2010,4.9458049034e-05,0,0,0.07,0.0378263480961,2026-09-08T22:18:35.604489+00:00,study3b_fifo_runtime_v1
36351,C_3661,2009,2010,0.000188982521649,0,0,0.07,0.0378263480961,2026-09-08T22:18:35.604489+00:00,study3b_fifo_runtime_v1
36370,C_3662,2009,2010,0.000273019308224,0,0,0.07,0.0378263480961,2026-09-08T22:18:35.604489+00:00,study3b_fifo_runtime_v1
36393,C_3664,2009,2010,2.46270283242e-05,0,0,0.07,0.0378263480961,2026-09-08T22:18:35.604489+00:00,study3b_fifo_runtime_v1
36407,C_3665,2009,2010,1.74640154e-05,0,0,0.07,0.0378263480961,2026-09-08T22:18:35.604489+00:00,study3b_fifo_runtime_v1
36429,C_3667,2009,2010,2.14895717363e-05,0,0,0.07,0.0378263480961,2026-09-08T22:18:35.604489+00:00,study3b_fifo_runtime_v1
36463,C_3672,2009,2010,0.00136369245593,0,0,0.07,0.0378263480961,2026-09-08T22:18:35.604489+00:00,study3b_fifo_runtime_v1
36479,C_3673,2009,2010,0.00273079914041,0,0,0.07,0.0378263480961,2026-09-08T22:18:35.604489+00:00,study3b_fifo_runtime_v1
36510,C_3677,2009,2010,9.99375115498e-05,0,0,0.07,0.0378263480961,2026-09-08T22:18:35.604489+00:00,study3b_fifo_runtime_v1
36525,C_3679,2009,2010,1.67926900758e-05,0,0,0.07,0.0378263480961,2026-09-08T22:18:35.604489+00:00,study3b_fifo_runtime_v1
36545,C_3682,2009,2010,0.000732915650588,0,0,0.07,0.0378263480961,2026-09-08T22:18:35.604489+00:00,study3b_fifo_runtime_v1
36567,C_3687,2009,2010,0.00120286352467,0,0,0.07,0.0378263480961,2026-09-08T22:18:35.604489+00:00,study3b_fifo_runtime_v1
36584,C_3689,2009,2010,0.030600041151,0,0,0.07,0.0378263480961,2026-09-08T22:18:35.604489+00:00,study3b_fifo_runtime_v1
36599,C_3690,2009,2010,0.000519621127751,0,0,0.07,0.0378263480961,2026-09-08T22:18:35.604489+00:00,study3b_fifo_runtime_v1
36613,C_3691,2009,2010,0.000177722875378,0,0,0.07,0.0378263480961,2026-09-08T22:18:35.604489+00:00,study3b_fifo_runtime_v1
36630,C_3692,2009,2010,2.45882274612e-05,0,0,0.07,0.0378263480961,2026-09-08T22:18:35.604489+00:00,study3b_fifo_runtime_v1
36642,C_3693,2009,2010,0.000311716954457,0,0,0.07,0.0378263480961,2026-09-08T22:18:35.604489+00:00,study3b_fifo_runtime_v1
36671,C_3695,2009,2010,0.00152022496331,0,0,0.07,0.0378263480961,2026-09-08T22:18:35.604489+00:00,study3b_fifo_runtime_v1
36692,C_3697,2009,2010,5.09160636284e-05,0,0,0.07,0.0378263480961,2026-09-08T22:18:35.604489+00:00,study3b_fifo_runtime_v1
36704,C_3698,2009,2010,0.00247781327926,0,0,0.07,0.0378263480961,2026-09-08T22:18:35.604489+00:00,study3b_fifo_runtime_v1
36726,C_3700,2009,2010,0.004149784334,0,0,0.07,0.0378263480961,2026-09-08T22:18:35.604489+00:00,study3b_fifo_runtime_v1
36750,C_3704,2009,2010,0.000256523664575,0,0,0.07,0.0378263480961,2026-09-08T22:18:35.604489+00:00,study3b_fifo_runtime_v1
36777,C_3706,2009,2010,3.87430736737e-05,0,0,0.07,0.0378263480961,2026-09-08T22:18:35.604489+00:00,study3b_fifo_runtime_v1
36789,C_3707,2009,2010,3.16021942126e-05,0,0,0.07,0.0378263480961,2026-09-08T22:18:35.604489+00:00,study3b_fifo_runtime_v1
36802,C_3708,2009,2010,0.00423624739051,0,0,0.07,0.0378263480961,2026-09-08T22:18:35.604489+00:00,study3b_fifo_runtime_v1
36822,C_3709,2009,2010,0.00463232211769,0,0,0.07,0.0378263480961,2026-09-08T22:18:35.604489+00:00,study3b_fifo_runtime_v1
36841,C_3710,2009,2010,0.000574945763219,0,0,0.07,0.0378263480961,2026-09-08T22:18:35.604489+00:00,study3b_fifo_runtime_v1
36861,C_3711,2009,2010,0.000108170082967,0,0,0.07,0.0378263480961,2026-09-08T22:18:35.604489+00:00,study3b_fifo_runtime_v1
36867,C_3712,2009,2010,5.74694968236e-05,0,0,0.07,0.0378263480961,2026-09-08T22:18:35.604489+00:00,study3b_fifo_runtime_v1
36887,C_3713,2009,2010,0.000310069095576,0,0,0.07,0.0378263480961,2026-09-08T22:18:35.604489+00:00,study3b_fifo_runtime_v1
36912,C_3715,2009,2010,0.0060221538879,0,0,0.07,0.0378263480961,2026-09-08T22:18:35.604489+00:00,study3b_fifo_runtime_v1
36935,C_3718,2009,2010,0.000101986639493,0,0,0.07,0.0378263480961,2026-09-08T22:18:35.604489+00:00,study3b_fifo_runtime_v1
36960,C_3720,2009,2010,3.18674574373e-05,0,0,0.07,0.0378263480961,2026-09-08T22:18:35.604489+00:00,study3b_fifo_runtime_v1
36981,C_3722,2009,2010,0.00142413412686,0,0,0.07,0.0378263480961,2026-09-08T22:18:35.604489+00:00,study3b_fifo_runtime_v1
36999,C_3723,2009,2010,1.37853121487e-05,0,0,0.07,0.0378263480961,2026-09-08T22:18:35.604489+00:00,study3b_fifo_runtime_v1
37019,C_3724,2009,2010,5.03243973071e-05,0,0,0.07,0.0378263480961,2026-09-08T22:18:35.604489+00:00,study3b_fifo_runtime_v1
37058,C_3731,2009,2010,0.000401203287765,0,0,0.07,0.0378263480961,2026-09-08T22:18:35.604489+00:00,study3b_fifo_runtime_v1
37077,C_3735,2009,2010,1.75413224497e-05,0,0,0.07,0.0378263480961,2026-09-08T22:18:35.604489+00:00,study3b_fifo_runtime_v1
37092,C_3736,2009,2010,5.77677164983e-05,0,0,0.07,0.0378263480961,2026-09-08T22:18:35.604489+00:00,study3b_fifo_runtime_v1
37111,C_3737,2009,2010,0.0010722548468,0,0,0.07,0.0378263480961,2026-09-08T22:18:35.604489+00:00,study3b_fifo_runtime_v1
37136,C_3739,2009,2010,3.38554818882e-05,0,0,0.07,0.0378263480961,2026-09-08T22:18:35.604489+00:00,study3b_fifo_runtime_v1
37161,C_3742,2009,2010,0.000106427061837,0,0,0.07,0.0378263480961,2026-09-08T22:18:35.604489+00:00,study3b_fifo_runtime_v1
37186,C_3747,2009,2010,3.77547439712e-05,0,0,0.07,0.0378263480961,2026-09-08T22:18:35.604489+00:00,study3b_fifo_runtime_v1
37206,C_3748,2009,2010,0.00010159060912,0,0,0.07,0.0378263480961,2026-09-08T22:18:35.604489+00:00,study3b_fifo_runtime_v1
37220,C_3749,2009,2010,0.000107820807898,0,0,0.07,0.0378263480961,2026-09-08T22:18:35.604489+00:00,study3b_fifo_runtime_v1
37232,C_3750,2009,2010,7.20884099792e-06,0,0,0.07,0.0378263480961,2026-09-08T22:18:35.604489+00:00,study3b_fifo_runtime_v1
37243,C_3751,2009,2010,0.000437307404354,0,0,0.07,0.0378263480961,2026-09-08T22:18:35.604489+00:00,study3b_fifo_runtime_v1
37257,C_3752,2009,2010,7.88262186688e-05,0,0,0.07,0.0378263480961,2026-09-08T22:18:35.604489+00:00,study3b_fifo_runtime_v1
37269,C_3753,2009,2010,0.000149171319208,0,0,0.07,0.0378263480961,2026-09-08T22:18:35.604489+00:00,study3b_fifo_runtime_v1
37289,C_3754,2009,2010,0.0053273588419,0,0,0.07,0.0378263480961,2026-09-08T22:18:35.604489+00:00,study3b_fifo_runtime_v1
37302,C_3755,2009,2010,3.9551367081e-05,0,0,0.07,0.0378263480961,2026-09-08T22:18:35.604489+00:00,study3b_fifo_runtime_v1
37427,C_3790,2009,2010,0.000381984864362,0,0,0.07,0.0378263480961,2026-09-08T22:18:35.604489+00:00,study3b_fifo_runtime_v1
37539,C_3818,2009,2010,0.000867965631187,0,0,0.07,0.0378263480961,2026-09-08T22:18:35.604489+00:00,study3b_fifo_runtime_v1
37576,C_3827,2009,2010,2.58492600551e-05,0,0,0.07,0.0378263480961,2026-09-08T22:18:35.604489+00:00,study3b_fifo_runtime_v1
37679,C_3860,2009,2010,0.000644074636512,0,0,0.07,0.0378263480961,2026-09-08T22:18:35.604489+00:00,study3b_fifo_runtime_v1
37695,C_3863,2009,2010,0.00471524102613,0,0,0.07,0.0378263480961,2026-09-08T22:18:35.604489+00:00,study3b_fifo_runtime_v1
37721,C_3866,2009,2010,2.54673159361e-05,0,0,0.07,0.0378263480961,2026-09-08T22:18:35.604489+00:00,study3b_fifo_runtime_v1
37743,C_3868,2009,2010,0.00674995360896,0,0,0.07,0.0378263480961,2026-09-08T22:18:35.604489+00:00,study3b_fifo_runtime_v1
37751,C_3869,2009,2010,0.00411907536909,0,0,0.07,0.0378263480961,2026-09-08T22:18:35.604489+00:00,study3b_fifo_runtime_v1
37764,C_3871,2009,2010,0.00012008997146,0,0,0.07,0.0378263480961,2026-09-08T22:18:35.604489+00:00,study3b_fifo_runtime_v1
37787,C_3873,2009,2010,0.0003701824171,0,0,0.07,0.0378263480961,2026-09-08T22:18:35.604489+00:00,study3b_fifo_runtime_v1
37801,C_3874,2009,2010,0.00223253108561,0,0,0.07,0.0378263480961,2026-09-08T22:18:35.604489+00:00,study3b_fifo_runtime_v1
37819,C_3878,2009,2010,5.23436356161e-05,0,0,0.07,0.0378263480961,2026-09-08T22:18:35.604489+00:00,study3b_fifo_runtime_v1
37839,C_3879,2009,2010,9.97466850094e-05,0,0,0.07,0.0378263480961,2026-09-08T22:18:35.604489+00:00,study3b_fifo_runtime_v1
37851,C_3880,2009,2010,8.24599192129e-05,0,0,0.07,0.0378263480961,2026-09-08T22:18:35.604489+00:00,study3b_fifo_runtime_v1
37880,C_3882,2009,2010,2.7216045055e-05,0,0,0.07,0.0378263480961,2026-09-08T22:18:35.604489+00:00,study3b_fifo_runtime_v1
37903,C_3885,2009,2010,0.00719371670857,0,0,0.07,0.0378263480961,2026-09-08T22:18:35.604489+00:00,study3b_fifo_runtime_v1
37927,C_3887,2009,2010,0.000392321817344,0,0,0.07,0.0378263480961,2026-09-08T22:18:35.604489+00:00,study3b_fifo_runtime_v1
37946,C_3888,2009,2010,0.000158919792739,0,0,0.07,0.0378263480961,2026-09-08T22:18:35.604489+00:00,study3b_fifo_runtime_v1
37961,C_3890,2009,2010,0.00196785922162,0,0,0.07,0.0378263480961,2026-09-08T22:18:35.604489+00:00,study3b_fifo_runtime_v1
37981,C_3894,2009,2010,0.000538555847015,0,0,0.07,0.0378263480961,2026-09-08T22:18:35.604489+00:00,study3b_fifo_runtime_v1
38012,C_3899,2009,2010,0.00661080190912,0,0,0.07,0.0378263480961,2026-09-08T22:18:35.604489+00:00,study3b_fifo_runtime_v1
38056,C_3905,2009,2010,0.0013744427124,0,0,0.07,0.0378263480961,2026-09-08T22:18:35.604489+00:00,study3b_fifo_runtime_v1
38079,C_3907,2009,2010,0.000134348360007,0,0,0.07,0.0378263480961,2026-09-08T22:18:35.604489+00:00,study3b_fifo_runtime_v1
38103,C_3909,2009,2010,0.00117692432832,0,0,0.07,0.0378263480961,2026-09-08T22:18:35.604489+00:00,study3b_fifo_runtime_v1
38137,C_3911,2009,2010,0.000155528556206,0,0,0.07,0.0378263480961,2026-09-08T22:18:35.604489+00:00,study3b_fifo_runtime_v1
38167,C_3914,2009,2010,0.000207867167774,0,0,0.07,0.0378263480961,2026-09-08T22:18:35.604489+00:00,study3b_fifo_runtime_v1
38187,C_3915,2009,2010,9.27248674998e-06,0,0,0.07,0.0378263480961,2026-09-08T22:18:35.604489+00:00,study3b_fifo_runtime_v1
38215,C_3919,2009,2010,0.000108691128844,0,0,0.07,0.0378263480961,2026-09-08T22:18:35.604489+00:00,study3b_fifo_runtime_v1
38231,C_3920,2009,2010,0.000723279081285,0,0,0.07,0.0378263480961,2026-09-08T22:18:35.604489+00:00,study3b_fifo_runtime_v1
38269,C_3924,2009,2010,0.000132492728881,0,0,0.07,0.0378263480961,2026-09-08T22:18:35.604489+00:00,study3b_fifo_runtime_v1
38284,C_3926,2009,2010,0.000270751712378,0,0,0.07,0.0378263480961,2026-09-08T22:18:35.604489+00:00,study3b_fifo_runtime_v1
38335,C_3940,2009,2010,2.57409078586e-06,0,0,0.07,0.0378263480961,2026-09-08T22:18:35.604489+00:00,study3b_fifo_runtime_v1
38359,C_3944,2009,2010,0.000310711649945,0,0,0.07,0.0378263480961,2026-09-08T22:18:35.604489+00:00,study3b_fifo_runtime_v1
38392,C_3949,2009,2010,3.69592307834e-05,0,0,0.07,0.0378263480961,2026-09-08T22:18:35.604489+00:00,study3b_fifo_runtime_v1
38412,C_3950,2009,2010,8.92569078133e-05,0,0,0.07,0.0378263480961,2026-09-08T22:18:35.604489+00:00,study3b_fifo_runtime_v1
38453,C_3954,2009,2010,0.000368361041183,0,0,0.07,0.0378263480961,2026-09-08T22:18:35.604489+00:00,study3b_fifo_runtime_v1
38476,C_3956,2009,2010,0.000109190237708,0,0,0.07,0.0378263480961,2026-09-08T22:18:35.604489+00:00,study3b_fifo_runtime_v1
38496,C_3957,2009,2010,0.00113833171781,0,0,0.07,0.0378263480961,2026-09-08T22:18:35.604489+00:00,study3b_fifo_runtime_v1
38518,C_3959,2009,2010,0.00021716360061,0,0,0.07,0.0378263480961,2026-09-08T22:18:35.604489+00:00,study3b_fifo_runtime_v1
38531,C_3960,2009,2010,0.000136352653499,0,0,0.07,0.0378263480961,2026-09-08T22:18:35.604489+00:00,study3b_fifo_runtime_v1
38576,C_3967,2009,2010,7.04627746018e-05,0,0,0.07,0.0378263480961,2026-09-08T22:18:35.604489+00:00,study3b_fifo_runtime_v1
38587,C_3970,2009,2010,0.00583586096764,0,0,0.07,0.0378263480961,2026-09-08T22:18:35.604489+00:00,study3b_fifo_runtime_v1
38600,C_3972,2009,2010,0.00394564727321,0,0,0.07,0.0378263480961,2026-09-08T22:18:35.604489+00:00,study3b_fifo_runtime_v1
38620,C_3975,2009,2010,0.0001531043672,0,0,0.07,0.0378263480961,2026-09-08T22:18:35.604489+00:00,study3b_fifo_runtime_v1
38640,C_3976,2009,2010,0.000314757315209,0,0,0.07,0.0378263480961,2026-09-08T22:18:35.604489+00:00,study3b_fifo_runtime_v1
38658,C_3977,2009,2010,9.14474585443e-05,0,0,0.07,0.0378263480961,2026-09-08T22:18:35.604489+00:00,study3b_fifo_runtime_v1
38723,C_3985,2009,2010,0.000347674504155,0,0,0.07,0.0378263480961,2026-09-08T22:18:35.604489+00:00,study3b_fifo_runtime_v1
38741,C_3987,2009,2010,0.009805560112,0,0,0.07,0.0378263480961,2026-09-08T22:18:35.604489+00:00,study3b_fifo_runtime_v1
38767,C_3990,2009,2010,0.00254030828364,0,0,0.07,0.0378263480961,2026-09-08T22:18:35.604489+00:00,study3b_fifo_runtime_v1
38793,C_3993,2009,2010,0.000183076001122,0,0,0.07,0.0378263480961,2026-09-08T22:18:35.604489+00:00,study3b_fifo_runtime_v1
38813,C_3994,2009,2010,0.000189922589925,0,0,0.07,0.0378263480961,2026-09-08T22:18:35.604489+00:00,study3b_fifo_runtime_v1
38828,C_3996,2009,2010,3.86193423765e-05,0,0,0.07,0.0378263480961,2026-09-08T22:18:35.604489+00:00,study3b_fifo_runtime_v1
38855,C_3999,2009,2010,8.69923678692e-06,0,0,0.07,0.0378263480961,2026-09-08T22:18:35.604489+00:00,study3b_fifo_runtime_v1
38875,C_4000,2009,2010,9.83074060059e-05,0,0,0.07,0.0378263480961,2026-09-08T22:18:35.604489+00:00,study3b_fifo_runtime_v1
38915,C_4006,2009,2010,0.0027627509553,0,0,0.07,0.0378263480961,2026-09-08T22:18:35.604489+00:00,study3b_fifo_runtime_v1
38931,C_4008,2009,2010,0.000154030436534,0,0,0.07,0.0378263480961,2026-09-08T22:18:35.604489+00:00,study3b_fifo_runtime_v1
38947,C_4009,2009,2010,0.00173993746284,0,0,0.07,0.0378263480961,2026-09-08T22:18:35.604489+00:00,study3b_fifo_runtime_v1
38970,C_4012,2009,2010,2.76155824395e-05,0,0,0.07,0.0378263480961,2026-09-08T22:18:35.604489+00:00,study3b_fifo_runtime_v1
39034,C_4021,2009,2010,0.00146842980757,0,0,0.07,0.0378263480961,2026-09-08T22:18:35.604489+00:00,study3b_fifo_runtime_v1
39070,C_4027,2009,2010,0.000179251350346,0,0,0.07,0.0378263480961,2026-09-08T22:18:35.604489+00:00,study3b_fifo_runtime_v1
39088,C_4030,2009,2010,0.00332808191888,0,0,0.07,0.0378263480961,2026-09-08T22:18:35.604489+00:00,study3b_fifo_runtime_v1
39102,C_4033,2009,2010,0.00031075332663,0,0,0.07,0.0378263480961,2026-09-08T22:18:35.604489+00:00,study3b_fifo_runtime_v1
39140,C_4037,2009,2010,0.00397610245273,0,0,0.07,0.0378263480961,2026-09-08T22:18:35.604489+00:00,study3b_fifo_runtime_v1
39176,C_4044,2009,2010,0.000149644809426,0,0,0.07,0.0378263480961,2026-09-08T22:18:35.604489+00:00,study3b_fifo_runtime_v1
39195,C_4045,2009,2010,0.00019439549942,0,0,0.07,0.0378263480961,2026-09-08T22:18:35.604489+00:00,study3b_fifo_runtime_v1
39219,C_4047,2009,2010,0.000349811656633,0,0,0.07,0.0378263480961,2026-09-08T22:18:35.604489+00:00,study3b_fifo_runtime_v1
39244,C_4049,2009,2010,0.000172528278199,0,0,0.07,0.0378263480961,2026-09-08T22:18:35.604489+00:00,study3b_fifo_runtime_v1
39283,C_4056,2009,2010,0.000503851275425,0,0,0.07,0.0378263480961,2026-09-08T22:18:35.604489+00:00,study3b_fifo_runtime_v1
39303,C_4057,2009,2010,0.00136521726381,0,0,0.07,0.0378263480961,2026-09-08T22:18:35.604489+00:00,study3b_fifo_runtime_v1
39322,C_4058,2009,2010,3.39778052876e-05,0,0,0.07,0.0378263480961,2026-09-08T22:18:35.604489+00:00,study3b_fifo_runtime_v1
39352,C_4063,2009,2010,0.00158016511705,0,0,0.07,0.0378263480961,2026-09-08T22:18:35.604489+00:00,study3b_fifo_runtime_v1
39372,C_4065,2009,2010,0.000323584041325,0,0,0.07,0.0378263480961,2026-09-08T22:18:35.604489+00:00,study3b_fifo_runtime_v1
39402,C_4068,2009,2010,0.000235617873841,0,0,0.07,0.0378263480961,2026-09-08T22:18:35.604489+00:00,study3b_fifo_runtime_v1
39422,C_4069,2009,2010,0.00109647156205,0,0,0.07,0.0378263480961,2026-09-08T22:18:35.604489+00:00,study3b_fifo_runtime_v1
39433,C_4070,2009,2010,0.000416098133428,0,0,0.07,0.0378263480961,2026-09-08T22:18:35.604489+00:00,study3b_fifo_runtime_v1
39445,C_4071,2009,2010,0.000109151798824,0,0,0.07,0.0378263480961,2026-09-08T22:18:35.604489+00:00,study3b_fifo_runtime_v1
39467,C_4074,2009,2010,0.000235904823057,0,0,0.07,0.0378263480961,2026-09-08T22:18:35.604489+00:00,study3b_fifo_runtime_v1
39505,C_4079,2009,2010,0.00656766677275,0,0,0.07,0.0378263480961,2026-09-08T22:18:35.604489+00:00,study3b_fifo_runtime_v1
39529,C_4081,2009,2010,5.55591832381e-05,0,0,0.07,0.0378263480961,2026-09-08T22:18:35.604489+00:00,study3b_fifo_runtime_v1
39561,C_4086,2009,2010,0.00033627951052,0,0,0.07,0.0378263480961,2026-09-08T22:18:35.604489+00:00,study3b_fifo_runtime_v1
39581,C_4087,2009,2010,1.09393686216e-05,0,0,0.07,0.0378263480961,2026-09-08T22:18:35.604489+00:00,study3b_fifo_runtime_v1
39632,C_4094,2009,2010,0.00180537533015,0,0,0.07,0.0378263480961,2026-09-08T22:18:35.604489+00:00,study3b_fifo_runtime_v1
39659,C_4096,2009,2010,0.000640817335807,0,0,0.07,0.0378263480961,2026-09-08T22:18:35.604489+00:00,study3b_fifo_runtime_v1
39678,C_4097,2009,2010,0.000428066472523,0,0,0.07,0.0378263480961,2026-09-08T22:18:35.604489+00:00,study3b_fifo_runtime_v1
39708,C_4100,2009,2010,0.000146766818943,0,0,0.07,0.0378263480961,2026-09-08T22:18:35.604489+00:00,study3b_fifo_runtime_v1
39728,C_4102,2009,2010,6.16199686192e-05,0,0,0.07,0.0378263480961,2026-09-08T22:18:35.604489+00:00,study3b_fifo_runtime_v1
39788,C_4112,2009,2010,7.67560486565e-05,0,0,0.07,0.0378263480961,2026-09-08T22:18:35.604489+00:00,study3b_fifo_runtime_v1
39809,C_4114,2009,2010,0.00162270944566,0,0,0.07,0.0378263480961,2026-09-08T22:18:35.604489+00:00,study3b_fifo_runtime_v1
39823,C_4115,2009,2010,0.00113940925803,0,0,0.07,0.0378263480961,2026-09-08T22:18:35.604489+00:00,study3b_fifo_runtime_v1
39840,C_4117,2009,2010,0.000111665925942,0,0,0.07,0.0378263480961,2026-09-08T22:18:35.604489+00:00,study3b_fifo_runtime_v1
39863,C_4119,2009,2010,5.63519824937e-05,0,0,0.07,0.0378263480961,2026-09-08T22:18:35.604489+00:00,study3b_fifo_runtime_v1
39895,C_4123,2009,2010,0.00030658065225,0,0,0.07,0.0378263480961,2026-09-08T22:18:35.604489+00:00,study3b_fifo_runtime_v1
39915,C_4124,2009,2010,0.00395965250209,0,0,0.07,0.0378263480961,2026-09-08T22:18:35.604489+00:00,study3b_fifo_runtime_v1
39939,C_4127,2009,2010,0.00028450685204,0,0,0.07,0.0378263480961,2026-09-08T22:18:35.604489+00:00,study3b_fifo_runtime_v1
40015,C_4139,2009,2010,0.0473237633705,0,1,0.07,0.0378263480961,2026-09-08T22:18:35.604489+00:00,study3b_fifo_runtime_v1
40026,C_4140,2009,2010,0.000560422136914,0,0,0.07,0.0378263480961,2026-09-08T22:18:35.604489+00:00,study3b_fifo_runtime_v1
40070,C_4145,2009,2010,0.00142023095395,0,0,0.07,0.0378263480961,2026-09-08T22:18:35.604489+00:00,study3b_fifo_runtime_v1
40092,C_4147,2009,2010,0.000395468523493,0,0,0.07,0.0378263480961,2026-09-08T22:18:35.604489+00:00,study3b_fifo_runtime_v1
40110,C_4148,2009,2010,6.07653346378e-05,0,0,0.07,0.0378263480961,2026-09-08T22:18:35.604489+00:00,study3b_fifo_runtime_v1
40130,C_4149,2009,2010,0.0228343456984,0,0,0.07,0.0378263480961,2026-09-08T22:18:35.604489+00:00,study3b_fifo_runtime_v1
40150,C_4150,2009,2010,0.000293666642392,0,0,0.07,0.0378263480961,2026-09-08T22:18:35.604489+00:00,study3b_fifo_runtime_v1
40175,C_4153,2009,2010,0.000360870646546,0,0,0.07,0.0378263480961,2026-09-08T22:18:35.604489+00:00,study3b_fifo_runtime_v1
40190,C_4155,2009,2010,0.00145945604891,0,0,0.07,0.0378263480961,2026-09-08T22:18:35.604489+00:00,study3b_fifo_runtime_v1
40210,C_4156,2009,2010,6.09709422861e-05,0,0,0.07,0.0378263480961,2026-09-08T22:18:35.604489+00:00,study3b_fifo_runtime_v1
40232,C_4158,2009,2010,0.000294056575513,0,0,0.07,0.0378263480961,2026-09-08T22:18:35.604489+00:00,study3b_fifo_runtime_v1
40252,C_4159,2009,2010,0.00137644808274,0,0,0.07,0.0378263480961,2026-09-08T22:18:35.604489+00:00,study3b_fifo_runtime_v1
40267,C_4160,2009,2010,0.00852422881871,0,0,0.07,0.0378263480961,2026-09-08T22:18:35.604489+00:00,study3b_fifo_runtime_v1
40287,C_4161,2009,2010,0.001841853722,0,0,0.07,0.0378263480961,2026-09-08T22:18:35.604489+00:00,study3b_fifo_runtime_v1
40302,C_4163,2009,2010,0.000134730609716,0,0,0.07,0.0378263480961,2026-09-08T22:18:35.604489+00:00,study3b_fifo_runtime_v1
40314,C_4164,2009,2010,0.000396265066229,0,0,0.07,0.0378263480961,2026-09-08T22:18:35.604489+00:00,study3b_fifo_runtime_v1
40335,C_4166,2009,2010,0.044850692153,0,1,0.07,0.0378263480961,2026-09-08T22:18:35.604489+00:00,study3b_fifo_runtime_v1
40358,C_4169,2009,2010,0.00031844896148,0,0,0.07,0.0378263480961,2026-09-08T22:18:35.604489+00:00,study3b_fifo_runtime_v1
40396,C_4175,2009,2010,0.000335810153047,0,0,0.07,0.0378263480961,2026-09-08T22:18:35.604489+00:00,study3b_fifo_runtime_v1
40409,C_4176,2009,2010,0.0010417761514,0,0,0.07,0.0378263480961,2026-09-08T22:18:35.604489+00:00,study3b_fifo_runtime_v1
40427,C_4177,2009,2010,8.26106770546e-05,0,0,0.07,0.0378263480961,2026-09-08T22:18:35.604489+00:00,study3b_fifo_runtime_v1
40441,C_4179,2009,2010,0.000131718086777,0,0,0.07,0.0378263480961,2026-09-08T22:18:35.604489+00:00,study3b_fifo_runtime_v1
40466,C_4183,2009,2010,0.00625016959384,0,0,0.07,0.0378263480961,2026-09-08T22:18:35.604489+00:00,study3b_fifo_runtime_v1
40481,C_4184,2009,2010,0.000311437412165,0,0,0.07,0.0378263480961,2026-09-08T22:18:35.604489+00:00,study3b_fifo_runtime_v1
40496,C_4186,2009,2010,0.00924130342901,0,0,0.07,0.0378263480961,2026-09-08T22:18:35.604489+00:00,study3b_fifo_runtime_v1
40516,C_4188,2009,2010,0.000632563664112,0,0,0.07,0.0378263480961,2026-09-08T22:18:35.604489+00:00,study3b_fifo_runtime_v1
40531,C_4189,2009,2010,0.265961796045,1,1,0.07,0.0378263480961,2026-09-08T22:18:35.604489+00:00,study3b_fifo_runtime_v1
40560,C_4193,2009,2010,0.000568124291021,0,0,0.07,0.0378263480961,2026-09-08T22:18:35.604489+00:00,study3b_fifo_runtime_v1
40580,C_4195,2009,2010,0.0112994005904,0,0,0.07,0.0378263480961,2026-09-08T22:18:35.604489+00:00,study3b_fifo_runtime_v1
40593,C_4197,2009,2010,3.01154996123e-05,0,0,0.07,0.0378263480961,2026-09-08T22:18:35.604489+00:00,study3b_fifo_runtime_v1
40635,C_4204,2009,2010,0.000803806062322,0,0,0.07,0.0378263480961,2026-09-08T22:18:35.604489+00:00,study3b_fifo_runtime_v1
40655,C_4205,2009,2010,0.000277882121736,0,0,0.07,0.0378263480961,2026-09-08T22:18:35.604489+00:00,study3b_fifo_runtime_v1
40675,C_4208,2009,2010,0.000697155192029,0,0,0.07,0.0378263480961,2026-09-08T22:18:35.604489+00:00,study3b_fifo_runtime_v1
40714,C_4215,2009,2010,0.0806322544813,1,1,0.07,0.0378263480961,2026-09-08T22:18:35.604489+00:00,study3b_fifo_runtime_v1
40733,C_4217,2009,2010,0.000449944956927,0,0,0.07,0.0378263480961,2026-09-08T22:18:35.604489+00:00,study3b_fifo_runtime_v1
40753,C_4220,2009,2010,0.000566640635952,0,0,0.07,0.0378263480961,2026-09-08T22:18:35.604489+00:00,study3b_fifo_runtime_v1
40775,C_4222,2009,2010,0.00239289179444,0,0,0.07,0.0378263480961,2026-09-08T22:18:35.604489+00:00,study3b_fifo_runtime_v1
40800,C_4224,2009,2010,0.00187908357475,0,0,0.07,0.0378263480961,2026-09-08T22:18:35.604489+00:00,study3b_fifo_runtime_v1
40827,C_4228,2009,2010,0.000304488494294,0,0,0.07,0.0378263480961,2026-09-08T22:18:35.604489+00:00,study3b_fifo_runtime_v1
40843,C_4229,2009,2010,0.000682385929395,0,0,0.07,0.0378263480961,2026-09-08T22:18:35.604489+00:00,study3b_fifo_runtime_v1
40869,C_4233,2009,2010,0.000211843449506,0,0,0.07,0.0378263480961,2026-09-08T22:18:35.604489+00:00,study3b_fifo_runtime_v1
40890,C_4236,2009,2010,0.00128577067517,0,0,0.07,0.0378263480961,2026-09-08T22:18:35.604489+00:00,study3b_fifo_runtime_v1
40906,C_4237,2009,2010,0.000682423182297,0,0,0.07,0.0378263480961,2026-09-08T22:18:35.604489+00:00,study3b_fifo_runtime_v1
40926,C_4238,2009,2010,3.37094061251e-05,0,0,0.07,0.0378263480961,2026-09-08T22:18:35.604489+00:00,study3b_fifo_runtime_v1
40944,C_4239,2009,2010,0.00545183336362,0,0,0.07,0.0378263480961,2026-09-08T22:18:35.604489+00:00,study3b_fifo_runtime_v1
40959,C_4240,2009,2010,0.00259660067968,0,0,0.07,0.0378263480961,2026-09-08T22:18:35.604489+00:00,study3b_fifo_runtime_v1
40981,C_4242,2009,2010,0.000139667608892,0,0,0.07,0.0378263480961,2026-09-08T22:18:35.604489+00:00,study3b_fifo_runtime_v1
41000,C_4244,2009,2010,1.76912817551e-05,0,0,0.07,0.0378263480961,2026-09-08T22:18:35.604489+00:00,study3b_fifo_runtime_v1
41020,C_4248,2009,2010,0.00028982598451,0,0,0.07,0.0378263480961,2026-09-08T22:18:35.604489+00:00,study3b_fifo_runtime_v1
41042,C_4251,2009,2010,0.000120201701066,0,0,0.07,0.0378263480961,2026-09-08T22:18:35.604489+00:00,study3b_fifo_runtime_v1
41087,C_4261,2009,2010,0.0014987612376,0,0,0.07,0.0378263480961,2026-09-08T22:18:35.604489+00:00,study3b_fifo_runtime_v1
41107,C_4263,2009,2010,0.000558777304832,0,0,0.07,0.0378263480961,2026-09-08T22:18:35.604489+00:00,study3b_fifo_runtime_v1
41127,C_4264,2009,2010,0.0178764816374,0,0,0.07,0.0378263480961,2026-09-08T22:18:35.604489+00:00,study3b_fifo_runtime_v1
41138,C_4265,2009,2010,2.47804509854e-05,0,0,0.07,0.0378263480961,2026-09-08T22:18:35.604489+00:00,study3b_fifo_runtime_v1
41149,C_4266,2009,2010,0.000125242338981,0,0,0.07,0.0378263480961,2026-09-08T22:18:35.604489+00:00,study3b_fifo_runtime_v1
41172,C_4268,2009,2010,0.000433698209235,0,0,0.07,0.0378263480961,2026-09-08T22:18:35.604489+00:00,study3b_fifo_runtime_v1
41183,C_4269,2009,2010,0.00017265281349,0,0,0.07,0.0378263480961,2026-09-08T22:18:35.604489+00:00,study3b_fifo_runtime_v1
41203,C_4270,2009,2010,0.000394106376916,0,0,0.07,0.0378263480961,2026-09-08T22:18:35.604489+00:00,study3b_fifo_runtime_v1
41233,C_4272,2009,2010,0.005139389541,0,0,0.07,0.0378263480961,2026-09-08T22:18:35.604489+00:00,study3b_fifo_runtime_v1
41247,C_4273,2009,2010,7.03558325768e-05,0,0,0.07,0.0378263480961,2026-09-08T22:18:35.604489+00:00,study3b_fifo_runtime_v1
41267,C_4274,2009,2010,0.00120067794342,0,0,0.07,0.0378263480961,2026-09-08T22:18:35.604489+00:00,study3b_fifo_runtime_v1
41278,C_4275,2009,2010,0.00111945916433,0,0,0.07,0.0378263480961,2026-09-08T22:18:35.604489+00:00,study3b_fifo_runtime_v1
41300,C_4277,2009,2010,1.15799521154e-05,0,0,0.07,0.0378263480961,2026-09-08T22:18:35.604489+00:00,study3b_fifo_runtime_v1
41316,C_4280,2009,2010,0.000101557496237,0,0,0.07,0.0378263480961,2026-09-08T22:18:35.604489+00:00,study3b_fifo_runtime_v1
41355,C_4287,2009,2010,0.000383967155358,0,0,0.07,0.0378263480961,2026-09-08T22:18:35.604489+00:00,study3b_fifo_runtime_v1
41369,C_4289,2009,2010,0.000190507154912,0,0,0.07,0.0378263480961,2026-09-08T22:18:35.604489+00:00,study3b_fifo_runtime_v1
41403,C_4292,2009,2010,0.0293569434434,0,0,0.07,0.0378263480961,2026-09-08T22:18:35.604489+00:00,study3b_fifo_runtime_v1
41437,C_4298,2009,2010,0.000110546010546,0,0,0.07,0.0378263480961,2026-09-08T22:18:35.604489+00:00,study3b_fifo_runtime_v1
41454,C_4299,2009,2010,0.000655854295474,0,0,0.07,0.0378263480961,2026-09-08T22:18:35.604489+00:00,study3b_fifo_runtime_v1
41474,C_4300,2009,2010,7.75313892518e-05,0,0,0.07,0.0378263480961,2026-09-08T22:18:35.604489+00:00,study3b_fifo_runtime_v1
41516,C_4304,2009,2010,5.47229174117e-05,0,0,0.07,0.0378263480961,2026-09-08T22:18:35.604489+00:00,study3b_fifo_runtime_v1
41541,C_4307,2009,2010,0.000690202752594,0,0,0.07,0.0378263480961,2026-09-08T22:18:35.604489+00:00,study3b_fifo_runtime_v1
41560,C_4308,2009,2010,0.000162534866831,0,0,0.07,0.0378263480961,2026-09-08T22:18:35.604489+00:00,study3b_fifo_runtime_v1
41580,C_4309,2009,2010,0.00035338383168,0,0,0.07,0.0378263480961,2026-09-08T22:18:35.604489+00:00,study3b_fifo_runtime_v1
41591,C_4310,2009,2010,0.00193985784426,0,0,0.07,0.0378263480961,2026-09-08T22:18:35.604489+00:00,study3b_fifo_runtime_v1
41617,C_4314,2009,2010,0.000186762714293,0,0,0.07,0.0378263480961,2026-09-08T22:18:35.604489+00:00,study3b_fifo_runtime_v1
41628,C_4315,2009,2010,0.00469164038077,0,0,0.07,0.0378263480961,2026-09-08T22:18:35.604489+00:00,study3b_fifo_runtime_v1
41649,C_4317,2009,2010,6.35732139926e-05,0,0,0.07,0.0378263480961,2026-09-08T22:18:35.604489+00:00,study3b_fifo_runtime_v1
41669,C_4318,2009,2010,0.00274971220642,0,0,0.07,0.0378263480961,2026-09-08T22:18:35.604489+00:00,study3b_fifo_runtime_v1
41698,C_4320,2009,2010,0.00217351061292,0,0,0.07,0.0378263480961,2026-09-08T22:18:35.604489+00:00,study3b_fifo_runtime_v1
41713,C_4321,2009,2010,0.000557603139896,0,0,0.07,0.0378263480961,2026-09-08T22:18:35.604489+00:00,study3b_fifo_runtime_v1
41726,C_4322,2009,2010,0.000583441811614,0,0,0.07,0.0378263480961,2026-09-08T22:18:35.604489+00:00,study3b_fifo_runtime_v1
41761,C_4325,2009,2010,6.79494987708e-05,0,0,0.07,0.0378263480961,2026-09-08T22:18:35.604489+00:00,study3b_fifo_runtime_v1
41775,C_4327,2009,2010,0.00073344289558,0,0,0.07,0.0378263480961,2026-09-08T22:18:35.604489+00:00,study3b_fifo_runtime_v1
41794,C_4329,2009,2010,0.00277496990748,0,0,0.07,0.0378263480961,2026-09-08T22:18:35.604489+00:00,study3b_fifo_runtime_v1
41818,C_4331,2009,2010,0.0001441011118,0,0,0.07,0.0378263480961,2026-09-08T22:18:35.604489+00:00,study3b_fifo_runtime_v1
41883,C_4344,2009,2010,0.00132365373429,0,0,0.07,0.0378263480961,2026-09-08T22:18:35.604489+00:00,study3b_fifo_runtime_v1
41903,C_4345,2009,2010,9.1872199846e-05,0,0,0.07,0.0378263480961,2026-09-08T22:18:35.604489+00:00,study3b_fifo_runtime_v1
41930,C_4348,2009,2010,4.06913277402e-05,0,0,0.07,0.0378263480961,2026-09-08T22:18:35.604489+00:00,study3b_fifo_runtime_v1
41951,C_4350,2009,2010,0.0817105695605,1,1,0.07,0.0378263480961,2026-09-08T22:18:35.604489+00:00,study3b_fifo_runtime_v1
41965,C_4351,2009,2010,0.000635866366792,0,0,0.07,0.0378263480961,2026-09-08T22:18:35.604489+00:00,study3b_fifo_runtime_v1
41985,C_4352,2009,2010,1.87441419257e-05,0,0,0.07,0.0378263480961,2026-09-08T22:18:35.604489+00:00,study3b_fifo_runtime_v1
42010,C_4354,2009,2010,0.000582452339586,0,0,0.07,0.0378263480961,2026-09-08T22:18:35.604489+00:00,study3b_fifo_runtime_v1
42027,C_4357,2009,2010,0.0014336174354,0,0,0.07,0.0378263480961,2026-09-08T22:18:35.604489+00:00,study3b_fifo_runtime_v1
42038,C_4358,2009,2010,0.00259274221025,0,0,0.07,0.0378263480961,2026-09-08T22:18:35.604489+00:00,study3b_fifo_runtime_v1
42055,C_4359,2009,2010,0.0121960667893,0,0,0.07,0.0378263480961,2026-09-08T22:18:35.604489+00:00,study3b_fifo_runtime_v1
42075,C_4361,2009,2010,0.000137840703246,0,0,0.07,0.0378263480961,2026-09-08T22:18:35.604489+00:00,study3b_fifo_runtime_v1
42091,C_4362,2009,2010,0.00123784213793,0,0,0.07,0.0378263480961,2026-09-08T22:18:35.604489+00:00,study3b_fifo_runtime_v1
42137,C_4367,2009,2010,0.000265550886979,0,0,0.07,0.0378263480961,2026-09-08T22:18:35.604489+00:00,study3b_fifo_runtime_v1
42167,C_4372,2009,2010,0.000357991084456,0,0,0.07,0.0378263480961,2026-09-08T22:18:35.604489+00:00,study3b_fifo_runtime_v1
42183,C_4373,2009,2010,0.00180115783587,0,0,0.07,0.0378263480961,2026-09-08T22:18:35.604489+00:00,study3b_fifo_runtime_v1
42203,C_4374,2009,2010,0.000413042056607,0,0,0.07,0.0378263480961,2026-09-08T22:18:35.604489+00:00,study3b_fifo_runtime_v1
42225,C_4377,2009,2010,0.000420263968408,0,0,0.07,0.0378263480961,2026-09-08T22:18:35.604489+00:00,study3b_fifo_runtime_v1
42242,C_4378,2009,2010,0.00212280033156,0,0,0.07,0.0378263480961,2026-09-08T22:18:35.604489+00:00,study3b_fifo_runtime_v1
42246,C_4379,2009,2010,0.0555555485189,0,1,0.07,0.0378263480961,2026-09-08T22:18:35.604489+00:00,study3b_fifo_runtime_v1
42271,C_4382,2009,2010,0.000135014139232,0,0,0.07,0.0378263480961,2026-09-08T22:18:35.604489+00:00,study3b_fifo_runtime_v1
42280,C_4386,2009,2010,0.000247350806603,0,0,0.07,0.0378263480961,2026-09-08T22:18:35.604489+00:00,study3b_fifo_runtime_v1
42312,C_4392,2009,2010,0.000198734283913,0,0,0.07,0.0378263480961,2026-09-08T22:18:35.604489+00:00,study3b_fifo_runtime_v1
42332,C_4393,2009,2010,0.0018018851988,0,0,0.07,0.0378263480961,2026-09-08T22:18:35.604489+00:00,study3b_fifo_runtime_v1
42358,C_4399,2009,2010,9.22430117498e-05,0,0,0.07,0.0378263480961,2026-09-08T22:18:35.604489+00:00,study3b_fifo_runtime_v1
42382,C_4401,2009,2010,0.000174028216861,0,0,0.07,0.0378263480961,2026-09-08T22:18:35.604489+00:00,study3b_fifo_runtime_v1
42392,C_4403,2009,2010,6.60822188365e-05,0,0,0.07,0.0378263480961,2026-09-08T22:18:35.604489+00:00,study3b_fifo_runtime_v1
42409,C_4404,2009,2010,2.42524311034e-05,0,0,0.07,0.0378263480961,2026-09-08T22:18:35.604489+00:00,study3b_fifo_runtime_v1
42429,C_4407,2009,2010,0.000119831842312,0,0,0.07,0.0378263480961,2026-09-08T22:18:35.604489+00:00,study3b_fifo_runtime_v1
42450,C_4409,2009,2010,0.00723997922614,0,0,0.07,0.0378263480961,2026-09-08T22:18:35.604489+00:00,study3b_fifo_runtime_v1
42468,C_4412,2009,2010,0.00036495513632,0,0,0.07,0.0378263480961,2026-09-08T22:18:35.604489+00:00,study3b_fifo_runtime_v1
42503,C_4416,2009,2010,7.30616557121e-06,0,0,0.07,0.0378263480961,2026-09-08T22:18:35.604489+00:00,study3b_fifo_runtime_v1
42551,C_4424,2009,2010,7.77648820076e-05,0,0,0.07,0.0378263480961,2026-09-08T22:18:35.604489+00:00,study3b_fifo_runtime_v1
42571,C_4425,2009,2010,0.0128424754366,0,0,0.07,0.0378263480961,2026-09-08T22:18:35.604489+00:00,study3b_fifo_runtime_v1
42590,C_4426,2009,2010,0.000194969703443,0,0,0.07,0.0378263480961,2026-09-08T22:18:35.604489+00:00,study3b_fifo_runtime_v1
42612,C_4431,2009,2010,0.0430286824703,0,1,0.07,0.0378263480961,2026-09-08T22:18:35.604489+00:00,study3b_fifo_runtime_v1
42628,C_4432,2009,2010,6.06565154158e-05,0,0,0.07,0.0378263480961,2026-09-08T22:18:35.604489+00:00,study3b_fifo_runtime_v1
42647,C_4434,2009,2010,0.010124720633,0,0,0.07,0.0378263480961,2026-09-08T22:18:35.604489+00:00,study3b_fifo_runtime_v1
42667,C_4435,2009,2010,0.000129830965307,0,0,0.07,0.0378263480961,2026-09-08T22:18:35.604489+00:00,study3b_fifo_runtime_v1
42687,C_4436,2009,2010,7.23465636838e-05,0,0,0.07,0.0378263480961,2026-09-08T22:18:35.604489+00:00,study3b_fifo_runtime_v1
42707,C_4437,2009,2010,0.000511418271344,0,0,0.07,0.0378263480961,2026-09-08T22:18:35.604489+00:00,study3b_fifo_runtime_v1
42729,C_4441,2009,2010,3.43367028108e-05,0,0,0.07,0.0378263480961,2026-09-08T22:18:35.604489+00:00,study3b_fifo_runtime_v1
42739,C_4442,2009,2010,0.000318229518598,0,0,0.07,0.0378263480961,2026-09-08T22:18:35.604489+00:00,study3b_fifo_runtime_v1
42764,C_4444,2009,2010,0.000287474831566,0,0,0.07,0.0378263480961,2026-09-08T22:18:35.604489+00:00,study3b_fifo_runtime_v1
42781,C_4445,2009,2010,0.00274098222144,0,0,0.07,0.0378263480961,2026-09-08T22:18:35.604489+00:00,study3b_fifo_runtime_v1
42808,C_4447,2009,2010,0.000283143453998,0,0,0.07,0.0378263480961,2026-09-08T22:18:35.604489+00:00,study3b_fifo_runtime_v1
42836,C_4452,2009,2010,0.000152128355694,0,0,0.07,0.0378263480961,2026-09-08T22:18:35.604489+00:00,study3b_fifo_runtime_v1
42859,C_4455,2009,2010,0.00275189126842,0,0,0.07,0.0378263480961,2026-09-08T22:18:35.604489+00:00,study3b_fifo_runtime_v1
42877,C_4457,2009,2010,0.0116233788431,0,0,0.07,0.0378263480961,2026-09-08T22:18:35.604489+00:00,study3b_fifo_runtime_v1
42930,C_4468,2009,2010,1.91270246432e-05,0,0,0.07,0.0378263480961,2026-09-08T22:18:35.604489+00:00,study3b_fifo_runtime_v1
42950,C_4469,2009,2010,0.0361271351576,0,0,0.07,0.0378263480961,2026-09-08T22:18:35.604489+00:00,study3b_fifo_runtime_v1
42983,C_4473,2009,2010,0.000754079723265,0,0,0.07,0.0378263480961,2026-09-08T22:18:35.604489+00:00,study3b_fifo_runtime_v1
43013,C_4478,2009,2010,0.0122588565573,0,0,0.07,0.0378263480961,2026-09-08T22:18:35.604489+00:00,study3b_fifo_runtime_v1
43027,C_4479,2009,2010,0.000467689096695,0,0,0.07,0.0378263480961,2026-09-08T22:18:35.604489+00:00,study3b_fifo_runtime_v1
43070,C_4484,2009,2010,0.0439822115004,0,1,0.07,0.0378263480961,2026-09-08T22:18:35.604489+00:00,study3b_fifo_runtime_v1
43089,C_4485,2009,2010,2.64189457084e-05,0,0,0.07,0.0378263480961,2026-09-08T22:18:35.604489+00:00,study3b_fifo_runtime_v1
43129,C_4495,2009,2010,0.000189441896509,0,0,0.07,0.0378263480961,2026-09-08T22:18:35.604489+00:00,study3b_fifo_runtime_v1
43138,C_4496,2009,2010,0.000456545705674,0,0,0.07,0.0378263480961,2026-09-08T22:18:35.604489+00:00,study3b_fifo_runtime_v1
43157,C_4499,2009,2010,0.00029961191467,0,0,0.07,0.0378263480961,2026-09-08T22:18:35.604489+00:00,study3b_fifo_runtime_v1
43174,C_4501,2009,2010,2.36797859543e-05,0,0,0.07,0.0378263480961,2026-09-08T22:18:35.604489+00:00,study3b_fifo_runtime_v1
43189,C_4503,2009,2010,1.33148796522e-05,0,0,0.07,0.0378263480961,2026-09-08T22:18:35.604489+00:00,study3b_fifo_runtime_v1
43224,C_4507,2009,2010,0.000356378383003,0,0,0.07,0.0378263480961,2026-09-08T22:18:35.604489+00:00,study3b_fifo_runtime_v1
43241,C_4509,2009,2010,0.00435179239139,0,0,0.07,0.0378263480961,2026-09-08T22:18:35.604489+00:00,study3b_fifo_runtime_v1
43270,C_4512,2009,2010,5.14773528266e-05,0,0,0.07,0.0378263480961,2026-09-08T22:18:35.604489+00:00,study3b_fifo_runtime_v1
43290,C_4513,2009,2010,3.04332552332e-05,0,0,0.07,0.0378263480961,2026-09-08T22:18:35.604489+00:00,study3b_fifo_runtime_v1
43307,C_4514,2009,2010,0.00078938016668,0,0,0.07,0.0378263480961,2026-09-08T22:18:35.604489+00:00,study3b_fifo_runtime_v1
43333,C_4517,2009,2010,6.60747027723e-05,0,0,0.07,0.0378263480961,2026-09-08T22:18:35.604489+00:00,study3b_fifo_runtime_v1
43352,C_4519,2009,2010,4.41671727458e-05,0,0,0.07,0.0378263480961,2026-09-08T22:18:35.604489+00:00,study3b_fifo_runtime_v1
43377,C_4521,2009,2010,5.18438137078e-05,0,0,0.07,0.0378263480961,2026-09-08T22:18:35.604489+00:00,study3b_fifo_runtime_v1
43391,C_4522,2009,2010,5.13142585987e-05,0,0,0.07,0.0378263480961,2026-09-08T22:18:35.604489+00:00,study3b_fifo_runtime_v1
43410,C_4523,2009,2010,0.00730360345915,0,0,0.07,0.0378263480961,2026-09-08T22:18:35.604489+00:00,study3b_fifo_runtime_v1
43427,C_4524,2009,2010,0.00019474363944,0,0,0.07,0.0378263480961,2026-09-08T22:18:35.604489+00:00,study3b_fifo_runtime_v1
43442,C_4526,2009,2010,0.00355565012433,0,0,0.07,0.0378263480961,2026-09-08T22:18:35.604489+00:00,study3b_fifo_runtime_v1
43447,C_4527,2009,2010,0.0023865501862,0,0,0.07,0.0378263480961,2026-09-08T22:18:35.604489+00:00,study3b_fifo_runtime_v1
43466,C_4528,2009,2010,0.00040324011934,0,0,0.07,0.0378263480961,2026-09-08T22:18:35.604489+00:00,study3b_fifo_runtime_v1
43474,C_4529,2009,2010,0.000326340872562,0,0,0.07,0.0378263480961,2026-09-08T22:18:35.604489+00:00,study3b_fifo_runtime_v1
43481,C_4533,2009,2010,0.000466610334115,0,0,0.07,0.0378263480961,2026-09-08T22:18:35.604489+00:00,study3b_fifo_runtime_v1
43493,C_4534,2009,2010,0.000378803728381,0,0,0.07,0.0378263480961,2026-09-08T22:18:35.604489+00:00,study3b_fifo_runtime_v1
43507,C_4536,2009,2010,0.00316285924055,0,0,0.07,0.0378263480961,2026-09-08T22:18:35.604489+00:00,study3b_fifo_runtime_v1
43513,C_4537,2009,2010,0.000555759703275,0,0,0.07,0.0378263480961,2026-09-08T22:18:35.604489+00:00,study3b_fifo_runtime_v1
43536,C_4539,2009,2010,0.000106664927443,0,0,0.07,0.0378263480961,2026-09-08T22:18:35.604489+00:00,study3b_fifo_runtime_v1
43554,C_4540,2009,2010,0.00101312773768,0,0,0.07,0.0378263480961,2026-09-08T22:18:35.604489+00:00,study3b_fifo_runtime_v1
43575,C_4543,2009,2010,0.00160368939396,0,0,0.07,0.0378263480961,2026-09-08T22:18:35.604489+00:00,study3b_fifo_runtime_v1
43614,C_4549,2009,2010,0.000320748309605,0,0,0.07,0.0378263480961,2026-09-08T22:18:35.604489+00:00,study3b_fifo_runtime_v1
43634,C_4550,2009,2010,0.0392554327846,0,1,0.07,0.0378263480961,2026-09-08T22:18:35.604489+00:00,study3b_fifo_runtime_v1
43645,C_4551,2009,2010,0.000281248532701,0,0,0.07,0.0378263480961,2026-09-08T22:18:35.604489+00:00,study3b_fifo_runtime_v1
43658,C_4553,2009,2010,9.84064026852e-05,0,0,0.07,0.0378263480961,2026-09-08T22:18:35.604489+00:00,study3b_fifo_runtime_v1
43679,C_4557,2009,2010,0.00408078171313,0,0,0.07,0.0378263480961,2026-09-08T22:18:35.604489+00:00,study3b_fifo_runtime_v1
43696,C_4558,2009,2010,0.00117303582374,0,0,0.07,0.0378263480961,2026-09-08T22:18:35.604489+00:00,study3b_fifo_runtime_v1
43750,C_4567,2009,2010,6.93883412168e-05,0,0,0.07,0.0378263480961,2026-09-08T22:18:35.604489+00:00,study3b_fifo_runtime_v1
43773,C_4569,2009,2010,2.47583375312e-05,0,0,0.07,0.0378263480961,2026-09-08T22:18:35.604489+00:00,study3b_fifo_runtime_v1
43793,C_4570,2009,2010,0.00247876322828,0,0,0.07,0.0378263480961,2026-09-08T22:18:35.604489+00:00,study3b_fifo_runtime_v1
43821,C_4573,2009,2010,0.000436844158685,0,0,0.07,0.0378263480961,2026-09-08T22:18:35.604489+00:00,study3b_fifo_runtime_v1
43857,C_4578,2009,2010,3.71476526198e-05,0,0,0.07,0.0378263480961,2026-09-08T22:18:35.604489+00:00,study3b_fifo_runtime_v1
43882,C_4580,2009,2010,7.63238422223e-05,0,0,0.07,0.0378263480961,2026-09-08T22:18:35.604489+00:00,study3b_fifo_runtime_v1
43903,C_4584,2009,2010,0.00212148553692,0,0,0.07,0.0378263480961,2026-09-08T22:18:35.604489+00:00,study3b_fifo_runtime_v1
43920,C_4585,2009,2010,0.000347896741005,0,0,0.07,0.0378263480961,2026-09-08T22:18:35.604489+00:00,study3b_fifo_runtime_v1
43940,C_4586,2009,2010,0.0333704911172,0,0,0.07,0.0378263480961,2026-09-08T22:18:35.604489+00:00,study3b_fifo_runtime_v1
43962,C_4590,2009,2010,0.000115106195153,0,0,0.07,0.0378263480961,2026-09-08T22:18:35.604489+00:00,study3b_fifo_runtime_v1
43982,C_4591,2009,2010,7.05529018887e-05,0,0,0.07,0.0378263480961,2026-09-08T22:18:35.604489+00:00,study3b_fifo_runtime_v1
44034,C_4600,2009,2010,0.00118689693045,0,0,0.07,0.0378263480961,2026-09-08T22:18:35.604489+00:00,study3b_fifo_runtime_v1
44054,C_4601,2009,2010,5.04744784848e-05,0,0,0.07,0.0378263480961,2026-09-08T22:18:35.604489+00:00,study3b_fifo_runtime_v1
44073,C_4603,2009,2010,0.00241215853021,0,0,0.07,0.0378263480961,2026-09-08T22:18:35.604489+00:00,study3b_fifo_runtime_v1
44080,C_4604,2009,2010,2.24007035285e-05,0,0,0.07,0.0378263480961,2026-09-08T22:18:35.604489+00:00,study3b_fifo_runtime_v1
44093,C_4605,2009,2010,0.000142456527101,0,0,0.07,0.0378263480961,2026-09-08T22:18:35.604489+00:00,study3b_fifo_runtime_v1
44130,C_4610,2009,2010,0.000123876918224,0,0,0.07,0.0378263480961,2026-09-08T22:18:35.604489+00:00,study3b_fifo_runtime_v1
44163,C_4614,2009,2010,6.7279128416e-05,0,0,0.07,0.0378263480961,2026-09-08T22:18:35.604489+00:00,study3b_fifo_runtime_v1
44183,C_4615,2009,2010,0.000730506435502,0,0,0.07,0.0378263480961,2026-09-08T22:18:35.604489+00:00,study3b_fifo_runtime_v1
44203,C_4616,2009,2010,0.00610236590728,0,0,0.07,0.0378263480961,2026-09-08T22:18:35.604489+00:00,study3b_fifo_runtime_v1
44216,C_4618,2009,2010,0.000100113880762,0,0,0.07,0.0378263480961,2026-09-08T22:18:35.604489+00:00,study3b_fifo_runtime_v1
44233,C_4619,2009,2010,2.04649986699e-05,0,0,0.07,0.0378263480961,2026-09-08T22:18:35.604489+00:00,study3b_fifo_runtime_v1
44324,C_4660,2009,2010,0.000838896550704,0,0,0.07,0.0378263480961,2026-09-08T22:18:35.604489+00:00,study3b_fifo_runtime_v1
44344,C_4661,2009,2010,0.00615691393614,0,0,0.07,0.0378263480961,2026-09-08T22:18:35.604489+00:00,study3b_fifo_runtime_v1
44364,C_4662,2009,2010,0.000166184516274,0,0,0.07,0.0378263480961,2026-09-08T22:18:35.604489+00:00,study3b_fifo_runtime_v1
44388,C_4666,2009,2010,0.00197441666387,0,0,0.07,0.0378263480961,2026-09-08T22:18:35.604489+00:00,study3b_fifo_runtime_v1
44429,C_4673,2009,2010,0.000255966209807,0,0,0.07,0.0378263480961,2026-09-08T22:18:35.604489+00:00,study3b_fifo_runtime_v1
44441,C_4674,2009,2010,0.000539983797353,0,0,0.07,0.0378263480961,2026-09-08T22:18:35.604489+00:00,study3b_fifo_runtime_v1
44471,C_4676,2009,2010,0.00101383856963,0,0,0.07,0.0378263480961,2026-09-08T22:18:35.604489+00:00,study3b_fifo_runtime_v1
44494,C_4679,2009,2010,0.00014130010095,0,0,0.07,0.0378263480961,2026-09-08T22:18:35.604489+00:00,study3b_fifo_runtime_v1
44516,C_4681,2009,2010,0.000272716657491,0,0,0.07,0.0378263480961,2026-09-08T22:18:35.604489+00:00,study3b_fifo_runtime_v1
44539,C_4683,2009,2010,0.00259057129733,0,0,0.07,0.0378263480961,2026-09-08T22:18:35.604489+00:00,study3b_fifo_runtime_v1
44571,C_4686,2009,2010,0.00236006965861,0,0,0.07,0.0378263480961,2026-09-08T22:18:35.604489+00:00,study3b_fifo_runtime_v1
44598,C_4689,2009,2010,0.00027631453122,0,0,0.07,0.0378263480961,2026-09-08T22:18:35.604489+00:00,study3b_fifo_runtime_v1
44624,C_4693,2009,2010,3.33418174705e-05,0,0,0.07,0.0378263480961,2026-09-08T22:18:35.604489+00:00,study3b_fifo_runtime_v1
44654,C_4698,2009,2010,0.000101611367427,0,0,0.07,0.0378263480961,2026-09-08T22:18:35.604489+00:00,study3b_fifo_runtime_v1
44674,C_4699,2009,2010,0.00238525448367,0,0,0.07,0.0378263480961,2026-09-08T22:18:35.604489+00:00,study3b_fifo_runtime_v1
44691,C_4701,2009,2010,7.22365939509e-06,0,0,0.07,0.0378263480961,2026-09-08T22:18:35.604489+00:00,study3b_fifo_runtime_v1
44725,C_4705,2009,2010,1.90835526155e-05,0,0,0.07,0.0378263480961,2026-09-08T22:18:35.604489+00:00,study3b_fifo_runtime_v1
44743,C_4707,2009,2010,0.000476495100884,0,0,0.07,0.0378263480961,2026-09-08T22:18:35.604489+00:00,study3b_fifo_runtime_v1
44780,C_4712,2009,2010,0.000162780168466,0,0,0.07,0.0378263480961,2026-09-08T22:18:35.604489+00:00,study3b_fifo_runtime_v1
44792,C_4713,2009,2010,0.00889963656664,0,0,0.07,0.0378263480961,2026-09-08T22:18:35.604489+00:00,study3b_fifo_runtime_v1
44812,C_4714,2009,2010,0.000159500399604,0,0,0.07,0.0378263480961,2026-09-08T22:18:35.604489+00:00,study3b_fifo_runtime_v1
44832,C_4715,2009,2010,1.51849380927e-05,0,0,0.07,0.0378263480961,2026-09-08T22:18:35.604489+00:00,study3b_fifo_runtime_v1
44872,C_4723,2009,2010,0.0200987961143,0,0,0.07,0.0378263480961,2026-09-08T22:18:35.604489+00:00,study3b_fifo_runtime_v1
44884,C_4724,2009,2010,0.000157694492373,0,0,0.07,0.0378263480961,2026-09-08T22:18:35.604489+00:00,study3b_fifo_runtime_v1
44925,C_4728,2009,2010,0.000466668512672,0,0,0.07,0.0378263480961,2026-09-08T22:18:35.604489+00:00,study3b_fifo_runtime_v1
44937,C_4729,2009,2010,0.0448639653623,0,1,0.07,0.0378263480961,2026-09-08T22:18:35.604489+00:00,study3b_fifo_runtime_v1
44957,C_4731,2009,2010,9.53970302362e-05,0,0,0.07,0.0378263480961,2026-09-08T22:18:35.604489+00:00,study3b_fifo_runtime_v1
44971,C_4732,2009,2010,0.00277135055512,0,0,0.07,0.0378263480961,2026-09-08T22:18:35.604489+00:00,study3b_fifo_runtime_v1
45016,C_4738,2009,2010,8.50946162245e-05,0,0,0.07,0.0378263480961,2026-09-08T22:18:35.604489+00:00,study3b_fifo_runtime_v1
45036,C_4739,2009,2010,2.48726591963e-05,0,0,0.07,0.0378263480961,2026-09-08T22:18:35.604489+00:00,study3b_fifo_runtime_v1
45056,C_4740,2009,2010,0.000134319809149,0,0,0.07,0.0378263480961,2026-09-08T22:18:35.604489+00:00,study3b_fifo_runtime_v1
45075,C_4742,2009,2010,6.73380927765e-05,0,0,0.07,0.0378263480961,2026-09-08T22:18:35.604489+00:00,study3b_fifo_runtime_v1
45099,C_4745,2009,2010,0.000238360618823,0,0,0.07,0.0378263480961,2026-09-08T22:18:35.604489+00:00,study3b_fifo_runtime_v1
45133,C_4753,2009,2010,0.000357210985385,0,0,0.07,0.0378263480961,2026-09-08T22:18:35.604489+00:00,study3b_fifo_runtime_v1
45150,C_4756,2009,2010,4.79560731037e-05,0,0,0.07,0.0378263480961,2026-09-08T22:18:35.604489+00:00,study3b_fifo_runtime_v1
45186,C_4760,2009,2010,0.000173876600456,0,0,0.07,0.0378263480961,2026-09-08T22:18:35.604489+00:00,study3b_fifo_runtime_v1
45206,C_4761,2009,2010,0.000126248502056,0,0,0.07,0.0378263480961,2026-09-08T22:18:35.604489+00:00,study3b_fifo_runtime_v1
45234,C_4764,2009,2010,0.00019929028349,0,0,0.07,0.0378263480961,2026-09-08T22:18:35.604489+00:00,study3b_fifo_runtime_v1
45265,C_4767,2009,2010,0.00146742409561,0,0,0.07,0.0378263480961,2026-09-08T22:18:35.604489+00:00,study3b_fifo_runtime_v1
45325,C_4775,2009,2010,0.000170364161022,0,0,0.07,0.0378263480961,2026-09-08T22:18:35.604489+00:00,study3b_fifo_runtime_v1
45361,C_4779,2009,2010,0.000114519272756,0,0,0.07,0.0378263480961,2026-09-08T22:18:35.604489+00:00,study3b_fifo_runtime_v1
45374,C_4780,2009,2010,2.77942453977e-05,0,0,0.07,0.0378263480961,2026-09-08T22:18:35.604489+00:00,study3b_fifo_runtime_v1
45394,C_4781,2009,2010,0.00196983595379,0,0,0.07,0.0378263480961,2026-09-08T22:18:35.604489+00:00,study3b_fifo_runtime_v1
45446,C_4787,2009,2010,0.00111109798308,0,0,0.07,0.0378263480961,2026-09-08T22:18:35.604489+00:00,study3b_fifo_runtime_v1
45458,C_4788,2009,2010,0.000543646223377,0,0,0.07,0.0378263480961,2026-09-08T22:18:35.604489+00:00,study3b_fifo_runtime_v1
45482,C_4791,2009,2010,0.000272127304925,0,0,0.07,0.0378263480961,2026-09-08T22:18:35.604489+00:00,study3b_fifo_runtime_v1
45502,C_4792,2009,2010,1.35586997203e-05,0,0,0.07,0.0378263480961,2026-09-08T22:18:35.604489+00:00,study3b_fifo_runtime_v1
45548,C_4798,2009,2010,0.000209545760299,0,0,0.07,0.0378263480961,2026-09-08T22:18:35.604489+00:00,study3b_fifo_runtime_v1
45608,C_4808,2009,2010,0.000616804230958,0,0,0.07,0.0378263480961,2026-09-08T22:18:35.604489+00:00,study3b_fifo_runtime_v1
45631,C_4810,2009,2010,0.000400002900278,0,0,0.07,0.0378263480961,2026-09-08T22:18:35.604489+00:00,study3b_fifo_runtime_v1
45640,C_4811,2009,2010,0.0350296013057,0,0,0.07,0.0378263480961,2026-09-08T22:18:35.604489+00:00,study3b_fifo_runtime_v1
45660,C_4812,2009,2010,0.000145721525769,0,0,0.07,0.0378263480961,2026-09-08T22:18:35.604489+00:00,study3b_fifo_runtime_v1
45680,C_4813,2009,2010,9.51295296545e-05,0,0,0.07,0.0378263480961,2026-09-08T22:18:35.604489+00:00,study3b_fifo_runtime_v1
45709,C_4817,2009,2010,0.000242237772909,0,0,0.07,0.0378263480961,2026-09-08T22:18:35.604489+00:00,study3b_fifo_runtime_v1
45726,C_4818,2009,2010,0.000304588029394,0,0,0.07,0.0378263480961,2026-09-08T22:18:35.604489+00:00,study3b_fifo_runtime_v1
45746,C_4819,2009,2010,6.65576735628e-05,0,0,0.07,0.0378263480961,2026-09-08T22:18:35.604489+00:00,study3b_fifo_runtime_v1
45786,C_4826,2009,2010,0.00145223073196,0,0,0.07,0.0378263480961,2026-09-08T22:18:35.604489+00:00,study3b_fifo_runtime_v1
45809,C_4829,2009,2010,0.00010319051944,0,0,0.07,0.0378263480961,2026-09-08T22:18:35.604489+00:00,study3b_fifo_runtime_v1
45837,C_4832,2009,2010,0.00934957247227,0,0,0.07,0.0378263480961,2026-09-08T22:18:35.604489+00:00,study3b_fifo_runtime_v1
45863,C_4834,2009,2010,0.000978830154054,0,0,0.07,0.0378263480961,2026-09-08T22:18:35.604489+00:00,study3b_fifo_runtime_v1
45884,C_4837,2009,2010,0.00207206630148,0,0,0.07,0.0378263480961,2026-09-08T22:18:35.604489+00:00,study3b_fifo_runtime_v1
45899,C_4839,2009,2010,3.10743453156e-05,0,0,0.07,0.0378263480961,2026-09-08T22:18:35.604489+00:00,study3b_fifo_runtime_v1
45926,C_4841,2009,2010,0.000198164474568,0,0,0.07,0.0378263480961,2026-09-08T22:18:35.604489+00:00,study3b_fifo_runtime_v1
45944,C_4842,2009,2010,0.000105838931631,0,0,0.07,0.0378263480961,2026-09-08T22:18:35.604489+00:00,study3b_fifo_runtime_v1
45969,C_4844,2009,2010,6.66471096338e-05,0,0,0.07,0.0378263480961,2026-09-08T22:18:35.604489+00:00,study3b_fifo_runtime_v1
45984,C_4845,2009,2010,0.000155978850671,0,0,0.07,0.0378263480961,2026-09-08T22:18:35.604489+00:00,study3b_fifo_runtime_v1
46004,C_4846,2009,2010,0.0100109390914,0,0,0.07,0.0378263480961,2026-09-08T22:18:35.604489+00:00,study3b_fifo_runtime_v1
46021,C_4847,2009,2010,0.00188978889491,0,0,0.07,0.0378263480961,2026-09-08T22:18:35.604489+00:00,study3b_fifo_runtime_v1
46032,C_4848,2009,2010,0.00181108852848,0,0,0.07,0.0378263480961,2026-09-08T22:18:35.604489+00:00,study3b_fifo_runtime_v1
46047,C_4849,2009,2010,3.7717698433e-05,0,0,0.07,0.0378263480961,2026-09-08T22:18:35.604489+00:00,study3b_fifo_runtime_v1
46066,C_4851,2009,2010,0.00437802216038,0,0,0.07,0.0378263480961,2026-09-08T22:18:35.604489+00:00,study3b_fifo_runtime_v1
46080,C_4853,2009,2010,0.00107103562914,0,0,0.07,0.0378263480961,2026-09-08T22:18:35.604489+00:00,study3b_fifo_runtime_v1
46121,C_4859,2009,2010,0.000190251172171,0,0,0.07,0.0378263480961,2026-09-08T22:18:35.604489+00:00,study3b_fifo_runtime_v1
46146,C_4862,2009,2010,0.00215243478306,0,0,0.07,0.0378263480961,2026-09-08T22:18:35.604489+00:00,study3b_fifo_runtime_v1
46163,C_4863,2009,2010,6.59310389892e-05,0,0,0.07,0.0378263480961,2026-09-08T22:18:35.604489+00:00,study3b_fifo_runtime_v1
46178,C_4864,2009,2010,0.000354042509571,0,0,0.07,0.0378263480961,2026-09-08T22:18:35.604489+00:00,study3b_fifo_runtime_v1
46206,C_4866,2009,2010,0.000148704755702,0,0,0.07,0.0378263480961,2026-09-08T22:18:35.604489+00:00,study3b_fifo_runtime_v1
46222,C_4867,2009,2010,0.000184666758287,0,0,0.07,0.0378263480961,2026-09-08T22:18:35.604489+00:00,study3b_fifo_runtime_v1
46243,C_4869,2009,2010,0.000219078268856,0,0,0.07,0.0378263480961,2026-09-08T22:18:35.604489+00:00,study3b_fifo_runtime_v1
46263,C_4870,2009,2010,5.79449842917e-05,0,0,0.07,0.0378263480961,2026-09-08T22:18:35.604489+00:00,study3b_fifo_runtime_v1
46296,C_4876,2009,2010,0.000781792739872,0,0,0.07,0.0378263480961,2026-09-08T22:18:35.604489+00:00,study3b_fifo_runtime_v1
46317,C_4878,2009,2010,3.18292113661e-05,0,0,0.07,0.0378263480961,2026-09-08T22:18:35.604489+00:00,study3b_fifo_runtime_v1
46348,C_4880,2009,2010,0.000444837467512,0,0,0.07,0.0378263480961,2026-09-08T22:18:35.604489+00:00,study3b_fifo_runtime_v1
46396,C_4886,2009,2010,2.39057681028e-05,0,0,0.07,0.0378263480961,2026-09-08T22:18:35.604489+00:00,study3b_fifo_runtime_v1
46426,C_4889,2009,2010,0.00319386739284,0,0,0.07,0.0378263480961,2026-09-08T22:18:35.604489+00:00,study3b_fifo_runtime_v1
46443,C_4891,2009,2010,0.000129064210341,0,0,0.07,0.0378263480961,2026-09-08T22:18:35.604489+00:00,study3b_fifo_runtime_v1
46454,C_4893,2009,2010,4.82118921354e-05,0,0,0.07,0.0378263480961,2026-09-08T22:18:35.604489+00:00,study3b_fifo_runtime_v1
46488,C_4896,2009,2010,0.000872361881193,0,0,0.07,0.0378263480961,2026-09-08T22:18:35.604489+00:00,study3b_fifo_runtime_v1
46508,C_4898,2009,2010,0.00102824019268,0,0,0.07,0.0378263480961,2026-09-08T22:18:35.604489+00:00,study3b_fifo_runtime_v1
46520,C_4899,2009,2010,0.000794115883764,0,0,0.07,0.0378263480961,2026-09-08T22:18:35.604489+00:00,study3b_fifo_runtime_v1
46542,C_4901,2009,2010,9.36431097216e-05,0,0,0.07,0.0378263480961,2026-09-08T22:18:35.604489+00:00,study3b_fifo_runtime_v1
46563,C_4903,2009,2010,0.000595588004217,0,0,0.07,0.0378263480961,2026-09-08T22:18:35.604489+00:00,study3b_fifo_runtime_v1
46586,C_4905,2009,2010,0.000994484405965,0,0,0.07,0.0378263480961,2026-09-08T22:18:35.604489+00:00,study3b_fifo_runtime_v1
46619,C_4909,2009,2010,0.000730758532882,0,0,0.07,0.0378263480961,2026-09-08T22:18:35.604489+00:00,study3b_fifo_runtime_v1
46651,C_4911,2009,2010,5.87789436395e-05,0,0,0.07,0.0378263480961,2026-09-08T22:18:35.604489+00:00,study3b_fifo_runtime_v1
46672,C_4914,2009,2010,8.71102165547e-05,0,0,0.07,0.0378263480961,2026-09-08T22:18:35.604489+00:00,study3b_fifo_runtime_v1
46692,C_4915,2009,2010,4.76350396639e-05,0,0,0.07,0.0378263480961,2026-09-08T22:18:35.604489+00:00,study3b_fifo_runtime_v1
46716,C_4919,2009,2010,0.0535434894264,0,1,0.07,0.0378263480961,2026-09-08T22:18:35.604489+00:00,study3b_fifo_runtime_v1
46736,C_4920,2009,2010,9.27140354179e-05,0,0,0.07,0.0378263480961,2026-09-08T22:18:35.604489+00:00,study3b_fifo_runtime_v1
46748,C_4921,2009,2010,0.00110414158553,0,0,0.07,0.0378263480961,2026-09-08T22:18:35.604489+00:00,study3b_fifo_runtime_v1
46763,C_4922,2009,2010,0.00277949660085,0,0,0.07,0.0378263480961,2026-09-08T22:18:35.604489+00:00,study3b_fifo_runtime_v1
46780,C_4925,2009,2010,0.00123553862795,0,0,0.07,0.0378263480961,2026-09-08T22:18:35.604489+00:00,study3b_fifo_runtime_v1
46793,C_4926,2009,2010,0.000530966324732,0,0,0.07,0.0378263480961,2026-09-08T22:18:35.604489+00:00,study3b_fifo_runtime_v1
46816,C_4928,2009,2010,4.43248136435e-05,0,0,0.07,0.0378263480961,2026-09-08T22:18:35.604489+00:00,study3b_fifo_runtime_v1
46840,C_4930,2009,2010,0.00646520452574,0,0,0.07,0.0378263480961,2026-09-08T22:18:35.604489+00:00,study3b_fifo_runtime_v1
46868,C_4932,2009,2010,3.20326907968e-05,0,0,0.07,0.0378263480961,2026-09-08T22:18:35.604489+00:00,study3b_fifo_runtime_v1
46888,C_4935,2009,2010,6.17158584646e-05,0,0,0.07,0.0378263480961,2026-09-08T22:18:35.604489+00:00,study3b_fifo_runtime_v1
46907,C_4937,2009,2010,2.41106681642e-05,0,0,0.07,0.0378263480961,2026-09-08T22:18:35.604489+00:00,study3b_fifo_runtime_v1
46936,C_4942,2009,2010,0.000202565759537,0,0,0.07,0.0378263480961,2026-09-08T22:18:35.604489+00:00,study3b_fifo_runtime_v1
46943,C_4943,2009,2010,0.000777311215643,0,0,0.07,0.0378263480961,2026-09-08T22:18:35.604489+00:00,study3b_fifo_runtime_v1
46955,C_4944,2009,2010,1.39216381285e-05,0,0,0.07,0.0378263480961,2026-09-08T22:18:35.604489+00:00,study3b_fifo_runtime_v1
46997,C_4948,2009,2010,9.54875504249e-05,0,0,0.07,0.0378263480961,2026-09-08T22:18:35.604489+00:00,study3b_fifo_runtime_v1
47031,C_4951,2009,2010,0.000195819462533,0,0,0.07,0.0378263480961,2026-09-08T22:18:35.604489+00:00,study3b_fifo_runtime_v1
47060,C_4954,2009,2010,0.0310511514544,0,0,0.07,0.0378263480961,2026-09-08T22:18:35.604489+00:00,study3b_fifo_runtime_v1
47072,C_4955,2009,2010,0.00372978742234,0,0,0.07,0.0378263480961,2026-09-08T22:18:35.604489+00:00,study3b_fifo_runtime_v1
47092,C_4957,2009,2010,0.000159740680829,0,0,0.07,0.0378263480961,2026-09-08T22:18:35.604489+00:00,study3b_fifo_runtime_v1
47136,C_4967,2009,2010,8.43282323331e-05,0,0,0.07,0.0378263480961,2026-09-08T22:18:35.604489+00:00,study3b_fifo_runtime_v1
47156,C_4968,2009,2010,0.000698496296536,0,0,0.07,0.0378263480961,2026-09-08T22:18:35.604489+00:00,study3b_fifo_runtime_v1
47183,C_4970,2009,2010,0.000556568906177,0,0,0.07,0.0378263480961,2026-09-08T22:18:35.604489+00:00,study3b_fifo_runtime_v1
47231,C_4974,2009,2010,0.000898334372323,0,0,0.07,0.0378263480961,2026-09-08T22:18:35.604489+00:00,study3b_fifo_runtime_v1
47249,C_4975,2009,2010,0.00717562949285,0,0,0.07,0.0378263480961,2026-09-08T22:18:35.604489+00:00,study3b_fifo_runtime_v1
47272,C_4977,2009,2010,0.0206533223391,0,0,0.07,0.0378263480961,2026-09-08T22:18:35.604489+00:00,study3b_fifo_runtime_v1
47292,C_4978,2009,2010,0.000894249707926,0,0,0.07,0.0378263480961,2026-09-08T22:18:35.604489+00:00,study3b_fifo_runtime_v1
47319,C_4981,2009,2010,6.72005480737e-05,0,0,0.07,0.0378263480961,2026-09-08T22:18:35.604489+00:00,study3b_fifo_runtime_v1
47342,C_4984,2009,2010,0.00012361795234,0,0,0.07,0.0378263480961,2026-09-08T22:18:35.604489+00:00,study3b_fifo_runtime_v1
47362,C_4986,2009,2010,0.000255629827734,0,0,0.07,0.0378263480961,2026-09-08T22:18:35.604489+00:00,study3b_fifo_runtime_v1
47382,C_4987,2009,2010,6.93185211276e-05,0,0,0.07,0.0378263480961,2026-09-08T22:18:35.604489+00:00,study3b_fifo_runtime_v1
47402,C_4988,2009,2010,0.000292661658023,0,0,0.07,0.0378263480961,2026-09-08T22:18:35.604489+00:00,study3b_fifo_runtime_v1
47422,C_4989,2009,2010,0.000356441276381,0,0,0.07,0.0378263480961,2026-09-08T22:18:35.604489+00:00,study3b_fifo_runtime_v1
47455,C_4994,2009,2010,0.000281103566522,0,0,0.07,0.0378263480961,2026-09-08T22:18:35.604489+00:00,study3b_fifo_runtime_v1
47467,C_4995,2009,2010,0.000261114357272,0,0,0.07,0.0378263480961,2026-09-08T22:18:35.604489+00:00,study3b_fifo_runtime_v1
47487,C_4996,2009,2010,0.00240135914646,0,0,0.07,0.0378263480961,2026-09-08T22:18:35.604489+00:00,study3b_fifo_runtime_v1
47516,C_4998,2009,2010,5.1213613915e-05,0,0,0.07,0.0378263480961,2026-09-08T22:18:35.604489+00:00,study3b_fifo_runtime_v1
47532,C_4999,2009,2010,0.000286269962089,0,0,0.07,0.0378263480961,2026-09-08T22:18:35.604489+00:00,study3b_fifo_runtime_v1
47543,C_5000,2009,2010,0.000480862887343,0,0,0.07,0.0378263480961,2026-09-08T22:18:35.604489+00:00,study3b_fifo_runtime_v1
47559,C_5001,2009,2010,0.000221383641474,0,0,0.07,0.0378263480961,2026-09-08T22:18:35.604489+00:00,study3b_fifo_runtime_v1
47571,C_5003,2009,2010,5.49786054762e-05,0,0,0.07,0.0378263480961,2026-09-08T22:18:35.604489+00:00,study3b_fifo_runtime_v1
47585,C_5004,2009,2010,0.00101613462903,0,0,0.07,0.0378263480961,2026-09-08T22:18:35.604489+00:00,study3b_fifo_runtime_v1
47598,C_5005,2009,2010,9.43513223319e-05,0,0,0.07,0.0378263480961,2026-09-08T22:18:35.604489+00:00,study3b_fifo_runtime_v1
47629,C_5011,2009,2010,9.96246017166e-05,0,0,0.07,0.0378263480961,2026-09-08T22:18:35.604489+00:00,study3b_fifo_runtime_v1
47650,C_5013,2009,2010,6.26068358542e-05,0,0,0.07,0.0378263480961,2026-09-08T22:18:35.604489+00:00,study3b_fifo_runtime_v1
47670,C_5014,2009,2010,8.48008858156e-06,0,0,0.07,0.0378263480961,2026-09-08T22:18:35.604489+00:00,study3b_fifo_runtime_v1
47684,C_5015,2009,2010,0.036851067096,0,0,0.07,0.0378263480961,2026-09-08T22:18:35.604489+00:00,study3b_fifo_runtime_v1
47696,C_5016,2009,2010,0.000365799089195,0,0,0.07,0.0378263480961,2026-09-08T22:18:35.604489+00:00,study3b_fifo_runtime_v1
47718,C_5018,2009,2010,0.00155372207519,0,0,0.07,0.0378263480961,2026-09-08T22:18:35.604489+00:00,study3b_fifo_runtime_v1
47738,C_5019,2009,2010,5.48336502106e-05,0,0,0.07,0.0378263480961,2026-09-08T22:18:35.604489+00:00,study3b_fifo_runtime_v1
47765,C_5025,2009,2010,0.000224164221436,0,0,0.07,0.0378263480961,2026-09-08T22:18:35.604489+00:00,study3b_fifo_runtime_v1
47790,C_5028,2009,2010,8.78824139363e-05,0,0,0.07,0.0378263480961,2026-09-08T22:18:35.604489+00:00,study3b_fifo_runtime_v1
47822,C_5032,2009,2010,0.000111130641017,0,0,0.07,0.0378263480961,2026-09-08T22:18:35.604489+00:00,study3b_fifo_runtime_v1
47863,C_5039,2009,2010,0.00109627540223,0,0,0.07,0.0378263480961,2026-09-08T22:18:35.604489+00:00,study3b_fifo_runtime_v1
47884,C_5041,2009,2010,1.06468296508e-05,0,0,0.07,0.0378263480961,2026-09-08T22:18:35.604489+00:00,study3b_fifo_runtime_v1
47907,C_5043,2009,2010,3.35548720614e-05,0,0,0.07,0.0378263480961,2026-09-08T22:18:35.604489+00:00,study3b_fifo_runtime_v1
47928,C_5045,2009,2010,0.000506738026161,0,0,0.07,0.0378263480961,2026-09-08T22:18:35.604489+00:00,study3b_fifo_runtime_v1
47979,C_5052,2009,2010,0.00565485702828,0,0,0.07,0.0378263480961,2026-09-08T22:18:35.604489+00:00,study3b_fifo_runtime_v1
47998,C_5053,2009,2010,0.260225385427,1,1,0.07,0.0378263480961,2026-09-08T22:18:35.604489+00:00,study3b_fifo_runtime_v1
48003,C_5055,2009,2010,9.17821816984e-05,0,0,0.07,0.0378263480961,2026-09-08T22:18:35.604489+00:00,study3b_fifo_runtime_v1
48022,C_5056,2009,2010,0.000753455795348,0,0,0.07,0.0378263480961,2026-09-08T22:18:35.604489+00:00,study3b_fifo_runtime_v1
48057,C_5060,2009,2010,0.001611577929,0,0,0.07,0.0378263480961,2026-09-08T22:18:35.604489+00:00,study3b_fifo_runtime_v1
48071,C_5061,2009,2010,0.000138981471537,0,0,0.07,0.0378263480961,2026-09-08T22:18:35.604489+00:00,study3b_fifo_runtime_v1
48086,C_5062,2009,2010,1.7930595277e-05,0,0,0.07,0.0378263480961,2026-09-08T22:18:35.604489+00:00,study3b_fifo_runtime_v1
48126,C_5065,2009,2010,0.000548324082047,0,0,0.07,0.0378263480961,2026-09-08T22:18:35.604489+00:00,study3b_fifo_runtime_v1
48151,C_5069,2009,2010,0.000183620490134,0,0,0.07,0.0378263480961,2026-09-08T22:18:35.604489+00:00,study3b_fifo_runtime_v1
48166,C_5070,2009,2010,0.000567316485103,0,0,0.07,0.0378263480961,2026-09-08T22:18:35.604489+00:00,study3b_fifo_runtime_v1
48177,C_5071,2009,2010,9.3154660135e-05,0,0,0.07,0.0378263480961,2026-09-08T22:18:35.604489+00:00,study3b_fifo_runtime_v1
48197,C_5072,2009,2010,0.00040334064397,0,0,0.07,0.0378263480961,2026-09-08T22:18:35.604489+00:00,study3b_fifo_runtime_v1
48220,C_5076,2009,2010,0.000122209225083,0,0,0.07,0.0378263480961,2026-09-08T22:18:35.604489+00:00,study3b_fifo_runtime_v1
48256,C_5081,2009,2010,0.000223387498409,0,0,0.07,0.0378263480961,2026-09-08T22:18:35.604489+00:00,study3b_fifo_runtime_v1
48270,C_5082,2009,2010,0.000259885942796,0,0,0.07,0.0378263480961,2026-09-08T22:18:35.604489+00:00,study3b_fifo_runtime_v1
48305,C_5087,2009,2010,0.000308474613121,0,0,0.07,0.0378263480961,2026-09-08T22:18:35.604489+00:00,study3b_fifo_runtime_v1
48331,C_5089,2009,2010,0.000887739530299,0,0,0.07,0.0378263480961,2026-09-08T22:18:35.604489+00:00,study3b_fifo_runtime_v1
48359,C_5092,2009,2010,0.00121092656627,0,0,0.07,0.0378263480961,2026-09-08T22:18:35.604489+00:00,study3b_fifo_runtime_v1
48376,C_5093,2009,2010,2.63760357484e-05,0,0,0.07,0.0378263480961,2026-09-08T22:18:35.604489+00:00,study3b_fifo_runtime_v1
48414,C_5098,2009,2010,9.24840351217e-05,0,0,0.07,0.0378263480961,2026-09-08T22:18:35.604489+00:00,study3b_fifo_runtime_v1
48447,C_5103,2009,2010,0.00511331809685,0,0,0.07,0.0378263480961,2026-09-08T22:18:35.604489+00:00,study3b_fifo_runtime_v1
48468,C_5105,2009,2010,0.011019888334,0,0,0.07,0.0378263480961,2026-09-08T22:18:35.604489+00:00,study3b_fifo_runtime_v1
48501,C_5109,2009,2010,0.000239906948991,0,0,0.07,0.0378263480961,2026-09-08T22:18:35.604489+00:00,study3b_fifo_runtime_v1
48532,C_5112,2009,2010,5.14995772392e-05,0,0,0.07,0.0378263480961,2026-09-08T22:18:35.604489+00:00,study3b_fifo_runtime_v1
48550,C_5113,2009,2010,3.60496014764e-05,0,0,0.07,0.0378263480961,2026-09-08T22:18:35.604489+00:00,study3b_fifo_runtime_v1
48564,C_5114,2009,2010,0.00130240945145,0,0,0.07,0.0378263480961,2026-09-08T22:18:35.604489+00:00,study3b_fifo_runtime_v1
48584,C_5117,2009,2010,5.66290982533e-05,0,0,0.07,0.0378263480961,2026-09-08T22:18:35.604489+00:00,study3b_fifo_runtime_v1
48618,C_5123,2009,2010,0.00446112034842,0,0,0.07,0.0378263480961,2026-09-08T22:18:35.604489+00:00,study3b_fifo_runtime_v1
48637,C_5126,2009,2010,0.000992341316305,0,0,0.07,0.0378263480961,2026-09-08T22:18:35.604489+00:00,study3b_fifo_runtime_v1
48682,C_5132,2009,2010,0.000379267963581,0,0,0.07,0.0378263480961,2026-09-08T22:18:35.604489+00:00,study3b_fifo_runtime_v1
48699,C_5133,2009,2010,7.42708871257e-05,0,0,0.07,0.0378263480961,2026-09-08T22:18:35.604489+00:00,study3b_fifo_runtime_v1
48730,C_5139,2009,2010,0.000117213123303,0,0,0.07,0.0378263480961,2026-09-08T22:18:35.604489+00:00,study3b_fifo_runtime_v1
48748,C_5140,2009,2010,0.0017220712034,0,0,0.07,0.0378263480961,2026-09-08T22:18:35.604489+00:00,study3b_fifo_runtime_v1
48773,C_5142,2009,2010,0.0059156161733,0,0,0.07,0.0378263480961,2026-09-08T22:18:35.604489+00:00,study3b_fifo_runtime_v1
48805,C_5146,2009,2010,0.00169625610579,0,0,0.07,0.0378263480961,2026-09-08T22:18:35.604489+00:00,study3b_fifo_runtime_v1
48817,C_5147,2009,2010,0.0535087175667,0,1,0.07,0.0378263480961,2026-09-08T22:18:35.604489+00:00,study3b_fifo_runtime_v1
48843,C_5150,2009,2010,4.9908147048e-05,0,0,0.07,0.0378263480961,2026-09-08T22:18:35.604489+00:00,study3b_fifo_runtime_v1
48858,C_5151,2009,2010,0.000516544270795,0,0,0.07,0.0378263480961,2026-09-08T22:18:35.604489+00:00,study3b_fifo_runtime_v1
48871,C_5152,2009,2010,0.000184869510122,0,0,0.07,0.0378263480961,2026-09-08T22:18:35.604489+00:00,study3b_fifo_runtime_v1
48895,C_5155,2009,2010,0.00307483226061,0,0,0.07,0.0378263480961,2026-09-08T22:18:35.604489+00:00,study3b_fifo_runtime_v1
48923,C_5158,2009,2010,0.000267116469331,0,0,0.07,0.0378263480961,2026-09-08T22:18:35.604489+00:00,study3b_fifo_runtime_v1
48942,C_5159,2009,2010,0.000165938443388,0,0,0.07,0.0378263480961,2026-09-08T22:18:35.604489+00:00,study3b_fifo_runtime_v1
48994,C_5167,2009,2010,1.14766617116e-05,0,0,0.07,0.0378263480961,2026-09-08T22:18:35.604489+00:00,study3b_fifo_runtime_v1
49022,C_5171,2009,2010,0.000114130998554,0,0,0.07,0.0378263480961,2026-09-08T22:18:35.604489+00:00,study3b_fifo_runtime_v1
49042,C_5172,2009,2010,0.0262689590454,0,0,0.07,0.0378263480961,2026-09-08T22:18:35.604489+00:00,study3b_fifo_runtime_v1
49063,C_5174,2009,2010,0.000267345661996,0,0,0.07,0.0378263480961,2026-09-08T22:18:35.604489+00:00,study3b_fifo_runtime_v1
49095,C_5178,2009,2010,1.28632173073e-05,0,0,0.07,0.0378263480961,2026-09-08T22:18:35.604489+00:00,study3b_fifo_runtime_v1
49138,C_5182,2009,2010,0.00312577118166,0,0,0.07,0.0378263480961,2026-09-08T22:18:35.604489+00:00,study3b_fifo_runtime_v1
49157,C_5183,2009,2010,0.00277211237699,0,0,0.07,0.0378263480961,2026-09-08T22:18:35.604489+00:00,study3b_fifo_runtime_v1
49177,C_5184,2009,2010,0.000357429002179,0,0,0.07,0.0378263480961,2026-09-08T22:18:35.604489+00:00,study3b_fifo_runtime_v1
49240,C_5191,2009,2010,0.000465214339783,0,0,0.07,0.0378263480961,2026-09-08T22:18:35.604489+00:00,study3b_fifo_runtime_v1
49335,C_5208,2009,2010,9.06532222871e-05,0,0,0.07,0.0378263480961,2026-09-08T22:18:35.604489+00:00,study3b_fifo_runtime_v1
49348,C_5210,2009,2010,0.000220741188969,0,0,0.07,0.0378263480961,2026-09-08T22:18:35.604489+00:00,study3b_fifo_runtime_v1
49362,C_5212,2009,2010,1.13587475425e-05,0,0,0.07,0.0378263480961,2026-09-08T22:18:35.604489+00:00,study3b_fifo_runtime_v1
49400,C_5219,2009,2010,0.00202387850732,0,0,0.07,0.0378263480961,2026-09-08T22:18:35.604489+00:00,study3b_fifo_runtime_v1
49420,C_5220,2009,2010,1.96397559193e-06,0,0,0.07,0.0378263480961,2026-09-08T22:18:35.604489+00:00,study3b_fifo_runtime_v1
49445,C_5222,2009,2010,0.0398281961679,0,1,0.07,0.0378263480961,2026-09-08T22:18:35.604489+00:00,study3b_fifo_runtime_v1
49475,C_5226,2009,2010,0.000422724493546,0,0,0.07,0.0378263480961,2026-09-08T22:18:35.604489+00:00,study3b_fifo_runtime_v1
49496,C_5228,2009,2010,1.05201297629e-05,0,0,0.07,0.0378263480961,2026-09-08T22:18:35.604489+00:00,study3b_fifo_runtime_v1
49518,C_5231,2009,2010,2.99387611449e-05,0,0,0.07,0.0378263480961,2026-09-08T22:18:35.604489+00:00,study3b_fifo_runtime_v1
49538,C_5232,2009,2010,0.00941061973572,0,0,0.07,0.0378263480961,2026-09-08T22:18:35.604489+00:00,study3b_fifo_runtime_v1
49553,C_5234,2009,2010,8.19127672003e-05,0,0,0.07,0.0378263480961,2026-09-08T22:18:35.604489+00:00,study3b_fifo_runtime_v1
49573,C_5235,2009,2010,1.07596388261e-05,0,0,0.07,0.0378263480961,2026-09-08T22:18:35.604489+00:00,study3b_fifo_runtime_v1
49602,C_5240,2009,2010,0.00117390113883,0,0,0.07,0.0378263480961,2026-09-08T22:18:35.604489+00:00,study3b_fifo_runtime_v1
49616,C_5241,2009,2010,8.97251356946e-06,0,0,0.07,0.0378263480961,2026-09-08T22:18:35.604489+00:00,study3b_fifo_runtime_v1
49636,C_5242,2009,2010,0.000915890501346,0,0,0.07,0.0378263480961,2026-09-08T22:18:35.604489+00:00,study3b_fifo_runtime_v1
49659,C_5244,2009,2010,8.80972365849e-05,0,0,0.07,0.0378263480961,2026-09-08T22:18:35.604489+00:00,study3b_fifo_runtime_v1
49697,C_5248,2009,2010,1.89045076695e-05,0,0,0.07,0.0378263480961,2026-09-08T22:18:35.604489+00:00,study3b_fifo_runtime_v1
49710,C_5249,2009,2010,0.000175953187863,0,0,0.07,0.0378263480961,2026-09-08T22:18:35.604489+00:00,study3b_fifo_runtime_v1
49746,C_5254,2009,2010,0.00027657794999,0,0,0.07,0.0378263480961,2026-09-08T22:18:35.604489+00:00,study3b_fifo_runtime_v1
49768,C_5256,2009,2010,0.00032277329592,0,0,0.07,0.0378263480961,2026-09-08T22:18:35.604489+00:00,study3b_fifo_runtime_v1
49795,C_5261,2009,2010,0.00102474133018,0,0,0.07,0.0378263480961,2026-09-08T22:18:35.604489+00:00,study3b_fifo_runtime_v1
49813,C_5262,2009,2010,2.48199057751e-06,0,0,0.07,0.0378263480961,2026-09-08T22:18:35.604489+00:00,study3b_fifo_runtime_v1
49842,C_5264,2009,2010,0.000211728081922,0,0,0.07,0.0378263480961,2026-09-08T22:18:35.604489+00:00,study3b_fifo_runtime_v1
49861,C_5265,2009,2010,0.000198457608349,0,0,0.07,0.0378263480961,2026-09-08T22:18:35.604489+00:00,study3b_fifo_runtime_v1
49888,C_5268,2009,2010,0.000335086282576,0,0,0.07,0.0378263480961,2026-09-08T22:18:35.604489+00:00,study3b_fifo_runtime_v1
49900,C_5270,2009,2010,0.000487094192067,0,0,0.07,0.0378263480961,2026-09-08T22:18:35.604489+00:00,study3b_fifo_runtime_v1
49920,C_5272,2009,2010,0.000337939243764,0,0,0.07,0.0378263480961,2026-09-08T22:18:35.604489+00:00,study3b_fifo_runtime_v1
50004,C_5283,2009,2010,4.40565736426e-06,0,0,0.07,0.0378263480961,2026-09-08T22:18:35.604489+00:00,study3b_fifo_runtime_v1
50019,C_5284,2009,2010,0.000369828281691,0,0,0.07,0.0378263480961,2026-09-08T22:18:35.604489+00:00,study3b_fifo_runtime_v1
50044,C_5286,2009,2010,3.27827183355e-06,0,0,0.07,0.0378263480961,2026-09-08T22:18:35.604489+00:00,study3b_fifo_runtime_v1
50065,C_5288,2009,2010,0.000174630316906,0,0,0.07,0.0378263480961,2026-09-08T22:18:35.604489+00:00,study3b_fifo_runtime_v1
50085,C_5289,2009,2010,5.22191221535e-05,0,0,0.07,0.0378263480961,2026-09-08T22:18:35.604489+00:00,study3b_fifo_runtime_v1
50114,C_5293,2009,2010,2.05821561394e-05,0,0,0.07,0.0378263480961,2026-09-08T22:18:35.604489+00:00,study3b_fifo_runtime_v1
50135,C_5296,2009,2010,6.74452239764e-05,0,0,0.07,0.0378263480961,2026-09-08T22:18:35.604489+00:00,study3b_fifo_runtime_v1
50166,C_5299,2009,2010,0.000745174475014,0,0,0.07,0.0378263480961,2026-09-08T22:18:35.604489+00:00,study3b_fifo_runtime_v1
50193,C_5303,2009,2010,0.0465476326644,0,1,0.07,0.0378263480961,2026-09-08T22:18:35.604489+00:00,study3b_fifo_runtime_v1
50211,C_5304,2009,2010,0.000100094905065,0,0,0.07,0.0378263480961,2026-09-08T22:18:35.604489+00:00,study3b_fifo_runtime_v1
50231,C_5305,2009,2010,1.64263601619e-05,0,0,0.07,0.0378263480961,2026-09-08T22:18:35.604489+00:00,study3b_fifo_runtime_v1
50242,C_5306,2009,2010,0.000534025661182,0,0,0.07,0.0378263480961,2026-09-08T22:18:35.604489+00:00,study3b_fifo_runtime_v1
50268,C_5308,2009,2010,8.33122885524e-06,0,0,0.07,0.0378263480961,2026-09-08T22:18:35.604489+00:00,study3b_fifo_runtime_v1
50297,C_5311,2009,2010,0.00039650753024,0,0,0.07,0.0378263480961,2026-09-08T22:18:35.604489+00:00,study3b_fifo_runtime_v1
50325,C_5315,2009,2010,0.00226720911451,0,0,0.07,0.0378263480961,2026-09-08T22:18:35.604489+00:00,study3b_fifo_runtime_v1
50363,C_5319,2009,2010,0.000148925275425,0,0,0.07,0.0378263480961,2026-09-08T22:18:35.604489+00:00,study3b_fifo_runtime_v1
50409,C_5325,2009,2010,0.00123127782717,0,0,0.07,0.0378263480961,2026-09-08T22:18:35.604489+00:00,study3b_fifo_runtime_v1
50427,C_5326,2009,2010,0.00300331437029,0,0,0.07,0.0378263480961,2026-09-08T22:18:35.604489+00:00,study3b_fifo_runtime_v1
50447,C_5327,2009,2010,0.000259580061538,0,0,0.07,0.0378263480961,2026-09-08T22:18:35.604489+00:00,study3b_fifo_runtime_v1
50492,C_5335,2009,2010,0.000107503459731,0,0,0.07,0.0378263480961,2026-09-08T22:18:35.604489+00:00,study3b_fifo_runtime_v1
50519,C_5337,2009,2010,0.0658604726195,0,1,0.07,0.0378263480961,2026-09-08T22:18:35.604489+00:00,study3b_fifo_runtime_v1
50535,C_5339,2009,2010,3.22241576214e-05,0,0,0.07,0.0378263480961,2026-09-08T22:18:35.604489+00:00,study3b_fifo_runtime_v1
50555,C_5340,2009,2010,3.945883509e-05,0,0,0.07,0.0378263480961,2026-09-08T22:18:35.604489+00:00,study3b_fifo_runtime_v1
50570,C_5341,2009,2010,0.000699318305124,0,0,0.07,0.0378263480961,2026-09-08T22:18:35.604489+00:00,study3b_fifo_runtime_v1
50596,C_5343,2009,2010,0.000466510275146,0,0,0.07,0.0378263480961,2026-09-08T22:18:35.604489+00:00,study3b_fifo_runtime_v1
50629,C_5350,2009,2010,0.000109430227894,0,0,0.07,0.0378263480961,2026-09-08T22:18:35.604489+00:00,study3b_fifo_runtime_v1
50654,C_5352,2009,2010,5.86352825849e-06,0,0,0.07,0.0378263480961,2026-09-08T22:18:35.604489+00:00,study3b_fifo_runtime_v1
50676,C_5354,2009,2010,0.000124718484585,0,0,0.07,0.0378263480961,2026-09-08T22:18:35.604489+00:00,study3b_fifo_runtime_v1
50707,C_5356,2009,2010,0.00017916750221,0,0,0.07,0.0378263480961,2026-09-08T22:18:35.604489+00:00,study3b_fifo_runtime_v1
50721,C_5358,2009,2010,0.000154963330715,0,0,0.07,0.0378263480961,2026-09-08T22:18:35.604489+00:00,study3b_fifo_runtime_v1
50739,C_5360,2009,2010,0.000834101054352,0,0,0.07,0.0378263480961,2026-09-08T22:18:35.604489+00:00,study3b_fifo_runtime_v1
50759,C_5361,2009,2010,0.000219596273382,0,0,0.07,0.0378263480961,2026-09-08T22:18:35.604489+00:00,study3b_fifo_runtime_v1
50771,C_5362,2009,2010,1.20563299788e-05,0,0,0.07,0.0378263480961,2026-09-08T22:18:35.604489+00:00,study3b_fifo_runtime_v1
50793,C_5364,2009,2010,2.92927961709e-05,0,0,0.07,0.0378263480961,2026-09-08T22:18:35.604489+00:00,study3b_fifo_runtime_v1
50845,C_5372,2009,2010,3.59020232281e-05,0,0,0.07,0.0378263480961,2026-09-08T22:18:35.604489+00:00,study3b_fifo_runtime_v1
50862,C_5375,2009,2010,0.000850139011163,0,0,0.07,0.0378263480961,2026-09-08T22:18:35.604489+00:00,study3b_fifo_runtime_v1
50918,C_5385,2009,2010,3.1149967981e-05,0,0,0.07,0.0378263480961,2026-09-08T22:18:35.604489+00:00,study3b_fifo_runtime_v1
50952,C_5391,2009,2010,0.00238377484493,0,0,0.07,0.0378263480961,2026-09-08T22:18:35.604489+00:00,study3b_fifo_runtime_v1
50972,C_5392,2009,2010,3.43127649103e-05,0,0,0.07,0.0378263480961,2026-09-08T22:18:35.604489+00:00,study3b_fifo_runtime_v1
50997,C_5394,2009,2010,0.00135111098643,0,0,0.07,0.0378263480961,2026-09-08T22:18:35.604489+00:00,study3b_fifo_runtime_v1
51017,C_5395,2009,2010,0.0405460298061,0,1,0.07,0.0378263480961,2026-09-08T22:18:35.604489+00:00,study3b_fifo_runtime_v1
51079,C_5403,2009,2010,6.508565275e-05,0,0,0.07,0.0378263480961,2026-09-08T22:18:35.604489+00:00,study3b_fifo_runtime_v1
51098,C_5405,2009,2010,0.000258371350355,0,0,0.07,0.0378263480961,2026-09-08T22:18:35.604489+00:00,study3b_fifo_runtime_v1
51115,C_5406,2009,2010,7.58656315156e-05,0,0,0.07,0.0378263480961,2026-09-08T22:18:35.604489+00:00,study3b_fifo_runtime_v1
51144,C_5409,2009,2010,0.00110929517541,0,0,0.07,0.0378263480961,2026-09-08T22:18:35.604489+00:00,study3b_fifo_runtime_v1
51162,C_5410,2009,2010,0.00174736755434,0,0,0.07,0.0378263480961,2026-09-08T22:18:35.604489+00:00,study3b_fifo_runtime_v1
51182,C_5414,2009,2010,9.50657413341e-05,0,0,0.07,0.0378263480961,2026-09-08T22:18:35.604489+00:00,study3b_fifo_runtime_v1
51193,C_5415,2009,2010,0.00688123283908,0,0,0.07,0.0378263480961,2026-09-08T22:18:35.604489+00:00,study3b_fifo_runtime_v1
51206,C_5416,2009,2010,0.000849433185067,0,0,0.07,0.0378263480961,2026-09-08T22:18:35.604489+00:00,study3b_fifo_runtime_v1
51240,C_5421,2009,2010,2.21314840019e-05,0,0,0.07,0.0378263480961,2026-09-08T22:18:35.604489+00:00,study3b_fifo_runtime_v1
51257,C_5422,2009,2010,2.46948256972e-05,0,0,0.07,0.0378263480961,2026-09-08T22:18:35.604489+00:00,study3b_fifo_runtime_v1
51269,C_5424,2009,2010,0.000466864206828,0,0,0.07,0.0378263480961,2026-09-08T22:18:35.604489+00:00,study3b_fifo_runtime_v1
51285,C_5425,2009,2010,0.000449592247605,0,0,0.07,0.0378263480961,2026-09-08T22:18:35.604489+00:00,study3b_fifo_runtime_v1
51305,C_5426,2009,2010,4.74023836432e-05,0,0,0.07,0.0378263480961,2026-09-08T22:18:35.604489+00:00,study3b_fifo_runtime_v1
51321,C_5427,2009,2010,8.26527175377e-05,0,0,0.07,0.0378263480961,2026-09-08T22:18:35.604489+00:00,study3b_fifo_runtime_v1
51346,C_5431,2009,2010,7.02580509824e-05,0,0,0.07,0.0378263480961,2026-09-08T22:18:35.604489+00:00,study3b_fifo_runtime_v1
51395,C_5438,2009,2010,0.000231566213188,0,0,0.07,0.0378263480961,2026-09-08T22:18:35.604489+00:00,study3b_fifo_runtime_v1
51415,C_5439,2009,2010,1.6025507648e-05,0,0,0.07,0.0378263480961,2026-09-08T22:18:35.604489+00:00,study3b_fifo_runtime_v1
51437,C_5441,2009,2010,9.84526923276e-05,0,0,0.07,0.0378263480961,2026-09-08T22:18:35.604489+00:00,study3b_fifo_runtime_v1
51456,C_5442,2009,2010,0.0714640691876,1,1,0.07,0.0378263480961,2026-09-08T22:18:35.604489+00:00,study3b_fifo_runtime_v1
51477,C_5446,2009,2010,6.67478234391e-05,0,0,0.07,0.0378263480961,2026-09-08T22:18:35.604489+00:00,study3b_fifo_runtime_v1
51497,C_5447,2009,2010,0.00972607266158,0,0,0.07,0.0378263480961,2026-09-08T22:18:35.604489+00:00,study3b_fifo_runtime_v1
51535,C_5453,2009,2010,8.45338145155e-05,0,0,0.07,0.0378263480961,2026-09-08T22:18:35.604489+00:00,study3b_fifo_runtime_v1
51549,C_5454,2009,2010,0.000558739237022,0,0,0.07,0.0378263480961,2026-09-08T22:18:35.604489+00:00,study3b_fifo_runtime_v1
51573,C_5456,2009,2010,0.0038892198354,0,0,0.07,0.0378263480961,2026-09-08T22:18:35.604489+00:00,study3b_fifo_runtime_v1
51591,C_5457,2009,2010,1.29361760628e-05,0,0,0.07,0.0378263480961,2026-09-08T22:18:35.604489+00:00,study3b_fifo_runtime_v1
51604,C_5458,2009,2010,0.000226889154874,0,0,0.07,0.0378263480961,2026-09-08T22:18:35.604489+00:00,study3b_fifo_runtime_v1
51625,C_5460,2009,2010,1.65279870998e-05,0,0,0.07,0.0378263480961,2026-09-08T22:18:35.604489+00:00,study3b_fifo_runtime_v1
51652,C_5462,2009,2010,0.0190868321806,0,0,0.07,0.0378263480961,2026-09-08T22:18:35.604489+00:00,study3b_fifo_runtime_v1
51670,C_5464,2009,2010,2.73796613328e-05,0,0,0.07,0.0378263480961,2026-09-08T22:18:35.604489+00:00,study3b_fifo_runtime_v1
51681,C_5465,2009,2010,8.05188974482e-05,0,0,0.07,0.0378263480961,2026-09-08T22:18:35.604489+00:00,study3b_fifo_runtime_v1
51709,C_5469,2009,2010,0.000208816505619,0,0,0.07,0.0378263480961,2026-09-08T22:18:35.604489+00:00,study3b_fifo_runtime_v1
51725,C_5471,2009,2010,0.00026081019314,0,0,0.07,0.0378263480961,2026-09-08T22:18:35.604489+00:00,study3b_fifo_runtime_v1
51763,C_5474,2009,2010,0.000171165680513,0,0,0.07,0.0378263480961,2026-09-08T22:18:35.604489+00:00,study3b_fifo_runtime_v1
51776,C_5475,2009,2010,0.174750134349,1,1,0.07,0.0378263480961,2026-09-08T22:18:35.604489+00:00,study3b_fifo_runtime_v1
51789,C_5476,2009,2010,2.9571383493e-05,0,0,0.07,0.0378263480961,2026-09-08T22:18:35.604489+00:00,study3b_fifo_runtime_v1
51815,C_5479,2009,2010,5.69198200537e-05,0,0,0.07,0.0378263480961,2026-09-08T22:18:35.604489+00:00,study3b_fifo_runtime_v1
51821,C_5480,2009,2010,0.000146486287122,0,0,0.07,0.0378263480961,2026-09-08T22:18:35.604489+00:00,study3b_fifo_runtime_v1
51834,C_5481,2009,2010,0.000478620378999,0,0,0.07,0.0378263480961,2026-09-08T22:18:35.604489+00:00,study3b_fifo_runtime_v1
51849,C_5482,2009,2010,0.000292056647595,0,0,0.07,0.0378263480961,2026-09-08T22:18:35.604489+00:00,study3b_fifo_runtime_v1
51868,C_5484,2009,2010,9.10327653401e-05,0,0,0.07,0.0378263480961,2026-09-08T22:18:35.604489+00:00,study3b_fifo_runtime_v1
51890,C_5486,2009,2010,0.00305122905411,0,0,0.07,0.0378263480961,2026-09-08T22:18:35.604489+00:00,study3b_fifo_runtime_v1
51921,C_5491,2009,2010,0.00216710404493,0,0,0.07,0.0378263480961,2026-09-08T22:18:35.604489+00:00,study3b_fifo_runtime_v1
51940,C_5492,2009,2010,0.000109051092295,0,0,0.07,0.0378263480961,2026-09-08T22:18:35.604489+00:00,study3b_fifo_runtime_v1
51998,C_5502,2009,2010,8.34639067762e-05,0,0,0.07,0.0378263480961,2026-09-08T22:18:35.604489+00:00,study3b_fifo_runtime_v1
52015,C_5503,2009,2010,0.0108214691281,0,0,0.07,0.0378263480961,2026-09-08T22:18:35.604489+00:00,study3b_fifo_runtime_v1
52032,C_5505,2009,2010,0.00146424525883,0,0,0.07,0.0378263480961,2026-09-08T22:18:35.604489+00:00,study3b_fifo_runtime_v1
52052,C_5506,2009,2010,0.00474940473214,0,0,0.07,0.0378263480961,2026-09-08T22:18:35.604489+00:00,study3b_fifo_runtime_v1
52076,C_5509,2009,2010,0.000867578492034,0,0,0.07,0.0378263480961,2026-09-08T22:18:35.604489+00:00,study3b_fifo_runtime_v1
52101,C_5513,2009,2010,0.000546261377167,0,0,0.07,0.0378263480961,2026-09-08T22:18:35.604489+00:00,study3b_fifo_runtime_v1
52115,C_5514,2009,2010,2.04464140552e-05,0,0,0.07,0.0378263480961,2026-09-08T22:18:35.604489+00:00,study3b_fifo_runtime_v1
52130,C_5515,2009,2010,0.00251942430623,0,0,0.07,0.0378263480961,2026-09-08T22:18:35.604489+00:00,study3b_fifo_runtime_v1
52151,C_5517,2009,2010,0.0151853188872,0,0,0.07,0.0378263480961,2026-09-08T22:18:35.604489+00:00,study3b_fifo_runtime_v1
52179,C_5521,2009,2010,0.029067164287,0,0,0.07,0.0378263480961,2026-09-08T22:18:35.604489+00:00,study3b_fifo_runtime_v1
52195,C_5523,2009,2010,0.00176182575524,0,0,0.07,0.0378263480961,2026-09-08T22:18:35.604489+00:00,study3b_fifo_runtime_v1
52218,C_5525,2009,2010,0.008255652152,0,0,0.07,0.0378263480961,2026-09-08T22:18:35.604489+00:00,study3b_fifo_runtime_v1
52250,C_5531,2009,2010,0.000121898629004,0,0,0.07,0.0378263480961,2026-09-08T22:18:35.604489+00:00,study3b_fifo_runtime_v1
52260,C_5532,2009,2010,0.0185583867133,0,0,0.07,0.0378263480961,2026-09-08T22:18:35.604489+00:00,study3b_fifo_runtime_v1
52272,C_5533,2009,2010,0.00210193754174,0,0,0.07,0.0378263480961,2026-09-08T22:18:35.604489+00:00,study3b_fifo_runtime_v1
52292,C_5534,2009,2010,0.000618923979346,0,0,0.07,0.0378263480961,2026-09-08T22:18:35.604489+00:00,study3b_fifo_runtime_v1
52301,C_5537,2009,2010,0.000828337098937,0,0,0.07,0.0378263480961,2026-09-08T22:18:35.604489+00:00,study3b_fifo_runtime_v1
52337,C_5542,2009,2010,0.00119852414355,0,0,0.07,0.0378263480961,2026-09-08T22:18:35.604489+00:00,study3b_fifo_runtime_v1
52344,C_5543,2009,2010,0.000360112957424,0,0,0.07,0.0378263480961,2026-09-08T22:18:35.604489+00:00,study3b_fifo_runtime_v1
52374,C_5545,2009,2010,8.34362363094e-05,0,0,0.07,0.0378263480961,2026-09-08T22:18:35.604489+00:00,study3b_fifo_runtime_v1
52394,C_5546,2009,2010,2.56636067206e-05,0,0,0.07,0.0378263480961,2026-09-08T22:18:35.604489+00:00,study3b_fifo_runtime_v1
52400,C_5547,2009,2010,0.000200597161893,0,0,0.07,0.0378263480961,2026-09-08T22:18:35.604489+00:00,study3b_fifo_runtime_v1
52461,C_5559,2009,2010,0.0281230788678,0,0,0.07,0.0378263480961,2026-09-08T22:18:35.604489+00:00,study3b_fifo_runtime_v1
52471,C_5560,2009,2010,6.23105142949e-06,0,0,0.07,0.0378263480961,2026-09-08T22:18:35.604489+00:00,study3b_fifo_runtime_v1
52490,C_5561,2009,2010,0.0093810306862,0,0,0.07,0.0378263480961,2026-09-08T22:18:35.604489+00:00,study3b_fifo_runtime_v1
52504,C_5562,2009,2010,0.000236149760894,0,0,0.07,0.0378263480961,2026-09-08T22:18:35.604489+00:00,study3b_fifo_runtime_v1
52524,C_5563,2009,2010,0.000183104726602,0,0,0.07,0.0378263480961,2026-09-08T22:18:35.604489+00:00,study3b_fifo_runtime_v1
52550,C_5567,2009,2010,0.00119946512859,0,0,0.07,0.0378263480961,2026-09-08T22:18:35.604489+00:00,study3b_fifo_runtime_v1
52566,C_5569,2009,2010,0.000616847304627,0,0,0.07,0.0378263480961,2026-09-08T22:18:35.604489+00:00,study3b_fifo_runtime_v1
52585,C_5573,2009,2010,0.000122554818518,0,0,0.07,0.0378263480961,2026-09-08T22:18:35.604489+00:00,study3b_fifo_runtime_v1
52605,C_5574,2009,2010,2.52691461355e-05,0,0,0.07,0.0378263480961,2026-09-08T22:18:35.604489+00:00,study3b_fifo_runtime_v1
52619,C_5577,2009,2010,0.000213251740206,0,0,0.07,0.0378263480961,2026-09-08T22:18:35.604489+00:00,study3b_fifo_runtime_v1
52649,C_5580,2009,2010,0.000783664174378,0,0,0.07,0.0378263480961,2026-09-08T22:18:35.604489+00:00,study3b_fifo_runtime_v1
52669,C_5581,2009,2010,9.31093818508e-05,0,0,0.07,0.0378263480961,2026-09-08T22:18:35.604489+00:00,study3b_fifo_runtime_v1
52698,C_5586,2009,2010,8.67764356371e-06,0,0,0.07,0.0378263480961,2026-09-08T22:18:35.604489+00:00,study3b_fifo_runtime_v1
52771,C_5602,2009,2010,1.84509644896e-06,0,0,0.07,0.0378263480961,2026-09-08T22:18:35.604489+00:00,study3b_fifo_runtime_v1
52793,C_5604,2009,2010,0.00443496042863,0,0,0.07,0.0378263480961,2026-09-08T22:18:35.604489+00:00,study3b_fifo_runtime_v1
52812,C_5605,2009,2010,0.00151608325541,0,0,0.07,0.0378263480961,2026-09-08T22:18:35.604489+00:00,study3b_fifo_runtime_v1
52832,C_5606,2009,2010,0.00170340575278,0,0,0.07,0.0378263480961,2026-09-08T22:18:35.604489+00:00,study3b_fifo_runtime_v1
52852,C_5607,2009,2010,0.000189761354704,0,0,0.07,0.0378263480961,2026-09-08T22:18:35.604489+00:00,study3b_fifo_runtime_v1
52866,C_5608,2009,2010,0.000157065223902,0,0,0.07,0.0378263480961,2026-09-08T22:18:35.604489+00:00,study3b_fifo_runtime_v1
52887,C_5610,2009,2010,0.00259182602167,0,0,0.07,0.0378263480961,2026-09-08T22:18:35.604489+00:00,study3b_fifo_runtime_v1
52909,C_5612,2009,2010,0.000165539226145,0,0,0.07,0.0378263480961,2026-09-08T22:18:35.604489+00:00,study3b_fifo_runtime_v1
52937,C_5617,2009,2010,0.00817176047713,0,0,0.07,0.0378263480961,2026-09-08T22:18:35.604489+00:00,study3b_fifo_runtime_v1
52957,C_5618,2009,2010,2.0017814677e-05,0,0,0.07,0.0378263480961,2026-09-08T22:18:35.604489+00:00,study3b_fifo_runtime_v1
52968,C_5619,2009,2010,0.0012209812412,0,0,0.07,0.0378263480961,2026-09-08T22:18:35.604489+00:00,study3b_fifo_runtime_v1
52979,C_5621,2009,2010,0.00787030626088,0,0,0.07,0.0378263480961,2026-09-08T22:18:35.604489+00:00,study3b_fifo_runtime_v1
52996,C_5624,2009,2010,0.000123964811792,0,0,0.07,0.0378263480961,2026-09-08T22:18:35.604489+00:00,study3b_fifo_runtime_v1
53011,C_5626,2009,2010,6.13317606621e-05,0,0,0.07,0.0378263480961,2026-09-08T22:18:35.604489+00:00,study3b_fifo_runtime_v1
53042,C_5629,2009,2010,6.15968820057e-05,0,0,0.07,0.0378263480961,2026-09-08T22:18:35.604489+00:00,study3b_fifo_runtime_v1
53082,C_5637,2009,2010,0.000108748849016,0,0,0.07,0.0378263480961,2026-09-08T22:18:35.604489+00:00,study3b_fifo_runtime_v1
53099,C_5640,2009,2010,4.84066840727e-05,0,0,0.07,0.0378263480961,2026-09-08T22:18:35.604489+00:00,study3b_fifo_runtime_v1
53155,C_5651,2009,2010,7.8170800407e-05,0,0,0.07,0.0378263480961,2026-09-08T22:18:35.604489+00:00,study3b_fifo_runtime_v1
53174,C_5652,2009,2010,0.0122899962589,0,0,0.07,0.0378263480961,2026-09-08T22:18:35.604489+00:00,study3b_fifo_runtime_v1
53194,C_5653,2009,2010,3.91457542719e-05,0,0,0.07,0.0378263480961,2026-09-08T22:18:35.604489+00:00,study3b_fifo_runtime_v1
53208,C_5654,2009,2010,5.47611271031e-05,0,0,0.07,0.0378263480961,2026-09-08T22:18:35.604489+00:00,study3b_fifo_runtime_v1
53237,C_5657,2009,2010,4.02918522013e-06,0,0,0.07,0.0378263480961,2026-09-08T22:18:35.604489+00:00,study3b_fifo_runtime_v1
53252,C_5658,2009,2010,0.000393013091525,0,0,0.07,0.0378263480961,2026-09-08T22:18:35.604489+00:00,study3b_fifo_runtime_v1
53281,C_5661,2009,2010,1.21606608445e-05,0,0,0.07,0.0378263480961,2026-09-08T22:18:35.604489+00:00,study3b_fifo_runtime_v1
53315,C_5663,2009,2010,0.00522433361039,0,0,0.07,0.0378263480961,2026-09-08T22:18:35.604489+00:00,study3b_fifo_runtime_v1
53336,C_5665,2009,2010,0.00179936049972,0,0,0.07,0.0378263480961,2026-09-08T22:18:35.604489+00:00,study3b_fifo_runtime_v1
53357,C_5667,2009,2010,0.000242284455453,0,0,0.07,0.0378263480961,2026-09-08T22:18:35.604489+00:00,study3b_fifo_runtime_v1
53389,C_5673,2009,2010,3.41781378665e-05,0,0,0.07,0.0378263480961,2026-09-08T22:18:35.604489+00:00,study3b_fifo_runtime_v1
53401,C_5674,2009,2010,0.000112086243462,0,0,0.07,0.0378263480961,2026-09-08T22:18:35.604489+00:00,study3b_fifo_runtime_v1
53413,C_5675,2009,2010,0.000123334422824,0,0,0.07,0.0378263480961,2026-09-08T22:18:35.604489+00:00,study3b_fifo_runtime_v1
53438,C_5677,2009,2010,0.00426504993811,0,0,0.07,0.0378263480961,2026-09-08T22:18:35.604489+00:00,study3b_fifo_runtime_v1
53458,C_5680,2009,2010,0.000150877749547,0,0,0.07,0.0378263480961,2026-09-08T22:18:35.604489+00:00,study3b_fifo_runtime_v1
53478,C_5681,2009,2010,1.60345371114e-05,0,0,0.07,0.0378263480961,2026-09-08T22:18:35.604489+00:00,study3b_fifo_runtime_v1
53499,C_5684,2009,2010,0.00142080278601,0,0,0.07,0.0378263480961,2026-09-08T22:18:35.604489+00:00,study3b_fifo_runtime_v1
53511,C_5685,2009,2010,0.000633944873698,0,0,0.07,0.0378263480961,2026-09-08T22:18:35.604489+00:00,study3b_fifo_runtime_v1
53538,C_5687,2009,2010,7.22228360246e-05,0,0,0.07,0.0378263480961,2026-09-08T22:18:35.604489+00:00,study3b_fifo_runtime_v1
53558,C_5688,2009,2010,0.00268276478164,0,0,0.07,0.0378263480961,2026-09-08T22:18:35.604489+00:00,study3b_fifo_runtime_v1
53574,C_5689,2009,2010,0.000306573463604,0,0,0.07,0.0378263480961,2026-09-08T22:18:35.604489+00:00,study3b_fifo_runtime_v1
53594,C_5691,2009,2010,0.00269949808717,0,0,0.07,0.0378263480961,2026-09-08T22:18:35.604489+00:00,study3b_fifo_runtime_v1
53615,C_5693,2009,2010,2.56340008491e-05,0,0,0.07,0.0378263480961,2026-09-08T22:18:35.604489+00:00,study3b_fifo_runtime_v1
53648,C_5698,2009,2010,0.000995269510895,0,0,0.07,0.0378263480961,2026-09-08T22:18:35.604489+00:00,study3b_fifo_runtime_v1
53662,C_5700,2009,2010,0.000610477349255,0,0,0.07,0.0378263480961,2026-09-08T22:18:35.604489+00:00,study3b_fifo_runtime_v1
53685,C_5702,2009,2010,0.00902584753931,0,0,0.07,0.0378263480961,2026-09-08T22:18:35.604489+00:00,study3b_fifo_runtime_v1
53707,C_5704,2009,2010,4.98599365528e-05,0,0,0.07,0.0378263480961,2026-09-08T22:18:35.604489+00:00,study3b_fifo_runtime_v1
53741,C_5709,2009,2010,0.000205272735911,0,0,0.07,0.0378263480961,2026-09-08T22:18:35.604489+00:00,study3b_fifo_runtime_v1
53754,C_5711,2009,2010,0.00153804651927,0,0,0.07,0.0378263480961,2026-09-08T22:18:35.604489+00:00,study3b_fifo_runtime_v1
53775,C_5714,2009,2010,0.00026884386898,0,0,0.07,0.0378263480961,2026-09-08T22:18:35.604489+00:00,study3b_fifo_runtime_v1
53787,C_5715,2009,2010,5.11393091074e-06,0,0,0.07,0.0378263480961,2026-09-08T22:18:35.604489+00:00,study3b_fifo_runtime_v1
53811,C_5719,2009,2010,0.000131039545522,0,0,0.07,0.0378263480961,2026-09-08T22:18:35.604489+00:00,study3b_fifo_runtime_v1
53836,C_5722,2009,2010,0.00149821769446,0,0,0.07,0.0378263480961,2026-09-08T22:18:35.604489+00:00,study3b_fifo_runtime_v1
53856,C_5723,2009,2010,0.00058401824208,0,0,0.07,0.0378263480961,2026-09-08T22:18:35.604489+00:00,study3b_fifo_runtime_v1
53878,C_5725,2009,2010,0.0165833327919,0,0,0.07,0.0378263480961,2026-09-08T22:18:35.604489+00:00,study3b_fifo_runtime_v1
53889,C_5726,2009,2010,0.000121422192024,0,0,0.07,0.0378263480961,2026-09-08T22:18:35.604489+00:00,study3b_fifo_runtime_v1
53908,C_5730,2009,2010,1.16325109047e-05,0,0,0.07,0.0378263480961,2026-09-08T22:18:35.604489+00:00,study3b_fifo_runtime_v1
53928,C_5731,2009,2010,0.001243404462,0,0,0.07,0.0378263480961,2026-09-08T22:18:35.604489+00:00,study3b_fifo_runtime_v1
53952,C_5735,2009,2010,0.000141566284583,0,0,0.07,0.0378263480961,2026-09-08T22:18:35.604489+00:00,study3b_fifo_runtime_v1
53972,C_5736,2009,2010,0.000110991997644,0,0,0.07,0.0378263480961,2026-09-08T22:18:35.604489+00:00,study3b_fifo_runtime_v1
53995,C_5738,2009,2010,2.13189177884e-05,0,0,0.07,0.0378263480961,2026-09-08T22:18:35.604489+00:00,study3b_fifo_runtime_v1
54025,C_5741,2009,2010,9.85426231637e-05,0,0,0.07,0.0378263480961,2026-09-08T22:18:35.604489+00:00,study3b_fifo_runtime_v1
54038,C_5742,2009,2010,0.00105228926986,0,0,0.07,0.0378263480961,2026-09-08T22:18:35.604489+00:00,study3b_fifo_runtime_v1
54056,C_5744,2009,2010,0.00195232394617,0,0,0.07,0.0378263480961,2026-09-08T22:18:35.604489+00:00,study3b_fifo_runtime_v1
54082,C_5748,2009,2010,2.50469620369e-05,0,0,0.07,0.0378263480961,2026-09-08T22:18:35.604489+00:00,study3b_fifo_runtime_v1
54092,C_5749,2009,2010,0.00468126824126,0,0,0.07,0.0378263480961,2026-09-08T22:18:35.604489+00:00,study3b_fifo_runtime_v1
54112,C_5750,2009,2010,3.32199415425e-05,0,0,0.07,0.0378263480961,2026-09-08T22:18:35.604489+00:00,study3b_fifo_runtime_v1
54126,C_5751,2009,2010,0.000135117035825,0,0,0.07,0.0378263480961,2026-09-08T22:18:35.604489+00:00,study3b_fifo_runtime_v1
54158,C_5756,2009,2010,3.91868416045e-05,0,0,0.07,0.0378263480961,2026-09-08T22:18:35.604489+00:00,study3b_fifo_runtime_v1
54183,C_5759,2009,2010,0.000151120431838,0,0,0.07,0.0378263480961,2026-09-08T22:18:35.604489+00:00,study3b_fifo_runtime_v1
54203,C_5760,2009,2010,0.00409591337666,0,0,0.07,0.0378263480961,2026-09-08T22:18:35.604489+00:00,study3b_fifo_runtime_v1
54211,C_5762,2009,2010,5.66141497984e-05,0,0,0.07,0.0378263480961,2026-09-08T22:18:35.604489+00:00,study3b_fifo_runtime_v1
54232,C_5766,2009,2010,8.0943798821e-05,0,0,0.07,0.0378263480961,2026-09-08T22:18:35.604489+00:00,study3b_fifo_runtime_v1
54260,C_5771,2009,2010,2.70669461315e-05,0,0,0.07,0.0378263480961,2026-09-08T22:18:35.604489+00:00,study3b_fifo_runtime_v1
54285,C_5773,2009,2010,2.17770575546e-05,0,0,0.07,0.0378263480961,2026-09-08T22:18:35.604489+00:00,study3b_fifo_runtime_v1
54299,C_5775,2009,2010,0.00464577227831,0,0,0.07,0.0378263480961,2026-09-08T22:18:35.604489+00:00,study3b_fifo_runtime_v1
54312,C_5776,2009,2010,0.000421368546085,0,0,0.07,0.0378263480961,2026-09-08T22:18:35.604489+00:00,study3b_fifo_runtime_v1
54332,C_5777,2009,2010,0.0130595257506,0,0,0.07,0.0378263480961,2026-09-08T22:18:35.604489+00:00,study3b_fifo_runtime_v1
54345,C_5778,2009,2010,3.56889431714e-05,0,0,0.07,0.0378263480961,2026-09-08T22:18:35.604489+00:00,study3b_fifo_runtime_v1
54374,C_5781,2009,2010,0.000645916559733,0,0,0.07,0.0378263480961,2026-09-08T22:18:35.604489+00:00,study3b_fifo_runtime_v1
54396,C_5785,2009,2010,0.00495899608359,0,0,0.07,0.0378263480961,2026-09-08T22:18:35.604489+00:00,study3b_fifo_runtime_v1
54425,C_5788,2009,2010,0.000361500395229,0,0,0.07,0.0378263480961,2026-09-08T22:18:35.604489+00:00,study3b_fifo_runtime_v1
54451,C_5792,2009,2010,0.000114027767268,0,0,0.07,0.0378263480961,2026-09-08T22:18:35.604489+00:00,study3b_fifo_runtime_v1
54472,C_5795,2009,2010,0.0171085651964,0,0,0.07,0.0378263480961,2026-09-08T22:18:35.604489+00:00,study3b_fifo_runtime_v1
54483,C_5796,2009,2010,0.000248634256423,0,0,0.07,0.0378263480961,2026-09-08T22:18:35.604489+00:00,study3b_fifo_runtime_v1
54508,C_5801,2009,2010,1.69286558958e-05,0,0,0.07,0.0378263480961,2026-09-08T22:18:35.604489+00:00,study3b_fifo_runtime_v1
54528,C_5802,2009,2010,0.00200527324341,0,0,0.07,0.0378263480961,2026-09-08T22:18:35.604489+00:00,study3b_fifo_runtime_v1
54557,C_5806,2009,2010,0.0145443519577,0,0,0.07,0.0378263480961,2026-09-08T22:18:35.604489+00:00,study3b_fifo_runtime_v1
54568,C_5807,2009,2010,0.000109693784907,0,0,0.07,0.0378263480961,2026-09-08T22:18:35.604489+00:00,study3b_fifo_runtime_v1
54588,C_5808,2009,2010,0.00775825791061,0,0,0.07,0.0378263480961,2026-09-08T22:18:35.604489+00:00,study3b_fifo_runtime_v1
54599,C_5809,2009,2010,0.000286904396489,0,0,0.07,0.0378263480961,2026-09-08T22:18:35.604489+00:00,study3b_fifo_runtime_v1
54621,C_5811,2009,2010,0.00179861520883,0,0,0.07,0.0378263480961,2026-09-08T22:18:35.604489+00:00,study3b_fifo_runtime_v1
54638,C_5812,2009,2010,0.00327711575665,0,0,0.07,0.0378263480961,2026-09-08T22:18:35.604489+00:00,study3b_fifo_runtime_v1
54667,C_5814,2009,2010,0.00891385227442,0,0,0.07,0.0378263480961,2026-09-08T22:18:35.604489+00:00,study3b_fifo_runtime_v1
54694,C_5820,2009,2010,0.00206027948298,0,0,0.07,0.0378263480961,2026-09-08T22:18:35.604489+00:00,study3b_fifo_runtime_v1
54712,C_5821,2009,2010,0.00193022936583,0,0,0.07,0.0378263480961,2026-09-08T22:18:35.604489+00:00,study3b_fifo_runtime_v1
54732,C_5822,2009,2010,0.000100109296909,0,0,0.07,0.0378263480961,2026-09-08T22:18:35.604489+00:00,study3b_fifo_runtime_v1
54764,C_5825,2009,2010,7.86008458817e-05,0,0,0.07,0.0378263480961,2026-09-08T22:18:35.604489+00:00,study3b_fifo_runtime_v1
54785,C_5827,2009,2010,0.015269449912,0,0,0.07,0.0378263480961,2026-09-08T22:18:35.604489+00:00,study3b_fifo_runtime_v1
54790,C_5828,2009,2010,0.00115777726751,0,0,0.07,0.0378263480961,2026-09-08T22:18:35.604489+00:00,study3b_fifo_runtime_v1
54817,C_5830,2009,2010,0.000112300731416,0,0,0.07,0.0378263480961,2026-09-08T22:18:35.604489+00:00,study3b_fifo_runtime_v1
54836,C_5831,2009,2010,0.000349722482497,0,0,0.07,0.0378263480961,2026-09-08T22:18:35.604489+00:00,study3b_fifo_runtime_v1
54849,C_5834,2009,2010,0.000182104980922,0,0,0.07,0.0378263480961,2026-09-08T22:18:35.604489+00:00,study3b_fifo_runtime_v1
54865,C_5835,2009,2010,0.000783014111221,0,0,0.07,0.0378263480961,2026-09-08T22:18:35.604489+00:00,study3b_fifo_runtime_v1
54902,C_5841,2009,2010,7.34283139536e-06,0,0,0.07,0.0378263480961,2026-09-08T22:18:35.604489+00:00,study3b_fifo_runtime_v1
54913,C_5842,2009,2010,1.43323995871e-05,0,0,0.07,0.0378263480961,2026-09-08T22:18:35.604489+00:00,study3b_fifo_runtime_v1
54925,C_5843,2009,2010,0.00145636557136,0,0,0.07,0.0378263480961,2026-09-08T22:18:35.604489+00:00,study3b_fifo_runtime_v1
54939,C_5845,2009,2010,0.00450745085254,0,0,0.07,0.0378263480961,2026-09-08T22:18:35.604489+00:00,study3b_fifo_runtime_v1
54963,C_5847,2009,2010,0.00131101952866,0,0,0.07,0.0378263480961,2026-09-08T22:18:35.604489+00:00,study3b_fifo_runtime_v1
54979,C_5849,2009,2010,0.00825929548591,0,0,0.07,0.0378263480961,2026-09-08T22:18:35.604489+00:00,study3b_fifo_runtime_v1
55002,C_5853,2009,2010,0.00190746469889,0,0,0.07,0.0378263480961,2026-09-08T22:18:35.604489+00:00,study3b_fifo_runtime_v1
55032,C_5858,2009,2010,2.9131078918e-05,0,0,0.07,0.0378263480961,2026-09-08T22:18:35.604489+00:00,study3b_fifo_runtime_v1
55045,C_5860,2009,2010,0.00717570306733,0,0,0.07,0.0378263480961,2026-09-08T22:18:35.604489+00:00,study3b_fifo_runtime_v1
55054,C_5863,2009,2010,0.000324035732774,0,0,0.07,0.0378263480961,2026-09-08T22:18:35.604489+00:00,study3b_fifo_runtime_v1
55071,C_5864,2009,2010,0.00112037837971,0,0,0.07,0.0378263480961,2026-09-08T22:18:35.604489+00:00,study3b_fifo_runtime_v1
55088,C_5866,2009,2010,0.00162499258295,0,0,0.07,0.0378263480961,2026-09-08T22:18:35.604489+00:00,study3b_fifo_runtime_v1
55129,C_5870,2009,2010,0.00278830411844,0,0,0.07,0.0378263480961,2026-09-08T22:18:35.604489+00:00,study3b_fifo_runtime_v1
55153,C_5873,2009,2010,0.00011605542386,0,0,0.07,0.0378263480961,2026-09-08T22:18:35.604489+00:00,study3b_fifo_runtime_v1
55180,C_5877,2009,2010,0.0260126367211,0,0,0.07,0.0378263480961,2026-09-08T22:18:35.604489+00:00,study3b_fifo_runtime_v1
55198,C_5878,2009,2010,0.000189070546185,0,0,0.07,0.0378263480961,2026-09-08T22:18:35.604489+00:00,study3b_fifo_runtime_v1
55221,C_5880,2009,2010,1.78467598744e-05,0,0,0.07,0.0378263480961,2026-09-08T22:18:35.604489+00:00,study3b_fifo_runtime_v1
55247,C_5882,2009,2010,9.63868733379e-05,0,0,0.07,0.0378263480961,2026-09-08T22:18:35.604489+00:00,study3b_fifo_runtime_v1
55279,C_5885,2009,2010,0.000275704165688,0,0,0.07,0.0378263480961,2026-09-08T22:18:35.604489+00:00,study3b_fifo_runtime_v1
55338,C_5895,2009,2010,6.5758729761e-05,0,0,0.07,0.0378263480961,2026-09-08T22:18:35.604489+00:00,study3b_fifo_runtime_v1
55362,C_5898,2009,2010,1.24757088997e-05,0,0,0.07,0.0378263480961,2026-09-08T22:18:35.604489+00:00,study3b_fifo_runtime_v1
55388,C_5900,2009,2010,0.00163109542336,0,0,0.07,0.0378263480961,2026-09-08T22:18:35.604489+00:00,study3b_fifo_runtime_v1
55451,C_5911,2009,2010,5.11534635734e-05,0,0,0.07,0.0378263480961,2026-09-08T22:18:35.604489+00:00,study3b_fifo_runtime_v1
55516,C_5920,2009,2010,0.00173531880137,0,0,0.07,0.0378263480961,2026-09-08T22:18:35.604489+00:00,study3b_fifo_runtime_v1
55536,C_5921,2009,2010,0.000319557235343,0,0,0.07,0.0378263480961,2026-09-08T22:18:35.604489+00:00,study3b_fifo_runtime_v1
55548,C_5922,2009,2010,1.99922087631e-05,0,0,0.07,0.0378263480961,2026-09-08T22:18:35.604489+00:00,study3b_fifo_runtime_v1
55564,C_5923,2009,2010,5.14170933457e-05,0,0,0.07,0.0378263480961,2026-09-08T22:18:35.604489+00:00,study3b_fifo_runtime_v1
55584,C_5924,2009,2010,0.000184521137271,0,0,0.07,0.0378263480961,2026-09-08T22:18:35.604489+00:00,study3b_fifo_runtime_v1
55610,C_5927,2009,2010,2.34311683016e-05,0,0,0.07,0.0378263480961,2026-09-08T22:18:35.604489+00:00,study3b_fifo_runtime_v1
55656,C_5935,2009,2010,0.0183442328125,0,0,0.07,0.0378263480961,2026-09-08T22:18:35.604489+00:00,study3b_fifo_runtime_v1
55678,C_5938,2009,2010,0.0031063342467,0,0,0.07,0.0378263480961,2026-09-08T22:18:35.604489+00:00,study3b_fifo_runtime_v1
55696,C_5940,2009,2010,3.21990737575e-05,0,0,0.07,0.0378263480961,2026-09-08T22:18:35.604489+00:00,study3b_fifo_runtime_v1
55723,C_5942,2009,2010,2.05636188184e-05,0,0,0.07,0.0378263480961,2026-09-08T22:18:35.604489+00:00,study3b_fifo_runtime_v1
55735,C_5943,2009,2010,0.000315676006721,0,0,0.07,0.0378263480961,2026-09-08T22:18:35.604489+00:00,study3b_fifo_runtime_v1
55765,C_5945,2009,2010,0.00021305505652,0,0,0.07,0.0378263480961,2026-09-08T22:18:35.604489+00:00,study3b_fifo_runtime_v1
55788,C_5948,2009,2010,0.000798926514108,0,0,0.07,0.0378263480961,2026-09-08T22:18:35.604489+00:00,study3b_fifo_runtime_v1
55799,C_5949,2009,2010,3.99745586037e-05,0,0,0.07,0.0378263480961,2026-09-08T22:18:35.604489+00:00,study3b_fifo_runtime_v1
55802,C_5950,2009,2010,0.000166949976119,0,0,0.07,0.0378263480961,2026-09-08T22:18:35.604489+00:00,study3b_fifo_runtime_v1
55826,C_5954,2009,2010,0.00218944461085,0,0,0.07,0.0378263480961,2026-09-08T22:18:35.604489+00:00,study3b_fifo_runtime_v1
55852,C_5956,2009,2010,0.00220939959399,0,0,0.07,0.0378263480961,2026-09-08T22:18:35.604489+00:00,study3b_fifo_runtime_v1
55864,C_5958,2009,2010,0.00628715800121,0,0,0.07,0.0378263480961,2026-09-08T22:18:35.604489+00:00,study3b_fifo_runtime_v1
55879,C_5959,2009,2010,0.0338922329247,0,0,0.07,0.0378263480961,2026-09-08T22:18:35.604489+00:00,study3b_fifo_runtime_v1
55893,C_5960,2009,2010,3.47780223819e-05,0,0,0.07,0.0378263480961,2026-09-08T22:18:35.604489+00:00,study3b_fifo_runtime_v1
55911,C_5964,2009,2010,0.00092649855651,0,0,0.07,0.0378263480961,2026-09-08T22:18:35.604489+00:00,study3b_fifo_runtime_v1
55933,C_5967,2009,2010,0.000350570742739,0,0,0.07,0.0378263480961,2026-09-08T22:18:35.604489+00:00,study3b_fifo_runtime_v1
55962,C_5970,2009,2010,0.000354127725586,0,0,0.07,0.0378263480961,2026-09-08T22:18:35.604489+00:00,study3b_fifo_runtime_v1
55991,C_5974,2009,2010,0.0086287939921,0,0,0.07,0.0378263480961,2026-09-08T22:18:35.604489+00:00,study3b_fifo_runtime_v1
56008,C_5975,2009,2010,0.0144643448293,0,0,0.07,0.0378263480961,2026-09-08T22:18:35.604489+00:00,study3b_fifo_runtime_v1
56030,C_5977,2009,2010,5.63079265703e-05,0,0,0.07,0.0378263480961,2026-09-08T22:18:35.604489+00:00,study3b_fifo_runtime_v1
56046,C_5979,2009,2010,5.02894836245e-05,0,0,0.07,0.0378263480961,2026-09-08T22:18:35.604489+00:00,study3b_fifo_runtime_v1
56070,C_5982,2009,2010,0.00021389919857,0,0,0.07,0.0378263480961,2026-09-08T22:18:35.604489+00:00,study3b_fifo_runtime_v1
56084,C_5985,2009,2010,0.0370538458228,0,0,0.07,0.0378263480961,2026-09-08T22:18:35.604489+00:00,study3b_fifo_runtime_v1
56098,C_5986,2009,2010,0.00840794295073,0,0,0.07,0.0378263480961,2026-09-08T22:18:35.604489+00:00,study3b_fifo_runtime_v1
56108,C_5987,2009,2010,0.0219763573259,0,0,0.07,0.0378263480961,2026-09-08T22:18:35.604489+00:00,study3b_fifo_runtime_v1
56142,C_5992,2009,2010,0.00326104531996,0,0,0.07,0.0378263480961,2026-09-08T22:18:35.604489+00:00,study3b_fifo_runtime_v1
56170,C_5996,2009,2010,0.000389381108107,0,0,0.07,0.0378263480961,2026-09-08T22:18:35.604489+00:00,study3b_fifo_runtime_v1
56205,C_6001,2009,2010,2.96950802294e-05,0,0,0.07,0.0378263480961,2026-09-08T22:18:35.604489+00:00,study3b_fifo_runtime_v1
56243,C_6008,2009,2010,0.00592250237241,0,0,0.07,0.0378263480961,2026-09-08T22:18:35.604489+00:00,study3b_fifo_runtime_v1
56263,C_6010,2009,2010,0.000130136817461,0,0,0.07,0.0378263480961,2026-09-08T22:18:35.604489+00:00,study3b_fifo_runtime_v1
56283,C_6011,2009,2010,0.000245665287366,0,0,0.07,0.0378263480961,2026-09-08T22:18:35.604489+00:00,study3b_fifo_runtime_v1
56298,C_6013,2009,2010,2.27236323553e-05,0,0,0.07,0.0378263480961,2026-09-08T22:18:35.604489+00:00,study3b_fifo_runtime_v1
56323,C_6016,2009,2010,0.0510105974972,0,1,0.07,0.0378263480961,2026-09-08T22:18:35.604489+00:00,study3b_fifo_runtime_v1
56335,C_6017,2009,2010,0.000292554002954,0,0,0.07,0.0378263480961,2026-09-08T22:18:35.604489+00:00,study3b_fifo_runtime_v1
56355,C_6018,2009,2010,0.00127587409224,0,0,0.07,0.0378263480961,2026-09-08T22:18:35.604489+00:00,study3b_fifo_runtime_v1
56360,C_6019,2009,2010,2.66829611064e-05,0,0,0.07,0.0378263480961,2026-09-08T22:18:35.604489+00:00,study3b_fifo_runtime_v1
56372,C_6020,2009,2010,0.0377372503281,0,0,0.07,0.0378263480961,2026-09-08T22:18:35.604489+00:00,study3b_fifo_runtime_v1
56409,C_6026,2009,2010,0.000218426517677,0,0,0.07,0.0378263480961,2026-09-08T22:18:35.604489+00:00,study3b_fifo_runtime_v1
56428,C_6027,2009,2010,0.00220169150271,0,0,0.07,0.0378263480961,2026-09-08T22:18:35.604489+00:00,study3b_fifo_runtime_v1
56438,C_6028,2009,2010,0.000213787934626,0,0,0.07,0.0378263480961,2026-09-08T22:18:35.604489+00:00,study3b_fifo_runtime_v1
56450,C_6030,2009,2010,0.000316941848723,0,0,0.07,0.0378263480961,2026-09-08T22:18:35.604489+00:00,study3b_fifo_runtime_v1
56494,C_6035,2009,2010,5.91524403717e-05,0,0,0.07,0.0378263480961,2026-09-08T22:18:35.604489+00:00,study3b_fifo_runtime_v1
56521,C_6040,2009,2010,1.04556356746e-05,0,0,0.07,0.0378263480961,2026-09-08T22:18:35.604489+00:00,study3b_fifo_runtime_v1
56541,C_6041,2009,2010,0.000484701391542,0,0,0.07,0.0378263480961,2026-09-08T22:18:35.604489+00:00,study3b_fifo_runtime_v1
56562,C_6043,2009,2010,0.0123714683577,0,0,0.07,0.0378263480961,2026-09-08T22:18:35.604489+00:00,study3b_fifo_runtime_v1
56582,C_6046,2009,2010,0.000132271554321,0,0,0.07,0.0378263480961,2026-09-08T22:18:35.604489+00:00,study3b_fifo_runtime_v1
56596,C_6047,2009,2010,0.000457413814729,0,0,0.07,0.0378263480961,2026-09-08T22:18:35.604489+00:00,study3b_fifo_runtime_v1
56647,C_6056,2009,2010,0.00193758157548,0,0,0.07,0.0378263480961,2026-09-08T22:18:35.604489+00:00,study3b_fifo_runtime_v1
56661,C_6057,2009,2010,0.000159350514878,0,0,0.07,0.0378263480961,2026-09-08T22:18:35.604489+00:00,study3b_fifo_runtime_v1
56675,C_6059,2009,2010,1.94281801669e-05,0,0,0.07,0.0378263480961,2026-09-08T22:18:35.604489+00:00,study3b_fifo_runtime_v1
56695,C_6060,2009,2010,0.000554623722564,0,0,0.07,0.0378263480961,2026-09-08T22:18:35.604489+00:00,study3b_fifo_runtime_v1
56711,C_6063,2009,2010,5.87000104133e-05,0,0,0.07,0.0378263480961,2026-09-08T22:18:35.604489+00:00,study3b_fifo_runtime_v1
56730,C_6066,2009,2010,0.000785956159234,0,0,0.07,0.0378263480961,2026-09-08T22:18:35.604489+00:00,study3b_fifo_runtime_v1
56758,C_6070,2009,2010,2.8712225685e-05,0,0,0.07,0.0378263480961,2026-09-08T22:18:35.604489+00:00,study3b_fifo_runtime_v1
56788,C_6073,2009,2010,6.61796657369e-05,0,0,0.07,0.0378263480961,2026-09-08T22:18:35.604489+00:00,study3b_fifo_runtime_v1
56809,C_6075,2009,2010,5.21245856362e-05,0,0,0.07,0.0378263480961,2026-09-08T22:18:35.604489+00:00,study3b_fifo_runtime_v1
56829,C_6076,2009,2010,0.000121974873764,0,0,0.07,0.0378263480961,2026-09-08T22:18:35.604489+00:00,study3b_fifo_runtime_v1
56861,C_6080,2009,2010,0.000248234107858,0,0,0.07,0.0378263480961,2026-09-08T22:18:35.604489+00:00,study3b_fifo_runtime_v1
56873,C_6081,2009,2010,0.000670435780194,0,0,0.07,0.0378263480961,2026-09-08T22:18:35.604489+00:00,study3b_fifo_runtime_v1
56885,C_6082,2009,2010,0.000170941639226,0,0,0.07,0.0378263480961,2026-09-08T22:18:35.604489+00:00,study3b_fifo_runtime_v1
56904,C_6084,2009,2010,0.0125308288261,0,0,0.07,0.0378263480961,2026-09-08T22:18:35.604489+00:00,study3b_fifo_runtime_v1
56918,C_6085,2009,2010,0.000215245512663,0,0,0.07,0.0378263480961,2026-09-08T22:18:35.604489+00:00,study3b_fifo_runtime_v1
56938,C_6086,2009,2010,0.000776397995651,0,0,0.07,0.0378263480961,2026-09-08T22:18:35.604489+00:00,study3b_fifo_runtime_v1
56960,C_6088,2009,2010,0.000183014082722,0,0,0.07,0.0378263480961,2026-09-08T22:18:35.604489+00:00,study3b_fifo_runtime_v1
56979,C_6090,2009,2010,0.000132511544507,0,0,0.07,0.0378263480961,2026-09-08T22:18:35.604489+00:00,study3b_fifo_runtime_v1
57007,C_6093,2009,2010,0.000694716756698,0,0,0.07,0.0378263480961,2026-09-08T22:18:35.604489+00:00,study3b_fifo_runtime_v1
57033,C_6098,2009,2010,0.000225771029363,0,0,0.07,0.0378263480961,2026-09-08T22:18:35.604489+00:00,study3b_fifo_runtime_v1
57060,C_6101,2009,2010,0.00848054513335,0,0,0.07,0.0378263480961,2026-09-08T22:18:35.604489+00:00,study3b_fifo_runtime_v1
57075,C_6102,2009,2010,0.00011513246136,0,0,0.07,0.0378263480961,2026-09-08T22:18:35.604489+00:00,study3b_fifo_runtime_v1
57087,C_6103,2009,2010,0.00614980095997,0,0,0.07,0.0378263480961,2026-09-08T22:18:35.604489+00:00,study3b_fifo_runtime_v1
57115,C_6105,2009,2010,3.49621914211e-05,0,0,0.07,0.0378263480961,2026-09-08T22:18:35.604489+00:00,study3b_fifo_runtime_v1
57127,C_6106,2009,2010,0.000440853502369,0,0,0.07,0.0378263480961,2026-09-08T22:18:35.604489+00:00,study3b_fifo_runtime_v1
57147,C_6107,2009,2010,0.000257498380961,0,0,0.07,0.0378263480961,2026-09-08T22:18:35.604489+00:00,study3b_fifo_runtime_v1
57161,C_6108,2009,2010,0.000785967102274,0,0,0.07,0.0378263480961,2026-09-08T22:18:35.604489+00:00,study3b_fifo_runtime_v1
57206,C_6114,2009,2010,0.000361274142051,0,0,0.07,0.0378263480961,2026-09-08T22:18:35.604489+00:00,study3b_fifo_runtime_v1
57254,C_6120,2009,2010,0.000104057828139,0,0,0.07,0.0378263480961,2026-09-08T22:18:35.604489+00:00,study3b_fifo_runtime_v1
57267,C_6121,2009,2010,0.000335260323482,0,0,0.07,0.0378263480961,2026-09-08T22:18:35.604489+00:00,study3b_fifo_runtime_v1
57284,C_6122,2009,2010,0.0254142638296,0,0,0.07,0.0378263480961,2026-09-08T22:18:35.604489+00:00,study3b_fifo_runtime_v1
57310,C_6125,2009,2010,0.0212141145021,0,0,0.07,0.0378263480961,2026-09-08T22:18:35.604489+00:00,study3b_fifo_runtime_v1
57328,C_6126,2009,2010,4.57067108073e-05,0,0,0.07,0.0378263480961,2026-09-08T22:18:35.604489+00:00,study3b_fifo_runtime_v1
57339,C_6127,2009,2010,0.00263483077288,0,0,0.07,0.0378263480961,2026-09-08T22:18:35.604489+00:00,study3b_fifo_runtime_v1
57365,C_6131,2009,2010,0.000126204788103,0,0,0.07,0.0378263480961,2026-09-08T22:18:35.604489+00:00,study3b_fifo_runtime_v1
57379,C_6132,2009,2010,4.12175468227e-05,0,0,0.07,0.0378263480961,2026-09-08T22:18:35.604489+00:00,study3b_fifo_runtime_v1
57399,C_6133,2009,2010,9.90205226117e-05,0,0,0.07,0.0378263480961,2026-09-08T22:18:35.604489+00:00,study3b_fifo_runtime_v1
57474,C_6143,2009,2010,1.76569301402e-05,0,0,0.07,0.0378263480961,2026-09-08T22:18:35.604489+00:00,study3b_fifo_runtime_v1
57507,C_6147,2009,2010,0.0011265068315,0,0,0.07,0.0378263480961,2026-09-08T22:18:35.604489+00:00,study3b_fifo_runtime_v1
57523,C_6148,2009,2010,0.000313479482429,0,0,0.07,0.0378263480961,2026-09-08T22:18:35.604489+00:00,study3b_fifo_runtime_v1
57538,C_6149,2009,2010,5.36607949471e-05,0,0,0.07,0.0378263480961,2026-09-08T22:18:35.604489+00:00,study3b_fifo_runtime_v1
57558,C_6152,2009,2010,0.000266555201961,0,0,0.07,0.0378263480961,2026-09-08T22:18:35.604489+00:00,study3b_fifo_runtime_v1
57596,C_6156,2009,2010,0.0420071519911,0,1,0.07,0.0378263480961,2026-09-08T22:18:35.604489+00:00,study3b_fifo_runtime_v1
57624,C_6163,2009,2010,0.000382734375307,0,0,0.07,0.0378263480961,2026-09-08T22:18:35.604489+00:00,study3b_fifo_runtime_v1
57633,C_6164,2009,2010,0.000158156559337,0,0,0.07,0.0378263480961,2026-09-08T22:18:35.604489+00:00,study3b_fifo_runtime_v1
57648,C_6165,2009,2010,0.000446420861408,0,0,0.07,0.0378263480961,2026-09-08T22:18:35.604489+00:00,study3b_fifo_runtime_v1
57667,C_6168,2009,2010,0.000110980799946,0,0,0.07,0.0378263480961,2026-09-08T22:18:35.604489+00:00,study3b_fifo_runtime_v1
57684,C_6169,2009,2010,1.38349905683e-05,0,0,0.07,0.0378263480961,2026-09-08T22:18:35.604489+00:00,study3b_fifo_runtime_v1
57725,C_6174,2009,2010,0.000129355612444,0,0,0.07,0.0378263480961,2026-09-08T22:18:35.604489+00:00,study3b_fifo_runtime_v1
57746,C_6177,2009,2010,0.00016844017955,0,0,0.07,0.0378263480961,2026-09-08T22:18:35.604489+00:00,study3b_fifo_runtime_v1
57768,C_6179,2009,2010,0.000395553302951,0,0,0.07,0.0378263480961,2026-09-08T22:18:35.604489+00:00,study3b_fifo_runtime_v1
57821,C_6185,2009,2010,0.000190311737242,0,0,0.07,0.0378263480961,2026-09-08T22:18:35.604489+00:00,study3b_fifo_runtime_v1
57840,C_6186,2009,2010,0.00211913068779,0,0,0.07,0.0378263480961,2026-09-08T22:18:35.604489+00:00,study3b_fifo_runtime_v1
57859,C_6188,2009,2010,0.000542790396139,0,0,0.07,0.0378263480961,2026-09-08T22:18:35.604489+00:00,study3b_fifo_runtime_v1
57876,C_6189,2009,2010,0.00380697683431,0,0,0.07,0.0378263480961,2026-09-08T22:18:35.604489+00:00,study3b_fifo_runtime_v1
57921,C_6197,2009,2010,0.000686197075993,0,0,0.07,0.0378263480961,2026-09-08T22:18:35.604489+00:00,study3b_fifo_runtime_v1
57941,C_6198,2009,2010,0.171646013856,1,1,0.07,0.0378263480961,2026-09-08T22:18:35.604489+00:00,study3b_fifo_runtime_v1
57960,C_6201,2009,2010,0.000205119838938,0,0,0.07,0.0378263480961,2026-09-08T22:18:35.604489+00:00,study3b_fifo_runtime_v1
57973,C_6202,2009,2010,0.0282911229879,0,0,0.07,0.0378263480961,2026-09-08T22:18:35.604489+00:00,study3b_fifo_runtime_v1
57991,C_6204,2009,2010,3.49886540789e-05,0,0,0.07,0.0378263480961,2026-09-08T22:18:35.604489+00:00,study3b_fifo_runtime_v1
58003,C_6205,2009,2010,0.00141403719317,0,0,0.07,0.0378263480961,2026-09-08T22:18:35.604489+00:00,study3b_fifo_runtime_v1
58020,C_6207,2009,2010,7.30755200493e-05,0,0,0.07,0.0378263480961,2026-09-08T22:18:35.604489+00:00,study3b_fifo_runtime_v1
58037,C_6208,2009,2010,0.000126671875478,0,0,0.07,0.0378263480961,2026-09-08T22:18:35.604489+00:00,study3b_fifo_runtime_v1
58055,C_6209,2009,2010,0.00525108538568,0,0,0.07,0.0378263480961,2026-09-08T22:18:35.604489+00:00,study3b_fifo_runtime_v1
58075,C_6212,2009,2010,0.000212886414374,0,0,0.07,0.0378263480961,2026-09-08T22:18:35.604489+00:00,study3b_fifo_runtime_v1
58084,C_6213,2009,2010,0.000123995749163,0,0,0.07,0.0378263480961,2026-09-08T22:18:35.604489+00:00,study3b_fifo_runtime_v1
58094,C_6214,2009,2010,0.000185355820577,0,0,0.07,0.0378263480961,2026-09-08T22:18:35.604489+00:00,study3b_fifo_runtime_v1
58114,C_6216,2009,2010,0.000261447392404,0,0,0.07,0.0378263480961,2026-09-08T22:18:35.604489+00:00,study3b_fifo_runtime_v1
58162,C_6225,2009,2010,0.000755188753828,0,0,0.07,0.0378263480961,2026-09-08T22:18:35.604489+00:00,study3b_fifo_runtime_v1
58179,C_6226,2009,2010,1.92208590306e-05,0,0,0.07,0.0378263480961,2026-09-08T22:18:35.604489+00:00,study3b_fifo_runtime_v1
58223,C_6233,2009,2010,0.000162015770911,0,0,0.07,0.0378263480961,2026-09-08T22:18:35.604489+00:00,study3b_fifo_runtime_v1
58241,C_6235,2009,2010,0.0006724204286,0,0,0.07,0.0378263480961,2026-09-08T22:18:35.604489+00:00,study3b_fifo_runtime_v1
58257,C_6237,2009,2010,3.78241711587e-05,0,0,0.07,0.0378263480961,2026-09-08T22:18:35.604489+00:00,study3b_fifo_runtime_v1
58273,C_6239,2009,2010,0.000947789754719,0,0,0.07,0.0378263480961,2026-09-08T22:18:35.604489+00:00,study3b_fifo_runtime_v1
58283,C_6240,2009,2010,0.01427303534,0,0,0.07,0.0378263480961,2026-09-08T22:18:35.604489+00:00,study3b_fifo_runtime_v1
58303,C_6241,2009,2010,0.0012066885829,0,0,0.07,0.0378263480961,2026-09-08T22:18:35.604489+00:00,study3b_fifo_runtime_v1
58315,C_6242,2009,2010,8.26934483484e-05,0,0,0.07,0.0378263480961,2026-09-08T22:18:35.604489+00:00,study3b_fifo_runtime_v1
58322,C_6244,2009,2010,0.000138166040415,0,0,0.07,0.0378263480961,2026-09-08T22:18:35.604489+00:00,study3b_fifo_runtime_v1
58345,C_6247,2009,2010,0.00426357518882,0,0,0.07,0.0378263480961,2026-09-08T22:18:35.604489+00:00,study3b_fifo_runtime_v1
58352,C_6248,2009,2010,6.59263023408e-05,0,0,0.07,0.0378263480961,2026-09-08T22:18:35.604489+00:00,study3b_fifo_runtime_v1
58365,C_6249,2009,2010,0.000243543356191,0,0,0.07,0.0378263480961,2026-09-08T22:18:35.604489+00:00,study3b_fifo_runtime_v1
58385,C_6251,2009,2010,0.000609239796177,0,0,0.07,0.0378263480961,2026-09-08T22:18:35.604489+00:00,study3b_fifo_runtime_v1
58403,C_6255,2009,2010,0.00494415732101,0,0,0.07,0.0378263480961,2026-09-08T22:18:35.604489+00:00,study3b_fifo_runtime_v1
58429,C_6257,2009,2010,5.97626749368e-05,0,0,0.07,0.0378263480961,2026-09-08T22:18:35.604489+00:00,study3b_fifo_runtime_v1
58451,C_6259,2009,2010,6.3360806962e-05,0,0,0.07,0.0378263480961,2026-09-08T22:18:35.604489+00:00,study3b_fifo_runtime_v1
58469,C_6261,2009,2010,1.63703152793e-05,0,0,0.07,0.0378263480961,2026-09-08T22:18:35.604489+00:00,study3b_fifo_runtime_v1
58488,C_6264,2009,2010,0.000220232002903,0,0,0.07,0.0378263480961,2026-09-08T22:18:35.604489+00:00,study3b_fifo_runtime_v1
58504,C_6265,2009,2010,0.00561508536339,0,0,0.07,0.0378263480961,2026-09-08T22:18:35.604489+00:00,study3b_fifo_runtime_v1
58515,C_6267,2009,2010,0.000140758391353,0,0,0.07,0.0378263480961,2026-09-08T22:18:35.604489+00:00,study3b_fifo_runtime_v1
58527,C_6268,2009,2010,0.000616939913016,0,0,0.07,0.0378263480961,2026-09-08T22:18:35.604489+00:00,study3b_fifo_runtime_v1
58544,C_6270,2009,2010,0.000192637482542,0,0,0.07,0.0378263480961,2026-09-08T22:18:35.604489+00:00,study3b_fifo_runtime_v1
58564,C_6271,2009,2010,0.000105938866909,0,0,0.07,0.0378263480961,2026-09-08T22:18:35.604489+00:00,study3b_fifo_runtime_v1
58583,C_6272,2009,2010,5.7956774981e-05,0,0,0.07,0.0378263480961,2026-09-08T22:18:35.604489+00:00,study3b_fifo_runtime_v1
58595,C_6273,2009,2010,0.000138841409353,0,0,0.07,0.0378263480961,2026-09-08T22:18:35.604489+00:00,study3b_fifo_runtime_v1
58606,C_6274,2009,2010,0.00273281964473,0,0,0.07,0.0378263480961,2026-09-08T22:18:35.604489+00:00,study3b_fifo_runtime_v1
58633,C_6278,2009,2010,0.00233929161914,0,0,0.07,0.0378263480961,2026-09-08T22:18:35.604489+00:00,study3b_fifo_runtime_v1
58659,C_6280,2009,2010,0.000323608895997,0,0,0.07,0.0378263480961,2026-09-08T22:18:35.604489+00:00,study3b_fifo_runtime_v1
58679,C_6281,2009,2010,9.90792686935e-05,0,0,0.07,0.0378263480961,2026-09-08T22:18:35.604489+00:00,study3b_fifo_runtime_v1
58691,C_6282,2009,2010,0.000148777922732,0,0,0.07,0.0378263480961,2026-09-08T22:18:35.604489+00:00,study3b_fifo_runtime_v1
58714,C_6285,2009,2010,0.00188276311383,0,0,0.07,0.0378263480961,2026-09-08T22:18:35.604489+00:00,study3b_fifo_runtime_v1
58740,C_6287,2009,2010,0.00270687974989,0,0,0.07,0.0378263480961,2026-09-08T22:18:35.604489+00:00,study3b_fifo_runtime_v1
58763,C_6289,2009,2010,4.21408003604e-05,0,0,0.07,0.0378263480961,2026-09-08T22:18:35.604489+00:00,study3b_fifo_runtime_v1
58798,C_6292,2009,2010,0.000157213056809,0,0,0.07,0.0378263480961,2026-09-08T22:18:35.604489+00:00,study3b_fifo_runtime_v1
58827,C_6295,2009,2010,0.00179502891842,0,0,0.07,0.0378263480961,2026-09-08T22:18:35.604489+00:00,study3b_fifo_runtime_v1
58850,C_6297,2009,2010,0.000132496585138,0,0,0.07,0.0378263480961,2026-09-08T22:18:35.604489+00:00,study3b_fifo_runtime_v1
58905,C_6304,2009,2010,3.15870456689e-05,0,0,0.07,0.0378263480961,2026-09-08T22:18:35.604489+00:00,study3b_fifo_runtime_v1
58952,C_6309,2009,2010,0.000178872491233,0,0,0.07,0.0378263480961,2026-09-08T22:18:35.604489+00:00,study3b_fifo_runtime_v1
58992,C_6315,2009,2010,0.00105336483102,0,0,0.07,0.0378263480961,2026-09-08T22:18:35.604489+00:00,study3b_fifo_runtime_v1
59025,C_6322,2009,2010,0.000523620808963,0,0,0.07,0.0378263480961,2026-09-08T22:18:35.604489+00:00,study3b_fifo_runtime_v1
59046,C_6324,2009,2010,0.00193716294598,0,0,0.07,0.0378263480961,2026-09-08T22:18:35.604489+00:00,study3b_fifo_runtime_v1
59072,C_6327,2009,2010,8.31719535199e-06,0,0,0.07,0.0378263480961,2026-09-08T22:18:35.604489+00:00,study3b_fifo_runtime_v1
59081,C_6328,2009,2010,0.00685411551967,0,0,0.07,0.0378263480961,2026-09-08T22:18:35.604489+00:00,study3b_fifo_runtime_v1
59102,C_6330,2009,2010,0.0011057574302,0,0,0.07,0.0378263480961,2026-09-08T22:18:35.604489+00:00,study3b_fifo_runtime_v1
59124,C_6332,2009,2010,0.00015409081243,0,0,0.07,0.0378263480961,2026-09-08T22:18:35.604489+00:00,study3b_fifo_runtime_v1
59144,C_6333,2009,2010,0.000211904130992,0,0,0.07,0.0378263480961,2026-09-08T22:18:35.604489+00:00,study3b_fifo_runtime_v1
59164,C_6334,2009,2010,5.71931486775e-05,0,0,0.07,0.0378263480961,2026-09-08T22:18:35.604489+00:00,study3b_fifo_runtime_v1
59173,C_6335,2009,2010,0.00674176029861,0,0,0.07,0.0378263480961,2026-09-08T22:18:35.604489+00:00,study3b_fifo_runtime_v1
59190,C_6337,2009,2010,0.000906778906938,0,0,0.07,0.0378263480961,2026-09-08T22:18:35.604489+00:00,study3b_fifo_runtime_v1
59210,C_6340,2009,2010,8.86436537257e-05,0,0,0.07,0.0378263480961,2026-09-08T22:18:35.604489+00:00,study3b_fifo_runtime_v1
59236,C_6343,2009,2010,0.00191190547775,0,0,0.07,0.0378263480961,2026-09-08T22:18:35.604489+00:00,study3b_fifo_runtime_v1
59276,C_6349,2009,2010,0.000746402947698,0,0,0.07,0.0378263480961,2026-09-08T22:18:35.604489+00:00,study3b_fifo_runtime_v1
59310,C_6353,2009,2010,7.87557000876e-05,0,0,0.07,0.0378263480961,2026-09-08T22:18:35.604489+00:00,study3b_fifo_runtime_v1
59329,C_6354,2009,2010,5.01685899508e-05,0,0,0.07,0.0378263480961,2026-09-08T22:18:35.604489+00:00,study3b_fifo_runtime_v1
59342,C_6355,2009,2010,1.05594617708e-05,0,0,0.07,0.0378263480961,2026-09-08T22:18:35.604489+00:00,study3b_fifo_runtime_v1
59370,C_6359,2009,2010,0.000260795815848,0,0,0.07,0.0378263480961,2026-09-08T22:18:35.604489+00:00,study3b_fifo_runtime_v1
59395,C_6361,2009,2010,3.6727724364e-05,0,0,0.07,0.0378263480961,2026-09-08T22:18:35.604489+00:00,study3b_fifo_runtime_v1
59428,C_6365,2009,2010,0.000567122246139,0,0,0.07,0.0378263480961,2026-09-08T22:18:35.604489+00:00,study3b_fifo_runtime_v1
59448,C_6366,2009,2010,3.76886637241e-05,0,0,0.07,0.0378263480961,2026-09-08T22:18:35.604489+00:00,study3b_fifo_runtime_v1
59466,C_6368,2009,2010,0.000145127458381,0,0,0.07,0.0378263480961,2026-09-08T22:18:35.604489+00:00,study3b_fifo_runtime_v1
59492,C_6370,2009,2010,0.000138219867949,0,0,0.07,0.0378263480961,2026-09-08T22:18:35.604489+00:00,study3b_fifo_runtime_v1
59519,C_6372,2009,2010,0.00193653802853,0,0,0.07,0.0378263480961,2026-09-08T22:18:35.604489+00:00,study3b_fifo_runtime_v1
59532,C_6374,2009,2010,5.45955845155e-05,0,0,0.07,0.0378263480961,2026-09-08T22:18:35.604489+00:00,study3b_fifo_runtime_v1
59560,C_6380,2009,2010,3.67477041436e-05,0,0,0.07,0.0378263480961,2026-09-08T22:18:35.604489+00:00,study3b_fifo_runtime_v1
59590,C_6384,2009,2010,0.000425433943747,0,0,0.07,0.0378263480961,2026-09-08T22:18:35.604489+00:00,study3b_fifo_runtime_v1
59608,C_6385,2009,2010,0.00175902305637,0,0,0.07,0.0378263480961,2026-09-08T22:18:35.604489+00:00,study3b_fifo_runtime_v1
59635,C_6389,2009,2010,0.0783849656582,1,1,0.07,0.0378263480961,2026-09-08T22:18:35.604489+00:00,study3b_fifo_runtime_v1
59646,C_6390,2009,2010,8.72772070579e-05,0,0,0.07,0.0378263480961,2026-09-08T22:18:35.604489+00:00,study3b_fifo_runtime_v1
59664,C_6393,2009,2010,0.000229850411415,0,0,0.07,0.0378263480961,2026-09-08T22:18:35.604489+00:00,study3b_fifo_runtime_v1
59687,C_6396,2009,2010,4.05487626267e-05,0,0,0.07,0.0378263480961,2026-09-08T22:18:35.604489+00:00,study3b_fifo_runtime_v1
59699,C_6397,2009,2010,7.65127115301e-05,0,0,0.07,0.0378263480961,2026-09-08T22:18:35.604489+00:00,study3b_fifo_runtime_v1
59722,C_6399,2009,2010,2.85216319753e-05,0,0,0.07,0.0378263480961,2026-09-08T22:18:35.604489+00:00,study3b_fifo_runtime_v1
59750,C_6403,2009,2010,0.000962586374953,0,0,0.07,0.0378263480961,2026-09-08T22:18:35.604489+00:00,study3b_fifo_runtime_v1
59770,C_6404,2009,2010,0.00243306369521,0,0,0.07,0.0378263480961,2026-09-08T22:18:35.604489+00:00,study3b_fifo_runtime_v1
59783,C_6406,2009,2010,0.000377730437322,0,0,0.07,0.0378263480961,2026-09-08T22:18:35.604489+00:00,study3b_fifo_runtime_v1
59807,C_6408,2009,2010,0.000484519085148,0,0,0.07,0.0378263480961,2026-09-08T22:18:35.604489+00:00,study3b_fifo_runtime_v1
59826,C_6409,2009,2010,0.00083685311256,0,0,0.07,0.0378263480961,2026-09-08T22:18:35.604489+00:00,study3b_fifo_runtime_v1
59841,C_6411,2009,2010,0.000289772375254,0,0,0.07,0.0378263480961,2026-09-08T22:18:35.604489+00:00,study3b_fifo_runtime_v1
59861,C_6413,2009,2010,0.000575725338422,0,0,0.07,0.0378263480961,2026-09-08T22:18:35.604489+00:00,study3b_fifo_runtime_v1
59897,C_6417,2009,2010,4.60788714918e-06,0,0,0.07,0.0378263480961,2026-09-08T22:18:35.604489+00:00,study3b_fifo_runtime_v1
59917,C_6418,2009,2010,0.000537641230039,0,0,0.07,0.0378263480961,2026-09-08T22:18:35.604489+00:00,study3b_fifo_runtime_v1
59936,C_6419,2009,2010,0.000111630477477,0,0,0.07,0.0378263480961,2026-09-08T22:18:35.604489+00:00,study3b_fifo_runtime_v1
59959,C_6421,2009,2010,0.00027565957862,0,0,0.07,0.0378263480961,2026-09-08T22:18:35.604489+00:00,study3b_fifo_runtime_v1
59977,C_6423,2009,2010,1.38740469993e-05,0,0,0.07,0.0378263480961,2026-09-08T22:18:35.604489+00:00,study3b_fifo_runtime_v1
59991,C_6425,2009,2010,0.00183116889093,0,0,0.07,0.0378263480961,2026-09-08T22:18:35.604489+00:00,study3b_fifo_runtime_v1
60011,C_6426,2009,2010,0.000210895508644,0,0,0.07,0.0378263480961,2026-09-08T22:18:35.604489+00:00,study3b_fifo_runtime_v1
60035,C_6428,2009,2010,0.0015940113226,0,0,0.07,0.0378263480961,2026-09-08T22:18:35.604489+00:00,study3b_fifo_runtime_v1
60051,C_6429,2009,2010,0.000364405772416,0,0,0.07,0.0378263480961,2026-09-08T22:18:35.604489+00:00,study3b_fifo_runtime_v1
60089,C_6435,2009,2010,0.0016669559991,0,0,0.07,0.0378263480961,2026-09-08T22:18:35.604489+00:00,study3b_fifo_runtime_v1
60114,C_6437,2009,2010,0.000121149270853,0,0,0.07,0.0378263480961,2026-09-08T22:18:35.604489+00:00,study3b_fifo_runtime_v1
60152,C_6441,2009,2010,0.00197607162409,0,0,0.07,0.0378263480961,2026-09-08T22:18:35.604489+00:00,study3b_fifo_runtime_v1
60177,C_6444,2009,2010,0.00698018958792,0,0,0.07,0.0378263480961,2026-09-08T22:18:35.604489+00:00,study3b_fifo_runtime_v1
60201,C_6447,2009,2010,2.79469240922e-05,0,0,0.07,0.0378263480961,2026-09-08T22:18:35.604489+00:00,study3b_fifo_runtime_v1
60220,C_6450,2009,2010,1.03493002825e-05,0,0,0.07,0.0378263480961,2026-09-08T22:18:35.604489+00:00,study3b_fifo_runtime_v1
60286,C_6461,2009,2010,6.18148187641e-05,0,0,0.07,0.0378263480961,2026-09-08T22:18:35.604489+00:00,study3b_fifo_runtime_v1
60295,C_6462,2009,2010,0.00556083442643,0,0,0.07,0.0378263480961,2026-09-08T22:18:35.604489+00:00,study3b_fifo_runtime_v1
60309,C_6464,2009,2010,5.60130756639e-05,0,0,0.07,0.0378263480961,2026-09-08T22:18:35.604489+00:00,study3b_fifo_runtime_v1
60331,C_6466,2009,2010,0.00100056093652,0,0,0.07,0.0378263480961,2026-09-08T22:18:35.604489+00:00,study3b_fifo_runtime_v1
60349,C_6468,2009,2010,0.010428042151,0,0,0.07,0.0378263480961,2026-09-08T22:18:35.604489+00:00,study3b_fifo_runtime_v1
60360,C_6469,2009,2010,3.34101314365e-05,0,0,0.07,0.0378263480961,2026-09-08T22:18:35.604489+00:00,study3b_fifo_runtime_v1
60379,C_6470,2009,2010,0.000219128545723,0,0,0.07,0.0378263480961,2026-09-08T22:18:35.604489+00:00,study3b_fifo_runtime_v1
60407,C_6472,2009,2010,0.000263843510766,0,0,0.07,0.0378263480961,2026-09-08T22:18:35.604489+00:00,study3b_fifo_runtime_v1
60427,C_6473,2009,2010,0.00126370240469,0,0,0.07,0.0378263480961,2026-09-08T22:18:35.604489+00:00,study3b_fifo_runtime_v1
60432,C_6474,2009,2010,0.000182219417184,0,0,0.07,0.0378263480961,2026-09-08T22:18:35.604489+00:00,study3b_fifo_runtime_v1
60442,C_6475,2009,2010,0.00254676211625,0,0,0.07,0.0378263480961,2026-09-08T22:18:35.604489+00:00,study3b_fifo_runtime_v1
60472,C_6479,2009,2010,0.000612145056948,0,0,0.07,0.0378263480961,2026-09-08T22:18:35.604489+00:00,study3b_fifo_runtime_v1
60513,C_6486,2009,2010,0.000514248444233,0,0,0.07,0.0378263480961,2026-09-08T22:18:35.604489+00:00,study3b_fifo_runtime_v1
60533,C_6487,2009,2010,5.64974725421e-05,0,0,0.07,0.0378263480961,2026-09-08T22:18:35.604489+00:00,study3b_fifo_runtime_v1
60578,C_6494,2009,2010,0.00330183352344,0,0,0.07,0.0378263480961,2026-09-08T22:18:35.604489+00:00,study3b_fifo_runtime_v1
60588,C_6495,2009,2010,0.00191162584815,0,0,0.07,0.0378263480961,2026-09-08T22:18:35.604489+00:00,study3b_fifo_runtime_v1
60608,C_6496,2009,2010,5.85546076763e-05,0,0,0.07,0.0378263480961,2026-09-08T22:18:35.604489+00:00,study3b_fifo_runtime_v1
60621,C_6498,2009,2010,0.000155625253683,0,0,0.07,0.0378263480961,2026-09-08T22:18:35.604489+00:00,study3b_fifo_runtime_v1
60637,C_6499,2009,2010,3.92789843318e-05,0,0,0.07,0.0378263480961,2026-09-08T22:18:35.604489+00:00,study3b_fifo_runtime_v1
60657,C_6502,2009,2010,0.00200546369888,0,0,0.07,0.0378263480961,2026-09-08T22:18:35.604489+00:00,study3b_fifo_runtime_v1
60704,C_6510,2009,2010,9.0249841378e-06,0,0,0.07,0.0378263480961,2026-09-08T22:18:35.604489+00:00,study3b_fifo_runtime_v1
60733,C_6513,2009,2010,2.53636844718e-05,0,0,0.07,0.0378263480961,2026-09-08T22:18:35.604489+00:00,study3b_fifo_runtime_v1
60745,C_6514,2009,2010,0.00668858876452,0,0,0.07,0.0378263480961,2026-09-08T22:18:35.604489+00:00,study3b_fifo_runtime_v1
60754,C_6515,2009,2010,0.000263876048848,0,0,0.07,0.0378263480961,2026-09-08T22:18:35.604489+00:00,study3b_fifo_runtime_v1
60772,C_6517,2009,2010,1.70042094396e-05,0,0,0.07,0.0378263480961,2026-09-08T22:18:35.604489+00:00,study3b_fifo_runtime_v1
60791,C_6520,2009,2010,0.000135377471452,0,0,0.07,0.0378263480961,2026-09-08T22:18:35.604489+00:00,study3b_fifo_runtime_v1
60808,C_6521,2009,2010,0.000190881997696,0,0,0.07,0.0378263480961,2026-09-08T22:18:35.604489+00:00,study3b_fifo_runtime_v1
60835,C_6527,2009,2010,0.000373099261196,0,0,0.07,0.0378263480961,2026-09-08T22:18:35.604489+00:00,study3b_fifo_runtime_v1
60853,C_6528,2009,2010,0.000207020551898,0,0,0.07,0.0378263480961,2026-09-08T22:18:35.604489+00:00,study3b_fifo_runtime_v1
60909,C_6536,2009,2010,0.000505216128659,0,0,0.07,0.0378263480961,2026-09-08T22:18:35.604489+00:00,study3b_fifo_runtime_v1
60924,C_6538,2009,2010,0.00160152965691,0,0,0.07,0.0378263480961,2026-09-08T22:18:35.604489+00:00,study3b_fifo_runtime_v1
60944,C_6539,2009,2010,7.76572051109e-06,0,0,0.07,0.0378263480961,2026-09-08T22:18:35.604489+00:00,study3b_fifo_runtime_v1
60967,C_6542,2009,2010,1.25270480567e-05,0,0,0.07,0.0378263480961,2026-09-08T22:18:35.604489+00:00,study3b_fifo_runtime_v1
60980,C_6543,2009,2010,0.000207762568607,0,0,0.07,0.0378263480961,2026-09-08T22:18:35.604489+00:00,study3b_fifo_runtime_v1
61000,C_6545,2009,2010,0.000178937232704,0,0,0.07,0.0378263480961,2026-09-08T22:18:35.604489+00:00,study3b_fifo_runtime_v1
61065,C_6555,2009,2010,0.000365503918147,0,0,0.07,0.0378263480961,2026-09-08T22:18:35.604489+00:00,study3b_fifo_runtime_v1
61085,C_6556,2009,2010,0.000153561195475,0,0,0.07,0.0378263480961,2026-09-08T22:18:35.604489+00:00,study3b_fifo_runtime_v1
61114,C_6559,2009,2010,0.000498661771417,0,0,0.07,0.0378263480961,2026-09-08T22:18:35.604489+00:00,study3b_fifo_runtime_v1
61127,C_6560,2009,2010,0.000421605072916,0,0,0.07,0.0378263480961,2026-09-08T22:18:35.604489+00:00,study3b_fifo_runtime_v1
61180,C_6568,2009,2010,0.00196386245079,0,0,0.07,0.0378263480961,2026-09-08T22:18:35.604489+00:00,study3b_fifo_runtime_v1
61195,C_6570,2009,2010,0.0010132266907,0,0,0.07,0.0378263480961,2026-09-08T22:18:35.604489+00:00,study3b_fifo_runtime_v1
61245,C_6579,2009,2010,0.000246811105171,0,0,0.07,0.0378263480961,2026-09-08T22:18:35.604489+00:00,study3b_fifo_runtime_v1
61274,C_6583,2009,2010,8.58014682308e-05,0,0,0.07,0.0378263480961,2026-09-08T22:18:35.604489+00:00,study3b_fifo_runtime_v1
61291,C_6584,2009,2010,1.62910455401e-05,0,0,0.07,0.0378263480961,2026-09-08T22:18:35.604489+00:00,study3b_fifo_runtime_v1
61311,C_6585,2009,2010,7.51956904423e-05,0,0,0.07,0.0378263480961,2026-09-08T22:18:35.604489+00:00,study3b_fifo_runtime_v1
61326,C_6586,2009,2010,2.64840691671e-05,0,0,0.07,0.0378263480961,2026-09-08T22:18:35.604489+00:00,study3b_fifo_runtime_v1
61346,C_6587,2009,2010,0.000733147200663,0,0,0.07,0.0378263480961,2026-09-08T22:18:35.604489+00:00,study3b_fifo_runtime_v1
61398,C_6594,2009,2010,0.000373382383259,0,0,0.07,0.0378263480961,2026-09-08T22:18:35.604489+00:00,study3b_fifo_runtime_v1
61409,C_6595,2009,2010,8.0890582467e-05,0,0,0.07,0.0378263480961,2026-09-08T22:18:35.604489+00:00,study3b_fifo_runtime_v1
61442,C_6602,2009,2010,5.97157668381e-05,0,0,0.07,0.0378263480961,2026-09-08T22:18:35.604489+00:00,study3b_fifo_runtime_v1
61461,C_6604,2009,2010,4.63697324449e-05,0,0,0.07,0.0378263480961,2026-09-08T22:18:35.604489+00:00,study3b_fifo_runtime_v1
61477,C_6605,2009,2010,0.0051066162996,0,0,0.07,0.0378263480961,2026-09-08T22:18:35.604489+00:00,study3b_fifo_runtime_v1
61497,C_6606,2009,2010,0.00107776524965,0,0,0.07,0.0378263480961,2026-09-08T22:18:35.604489+00:00,study3b_fifo_runtime_v1
61517,C_6607,2009,2010,0.000124263155158,0,0,0.07,0.0378263480961,2026-09-08T22:18:35.604489+00:00,study3b_fifo_runtime_v1
61535,C_6608,2009,2010,0.00089736492373,0,0,0.07,0.0378263480961,2026-09-08T22:18:35.604489+00:00,study3b_fifo_runtime_v1
61564,C_6611,2009,2010,0.000330213370034,0,0,0.07,0.0378263480961,2026-09-08T22:18:35.604489+00:00,study3b_fifo_runtime_v1
61583,C_6614,2009,2010,0.0189023688436,0,0,0.07,0.0378263480961,2026-09-08T22:18:35.604489+00:00,study3b_fifo_runtime_v1
61594,C_6615,2009,2010,0.000953263428528,0,0,0.07,0.0378263480961,2026-09-08T22:18:35.604489+00:00,study3b_fifo_runtime_v1
61614,C_6616,2009,2010,0.000309778231895,0,0,0.07,0.0378263480961,2026-09-08T22:18:35.604489+00:00,study3b_fifo_runtime_v1
61637,C_6618,2009,2010,0.000573155237362,0,0,0.07,0.0378263480961,2026-09-08T22:18:35.604489+00:00,study3b_fifo_runtime_v1
61647,C_6619,2009,2010,0.028546249494,0,0,0.07,0.0378263480961,2026-09-08T22:18:35.604489+00:00,study3b_fifo_runtime_v1
61658,C_6620,2009,2010,0.000204130585189,0,0,0.07,0.0378263480961,2026-09-08T22:18:35.604489+00:00,study3b_fifo_runtime_v1
61691,C_6624,2009,2010,0.000261739740381,0,0,0.07,0.0378263480961,2026-09-08T22:18:35.604489+00:00,study3b_fifo_runtime_v1
61714,C_6626,2009,2010,0.000521473761182,0,0,0.07,0.0378263480961,2026-09-08T22:18:35.604489+00:00,study3b_fifo_runtime_v1
61734,C_6627,2009,2010,1.7338701582e-05,0,0,0.07,0.0378263480961,2026-09-08T22:18:35.604489+00:00,study3b_fifo_runtime_v1
61756,C_6629,2009,2010,1.8188768081e-05,0,0,0.07,0.0378263480961,2026-09-08T22:18:35.604489+00:00,study3b_fifo_runtime_v1
61767,C_6630,2009,2010,7.9733239545e-05,0,0,0.07,0.0378263480961,2026-09-08T22:18:35.604489+00:00,study3b_fifo_runtime_v1
61787,C_6631,2009,2010,0.000109280343167,0,0,0.07,0.0378263480961,2026-09-08T22:18:35.604489+00:00,study3b_fifo_runtime_v1
61814,C_6633,2009,2010,0.0178684983402,0,0,0.07,0.0378263480961,2026-09-08T22:18:35.604489+00:00,study3b_fifo_runtime_v1
61839,C_6637,2009,2010,0.000606518937275,0,0,0.07,0.0378263480961,2026-09-08T22:18:35.604489+00:00,study3b_fifo_runtime_v1
61859,C_6639,2009,2010,0.000545537739526,0,0,0.07,0.0378263480961,2026-09-08T22:18:35.604489+00:00,study3b_fifo_runtime_v1
61879,C_6640,2009,2010,4.08643500123e-05,0,0,0.07,0.0378263480961,2026-09-08T22:18:35.604489+00:00,study3b_fifo_runtime_v1
61923,C_6644,2009,2010,0.000847992429044,0,0,0.07,0.0378263480961,2026-09-08T22:18:35.604489+00:00,study3b_fifo_runtime_v1
61947,C_6650,2009,2010,0.00231404346414,0,0,0.07,0.0378263480961,2026-09-08T22:18:35.604489+00:00,study3b_fifo_runtime_v1
61963,C_6651,2009,2010,0.00583598902449,0,0,0.07,0.0378263480961,2026-09-08T22:18:35.604489+00:00,study3b_fifo_runtime_v1
61983,C_6652,2009,2010,0.000351681985194,0,0,0.07,0.0378263480961,2026-09-08T22:18:35.604489+00:00,study3b_fifo_runtime_v1
62010,C_6654,2009,2010,8.84757355379e-06,0,0,0.07,0.0378263480961,2026-09-08T22:18:35.604489+00:00,study3b_fifo_runtime_v1
62013,C_6655,2009,2010,1.79240178113e-05,0,0,0.07,0.0378263480961,2026-09-08T22:18:35.604489+00:00,study3b_fifo_runtime_v1
62025,C_6656,2009,2010,0.0315016247332,0,0,0.07,0.0378263480961,2026-09-08T22:18:35.604489+00:00,study3b_fifo_runtime_v1
62069,C_6662,2009,2010,4.35571882917e-06,0,0,0.07,0.0378263480961,2026-09-08T22:18:35.604489+00:00,study3b_fifo_runtime_v1
62095,C_6664,2009,2010,0.0184822175652,0,0,0.07,0.0378263480961,2026-09-08T22:18:35.604489+00:00,study3b_fifo_runtime_v1
62106,C_6665,2009,2010,0.0987046957016,1,1,0.07,0.0378263480961,2026-09-08T22:18:35.604489+00:00,study3b_fifo_runtime_v1
62113,C_6667,2009,2010,0.000376077048713,0,0,0.07,0.0378263480961,2026-09-08T22:18:35.604489+00:00,study3b_fifo_runtime_v1
62135,C_6671,2009,2010,0.000233008802752,0,0,0.07,0.0378263480961,2026-09-08T22:18:35.604489+00:00,study3b_fifo_runtime_v1
62189,C_6680,2009,2010,4.47182974312e-05,0,0,0.07,0.0378263480961,2026-09-08T22:18:35.604489+00:00,study3b_fifo_runtime_v1
62202,C_6681,2009,2010,0.000178925110959,0,0,0.07,0.0378263480961,2026-09-08T22:18:35.604489+00:00,study3b_fifo_runtime_v1
62227,C_6684,2009,2010,0.000149523359141,0,0,0.07,0.0378263480961,2026-09-08T22:18:35.604489+00:00,study3b_fifo_runtime_v1
62235,C_6685,2009,2010,0.00244817766361,0,0,0.07,0.0378263480961,2026-09-08T22:18:35.604489+00:00,study3b_fifo_runtime_v1
62251,C_6687,2009,2010,5.79278239456e-05,0,0,0.07,0.0378263480961,2026-09-08T22:18:35.604489+00:00,study3b_fifo_runtime_v1
62269,C_6691,2009,2010,8.81970845512e-05,0,0,0.07,0.0378263480961,2026-09-08T22:18:35.604489+00:00,study3b_fifo_runtime_v1
62281,C_6692,2009,2010,0.000883334781975,0,0,0.07,0.0378263480961,2026-09-08T22:18:35.604489+00:00,study3b_fifo_runtime_v1
62291,C_6693,2009,2010,0.000135918016895,0,0,0.07,0.0378263480961,2026-09-08T22:18:35.604489+00:00,study3b_fifo_runtime_v1
62328,C_6699,2009,2010,0.000604032131378,0,0,0.07,0.0378263480961,2026-09-08T22:18:35.604489+00:00,study3b_fifo_runtime_v1
62364,C_6704,2009,2010,3.51495145878e-05,0,0,0.07,0.0378263480961,2026-09-08T22:18:35.604489+00:00,study3b_fifo_runtime_v1
62398,C_6708,2009,2010,0.00597692281008,0,0,0.07,0.0378263480961,2026-09-08T22:18:35.604489+00:00,study3b_fifo_runtime_v1
62411,C_6711,2009,2010,0.000135750844493,0,0,0.07,0.0378263480961,2026-09-08T22:18:35.604489+00:00,study3b_fifo_runtime_v1
62425,C_6713,2009,2010,1.00109073173e-05,0,0,0.07,0.0378263480961,2026-09-08T22:18:35.604489+00:00,study3b_fifo_runtime_v1
62441,C_6714,2009,2010,0.000140177449794,0,0,0.07,0.0378263480961,2026-09-08T22:18:35.604489+00:00,study3b_fifo_runtime_v1
62451,C_6715,2009,2010,0.00308368098922,0,0,0.07,0.0378263480961,2026-09-08T22:18:35.604489+00:00,study3b_fifo_runtime_v1
62513,C_6726,2009,2010,9.14652191568e-05,0,0,0.07,0.0378263480961,2026-09-08T22:18:35.604489+00:00,study3b_fifo_runtime_v1
62533,C_6728,2009,2010,0.00308259832673,0,0,0.07,0.0378263480961,2026-09-08T22:18:35.604489+00:00,study3b_fifo_runtime_v1
62577,C_6733,2009,2010,0.000122872137581,0,0,0.07,0.0378263480961,2026-09-08T22:18:35.604489+00:00,study3b_fifo_runtime_v1
62587,C_6734,2009,2010,0.00185918447096,0,0,0.07,0.0378263480961,2026-09-08T22:18:35.604489+00:00,study3b_fifo_runtime_v1
62615,C_6738,2009,2010,0.000312009564368,0,0,0.07,0.0378263480961,2026-09-08T22:18:35.604489+00:00,study3b_fifo_runtime_v1
62629,C_6739,2009,2010,0.00885726790875,0,0,0.07,0.0378263480961,2026-09-08T22:18:35.604489+00:00,study3b_fifo_runtime_v1
62646,C_6741,2009,2010,5.03564042447e-05,0,0,0.07,0.0378263480961,2026-09-08T22:18:35.604489+00:00,study3b_fifo_runtime_v1
62675,C_6746,2009,2010,9.2916743597e-06,0,0,0.07,0.0378263480961,2026-09-08T22:18:35.604489+00:00,study3b_fifo_runtime_v1
62732,C_6755,2009,2010,0.00142827432137,0,0,0.07,0.0378263480961,2026-09-08T22:18:35.604489+00:00,study3b_fifo_runtime_v1
62763,C_6758,2009,2010,4.97426517541e-05,0,0,0.07,0.0378263480961,2026-09-08T22:18:35.604489+00:00,study3b_fifo_runtime_v1
62781,C_6760,2009,2010,0.000496768101584,0,0,0.07,0.0378263480961,2026-09-08T22:18:35.604489+00:00,study3b_fifo_runtime_v1
62806,C_6762,2009,2010,0.000779928348493,0,0,0.07,0.0378263480961,2026-09-08T22:18:35.604489+00:00,study3b_fifo_runtime_v1
62834,C_6767,2009,2010,0.0038973998744,0,0,0.07,0.0378263480961,2026-09-08T22:18:35.604489+00:00,study3b_fifo_runtime_v1
62854,C_6769,2009,2010,1.4427602764e-05,0,0,0.07,0.0378263480961,2026-09-08T22:18:35.604489+00:00,study3b_fifo_runtime_v1
62884,C_6773,2009,2010,0.000127915947814,0,0,0.07,0.0378263480961,2026-09-08T22:18:35.604489+00:00,study3b_fifo_runtime_v1
62917,C_6779,2009,2010,0.00030852961936,0,0,0.07,0.0378263480961,2026-09-08T22:18:35.604489+00:00,study3b_fifo_runtime_v1
62948,C_6784,2009,2010,0.000119567273941,0,0,0.07,0.0378263480961,2026-09-08T22:18:35.604489+00:00,study3b_fifo_runtime_v1
62962,C_6785,2009,2010,0.00020249215595,0,0,0.07,0.0378263480961,2026-09-08T22:18:35.604489+00:00,study3b_fifo_runtime_v1
62974,C_6786,2009,2010,6.55894182273e-05,0,0,0.07,0.0378263480961,2026-09-08T22:18:35.604489+00:00,study3b_fifo_runtime_v1
62993,C_6788,2009,2010,0.000289390562102,0,0,0.07,0.0378263480961,2026-09-08T22:18:35.604489+00:00,study3b_fifo_runtime_v1
63012,C_6789,2009,2010,5.45793845959e-05,0,0,0.07,0.0378263480961,2026-09-08T22:18:35.604489+00:00,study3b_fifo_runtime_v1
63026,C_6791,2009,2010,3.55610900442e-05,0,0,0.07,0.0378263480961,2026-09-08T22:18:35.604489+00:00,study3b_fifo_runtime_v1
63050,C_6794,2009,2010,4.51401283499e-05,0,0,0.07,0.0378263480961,2026-09-08T22:18:35.604489+00:00,study3b_fifo_runtime_v1
63064,C_6796,2009,2010,2.34562685364e-05,0,0,0.07,0.0378263480961,2026-09-08T22:18:35.604489+00:00,study3b_fifo_runtime_v1
63083,C_6797,2009,2010,0.000945573847275,0,0,0.07,0.0378263480961,2026-09-08T22:18:35.604489+00:00,study3b_fifo_runtime_v1
63102,C_6798,2009,2010,4.93108273076e-05,0,0,0.07,0.0378263480961,2026-09-08T22:18:35.604489+00:00,study3b_fifo_runtime_v1
63116,C_6799,2009,2010,0.000369516987121,0,0,0.07,0.0378263480961,2026-09-08T22:18:35.604489+00:00,study3b_fifo_runtime_v1
63127,C_6800,2009,2010,0.00731174973771,0,0,0.07,0.0378263480961,2026-09-08T22:18:35.604489+00:00,study3b_fifo_runtime_v1
63174,C_6805,2009,2010,2.97926399071e-05,0,0,0.07,0.0378263480961,2026-09-08T22:18:35.604489+00:00,study3b_fifo_runtime_v1
63193,C_6806,2009,2010,0.000240372843109,0,0,0.07,0.0378263480961,2026-09-08T22:18:35.604489+00:00,study3b_fifo_runtime_v1
63206,C_6807,2009,2010,2.03213694476e-05,0,0,0.07,0.0378263480961,2026-09-08T22:18:35.604489+00:00,study3b_fifo_runtime_v1
63216,C_6808,2009,2010,2.81633892882e-05,0,0,0.07,0.0378263480961,2026-09-08T22:18:35.604489+00:00,study3b_fifo_runtime_v1
63253,C_6810,2009,2010,0.010798308067,0,0,0.07,0.0378263480961,2026-09-08T22:18:35.604489+00:00,study3b_fifo_runtime_v1
63266,C_6812,2009,2010,0.00011474150233,0,0,0.07,0.0378263480961,2026-09-08T22:18:35.604489+00:00,study3b_fifo_runtime_v1
63285,C_6813,2009,2010,1.41533228089e-05,0,0,0.07,0.0378263480961,2026-09-08T22:18:35.604489+00:00,study3b_fifo_runtime_v1
63304,C_6814,2009,2010,0.00064329104498,0,0,0.07,0.0378263480961,2026-09-08T22:18:35.604489+00:00,study3b_fifo_runtime_v1
63323,C_6815,2009,2010,0.00192517985124,0,0,0.07,0.0378263480961,2026-09-08T22:18:35.604489+00:00,study3b_fifo_runtime_v1
63345,C_6817,2009,2010,1.4463307707e-05,0,0,0.07,0.0378263480961,2026-09-08T22:18:35.604489+00:00,study3b_fifo_runtime_v1
63355,C_6818,2009,2010,0.000773351173848,0,0,0.07,0.0378263480961,2026-09-08T22:18:35.604489+00:00,study3b_fifo_runtime_v1
63374,C_6819,2009,2010,0.000113075198897,0,0,0.07,0.0378263480961,2026-09-08T22:18:35.604489+00:00,study3b_fifo_runtime_v1
63386,C_6820,2009,2010,0.00165132246912,0,0,0.07,0.0378263480961,2026-09-08T22:18:35.604489+00:00,study3b_fifo_runtime_v1
63422,C_6824,2009,2010,0.00160639092792,0,0,0.07,0.0378263480961,2026-09-08T22:18:35.604489+00:00,study3b_fifo_runtime_v1
63443,C_6826,2009,2010,2.45932806138e-05,0,0,0.07,0.0378263480961,2026-09-08T22:18:35.604489+00:00,study3b_fifo_runtime_v1
63491,C_6831,2009,2010,0.000237031592405,0,0,0.07,0.0378263480961,2026-09-08T22:18:35.604489+00:00,study3b_fifo_runtime_v1
63513,C_6835,2009,2010,0.000812586571556,0,0,0.07,0.0378263480961,2026-09-08T22:18:35.604489+00:00,study3b_fifo_runtime_v1
63548,C_6842,2009,2010,0.000622083724011,0,0,0.07,0.0378263480961,2026-09-08T22:18:35.604489+00:00,study3b_fifo_runtime_v1
63570,C_6844,2009,2010,4.74690459669e-05,0,0,0.07,0.0378263480961,2026-09-08T22:18:35.604489+00:00,study3b_fifo_runtime_v1
63581,C_6845,2009,2010,0.00432721059769,0,0,0.07,0.0378263480961,2026-09-08T22:18:35.604489+00:00,study3b_fifo_runtime_v1
63600,C_6846,2009,2010,0.0217437688261,0,0,0.07,0.0378263480961,2026-09-08T22:18:35.604489+00:00,study3b_fifo_runtime_v1
63622,C_6849,2009,2010,0.00452625704929,0,0,0.07,0.0378263480961,2026-09-08T22:18:35.604489+00:00,study3b_fifo_runtime_v1
63641,C_6850,2009,2010,0.000680583703797,0,0,0.07,0.0378263480961,2026-09-08T22:18:35.604489+00:00,study3b_fifo_runtime_v1
63660,C_6853,2009,2010,8.34104321257e-06,0,0,0.07,0.0378263480961,2026-09-08T22:18:35.604489+00:00,study3b_fifo_runtime_v1
63679,C_6854,2009,2010,9.46865184233e-05,0,0,0.07,0.0378263480961,2026-09-08T22:18:35.604489+00:00,study3b_fifo_runtime_v1
63692,C_6856,2009,2010,3.30027323798e-05,0,0,0.07,0.0378263480961,2026-09-08T22:18:35.604489+00:00,study3b_fifo_runtime_v1
63753,C_6864,2009,2010,0.00152559718117,0,0,0.07,0.0378263480961,2026-09-08T22:18:35.604489+00:00,study3b_fifo_runtime_v1
63772,C_6865,2009,2010,3.4437951399e-05,0,0,0.07,0.0378263480961,2026-09-08T22:18:35.604489+00:00,study3b_fifo_runtime_v1
63816,C_6871,2009,2010,0.0194867085665,0,0,0.07,0.0378263480961,2026-09-08T22:18:35.604489+00:00,study3b_fifo_runtime_v1
63835,C_6873,2009,2010,1.2618733308e-05,0,0,0.07,0.0378263480961,2026-09-08T22:18:35.604489+00:00,study3b_fifo_runtime_v1
63854,C_6874,2009,2010,0.0011051974725,0,0,0.07,0.0378263480961,2026-09-08T22:18:35.604489+00:00,study3b_fifo_runtime_v1
63870,C_6875,2009,2010,0.000161686926731,0,0,0.07,0.0378263480961,2026-09-08T22:18:35.604489+00:00,study3b_fifo_runtime_v1
63892,C_6879,2009,2010,0.00119346764404,0,0,0.07,0.0378263480961,2026-09-08T22:18:35.604489+00:00,study3b_fifo_runtime_v1
63901,C_6880,2009,2010,0.000932915194426,0,0,0.07,0.0378263480961,2026-09-08T22:18:35.604489+00:00,study3b_fifo_runtime_v1
63920,C_6882,2009,2010,0.197552636266,1,1,0.07,0.0378263480961,2026-09-08T22:18:35.604489+00:00,study3b_fifo_runtime_v1
63930,C_6883,2009,2010,1.87892565009e-05,0,0,0.07,0.0378263480961,2026-09-08T22:18:35.604489+00:00,study3b_fifo_runtime_v1
63945,C_6884,2009,2010,0.000266778079094,0,0,0.07,0.0378263480961,2026-09-08T22:18:35.604489+00:00,study3b_fifo_runtime_v1
63955,C_6885,2009,2010,5.28524687979e-05,0,0,0.07,0.0378263480961,2026-09-08T22:18:35.604489+00:00,study3b_fifo_runtime_v1
63974,C_6886,2009,2010,0.00630781985819,0,0,0.07,0.0378263480961,2026-09-08T22:18:35.604489+00:00,study3b_fifo_runtime_v1
64005,C_6890,2009,2010,7.82591232564e-05,0,0,0.07,0.0378263480961,2026-09-08T22:18:35.604489+00:00,study3b_fifo_runtime_v1
64019,C_6892,2009,2010,7.52362320782e-05,0,0,0.07,0.0378263480961,2026-09-08T22:18:35.604489+00:00,study3b_fifo_runtime_v1
64035,C_6893,2009,2010,0.000400299351895,0,0,0.07,0.0378263480961,2026-09-08T22:18:35.604489+00:00,study3b_fifo_runtime_v1
64057,C_6895,2009,2010,0.000162211319548,0,0,0.07,0.0378263480961,2026-09-08T22:18:35.604489+00:00,study3b_fifo_runtime_v1
64070,C_6897,2009,2010,0.00112593965605,0,0,0.07,0.0378263480961,2026-09-08T22:18:35.604489+00:00,study3b_fifo_runtime_v1
64089,C_6898,2009,2010,0.00101086962968,0,0,0.07,0.0378263480961,2026-09-08T22:18:35.604489+00:00,study3b_fifo_runtime_v1
64111,C_6902,2009,2010,9.63940183283e-05,0,0,0.07,0.0378263480961,2026-09-08T22:18:35.604489+00:00,study3b_fifo_runtime_v1
64130,C_6903,2009,2010,0.000145664438605,0,0,0.07,0.0378263480961,2026-09-08T22:18:35.604489+00:00,study3b_fifo_runtime_v1
64149,C_6904,2009,2010,0.00141587166581,0,0,0.07,0.0378263480961,2026-09-08T22:18:35.604489+00:00,study3b_fifo_runtime_v1
64155,C_6905,2009,2010,0.00040573082515,0,0,0.07,0.0378263480961,2026-09-08T22:18:35.604489+00:00,study3b_fifo_runtime_v1
64178,C_6907,2009,2010,0.0025247472804,0,0,0.07,0.0378263480961,2026-09-08T22:18:35.604489+00:00,study3b_fifo_runtime_v1
64191,C_6909,2009,2010,2.98209579341e-05,0,0,0.07,0.0378263480961,2026-09-08T22:18:35.604489+00:00,study3b_fifo_runtime_v1
64237,C_6915,2009,2010,0.0412850938737,0,1,0.07,0.0378263480961,2026-09-08T22:18:35.604489+00:00,study3b_fifo_runtime_v1
64264,C_6918,2009,2010,0.000860976520926,0,0,0.07,0.0378263480961,2026-09-08T22:18:35.604489+00:00,study3b_fifo_runtime_v1
64278,C_6919,2009,2010,1.71996762219e-05,0,0,0.07,0.0378263480961,2026-09-08T22:18:35.604489+00:00,study3b_fifo_runtime_v1
64311,C_6925,2009,2010,0.000117540235806,0,0,0.07,0.0378263480961,2026-09-08T22:18:35.604489+00:00,study3b_fifo_runtime_v1
64322,C_6926,2009,2010,0.000103663136542,0,0,0.07,0.0378263480961,2026-09-08T22:18:35.604489+00:00,study3b_fifo_runtime_v1
64360,C_6931,2009,2010,0.0001033387598,0,0,0.07,0.0378263480961,2026-09-08T22:18:35.604489+00:00,study3b_fifo_runtime_v1
64388,C_6934,2009,2010,0.000240804278292,0,0,0.07,0.0378263480961,2026-09-08T22:18:35.604489+00:00,study3b_fifo_runtime_v1
64399,C_6935,2009,2010,9.11926908884e-05,0,0,0.07,0.0378263480961,2026-09-08T22:18:35.604489+00:00,study3b_fifo_runtime_v1
64418,C_6936,2009,2010,0.000113622540084,0,0,0.07,0.0378263480961,2026-09-08T22:18:35.604489+00:00,study3b_fifo_runtime_v1
64456,C_6941,2009,2010,0.000140506759635,0,0,0.07,0.0378263480961,2026-09-08T22:18:35.604489+00:00,study3b_fifo_runtime_v1
64476,C_6944,2009,2010,0.000254341895925,0,0,0.07,0.0378263480961,2026-09-08T22:18:35.604489+00:00,study3b_fifo_runtime_v1
64486,C_6945,2009,2010,0.00403123674914,0,0,0.07,0.0378263480961,2026-09-08T22:18:35.604489+00:00,study3b_fifo_runtime_v1
64511,C_6948,2009,2010,0.000181767929462,0,0,0.07,0.0378263480961,2026-09-08T22:18:35.604489+00:00,study3b_fifo_runtime_v1
64537,C_6952,2009,2010,0.0116999149323,0,0,0.07,0.0378263480961,2026-09-08T22:18:35.604489+00:00,study3b_fifo_runtime_v1
64564,C_6956,2009,2010,0.000460490235128,0,0,0.07,0.0378263480961,2026-09-08T22:18:35.604489+00:00,study3b_fifo_runtime_v1
64609,C_6961,2009,2010,6.33769304841e-05,0,0,0.07,0.0378263480961,2026-09-08T22:18:35.604489+00:00,study3b_fifo_runtime_v1
64624,C_6962,2009,2010,0.000375345844077,0,0,0.07,0.0378263480961,2026-09-08T22:18:35.604489+00:00,study3b_fifo_runtime_v1
64637,C_6964,2009,2010,9.25114654819e-05,0,0,0.07,0.0378263480961,2026-09-08T22:18:35.604489+00:00,study3b_fifo_runtime_v1
64655,C_6967,2009,2010,1.58261627803e-05,0,0,0.07,0.0378263480961,2026-09-08T22:18:35.604489+00:00,study3b_fifo_runtime_v1
64666,C_6968,2009,2010,0.000111872097477,0,0,0.07,0.0378263480961,2026-09-08T22:18:35.604489+00:00,study3b_fifo_runtime_v1
64693,C_6971,2009,2010,0.00410063983873,0,0,0.07,0.0378263480961,2026-09-08T22:18:35.604489+00:00,study3b_fifo_runtime_v1
64712,C_6972,2009,2010,0.000468591082608,0,0,0.07,0.0378263480961,2026-09-08T22:18:35.604489+00:00,study3b_fifo_runtime_v1
64722,C_6973,2009,2010,0.0139793744311,0,0,0.07,0.0378263480961,2026-09-08T22:18:35.604489+00:00,study3b_fifo_runtime_v1
64741,C_6977,2009,2010,0.00131347880233,0,0,0.07,0.0378263480961,2026-09-08T22:18:35.604489+00:00,study3b_fifo_runtime_v1
64763,C_6979,2009,2010,0.013081385754,0,0,0.07,0.0378263480961,2026-09-08T22:18:35.604489+00:00,study3b_fifo_runtime_v1
64783,C_6981,2009,2010,8.14203740447e-05,0,0,0.07,0.0378263480961,2026-09-08T22:18:35.604489+00:00,study3b_fifo_runtime_v1
64797,C_6982,2009,2010,0.0188960749656,0,0,0.07,0.0378263480961,2026-09-08T22:18:35.604489+00:00,study3b_fifo_runtime_v1
64811,C_6983,2009,2010,0.000102286045149,0,0,0.07,0.0378263480961,2026-09-08T22:18:35.604489+00:00,study3b_fifo_runtime_v1
64864,C_6989,2009,2010,0.000212996863411,0,0,0.07,0.0378263480961,2026-09-08T22:18:35.604489+00:00,study3b_fifo_runtime_v1
64877,C_6990,2009,2010,0.000119811018521,0,0,0.07,0.0378263480961,2026-09-08T22:18:35.604489+00:00,study3b_fifo_runtime_v1
64936,C_6998,2009,2010,0.000202503884793,0,0,0.07,0.0378263480961,2026-09-08T22:18:35.604489+00:00,study3b_fifo_runtime_v1
64949,C_6999,2009,2010,0.00239249784499,0,0,0.07,0.0378263480961,2026-09-08T22:18:35.604489+00:00,study3b_fifo_runtime_v1
64970,C_7003,2009,2010,0.000227131022257,0,0,0.07,0.0378263480961,2026-09-08T22:18:35.604489+00:00,study3b_fifo_runtime_v1
64982,C_7004,2009,2010,4.30698382843e-05,0,0,0.07,0.0378263480961,2026-09-08T22:18:35.604489+00:00,study3b_fifo_runtime_v1
64998,C_7005,2009,2010,7.37532536732e-05,0,0,0.07,0.0378263480961,2026-09-08T22:18:35.604489+00:00,study3b_fifo_runtime_v1
65022,C_7007,2009,2010,0.000105525454273,0,0,0.07,0.0378263480961,2026-09-08T22:18:35.604489+00:00,study3b_fifo_runtime_v1
65048,C_7009,2009,2010,0.00615506293252,0,0,0.07,0.0378263480961,2026-09-08T22:18:35.604489+00:00,study3b_fifo_runtime_v1
65056,C_7010,2009,2010,5.30182987859e-05,0,0,0.07,0.0378263480961,2026-09-08T22:18:35.604489+00:00,study3b_fifo_runtime_v1
65066,C_7011,2009,2010,0.000254092068644,0,0,0.07,0.0378263480961,2026-09-08T22:18:35.604489+00:00,study3b_fifo_runtime_v1
65083,C_7012,2009,2010,9.16006101761e-05,0,0,0.07,0.0378263480961,2026-09-08T22:18:35.604489+00:00,study3b_fifo_runtime_v1
65094,C_7013,2009,2010,5.72139397264e-05,0,0,0.07,0.0378263480961,2026-09-08T22:18:35.604489+00:00,study3b_fifo_runtime_v1
65109,C_7015,2009,2010,9.12217874429e-05,0,0,0.07,0.0378263480961,2026-09-08T22:18:35.604489+00:00,study3b_fifo_runtime_v1
65122,C_7017,2009,2010,0.000561350316275,0,0,0.07,0.0378263480961,2026-09-08T22:18:35.604489+00:00,study3b_fifo_runtime_v1
65141,C_7018,2009,2010,0.000103178586869,0,0,0.07,0.0378263480961,2026-09-08T22:18:35.604489+00:00,study3b_fifo_runtime_v1
65165,C_7021,2009,2010,0.00461312336847,0,0,0.07,0.0378263480961,2026-09-08T22:18:35.604489+00:00,study3b_fifo_runtime_v1
65167,C_7022,2009,2010,0.000104572820419,0,0,0.07,0.0378263480961,2026-09-08T22:18:35.604489+00:00,study3b_fifo_runtime_v1
65190,C_7024,2009,2010,0.000363558181562,0,0,0.07,0.0378263480961,2026-09-08T22:18:35.604489+00:00,study3b_fifo_runtime_v1
65203,C_7025,2009,2010,0.0279588773847,0,0,0.07,0.0378263480961,2026-09-08T22:18:35.604489+00:00,study3b_fifo_runtime_v1
65248,C_7032,2009,2010,0.000121080411191,0,0,0.07,0.0378263480961,2026-09-08T22:18:35.604489+00:00,study3b_fifo_runtime_v1
65271,C_7034,2009,2010,0.00309028546326,0,0,0.07,0.0378263480961,2026-09-08T22:18:35.604489+00:00,study3b_fifo_runtime_v1
65282,C_7035,2009,2010,0.000133158304379,0,0,0.07,0.0378263480961,2026-09-08T22:18:35.604489+00:00,study3b_fifo_runtime_v1
65309,C_7038,2009,2010,0.00153160886839,0,0,0.07,0.0378263480961,2026-09-08T22:18:35.604489+00:00,study3b_fifo_runtime_v1
65344,C_7041,2009,2010,1.31833176056e-05,0,0,0.07,0.0378263480961,2026-09-08T22:18:35.604489+00:00,study3b_fifo_runtime_v1
65356,C_7042,2009,2010,7.39026945666e-05,0,0,0.07,0.0378263480961,2026-09-08T22:18:35.604489+00:00,study3b_fifo_runtime_v1
65385,C_7046,2009,2010,4.07546285714e-05,0,0,0.07,0.0378263480961,2026-09-08T22:18:35.604489+00:00,study3b_fifo_runtime_v1
65400,C_7047,2009,2010,0.000257104024058,0,0,0.07,0.0378263480961,2026-09-08T22:18:35.604489+00:00,study3b_fifo_runtime_v1
65421,C_7049,2009,2010,0.00169207248837,0,0,0.07,0.0378263480961,2026-09-08T22:18:35.604489+00:00,study3b_fifo_runtime_v1
65441,C_7051,2009,2010,0.000653380353469,0,0,0.07,0.0378263480961,2026-09-08T22:18:35.604489+00:00,study3b_fifo_runtime_v1
65459,C_7052,2009,2010,2.35990537476e-05,0,0,0.07,0.0378263480961,2026-09-08T22:18:35.604489+00:00,study3b_fifo_runtime_v1
65477,C_7053,2009,2010,0.000101483310573,0,0,0.07,0.0378263480961,2026-09-08T22:18:35.604489+00:00,study3b_fifo_runtime_v1
65479,C_7054,2009,2010,6.83542821207e-05,0,0,0.07,0.0378263480961,2026-09-08T22:18:35.604489+00:00,study3b_fifo_runtime_v1
65493,C_7056,2009,2010,0.00100253790151,0,0,0.07,0.0378263480961,2026-09-08T22:18:35.604489+00:00,study3b_fifo_runtime_v1
65508,C_7057,2009,2010,0.000226269417908,0,0,0.07,0.0378263480961,2026-09-08T22:18:35.604489+00:00,study3b_fifo_runtime_v1
65520,C_7058,2009,2010,0.00031037881854,0,0,0.07,0.0378263480961,2026-09-08T22:18:35.604489+00:00,study3b_fifo_runtime_v1
65533,C_7060,2009,2010,0.000196969878743,0,0,0.07,0.0378263480961,2026-09-08T22:18:35.604489+00:00,study3b_fifo_runtime_v1
65561,C_7063,2009,2010,3.71595488105e-05,0,0,0.07,0.0378263480961,2026-09-08T22:18:35.604489+00:00,study3b_fifo_runtime_v1
65567,C_7064,2009,2010,0.000809893885162,0,0,0.07,0.0378263480961,2026-09-08T22:18:35.604489+00:00,study3b_fifo_runtime_v1
65577,C_7065,2009,2010,0.000835416314658,0,0,0.07,0.0378263480961,2026-09-08T22:18:35.604489+00:00,study3b_fifo_runtime_v1
65594,C_7066,2009,2010,5.5122323829e-05,0,0,0.07,0.0378263480961,2026-09-08T22:18:35.604489+00:00,study3b_fifo_runtime_v1
65620,C_7069,2009,2010,0.000766976561863,0,0,0.07,0.0378263480961,2026-09-08T22:18:35.604489+00:00,study3b_fifo_runtime_v1
65648,C_7073,2009,2010,0.00018639380869,0,0,0.07,0.0378263480961,2026-09-08T22:18:35.604489+00:00,study3b_fifo_runtime_v1
65658,C_7074,2009,2010,0.000279608590063,0,0,0.07,0.0378263480961,2026-09-08T22:18:35.604489+00:00,study3b_fifo_runtime_v1
65666,C_7075,2009,2010,0.000174092070665,0,0,0.07,0.0378263480961,2026-09-08T22:18:35.604489+00:00,study3b_fifo_runtime_v1
65681,C_7077,2009,2010,0.00012183067156,0,0,0.07,0.0378263480961,2026-09-08T22:18:35.604489+00:00,study3b_fifo_runtime_v1
65692,C_7078,2009,2010,1.81855448318e-05,0,0,0.07,0.0378263480961,2026-09-08T22:18:35.604489+00:00,study3b_fifo_runtime_v1
65711,C_7080,2009,2010,0.0266613438725,0,0,0.07,0.0378263480961,2026-09-08T22:18:35.604489+00:00,study3b_fifo_runtime_v1
65714,C_7082,2009,2010,5.35945291631e-05,0,0,0.07,0.0378263480961,2026-09-08T22:18:35.604489+00:00,study3b_fifo_runtime_v1
65734,C_7084,2009,2010,0.000162308526342,0,0,0.07,0.0378263480961,2026-09-08T22:18:35.604489+00:00,study3b_fifo_runtime_v1
65754,C_7086,2009,2010,0.00239757541567,0,0,0.07,0.0378263480961,2026-09-08T22:18:35.604489+00:00,study3b_fifo_runtime_v1
65769,C_7087,2009,2010,0.000298885221127,0,0,0.07,0.0378263480961,2026-09-08T22:18:35.604489+00:00,study3b_fifo_runtime_v1
65786,C_7088,2009,2010,0.0106075182557,0,0,0.07,0.0378263480961,2026-09-08T22:18:35.604489+00:00,study3b_fifo_runtime_v1
65798,C_7089,2009,2010,0.000102700345451,0,0,0.07,0.0378263480961,2026-09-08T22:18:35.604489+00:00,study3b_fifo_runtime_v1
65809,C_7091,2009,2010,0.000822735077236,0,0,0.07,0.0378263480961,2026-09-08T22:18:35.604489+00:00,study3b_fifo_runtime_v1
65821,C_7092,2009,2010,0.00156582938507,0,0,0.07,0.0378263480961,2026-09-08T22:18:35.604489+00:00,study3b_fifo_runtime_v1
65837,C_7093,2009,2010,0.000655785901472,0,0,0.07,0.0378263480961,2026-09-08T22:18:35.604489+00:00,study3b_fifo_runtime_v1
65862,C_7096,2009,2010,0.000141605196404,0,0,0.07,0.0378263480961,2026-09-08T22:18:35.604489+00:00,study3b_fifo_runtime_v1
65871,C_7097,2009,2010,0.000352940201992,0,0,0.07,0.0378263480961,2026-09-08T22:18:35.604489+00:00,study3b_fifo_runtime_v1
65889,C_7098,2009,2010,5.75016565563e-05,0,0,0.07,0.0378263480961,2026-09-08T22:18:35.604489+00:00,study3b_fifo_runtime_v1
65907,C_7100,2009,2010,0.000151647633174,0,0,0.07,0.0378263480961,2026-09-08T22:18:35.604489+00:00,study3b_fifo_runtime_v1
65925,C_7102,2009,2010,6.31174843875e-05,0,0,0.07,0.0378263480961,2026-09-08T22:18:35.604489+00:00,study3b_fifo_runtime_v1
65944,C_7104,2009,2010,4.22835400968e-05,0,0,0.07,0.0378263480961,2026-09-08T22:18:35.604489+00:00,study3b_fifo_runtime_v1
65971,C_7108,2009,2010,0.00104924256448,0,0,0.07,0.0378263480961,2026-09-08T22:18:35.604489+00:00,study3b_fifo_runtime_v1
65992,C_7110,2009,2010,4.71933017252e-05,0,0,0.07,0.0378263480961,2026-09-08T22:18:35.604489+00:00,study3b_fifo_runtime_v1
66001,C_7111,2009,2010,0.000865687325131,0,0,0.07,0.0378263480961,2026-09-08T22:18:35.604489+00:00,study3b_fifo_runtime_v1
66011,C_7112,2009,2010,0.00050933874445,0,0,0.07,0.0378263480961,2026-09-08T22:18:35.604489+00:00,study3b_fifo_runtime_v1
66026,C_7115,2009,2010,0.00397915579379,0,0,0.07,0.0378263480961,2026-09-08T22:18:35.604489+00:00,study3b_fifo_runtime_v1
66044,C_7116,2009,2010,0.000257041159784,0,0,0.07,0.0378263480961,2026-09-08T22:18:35.604489+00:00,study3b_fifo_runtime_v1
66059,C_7119,2009,2010,0.0032571379561,0,0,0.07,0.0378263480961,2026-09-08T22:18:35.604489+00:00,study3b_fifo_runtime_v1
66068,C_7120,2009,2010,9.6861156635e-05,0,0,0.07,0.0378263480961,2026-09-08T22:18:35.604489+00:00,study3b_fifo_runtime_v1
66086,C_7121,2009,2010,8.70731892064e-05,0,0,0.07,0.0378263480961,2026-09-08T22:18:35.604489+00:00,study3b_fifo_runtime_v1
66112,C_7124,2009,2010,0.00594234885648,0,0,0.07,0.0378263480961,2026-09-08T22:18:35.604489+00:00,study3b_fifo_runtime_v1
66126,C_7126,2009,2010,0.000915008888114,0,0,0.07,0.0378263480961,2026-09-08T22:18:35.604489+00:00,study3b_fifo_runtime_v1
66141,C_7127,2009,2010,0.00097287184326,0,0,0.07,0.0378263480961,2026-09-08T22:18:35.604489+00:00,study3b_fifo_runtime_v1
66151,C_7128,2009,2010,0.000259135267697,0,0,0.07,0.0378263480961,2026-09-08T22:18:35.604489+00:00,study3b_fifo_runtime_v1
66167,C_7129,2009,2010,0.0017574733356,0,0,0.07,0.0378263480961,2026-09-08T22:18:35.604489+00:00,study3b_fifo_runtime_v1
66177,C_7131,2009,2010,1.67256384884e-05,0,0,0.07,0.0378263480961,2026-09-08T22:18:35.604489+00:00,study3b_fifo_runtime_v1
66186,C_7133,2009,2010,0.0838434398174,1,1,0.07,0.0378263480961,2026-09-08T22:18:35.604489+00:00,study3b_fifo_runtime_v1
66206,C_7135,2009,2010,5.67272545595e-05,0,0,0.07,0.0378263480961,2026-09-08T22:18:35.604489+00:00,study3b_fifo_runtime_v1
66216,C_7136,2009,2010,0.00567666301504,0,0,0.07,0.0378263480961,2026-09-08T22:18:35.604489+00:00,study3b_fifo_runtime_v1
66219,C_7137,2009,2010,4.17049559474e-05,0,0,0.07,0.0378263480961,2026-09-08T22:18:35.604489+00:00,study3b_fifo_runtime_v1
66232,C_7138,2009,2010,3.54089861503e-05,0,0,0.07,0.0378263480961,2026-09-08T22:18:35.604489+00:00,study3b_fifo_runtime_v1
66250,C_7139,2009,2010,0.000397923315177,0,0,0.07,0.0378263480961,2026-09-08T22:18:35.604489+00:00,study3b_fifo_runtime_v1
66268,C_7140,2009,2010,0.00173007708509,0,0,0.07,0.0378263480961,2026-09-08T22:18:35.604489+00:00,study3b_fifo_runtime_v1
66286,C_7141,2009,2010,0.000232949925703,0,0,0.07,0.0378263480961,2026-09-08T22:18:35.604489+00:00,study3b_fifo_runtime_v1
66309,C_7143,2009,2010,0.000310122064548,0,0,0.07,0.0378263480961,2026-09-08T22:18:35.604489+00:00,study3b_fifo_runtime_v1
66327,C_7144,2009,2010,0.00119183957577,0,0,0.07,0.0378263480961,2026-09-08T22:18:35.604489+00:00,study3b_fifo_runtime_v1
66344,C_7145,2009,2010,0.000684062717482,0,0,0.07,0.0378263480961,2026-09-08T22:18:35.604489+00:00,study3b_fifo_runtime_v1
66362,C_7146,2009,2010,0.00615934981033,0,0,0.07,0.0378263480961,2026-09-08T22:18:35.604489+00:00,study3b_fifo_runtime_v1
66368,C_7147,2009,2010,0.000223651062697,0,0,0.07,0.0378263480961,2026-09-08T22:18:35.604489+00:00,study3b_fifo_runtime_v1
66380,C_7149,2009,2010,0.0850747600198,1,1,0.07,0.0378263480961,2026-09-08T22:18:35.604489+00:00,study3b_fifo_runtime_v1
66399,C_7151,2009,2010,0.000173925698618,0,0,0.07,0.0378263480961,2026-09-08T22:18:35.604489+00:00,study3b_fifo_runtime_v1
66408,C_7152,2009,2010,0.000275972735835,0,0,0.07,0.0378263480961,2026-09-08T22:18:35.604489+00:00,study3b_fifo_runtime_v1
66417,C_7153,2009,2010,0.00208746292628,0,0,0.07,0.0378263480961,2026-09-08T22:18:35.604489+00:00,study3b_fifo_runtime_v1
66435,C_7154,2009,2010,0.00010044863302,0,0,0.07,0.0378263480961,2026-09-08T22:18:35.604489+00:00,study3b_fifo_runtime_v1
66450,C_7155,2009,2010,3.18834172504e-05,0,0,0.07,0.0378263480961,2026-09-08T22:18:35.604489+00:00,study3b_fifo_runtime_v1
66465,C_7156,2009,2010,0.000361869490007,0,0,0.07,0.0378263480961,2026-09-08T22:18:35.604489+00:00,study3b_fifo_runtime_v1
66483,C_7157,2009,2010,0.000195069937035,0,0,0.07,0.0378263480961,2026-09-08T22:18:35.604489+00:00,study3b_fifo_runtime_v1
66501,C_7161,2009,2010,0.000127470921143,0,0,0.07,0.0378263480961,2026-09-08T22:18:35.604489+00:00,study3b_fifo_runtime_v1
66517,C_7162,2009,2010,0.0647976174951,0,1,0.07,0.0378263480961,2026-09-08T22:18:35.604489+00:00,study3b_fifo_runtime_v1
66526,C_7163,2009,2010,0.0118658132851,0,0,0.07,0.0378263480961,2026-09-08T22:18:35.604489+00:00,study3b_fifo_runtime_v1
66543,C_7165,2009,2010,2.15834679693e-05,0,0,0.07,0.0378263480961,2026-09-08T22:18:35.604489+00:00,study3b_fifo_runtime_v1
66570,C_7169,2009,2010,0.000576436927076,0,0,0.07,0.0378263480961,2026-09-08T22:18:35.604489+00:00,study3b_fifo_runtime_v1
66590,C_7172,2009,2010,0.00559372222051,0,0,0.07,0.0378263480961,2026-09-08T22:18:35.604489+00:00,study3b_fifo_runtime_v1
66642,C_7180,2009,2010,0.000134280649945,0,0,0.07,0.0378263480961,2026-09-08T22:18:35.604489+00:00,study3b_fifo_runtime_v1
66663,C_7182,2009,2010,0.00099871668499,0,0,0.07,0.0378263480961,2026-09-08T22:18:35.604489+00:00,study3b_fifo_runtime_v1
66689,C_7185,2009,2010,0.000811690464616,0,0,0.07,0.0378263480961,2026-09-08T22:18:35.604489+00:00,study3b_fifo_runtime_v1
66707,C_7187,2009,2010,0.00912428554147,0,0,0.07,0.0378263480961,2026-09-08T22:18:35.604489+00:00,study3b_fifo_runtime_v1
66724,C_7188,2009,2010,0.00107129116077,0,0,0.07,0.0378263480961,2026-09-08T22:18:35.604489+00:00,study3b_fifo_runtime_v1
66737,C_7189,2009,2010,0.00119724869728,0,0,0.07,0.0378263480961,2026-09-08T22:18:35.604489+00:00,study3b_fifo_runtime_v1
66764,C_7192,2009,2010,0.00206267298199,0,0,0.07,0.0378263480961,2026-09-08T22:18:35.604489+00:00,study3b_fifo_runtime_v1
66774,C_7193,2009,2010,0.000126608763821,0,0,0.07,0.0378263480961,2026-09-08T22:18:35.604489+00:00,study3b_fifo_runtime_v1
66786,C_7194,2009,2010,0.00211807829328,0,0,0.07,0.0378263480961,2026-09-08T22:18:35.604489+00:00,study3b_fifo_runtime_v1
66793,C_7195,2009,2010,0.000119241965876,0,0,0.07,0.0378263480961,2026-09-08T22:18:35.604489+00:00,study3b_fifo_runtime_v1
66810,C_7197,2009,2010,0.000118902062241,0,0,0.07,0.0378263480961,2026-09-08T22:18:35.604489+00:00,study3b_fifo_runtime_v1
66825,C_7198,2009,2010,9.17051802389e-05,0,0,0.07,0.0378263480961,2026-09-08T22:18:35.604489+00:00,study3b_fifo_runtime_v1
66842,C_7201,2009,2010,5.21516958543e-05,0,0,0.07,0.0378263480961,2026-09-08T22:18:35.604489+00:00,study3b_fifo_runtime_v1
66850,C_7203,2009,2010,0.00195085629821,0,0,0.07,0.0378263480961,2026-09-08T22:18:35.604489+00:00,study3b_fifo_runtime_v1
66863,C_7204,2009,2010,0.00442832382396,0,0,0.07,0.0378263480961,2026-09-08T22:18:35.604489+00:00,study3b_fifo_runtime_v1
66867,C_7205,2009,2010,0.00194089300931,0,0,0.07,0.0378263480961,2026-09-08T22:18:35.604489+00:00,study3b_fifo_runtime_v1
66900,C_7209,2009,2010,3.71020178136e-05,0,0,0.07,0.0378263480961,2026-09-08T22:18:35.604489+00:00,study3b_fifo_runtime_v1
66917,C_7210,2009,2010,0.000711867061909,0,0,0.07,0.0378263480961,2026-09-08T22:18:35.604489+00:00,study3b_fifo_runtime_v1
66933,C_7211,2009,2010,0.000132448039949,0,0,0.07,0.0378263480961,2026-09-08T22:18:35.604489+00:00,study3b_fifo_runtime_v1
66949,C_7212,2009,2010,0.00301030627452,0,0,0.07,0.0378263480961,2026-09-08T22:18:35.604489+00:00,study3b_fifo_runtime_v1
66957,C_7213,2009,2010,0.000345447013387,0,0,0.07,0.0378263480961,2026-09-08T22:18:35.604489+00:00,study3b_fifo_runtime_v1
66974,C_7215,2009,2010,0.000811234407593,0,0,0.07,0.0378263480961,2026-09-08T22:18:35.604489+00:00,study3b_fifo_runtime_v1
66991,C_7216,2009,2010,7.74440559326e-05,0,0,0.07,0.0378263480961,2026-09-08T22:18:35.604489+00:00,study3b_fifo_runtime_v1
67004,C_7217,2009,2010,2.88183309749e-05,0,0,0.07,0.0378263480961,2026-09-08T22:18:35.604489+00:00,study3b_fifo_runtime_v1
67040,C_7222,2009,2010,0.251314967871,1,1,0.07,0.0378263480961,2026-09-08T22:18:35.604489+00:00,study3b_fifo_runtime_v1
67052,C_7224,2009,2010,0.0030003876891,0,0,0.07,0.0378263480961,2026-09-08T22:18:35.604489+00:00,study3b_fifo_runtime_v1
67057,C_7225,2009,2010,0.00637732027099,0,0,0.07,0.0378263480961,2026-09-08T22:18:35.604489+00:00,study3b_fifo_runtime_v1
67070,C_7227,2009,2010,0.000423640100053,0,0,0.07,0.0378263480961,2026-09-08T22:18:35.604489+00:00,study3b_fifo_runtime_v1
67081,C_7228,2009,2010,0.000200389811653,0,0,0.07,0.0378263480961,2026-09-08T22:18:35.604489+00:00,study3b_fifo_runtime_v1
67092,C_7229,2009,2010,0.00160104350653,0,0,0.07,0.0378263480961,2026-09-08T22:18:35.604489+00:00,study3b_fifo_runtime_v1
67111,C_7231,2009,2010,5.36344741704e-05,0,0,0.07,0.0378263480961,2026-09-08T22:18:35.604489+00:00,study3b_fifo_runtime_v1
67125,C_7232,2009,2010,0.000117059389595,0,0,0.07,0.0378263480961,2026-09-08T22:18:35.604489+00:00,study3b_fifo_runtime_v1
67144,C_7234,2009,2010,8.05684903753e-05,0,0,0.07,0.0378263480961,2026-09-08T22:18:35.604489+00:00,study3b_fifo_runtime_v1
67161,C_7235,2009,2010,0.000468740239739,0,0,0.07,0.0378263480961,2026-09-08T22:18:35.604489+00:00,study3b_fifo_runtime_v1
67169,C_7236,2009,2010,6.75146729918e-05,0,0,0.07,0.0378263480961,2026-09-08T22:18:35.604489+00:00,study3b_fifo_runtime_v1
67178,C_7237,2009,2010,0.00714943138883,0,0,0.07,0.0378263480961,2026-09-08T22:18:35.604489+00:00,study3b_fifo_runtime_v1
67192,C_7238,2009,2010,0.00381530192681,0,0,0.07,0.0378263480961,2026-09-08T22:18:35.604489+00:00,study3b_fifo_runtime_v1
67209,C_7239,2009,2010,0.000817474734504,0,0,0.07,0.0378263480961,2026-09-08T22:18:35.604489+00:00,study3b_fifo_runtime_v1
67228,C_7241,2009,2010,6.65560583002e-05,0,0,0.07,0.0378263480961,2026-09-08T22:18:35.604489+00:00,study3b_fifo_runtime_v1
67245,C_7242,2009,2010,0.00017145795573,0,0,0.07,0.0378263480961,2026-09-08T22:18:35.604489+00:00,study3b_fifo_runtime_v1
67260,C_7245,2009,2010,2.76762857538e-05,0,0,0.07,0.0378263480961,2026-09-08T22:18:35.604489+00:00,study3b_fifo_runtime_v1
67264,C_7246,2009,2010,1.75261902768e-05,0,0,0.07,0.0378263480961,2026-09-08T22:18:35.604489+00:00,study3b_fifo_runtime_v1
67287,C_7251,2009,2010,0.000859779131133,0,0,0.07,0.0378263480961,2026-09-08T22:18:35.604489+00:00,study3b_fifo_runtime_v1
67298,C_7252,2009,2010,5.02806797158e-05,0,0,0.07,0.0378263480961,2026-09-08T22:18:35.604489+00:00,study3b_fifo_runtime_v1
67319,C_7254,2009,2010,4.85644231958e-05,0,0,0.07,0.0378263480961,2026-09-08T22:18:35.604489+00:00,study3b_fifo_runtime_v1
67333,C_7256,2009,2010,5.61450833629e-05,0,0,0.07,0.0378263480961,2026-09-08T22:18:35.604489+00:00,study3b_fifo_runtime_v1
67348,C_7257,2009,2010,0.0284137595445,0,0,0.07,0.0378263480961,2026-09-08T22:18:35.604489+00:00,study3b_fifo_runtime_v1
67358,C_7258,2009,2010,0.00369708775543,0,0,0.07,0.0378263480961,2026-09-08T22:18:35.604489+00:00,study3b_fifo_runtime_v1
67362,C_7259,2009,2010,0.000178546528332,0,0,0.07,0.0378263480961,2026-09-08T22:18:35.604489+00:00,study3b_fifo_runtime_v1
67377,C_7260,2009,2010,0.000239480985329,0,0,0.07,0.0378263480961,2026-09-08T22:18:35.604489+00:00,study3b_fifo_runtime_v1
67393,C_7262,2009,2010,0.00680699758232,0,0,0.07,0.0378263480961,2026-09-08T22:18:35.604489+00:00,study3b_fifo_runtime_v1
67405,C_7264,2009,2010,0.00110553298146,0,0,0.07,0.0378263480961,2026-09-08T22:18:35.604489+00:00,study3b_fifo_runtime_v1
67417,C_7265,2009,2010,0.126249670982,1,1,0.07,0.0378263480961,2026-09-08T22:18:35.604489+00:00,study3b_fifo_runtime_v1
67436,C_7267,2009,2010,0.000357638724381,0,0,0.07,0.0378263480961,2026-09-08T22:18:35.604489+00:00,study3b_fifo_runtime_v1
67453,C_7268,2009,2010,0.00560113415122,0,0,0.07,0.0378263480961,2026-09-08T22:18:35.604489+00:00,study3b_fifo_runtime_v1
67477,C_7270,2009,2010,0.000317000551149,0,0,0.07,0.0378263480961,2026-09-08T22:18:35.604489+00:00,study3b_fifo_runtime_v1
67490,C_7271,2009,2010,0.00172417645808,0,0,0.07,0.0378263480961,2026-09-08T22:18:35.604489+00:00,study3b_fifo_runtime_v1
67511,C_7273,2009,2010,0.00030724320095,0,0,0.07,0.0378263480961,2026-09-08T22:18:35.604489+00:00,study3b_fifo_runtime_v1
67533,C_7276,2009,2010,0.000272477715043,0,0,0.07,0.0378263480961,2026-09-08T22:18:35.604489+00:00,study3b_fifo_runtime_v1
67544,C_7277,2009,2010,0.000273194746114,0,0,0.07,0.0378263480961,2026-09-08T22:18:35.604489+00:00,study3b_fifo_runtime_v1
67572,C_7281,2009,2010,0.000283695873804,0,0,0.07,0.0378263480961,2026-09-08T22:18:35.604489+00:00,study3b_fifo_runtime_v1
67608,C_7287,2009,2010,0.000802399532404,0,0,0.07,0.0378263480961,2026-09-08T22:18:35.604489+00:00,study3b_fifo_runtime_v1
67623,C_7289,2009,2010,5.70809461351e-05,0,0,0.07,0.0378263480961,2026-09-08T22:18:35.604489+00:00,study3b_fifo_runtime_v1
67634,C_7291,2009,2010,0.000638421915937,0,0,0.07,0.0378263480961,2026-09-08T22:18:35.604489+00:00,study3b_fifo_runtime_v1
67645,C_7292,2009,2010,0.000719122530427,0,0,0.07,0.0378263480961,2026-09-08T22:18:35.604489+00:00,study3b_fifo_runtime_v1
67659,C_7293,2009,2010,8.97031568456e-05,0,0,0.07,0.0378263480961,2026-09-08T22:18:35.604489+00:00,study3b_fifo_runtime_v1
67684,C_7296,2009,2010,0.000313140830258,0,0,0.07,0.0378263480961,2026-09-08T22:18:35.604489+00:00,study3b_fifo_runtime_v1
67697,C_7297,2009,2010,0.0300603117794,0,0,0.07,0.0378263480961,2026-09-08T22:18:35.604489+00:00,study3b_fifo_runtime_v1
67706,C_7298,2009,2010,2.92897693726e-05,0,0,0.07,0.0378263480961,2026-09-08T22:18:35.604489+00:00,study3b_fifo_runtime_v1
67723,C_7299,2009,2010,0.000543436559383,0,0,0.07,0.0378263480961,2026-09-08T22:18:35.604489+00:00,study3b_fifo_runtime_v1
67736,C_7300,2009,2010,0.000333616364514,0,0,0.07,0.0378263480961,2026-09-08T22:18:35.604489+00:00,study3b_fifo_runtime_v1
67741,C_7301,2009,2010,7.69021353335e-05,0,0,0.07,0.0378263480961,2026-09-08T22:18:35.604489+00:00,study3b_fifo_runtime_v1
67758,C_7302,2009,2010,0.000233100305195,0,0,0.07,0.0378263480961,2026-09-08T22:18:35.604489+00:00,study3b_fifo_runtime_v1
67764,C_7303,2009,2010,0.00077008176595,0,0,0.07,0.0378263480961,2026-09-08T22:18:35.604489+00:00,study3b_fifo_runtime_v1
67775,C_7304,2009,2010,0.0023293774575,0,0,0.07,0.0378263480961,2026-09-08T22:18:35.604489+00:00,study3b_fifo_runtime_v1
67784,C_7305,2009,2010,7.50054095988e-05,0,0,0.07,0.0378263480961,2026-09-08T22:18:35.604489+00:00,study3b_fifo_runtime_v1
67801,C_7306,2009,2010,0.000766903860494,0,0,0.07,0.0378263480961,2026-09-08T22:18:35.604489+00:00,study3b_fifo_runtime_v1
67830,C_7311,2009,2010,0.000108000007458,0,0,0.07,0.0378263480961,2026-09-08T22:18:35.604489+00:00,study3b_fifo_runtime_v1
67846,C_7312,2009,2010,1.02786516436e-05,0,0,0.07,0.0378263480961,2026-09-08T22:18:35.604489+00:00,study3b_fifo_runtime_v1
67869,C_7315,2009,2010,0.000239952685661,0,0,0.07,0.0378263480961,2026-09-08T22:18:35.604489+00:00,study3b_fifo_runtime_v1
67876,C_7316,2009,2010,0.00019816251006,0,0,0.07,0.0378263480961,2026-09-08T22:18:35.604489+00:00,study3b_fifo_runtime_v1
67887,C_7318,2009,2010,0.000135051916004,0,0,0.07,0.0378263480961,2026-09-08T22:18:35.604489+00:00,study3b_fifo_runtime_v1
67901,C_7319,2009,2010,0.109055042267,1,1,0.07,0.0378263480961,2026-09-08T22:18:35.604489+00:00,study3b_fifo_runtime_v1
67914,C_7320,2009,2010,0.134862318635,1,1,0.07,0.0378263480961,2026-09-08T22:18:35.604489+00:00,study3b_fifo_runtime_v1
67925,C_7321,2009,2010,2.62532648776e-05,0,0,0.07,0.0378263480961,2026-09-08T22:18:35.604489+00:00,study3b_fifo_runtime_v1
67934,C_7322,2009,2010,0.0663987100124,0,1,0.07,0.0378263480961,2026-09-08T22:18:35.604489+00:00,study3b_fifo_runtime_v1
67945,C_7323,2009,2010,0.000147306986037,0,0,0.07,0.0378263480961,2026-09-08T22:18:35.604489+00:00,study3b_fifo_runtime_v1
67960,C_7324,2009,2010,0.00387647957541,0,0,0.07,0.0378263480961,2026-09-08T22:18:35.604489+00:00,study3b_fifo_runtime_v1
67981,C_7326,2009,2010,0.000232610749663,0,0,0.07,0.0378263480961,2026-09-08T22:18:35.604489+00:00,study3b_fifo_runtime_v1
67998,C_7329,2009,2010,0.000367899658158,0,0,0.07,0.0378263480961,2026-09-08T22:18:35.604489+00:00,study3b_fifo_runtime_v1
68002,C_7330,2009,2010,2.64052450802e-05,0,0,0.07,0.0378263480961,2026-09-08T22:18:35.604489+00:00,study3b_fifo_runtime_v1
68013,C_7332,2009,2010,0.00158122612629,0,0,0.07,0.0378263480961,2026-09-08T22:18:35.604489+00:00,study3b_fifo_runtime_v1
68030,C_7333,2009,2010,0.0104220984504,0,0,0.07,0.0378263480961,2026-09-08T22:18:35.604489+00:00,study3b_fifo_runtime_v1
68037,C_7334,2009,2010,0.000397243507905,0,0,0.07,0.0378263480961,2026-09-08T22:18:35.604489+00:00,study3b_fifo_runtime_v1
68052,C_7335,2009,2010,0.000146417820361,0,0,0.07,0.0378263480961,2026-09-08T22:18:35.604489+00:00,study3b_fifo_runtime_v1
68070,C_7338,2009,2010,0.00179652916268,0,0,0.07,0.0378263480961,2026-09-08T22:18:35.604489+00:00,study3b_fifo_runtime_v1
68090,C_7341,2009,2010,0.00282818521373,0,0,0.07,0.0378263480961,2026-09-08T22:18:35.604489+00:00,study3b_fifo_runtime_v1
68093,C_7342,2009,2010,0.000160666095326,0,0,0.07,0.0378263480961,2026-09-08T22:18:35.604489+00:00,study3b_fifo_runtime_v1
68112,C_7344,2009,2010,0.000483986543259,0,0,0.07,0.0378263480961,2026-09-08T22:18:35.604489+00:00,study3b_fifo_runtime_v1
68119,C_7345,2009,2010,0.00861170049757,0,0,0.07,0.0378263480961,2026-09-08T22:18:35.604489+00:00,study3b_fifo_runtime_v1
68125,C_7347,2009,2010,0.000126414655824,0,0,0.07,0.0378263480961,2026-09-08T22:18:35.604489+00:00,study3b_fifo_runtime_v1
68137,C_7349,2009,2010,5.12540682394e-05,0,0,0.07,0.0378263480961,2026-09-08T22:18:35.604489+00:00,study3b_fifo_runtime_v1
68147,C_7350,2009,2010,0.000185921046068,0,0,0.07,0.0378263480961,2026-09-08T22:18:35.604489+00:00,study3b_fifo_runtime_v1
68156,C_7351,2009,2010,0.000159877585247,0,0,0.07,0.0378263480961,2026-09-08T22:18:35.604489+00:00,study3b_fifo_runtime_v1
68168,C_7352,2009,2010,0.000576719234232,0,0,0.07,0.0378263480961,2026-09-08T22:18:35.604489+00:00,study3b_fifo_runtime_v1
68178,C_7354,2009,2010,0.00432858476415,0,0,0.07,0.0378263480961,2026-09-08T22:18:35.604489+00:00,study3b_fifo_runtime_v1
68188,C_7355,2009,2010,0.00390969635919,0,0,0.07,0.0378263480961,2026-09-08T22:18:35.604489+00:00,study3b_fifo_runtime_v1
68203,C_7356,2009,2010,8.56484166434e-06,0,0,0.07,0.0378263480961,2026-09-08T22:18:35.604489+00:00,study3b_fifo_runtime_v1
68216,C_7357,2009,2010,4.20453852712e-06,0,0,0.07,0.0378263480961,2026-09-08T22:18:35.604489+00:00,study3b_fifo_runtime_v1
68232,C_7358,2009,2010,0.000115859729704,0,0,0.07,0.0378263480961,2026-09-08T22:18:35.604489+00:00,study3b_fifo_runtime_v1
68264,C_7363,2009,2010,0.00285520870239,0,0,0.07,0.0378263480961,2026-09-08T22:18:35.604489+00:00,study3b_fifo_runtime_v1
68275,C_7364,2009,2010,0.000366481457604,0,0,0.07,0.0378263480961,2026-09-08T22:18:35.604489+00:00,study3b_fifo_runtime_v1
68281,C_7365,2009,2010,0.00109293265268,0,0,0.07,0.0378263480961,2026-09-08T22:18:35.604489+00:00,study3b_fifo_runtime_v1
68313,C_7369,2009,2010,0.00107226299588,0,0,0.07,0.0378263480961,2026-09-08T22:18:35.604489+00:00,study3b_fifo_runtime_v1
68338,C_7371,2009,2010,0.000275505561149,0,0,0.07,0.0378263480961,2026-09-08T22:18:35.604489+00:00,study3b_fifo_runtime_v1
68354,C_7372,2009,2010,2.32347538258e-05,0,0,0.07,0.0378263480961,2026-09-08T22:18:35.604489+00:00,study3b_fifo_runtime_v1
68372,C_7374,2009,2010,0.00445294519886,0,0,0.07,0.0378263480961,2026-09-08T22:18:35.604489+00:00,study3b_fifo_runtime_v1
68379,C_7375,2009,2010,0.000305557536194,0,0,0.07,0.0378263480961,2026-09-08T22:18:35.604489+00:00,study3b_fifo_runtime_v1
68400,C_7378,2009,2010,0.000158550217748,0,0,0.07,0.0378263480961,2026-09-08T22:18:35.604489+00:00,study3b_fifo_runtime_v1
68413,C_7379,2009,2010,0.000291306088911,0,0,0.07,0.0378263480961,2026-09-08T22:18:35.604489+00:00,study3b_fifo_runtime_v1
68423,C_7380,2009,2010,0.00163602724206,0,0,0.07,0.0378263480961,2026-09-08T22:18:35.604489+00:00,study3b_fifo_runtime_v1
68438,C_7383,2009,2010,0.000263662543148,0,0,0.07,0.0378263480961,2026-09-08T22:18:35.604489+00:00,study3b_fifo_runtime_v1
68453,C_7386,2009,2010,1.74397482624e-05,0,0,0.07,0.0378263480961,2026-09-08T22:18:35.604489+00:00,study3b_fifo_runtime_v1
68469,C_7387,2009,2010,0.00121747609228,0,0,0.07,0.0378263480961,2026-09-08T22:18:35.604489+00:00,study3b_fifo_runtime_v1
68487,C_7391,2009,2010,0.00357180624269,0,0,0.07,0.0378263480961,2026-09-08T22:18:35.604489+00:00,study3b_fifo_runtime_v1
68505,C_7393,2009,2010,6.52488088235e-05,0,0,0.07,0.0378263480961,2026-09-08T22:18:35.604489+00:00,study3b_fifo_runtime_v1
68520,C_7394,2009,2010,0.000428206083598,0,0,0.07,0.0378263480961,2026-09-08T22:18:35.604489+00:00,study3b_fifo_runtime_v1
68538,C_7396,2009,2010,0.0002149418724,0,0,0.07,0.0378263480961,2026-09-08T22:18:35.604489+00:00,study3b_fifo_runtime_v1
68553,C_7397,2009,2010,0.000131076958496,0,0,0.07,0.0378263480961,2026-09-08T22:18:35.604489+00:00,study3b_fifo_runtime_v1
68572,C_7399,2009,2010,0.000167665537447,0,0,0.07,0.0378263480961,2026-09-08T22:18:35.604489+00:00,study3b_fifo_runtime_v1
68584,C_7401,2009,2010,1.40112169902e-05,0,0,0.07,0.0378263480961,2026-09-08T22:18:35.604489+00:00,study3b_fifo_runtime_v1
68599,C_7402,2009,2010,3.24797692883e-05,0,0,0.07,0.0378263480961,2026-09-08T22:18:35.604489+00:00,study3b_fifo_runtime_v1
68612,C_7406,2009,2010,0.000557813444175,0,0,0.07,0.0378263480961,2026-09-08T22:18:35.604489+00:00,study3b_fifo_runtime_v1
68621,C_7407,2009,2010,0.00970448646694,0,0,0.07,0.0378263480961,2026-09-08T22:18:35.604489+00:00,study3b_fifo_runtime_v1
68630,C_7408,2009,2010,0.000101186415122,0,0,0.07,0.0378263480961,2026-09-08T22:18:35.604489+00:00,study3b_fifo_runtime_v1
68645,C_7409,2009,2010,0.00067745387787,0,0,0.07,0.0378263480961,2026-09-08T22:18:35.604489+00:00,study3b_fifo_runtime_v1
68655,C_7411,2009,2010,0.000395793787902,0,0,0.07,0.0378263480961,2026-09-08T22:18:35.604489+00:00,study3b_fifo_runtime_v1
68669,C_7412,2009,2010,0.00268103927374,0,0,0.07,0.0378263480961,2026-09-08T22:18:35.604489+00:00,study3b_fifo_runtime_v1
68691,C_7415,2009,2010,0.000311589828925,0,0,0.07,0.0378263480961,2026-09-08T22:18:35.604489+00:00,study3b_fifo_runtime_v1
68706,C_7417,2009,2010,0.000761806033552,0,0,0.07,0.0378263480961,2026-09-08T22:18:35.604489+00:00,study3b_fifo_runtime_v1
68714,C_7418,2009,2010,8.59548163135e-06,0,0,0.07,0.0378263480961,2026-09-08T22:18:35.604489+00:00,study3b_fifo_runtime_v1
68724,C_7420,2009,2010,3.67647189705e-05,0,0,0.07,0.0378263480961,2026-09-08T22:18:35.604489+00:00,study3b_fifo_runtime_v1
68743,C_7422,2009,2010,3.36616199093e-06,0,0,0.07,0.0378263480961,2026-09-08T22:18:35.604489+00:00,study3b_fifo_runtime_v1
68759,C_7424,2009,2010,0.000662212027237,0,0,0.07,0.0378263480961,2026-09-08T22:18:35.604489+00:00,study3b_fifo_runtime_v1
68775,C_7427,2009,2010,0.000172486776137,0,0,0.07,0.0378263480961,2026-09-08T22:18:35.604489+00:00,study3b_fifo_runtime_v1
68789,C_7428,2009,2010,5.35128056072e-05,0,0,0.07,0.0378263480961,2026-09-08T22:18:35.604489+00:00,study3b_fifo_runtime_v1
68804,C_7431,2009,2010,0.000113138732559,0,0,0.07,0.0378263480961,2026-09-08T22:18:35.604489+00:00,study3b_fifo_runtime_v1
68817,C_7433,2009,2010,9.76759929472e-06,0,0,0.07,0.0378263480961,2026-09-08T22:18:35.604489+00:00,study3b_fifo_runtime_v1
68823,C_7434,2009,2010,0.000382299040211,0,0,0.07,0.0378263480961,2026-09-08T22:18:35.604489+00:00,study3b_fifo_runtime_v1
68847,C_7437,2009,2010,0.000288349605398,0,0,0.07,0.0378263480961,2026-09-08T22:18:35.604489+00:00,study3b_fifo_runtime_v1
68862,C_7440,2009,2010,0.00127662729938,0,0,0.07,0.0378263480961,2026-09-08T22:18:35.604489+00:00,study3b_fifo_runtime_v1
68881,C_7442,2009,2010,0.000603756809141,0,0,0.07,0.0378263480961,2026-09-08T22:18:35.604489+00:00,study3b_fifo_runtime_v1
68894,C_7444,2009,2010,0.00341011304408,0,0,0.07,0.0378263480961,2026-09-08T22:18:35.604489+00:00,study3b_fifo_runtime_v1
68902,C_7445,2009,2010,0.00074643822154,0,0,0.07,0.0378263480961,2026-09-08T22:18:35.604489+00:00,study3b_fifo_runtime_v1
68910,C_7446,2009,2010,6.97804280207e-05,0,0,0.07,0.0378263480961,2026-09-08T22:18:35.604489+00:00,study3b_fifo_runtime_v1
68935,C_7450,2009,2010,0.000802870839834,0,0,0.07,0.0378263480961,2026-09-08T22:18:35.604489+00:00,study3b_fifo_runtime_v1
68948,C_7451,2009,2010,8.50600554259e-05,0,0,0.07,0.0378263480961,2026-09-08T22:18:35.604489+00:00,study3b_fifo_runtime_v1
68958,C_7452,2009,2010,0.0003537669254,0,0,0.07,0.0378263480961,2026-09-08T22:18:35.604489+00:00,study3b_fifo_runtime_v1
68964,C_7453,2009,2010,4.45597943326e-05,0,0,0.07,0.0378263480961,2026-09-08T22:18:35.604489+00:00,study3b_fifo_runtime_v1
68978,C_7455,2009,2010,0.000486254342832,0,0,0.07,0.0378263480961,2026-09-08T22:18:35.604489+00:00,study3b_fifo_runtime_v1
68995,C_7458,2009,2010,0.00235434714705,0,0,0.07,0.0378263480961,2026-09-08T22:18:35.604489+00:00,study3b_fifo_runtime_v1
69010,C_7460,2009,2010,0.00216002156958,0,0,0.07,0.0378263480961,2026-09-08T22:18:35.604489+00:00,study3b_fifo_runtime_v1
69021,C_7462,2009,2010,0.12456587702,1,1,0.07,0.0378263480961,2026-09-08T22:18:35.604489+00:00,study3b_fifo_runtime_v1
69027,C_7463,2009,2010,0.000149361454532,0,0,0.07,0.0378263480961,2026-09-08T22:18:35.604489+00:00,study3b_fifo_runtime_v1
69047,C_7466,2009,2010,0.000246346724452,0,0,0.07,0.0378263480961,2026-09-08T22:18:35.604489+00:00,study3b_fifo_runtime_v1
69062,C_7468,2009,2010,0.00406045420095,0,0,0.07,0.0378263480961,2026-09-08T22:18:35.604489+00:00,study3b_fifo_runtime_v1
69080,C_7470,2009,2010,0.00289128441364,0,0,0.07,0.0378263480961,2026-09-08T22:18:35.604489+00:00,study3b_fifo_runtime_v1
69092,C_7471,2009,2010,0.0126498639584,0,0,0.07,0.0378263480961,2026-09-08T22:18:35.604489+00:00,study3b_fifo_runtime_v1
69106,C_7473,2009,2010,0.000119999087474,0,0,0.07,0.0378263480961,2026-09-08T22:18:35.604489+00:00,study3b_fifo_runtime_v1
69122,C_7475,2009,2010,0.000509683100972,0,0,0.07,0.0378263480961,2026-09-08T22:18:35.604489+00:00,study3b_fifo_runtime_v1
69137,C_7476,2009,2010,0.000399129552534,0,0,0.07,0.0378263480961,2026-09-08T22:18:35.604489+00:00,study3b_fifo_runtime_v1
69156,C_7478,2009,2010,1.0618542774e-06,0,0,0.07,0.0378263480961,2026-09-08T22:18:35.604489+00:00,study3b_fifo_runtime_v1
69163,C_7479,2009,2010,9.85608421615e-05,0,0,0.07,0.0378263480961,2026-09-08T22:18:35.604489+00:00,study3b_fifo_runtime_v1
69167,C_7480,2009,2010,0.000169553328305,0,0,0.07,0.0378263480961,2026-09-08T22:18:35.604489+00:00,study3b_fifo_runtime_v1
69179,C_7482,2009,2010,1.11881900011e-05,0,0,0.07,0.0378263480961,2026-09-08T22:18:35.604489+00:00,study3b_fifo_runtime_v1
69189,C_7483,2009,2010,0.000156674868776,0,0,0.07,0.0378263480961,2026-09-08T22:18:35.604489+00:00,study3b_fifo_runtime_v1
69200,C_7484,2009,2010,0.000585500791203,0,0,0.07,0.0378263480961,2026-09-08T22:18:35.604489+00:00,study3b_fifo_runtime_v1
69219,C_7486,2009,2010,0.000114867398224,0,0,0.07,0.0378263480961,2026-09-08T22:18:35.604489+00:00,study3b_fifo_runtime_v1
69228,C_7487,2009,2010,0.00357432197779,0,0,0.07,0.0378263480961,2026-09-08T22:18:35.604489+00:00,study3b_fifo_runtime_v1
69249,C_7489,2009,2010,0.0326413102448,0,0,0.07,0.0378263480961,2026-09-08T22:18:35.604489+00:00,study3b_fifo_runtime_v1
69264,C_7490,2009,2010,0.000266805960564,0,0,0.07,0.0378263480961,2026-09-08T22:18:35.604489+00:00,study3b_fifo_runtime_v1
69275,C_7491,2009,2010,0.00922691915184,0,0,0.07,0.0378263480961,2026-09-08T22:18:35.604489+00:00,study3b_fifo_runtime_v1
69279,C_7492,2009,2010,0.000689910899382,0,0,0.07,0.0378263480961,2026-09-08T22:18:35.604489+00:00,study3b_fifo_runtime_v1
69297,C_7494,2009,2010,8.50861470099e-05,0,0,0.07,0.0378263480961,2026-09-08T22:18:35.604489+00:00,study3b_fifo_runtime_v1
69312,C_7495,2009,2010,2.84400503006e-05,0,0,0.07,0.0378263480961,2026-09-08T22:18:35.604489+00:00,study3b_fifo_runtime_v1
69325,C_7497,2009,2010,0.000783160619903,0,0,0.07,0.0378263480961,2026-09-08T22:18:35.604489+00:00,study3b_fifo_runtime_v1
69329,C_7498,2009,2010,0.000411640765378,0,0,0.07,0.0378263480961,2026-09-08T22:18:35.604489+00:00,study3b_fifo_runtime_v1
69341,C_7499,2009,2010,0.000179105962161,0,0,0.07,0.0378263480961,2026-09-08T22:18:35.604489+00:00,study3b_fifo_runtime_v1
69352,C_7500,2009,2010,0.00190963409841,0,0,0.07,0.0378263480961,2026-09-08T22:18:35.604489+00:00,study3b_fifo_runtime_v1
69377,C_7503,2009,2010,0.000203779651201,0,0,0.07,0.0378263480961,2026-09-08T22:18:35.604489+00:00,study3b_fifo_runtime_v1
69391,C_7504,2009,2010,0.000102339159639,0,0,0.07,0.0378263480961,2026-09-08T22:18:35.604489+00:00,study3b_fifo_runtime_v1
69412,C_7506,2009,2010,0.0089554367587,0,0,0.07,0.0378263480961,2026-09-08T22:18:35.604489+00:00,study3b_fifo_runtime_v1
69425,C_7508,2009,2010,0.0201093386859,0,0,0.07,0.0378263480961,2026-09-08T22:18:35.604489+00:00,study3b_fifo_runtime_v1
69439,C_7509,2009,2010,0.00150988495443,0,0,0.07,0.0378263480961,2026-09-08T22:18:35.604489+00:00,study3b_fifo_runtime_v1
69450,C_7510,2009,2010,0.000102817801235,0,0,0.07,0.0378263480961,2026-09-08T22:18:35.604489+00:00,study3b_fifo_runtime_v1
69459,C_7511,2009,2010,0.0137502783909,0,0,0.07,0.0378263480961,2026-09-08T22:18:35.604489+00:00,study3b_fifo_runtime_v1
69478,C_7513,2009,2010,4.83531803184e-05,0,0,0.07,0.0378263480961,2026-09-08T22:18:35.604489+00:00,study3b_fifo_runtime_v1
69487,C_7514,2009,2010,9.3666894827e-05,0,0,0.07,0.0378263480961,2026-09-08T22:18:35.604489+00:00,study3b_fifo_runtime_v1
69498,C_7516,2009,2010,8.02084541647e-05,0,0,0.07,0.0378263480961,2026-09-08T22:18:35.604489+00:00,study3b_fifo_runtime_v1
69520,C_7519,2009,2010,0.000302436237689,0,0,0.07,0.0378263480961,2026-09-08T22:18:35.604489+00:00,study3b_fifo_runtime_v1
69535,C_7520,2009,2010,0.000412493332988,0,0,0.07,0.0378263480961,2026-09-08T22:18:35.604489+00:00,study3b_fifo_runtime_v1
69557,C_7525,2009,2010,0.00281863170676,0,0,0.07,0.0378263480961,2026-09-08T22:18:35.604489+00:00,study3b_fifo_runtime_v1
69581,C_7530,2009,2010,0.00360959861428,0,0,0.07,0.0378263480961,2026-09-08T22:18:35.604489+00:00,study3b_fifo_runtime_v1
69596,C_7531,2009,2010,0.000926719221752,0,0,0.07,0.0378263480961,2026-09-08T22:18:35.604489+00:00,study3b_fifo_runtime_v1
69610,C_7533,2009,2010,0.0197286121547,0,0,0.07,0.0378263480961,2026-09-08T22:18:35.604489+00:00,study3b_fifo_runtime_v1
69630,C_7537,2009,2010,0.00114078435581,0,0,0.07,0.0378263480961,2026-09-08T22:18:35.604489+00:00,study3b_fifo_runtime_v1
69638,C_7538,2009,2010,0.0039030786138,0,0,0.07,0.0378263480961,2026-09-08T22:18:35.604489+00:00,study3b_fifo_runtime_v1
69653,C_7539,2009,2010,6.03046937613e-05,0,0,0.07,0.0378263480961,2026-09-08T22:18:35.604489+00:00,study3b_fifo_runtime_v1
69660,C_7540,2009,2010,0.062329325825,0,1,0.07,0.0378263480961,2026-09-08T22:18:35.604489+00:00,study3b_fifo_runtime_v1
69675,C_7541,2009,2010,0.000405243044952,0,0,0.07,0.0378263480961,2026-09-08T22:18:35.604489+00:00,study3b_fifo_runtime_v1
69688,C_7543,2009,2010,0.00763306347653,0,0,0.07,0.0378263480961,2026-09-08T22:18:35.604489+00:00,study3b_fifo_runtime_v1
69703,C_7544,2009,2010,0.000435454625404,0,0,0.07,0.0378263480961,2026-09-08T22:18:35.604489+00:00,study3b_fifo_runtime_v1
69718,C_7545,2009,2010,0.00190609553829,0,0,0.07,0.0378263480961,2026-09-08T22:18:35.604489+00:00,study3b_fifo_runtime_v1
69725,C_7547,2009,2010,8.52197990753e-05,0,0,0.07,0.0378263480961,2026-09-08T22:18:35.604489+00:00,study3b_fifo_runtime_v1
69734,C_7548,2009,2010,0.000655026000459,0,0,0.07,0.0378263480961,2026-09-08T22:18:35.604489+00:00,study3b_fifo_runtime_v1
69749,C_7551,2009,2010,0.00272182910703,0,0,0.07,0.0378263480961,2026-09-08T22:18:35.604489+00:00,study3b_fifo_runtime_v1
69758,C_7553,2009,2010,3.28474670823e-05,0,0,0.07,0.0378263480961,2026-09-08T22:18:35.604489+00:00,study3b_fifo_runtime_v1
69764,C_7554,2009,2010,6.61810991005e-05,0,0,0.07,0.0378263480961,2026-09-08T22:18:35.604489+00:00,study3b_fifo_runtime_v1
69779,C_7556,2009,2010,0.0168286245316,0,0,0.07,0.0378263480961,2026-09-08T22:18:35.604489+00:00,study3b_fifo_runtime_v1
69785,C_7557,2009,2010,0.000227062730119,0,0,0.07,0.0378263480961,2026-09-08T22:18:35.604489+00:00,study3b_fifo_runtime_v1
69801,C_7559,2009,2010,7.40652831155e-05,0,0,0.07,0.0378263480961,2026-09-08T22:18:35.604489+00:00,study3b_fifo_runtime_v1
69816,C_7560,2009,2010,9.82500860118e-05,0,0,0.07,0.0378263480961,2026-09-08T22:18:35.604489+00:00,study3b_fifo_runtime_v1
69828,C_7561,2009,2010,6.86766798026e-05,0,0,0.07,0.0378263480961,2026-09-08T22:18:35.604489+00:00,study3b_fifo_runtime_v1
69850,C_7565,2009,2010,5.85836569371e-05,0,0,0.07,0.0378263480961,2026-09-08T22:18:35.604489+00:00,study3b_fifo_runtime_v1
69867,C_7567,2009,2010,0.00031918878085,0,0,0.07,0.0378263480961,2026-09-08T22:18:35.604489+00:00,study3b_fifo_runtime_v1
69882,C_7568,2009,2010,2.33371101785e-05,0,0,0.07,0.0378263480961,2026-09-08T22:18:35.604489+00:00,study3b_fifo_runtime_v1
69896,C_7569,2009,2010,0.000199206915568,0,0,0.07,0.0378263480961,2026-09-08T22:18:35.604489+00:00,study3b_fifo_runtime_v1
69899,C_7570,2009,2010,0.000404269463615,0,0,0.07,0.0378263480961,2026-09-08T22:18:35.604489+00:00,study3b_fifo_runtime_v1
69907,C_7572,2009,2010,0.00277623604052,0,0,0.07,0.0378263480961,2026-09-08T22:18:35.604489+00:00,study3b_fifo_runtime_v1
69913,C_7573,2009,2010,3.25869186781e-05,0,0,0.07,0.0378263480961,2026-09-08T22:18:35.604489+00:00,study3b_fifo_runtime_v1
69928,C_7574,2009,2010,0.000101822683064,0,0,0.07,0.0378263480961,2026-09-08T22:18:35.604489+00:00,study3b_fifo_runtime_v1
69933,C_7575,2009,2010,1.45486128531e-05,0,0,0.07,0.0378263480961,2026-09-08T22:18:35.604489+00:00,study3b_fifo_runtime_v1
69955,C_7577,2009,2010,2.36179093918e-05,0,0,0.07,0.0378263480961,2026-09-08T22:18:35.604489+00:00,study3b_fifo_runtime_v1
69969,C_7578,2009,2010,2.67306259047e-05,0,0,0.07,0.0378263480961,2026-09-08T22:18:35.604489+00:00,study3b_fifo_runtime_v1
69981,C_7581,2009,2010,0.000110724075057,0,0,0.07,0.0378263480961,2026-09-08T22:18:35.604489+00:00,study3b_fifo_runtime_v1
69997,C_7583,2009,2010,0.000184028365766,0,0,0.07,0.0378263480961,2026-09-08T22:18:35.604489+00:00,study3b_fifo_runtime_v1
70014,C_7585,2009,2010,1.20675176731e-05,0,0,0.07,0.0378263480961,2026-09-08T22:18:35.604489+00:00,study3b_fifo_runtime_v1
70028,C_7586,2009,2010,0.000375824136427,0,0,0.07,0.0378263480961,2026-09-08T22:18:35.604489+00:00,study3b_fifo_runtime_v1
70037,C_7587,2009,2010,4.03412886953e-05,0,0,0.07,0.0378263480961,2026-09-08T22:18:35.604489+00:00,study3b_fifo_runtime_v1
70059,C_7589,2009,2010,0.00153359246906,0,0,0.07,0.0378263480961,2026-09-08T22:18:35.604489+00:00,study3b_fifo_runtime_v1
70065,C_7590,2009,2010,0.000176869492861,0,0,0.07,0.0378263480961,2026-09-08T22:18:35.604489+00:00,study3b_fifo_runtime_v1
70073,C_7591,2009,2010,0.0150505350903,0,0,0.07,0.0378263480961,2026-09-08T22:18:35.604489+00:00,study3b_fifo_runtime_v1
70087,C_7592,2009,2010,0.000388281885535,0,0,0.07,0.0378263480961,2026-09-08T22:18:35.604489+00:00,study3b_fifo_runtime_v1
70091,C_7593,2009,2010,0.000133195586386,0,0,0.07,0.0378263480961,2026-09-08T22:18:35.604489+00:00,study3b_fifo_runtime_v1
70104,C_7595,2009,2010,0.00254137208685,0,0,0.07,0.0378263480961,2026-09-08T22:18:35.604489+00:00,study3b_fifo_runtime_v1
70119,C_7597,2009,2010,7.15921414667e-05,0,0,0.07,0.0378263480961,2026-09-08T22:18:35.604489+00:00,study3b_fifo_runtime_v1
70133,C_7598,2009,2010,0.000189560771105,0,0,0.07,0.0378263480961,2026-09-08T22:18:35.604489+00:00,study3b_fifo_runtime_v1
70152,C_7602,2009,2010,0.000342047220329,0,0,0.07,0.0378263480961,2026-09-08T22:18:35.604489+00:00,study3b_fifo_runtime_v1
70165,C_7603,2009,2010,0.00031369968201,0,0,0.07,0.0378263480961,2026-09-08T22:18:35.604489+00:00,study3b_fifo_runtime_v1
70182,C_7605,2009,2010,0.000485313124955,0,0,0.07,0.0378263480961,2026-09-08T22:18:35.604489+00:00,study3b_fifo_runtime_v1
70187,C_7606,2009,2010,6.56290503684e-05,0,0,0.07,0.0378263480961,2026-09-08T22:18:35.604489+00:00,study3b_fifo_runtime_v1
70201,C_7607,2009,2010,0.000154984591063,0,0,0.07,0.0378263480961,2026-09-08T22:18:35.604489+00:00,study3b_fifo_runtime_v1
70211,C_7608,2009,2010,0.00370684708469,0,0,0.07,0.0378263480961,2026-09-08T22:18:35.604489+00:00,study3b_fifo_runtime_v1
70229,C_7610,2009,2010,2.85849109787e-05,0,0,0.07,0.0378263480961,2026-09-08T22:18:35.604489+00:00,study3b_fifo_runtime_v1
70236,C_7611,2009,2010,0.351884812117,1,1,0.07,0.0378263480961,2026-09-08T22:18:35.604489+00:00,study3b_fifo_runtime_v1
70244,C_7612,2009,2010,0.000327574583935,0,0,0.07,0.0378263480961,2026-09-08T22:18:35.604489+00:00,study3b_fifo_runtime_v1
70253,C_7613,2009,2010,0.000769251782913,0,0,0.07,0.0378263480961,2026-09-08T22:18:35.604489+00:00,study3b_fifo_runtime_v1
70276,C_7615,2009,2010,0.00614457251504,0,0,0.07,0.0378263480961,2026-09-08T22:18:35.604489+00:00,study3b_fifo_runtime_v1
70281,C_7616,2009,2010,0.000877702084836,0,0,0.07,0.0378263480961,2026-09-08T22:18:35.604489+00:00,study3b_fifo_runtime_v1
70293,C_7617,2009,2010,0.00692796893418,0,0,0.07,0.0378263480961,2026-09-08T22:18:35.604489+00:00,study3b_fifo_runtime_v1
70301,C_7618,2009,2010,0.00185729691293,0,0,0.07,0.0378263480961,2026-09-08T22:18:35.604489+00:00,study3b_fifo_runtime_v1
70315,C_7620,2009,2010,8.24457019917e-05,0,0,0.07,0.0378263480961,2026-09-08T22:18:35.604489+00:00,study3b_fifo_runtime_v1
70321,C_7621,2009,2010,0.000352134433342,0,0,0.07,0.0378263480961,2026-09-08T22:18:35.604489+00:00,study3b_fifo_runtime_v1
70325,C_7622,2009,2010,0.000142731223605,0,0,0.07,0.0378263480961,2026-09-08T22:18:35.604489+00:00,study3b_fifo_runtime_v1
70339,C_7623,2009,2010,0.00179222843144,0,0,0.07,0.0378263480961,2026-09-08T22:18:35.604489+00:00,study3b_fifo_runtime_v1
70345,C_7625,2009,2010,0.000309185008518,0,0,0.07,0.0378263480961,2026-09-08T22:18:35.604489+00:00,study3b_fifo_runtime_v1
70351,C_7626,2009,2010,0.000332119496306,0,0,0.07,0.0378263480961,2026-09-08T22:18:35.604489+00:00,study3b_fifo_runtime_v1
70361,C_7627,2009,2010,0.0601106546819,0,1,0.07,0.0378263480961,2026-09-08T22:18:35.604489+00:00,study3b_fifo_runtime_v1
70367,C_7628,2009,2010,0.023143613711,0,0,0.07,0.0378263480961,2026-09-08T22:18:35.604489+00:00,study3b_fifo_runtime_v1
70380,C_7629,2009,2010,0.000388508429751,0,0,0.07,0.0378263480961,2026-09-08T22:18:35.604489+00:00,study3b_fifo_runtime_v1
70393,C_7630,2009,2010,0.000466744793812,0,0,0.07,0.0378263480961,2026-09-08T22:18:35.604489+00:00,study3b_fifo_runtime_v1
70406,C_7632,2009,2010,0.000390114058973,0,0,0.07,0.0378263480961,2026-09-08T22:18:35.604489+00:00,study3b_fifo_runtime_v1
70422,C_7634,2009,2010,6.92543608238e-06,0,0,0.07,0.0378263480961,2026-09-08T22:18:35.604489+00:00,study3b_fifo_runtime_v1
70436,C_7635,2009,2010,5.05400530528e-05,0,0,0.07,0.0378263480961,2026-09-08T22:18:35.604489+00:00,study3b_fifo_runtime_v1
70449,C_7637,2009,2010,3.88969237974e-05,0,0,0.07,0.0378263480961,2026-09-08T22:18:35.604489+00:00,study3b_fifo_runtime_v1
70455,C_7638,2009,2010,6.01149804424e-05,0,0,0.07,0.0378263480961,2026-09-08T22:18:35.604489+00:00,study3b_fifo_runtime_v1
70464,C_7639,2009,2010,3.97277472075e-05,0,0,0.07,0.0378263480961,2026-09-08T22:18:35.604489+00:00,study3b_fifo_runtime_v1
70478,C_7642,2009,2010,0.00020516832592,0,0,0.07,0.0378263480961,2026-09-08T22:18:35.604489+00:00,study3b_fifo_runtime_v1
70492,C_7643,2009,2010,3.46840533894e-05,0,0,0.07,0.0378263480961,2026-09-08T22:18:35.604489+00:00,study3b_fifo_runtime_v1
70499,C_7644,2009,2010,0.00397905195132,0,0,0.07,0.0378263480961,2026-09-08T22:18:35.604489+00:00,study3b_fifo_runtime_v1
70518,C_7647,2009,2010,0.000612509145867,0,0,0.07,0.0378263480961,2026-09-08T22:18:35.604489+00:00,study3b_fifo_runtime_v1
70531,C_7650,2009,2010,0.000267136667389,0,0,0.07,0.0378263480961,2026-09-08T22:18:35.604489+00:00,study3b_fifo_runtime_v1
70540,C_7651,2009,2010,4.86520475533e-05,0,0,0.07,0.0378263480961,2026-09-08T22:18:35.604489+00:00,study3b_fifo_runtime_v1
70553,C_7652,2009,2010,3.9323233068e-05,0,0,0.07,0.0378263480961,2026-09-08T22:18:35.604489+00:00,study3b_fifo_runtime_v1
70561,C_7653,2009,2010,0.000258364161709,0,0,0.07,0.0378263480961,2026-09-08T22:18:35.604489+00:00,study3b_fifo_runtime_v1
70577,C_7655,2009,2010,0.00194887584075,0,0,0.07,0.0378263480961,2026-09-08T22:18:35.604489+00:00,study3b_fifo_runtime_v1
70591,C_7656,2009,2010,0.00185223296285,0,0,0.07,0.0378263480961,2026-09-08T22:18:35.604489+00:00,study3b_fifo_runtime_v1
70605,C_7657,2009,2010,0.000167385893292,0,0,0.07,0.0378263480961,2026-09-08T22:18:35.604489+00:00,study3b_fifo_runtime_v1
70615,C_7658,2009,2010,0.000768130703364,0,0,0.07,0.0378263480961,2026-09-08T22:18:35.604489+00:00,study3b_fifo_runtime_v1
70620,C_7659,2009,2010,7.65408549341e-05,0,0,0.07,0.0378263480961,2026-09-08T22:18:35.604489+00:00,study3b_fifo_runtime_v1
70632,C_7660,2009,2010,0.00172542128712,0,0,0.07,0.0378263480961,2026-09-08T22:18:35.604489+00:00,study3b_fifo_runtime_v1
70645,C_7663,2009,2010,0.000280482665403,0,0,0.07,0.0378263480961,2026-09-08T22:18:35.604489+00:00,study3b_fifo_runtime_v1
70654,C_7664,2009,2010,0.0138851329684,0,0,0.07,0.0378263480961,2026-09-08T22:18:35.604489+00:00,study3b_fifo_runtime_v1
70659,C_7665,2009,2010,4.14108180848e-05,0,0,0.07,0.0378263480961,2026-09-08T22:18:35.604489+00:00,study3b_fifo_runtime_v1
70667,C_7666,2009,2010,0.000196746186703,0,0,0.07,0.0378263480961,2026-09-08T22:18:35.604489+00:00,study3b_fifo_runtime_v1
70673,C_7667,2009,2010,0.000571977056097,0,0,0.07,0.0378263480961,2026-09-08T22:18:35.604489+00:00,study3b_fifo_runtime_v1
70680,C_7668,2009,2010,0.0953015312552,1,1,0.07,0.0378263480961,2026-09-08T22:18:35.604489+00:00,study3b_fifo_runtime_v1
70692,C_7669,2009,2010,0.000179796479642,0,0,0.07,0.0378263480961,2026-09-08T22:18:35.604489+00:00,study3b_fifo_runtime_v1
70706,C_7670,2009,2010,0.000268446310656,0,0,0.07,0.0378263480961,2026-09-08T22:18:35.604489+00:00,study3b_fifo_runtime_v1
70729,C_7673,2009,2010,0.00166539091151,0,0,0.07,0.0378263480961,2026-09-08T22:18:35.604489+00:00,study3b_fifo_runtime_v1
70735,C_7674,2009,2010,0.000747938640416,0,0,0.07,0.0378263480961,2026-09-08T22:18:35.604489+00:00,study3b_fifo_runtime_v1
70741,C_7675,2009,2010,0.000113731395686,0,0,0.07,0.0378263480961,2026-09-08T22:18:35.604489+00:00,study3b_fifo_runtime_v1
70755,C_7676,2009,2010,0.000269092124654,0,0,0.07,0.0378263480961,2026-09-08T22:18:35.604489+00:00,study3b_fifo_runtime_v1
70768,C_7679,2009,2010,5.58850479138e-05,0,0,0.07,0.0378263480961,2026-09-08T22:18:35.604489+00:00,study3b_fifo_runtime_v1
70785,C_7681,2009,2010,0.000147247803397,0,0,0.07,0.0378263480961,2026-09-08T22:18:35.604489+00:00,study3b_fifo_runtime_v1
70790,C_7682,2009,2010,0.00021124543855,0,0,0.07,0.0378263480961,2026-09-08T22:18:35.604489+00:00,study3b_fifo_runtime_v1
70801,C_7683,2009,2010,0.00423822039738,0,0,0.07,0.0378263480961,2026-09-08T22:18:35.604489+00:00,study3b_fifo_runtime_v1
70812,C_7684,2009,2010,0.000136283531901,0,0,0.07,0.0378263480961,2026-09-08T22:18:35.604489+00:00,study3b_fifo_runtime_v1
70825,C_7685,2009,2010,3.62428945664e-05,0,0,0.07,0.0378263480961,2026-09-08T22:18:35.604489+00:00,study3b_fifo_runtime_v1
70829,C_7686,2009,2010,0.00789878610522,0,0,0.07,0.0378263480961,2026-09-08T22:18:35.604489+00:00,study3b_fifo_runtime_v1
70839,C_7687,2009,2010,0.000557999883313,0,0,0.07,0.0378263480961,2026-09-08T22:18:35.604489+00:00,study3b_fifo_runtime_v1
70850,C_7688,2009,2010,0.000652420509141,0,0,0.07,0.0378263480961,2026-09-08T22:18:35.604489+00:00,study3b_fifo_runtime_v1
70868,C_7691,2009,2010,0.000164240584127,0,0,0.07,0.0378263480961,2026-09-08T22:18:35.604489+00:00,study3b_fifo_runtime_v1
70892,C_7694,2009,2010,0.000940662866924,0,0,0.07,0.0378263480961,2026-09-08T22:18:35.604489+00:00,study3b_fifo_runtime_v1
70905,C_7695,2009,2010,4.05922000937e-05,0,0,0.07,0.0378263480961,2026-09-08T22:18:35.604489+00:00,study3b_fifo_runtime_v1
70925,C_7697,2009,2010,5.54164398636e-05,0,0,0.07,0.0378263480961,2026-09-08T22:18:35.604489+00:00,study3b_fifo_runtime_v1
70930,C_7698,2009,2010,0.000336259137839,0,0,0.07,0.0378263480961,2026-09-08T22:18:35.604489+00:00,study3b_fifo_runtime_v1
70933,C_7699,2009,2010,7.66988887335e-05,0,0,0.07,0.0378263480961,2026-09-08T22:18:35.604489+00:00,study3b_fifo_runtime_v1
70944,C_7701,2009,2010,0.000233185244724,0,0,0.07,0.0378263480961,2026-09-08T22:18:35.604489+00:00,study3b_fifo_runtime_v1
70949,C_7702,2009,2010,2.23111037485e-05,0,0,0.07,0.0378263480961,2026-09-08T22:18:35.604489+00:00,study3b_fifo_runtime_v1
70959,C_7703,2009,2010,0.000563113135286,0,0,0.07,0.0378263480961,2026-09-08T22:18:35.604489+00:00,study3b_fifo_runtime_v1
70970,C_7704,2009,2010,1.93742143892e-05,0,0,0.07,0.0378263480961,2026-09-08T22:18:35.604489+00:00,study3b_fifo_runtime_v1
70984,C_7705,2009,2010,0.000165768273291,0,0,0.07,0.0378263480961,2026-09-08T22:18:35.604489+00:00,study3b_fifo_runtime_v1
70994,C_7706,2009,2010,9.97347069642e-06,0,0,0.07,0.0378263480961,2026-09-08T22:18:35.604489+00:00,study3b_fifo_runtime_v1
71007,C_7708,2009,2010,0.000747852085624,0,0,0.07,0.0378263480961,2026-09-08T22:18:35.604489+00:00,study3b_fifo_runtime_v1
71019,C_7709,2009,2010,0.00111901329365,0,0,0.07,0.0378263480961,2026-09-08T22:18:35.604489+00:00,study3b_fifo_runtime_v1
71033,C_7710,2009,2010,0.00287619116716,0,0,0.07,0.0378263480961,2026-09-08T22:18:35.604489+00:00,study3b_fifo_runtime_v1
71043,C_7711,2009,2010,0.000940289522987,0,0,0.07,0.0378263480961,2026-09-08T22:18:35.604489+00:00,study3b_fifo_runtime_v1
71051,C_7713,2009,2010,0.000964034581557,0,0,0.07,0.0378263480961,2026-09-08T22:18:35.604489+00:00,study3b_fifo_runtime_v1
71056,C_7714,2009,2010,0.000380335026421,0,0,0.07,0.0378263480961,2026-09-08T22:18:35.604489+00:00,study3b_fifo_runtime_v1
71062,C_7715,2009,2010,0.000212287457543,0,0,0.07,0.0378263480961,2026-09-08T22:18:35.604489+00:00,study3b_fifo_runtime_v1
71076,C_7716,2009,2010,0.000205858494155,0,0,0.07,0.0378263480961,2026-09-08T22:18:35.604489+00:00,study3b_fifo_runtime_v1
71085,C_7718,2009,2010,0.00249016750604,0,0,0.07,0.0378263480961,2026-09-08T22:18:35.604489+00:00,study3b_fifo_runtime_v1
71099,C_7719,2009,2010,0.000151270112838,0,0,0.07,0.0378263480961,2026-09-08T22:18:35.604489+00:00,study3b_fifo_runtime_v1
71109,C_7720,2009,2010,0.000112906993309,0,0,0.07,0.0378263480961,2026-09-08T22:18:35.604489+00:00,study3b_fifo_runtime_v1
71120,C_7721,2009,2010,0.00093030865537,0,0,0.07,0.0378263480961,2026-09-08T22:18:35.604489+00:00,study3b_fifo_runtime_v1
71125,C_7722,2009,2010,0.00101707421709,0,0,0.07,0.0378263480961,2026-09-08T22:18:35.604489+00:00,study3b_fifo_runtime_v1
71132,C_7723,2009,2010,0.000260514294496,0,0,0.07,0.0378263480961,2026-09-08T22:18:35.604489+00:00,study3b_fifo_runtime_v1
71146,C_7725,2009,2010,0.00305579532869,0,0,0.07,0.0378263480961,2026-09-08T22:18:35.604489+00:00,study3b_fifo_runtime_v1
71154,C_7726,2009,2010,0.113241516054,1,1,0.07,0.0378263480961,2026-09-08T22:18:35.604489+00:00,study3b_fifo_runtime_v1
71159,C_7727,2009,2010,0.000841138127726,0,0,0.07,0.0378263480961,2026-09-08T22:18:35.604489+00:00,study3b_fifo_runtime_v1
71173,C_7728,2009,2010,0.000373483548174,0,0,0.07,0.0378263480961,2026-09-08T22:18:35.604489+00:00,study3b_fifo_runtime_v1
71187,C_7729,2009,2010,0.0001250221394,0,0,0.07,0.0378263480961,2026-09-08T22:18:35.604489+00:00,study3b_fifo_runtime_v1
71198,C_7730,2009,2010,6.97376754033e-06,0,0,0.07,0.0378263480961,2026-09-08T22:18:35.604489+00:00,study3b_fifo_runtime_v1
71204,C_7732,2009,2010,1.86387260328e-05,0,0,0.07,0.0378263480961,2026-09-08T22:18:35.604489+00:00,study3b_fifo_runtime_v1
71213,C_7733,2009,2010,4.68604994239e-05,0,0,0.07,0.0378263480961,2026-09-08T22:18:35.604489+00:00,study3b_fifo_runtime_v1
71216,C_7734,2009,2010,0.000432740052929,0,0,0.07,0.0378263480961,2026-09-08T22:18:35.604489+00:00,study3b_fifo_runtime_v1
71228,C_7735,2009,2010,3.15957040584e-05,0,0,0.07,0.0378263480961,2026-09-08T22:18:35.604489+00:00,study3b_fifo_runtime_v1
71245,C_7737,2009,2010,0.000100126861071,0,0,0.07,0.0378263480961,2026-09-08T22:18:35.604489+00:00,study3b_fifo_runtime_v1
71259,C_7738,2009,2010,0.000111591165478,0,0,0.07,0.0378263480961,2026-09-08T22:18:35.604489+00:00,study3b_fifo_runtime_v1
71273,C_7739,2009,2010,0.00295998970978,0,0,0.07,0.0378263480961,2026-09-08T22:18:35.604489+00:00,study3b_fifo_runtime_v1
71283,C_7741,2009,2010,0.000534463964868,0,0,0.07,0.0378263480961,2026-09-08T22:18:35.604489+00:00,study3b_fifo_runtime_v1
71296,C_7742,2009,2010,0.0123539408669,0,0,0.07,0.0378263480961,2026-09-08T22:18:35.604489+00:00,study3b_fifo_runtime_v1
71310,C_7744,2009,2010,2.02563769562e-05,0,0,0.07,0.0378263480961,2026-09-08T22:18:35.604489+00:00,study3b_fifo_runtime_v1
71314,C_7745,2009,2010,4.61791460111e-05,0,0,0.07,0.0378263480961,2026-09-08T22:18:35.604489+00:00,study3b_fifo_runtime_v1
71333,C_7747,2009,2010,5.70324373257e-05,0,0,0.07,0.0378263480961,2026-09-08T22:18:35.604489+00:00,study3b_fifo_runtime_v1
71338,C_7748,2009,2010,0.0106047661975,0,0,0.07,0.0378263480961,2026-09-08T22:18:35.604489+00:00,study3b_fifo_runtime_v1
71344,C_7749,2009,2010,0.000325318222167,0,0,0.07,0.0378263480961,2026-09-08T22:18:35.604489+00:00,study3b_fifo_runtime_v1
71355,C_7750,2009,2010,4.64187032776e-05,0,0,0.07,0.0378263480961,2026-09-08T22:18:35.604489+00:00,study3b_fifo_runtime_v1
71361,C_7751,2009,2010,0.00053413346177,0,0,0.07,0.0378263480961,2026-09-08T22:18:35.604489+00:00,study3b_fifo_runtime_v1
71379,C_7754,2009,2010,0.00067400484113,0,0,0.07,0.0378263480961,2026-09-08T22:18:35.604489+00:00,study3b_fifo_runtime_v1
71383,C_7755,2009,2010,0.000700347532984,0,0,0.07,0.0378263480961,2026-09-08T22:18:35.604489+00:00,study3b_fifo_runtime_v1
71396,C_7758,2009,2010,0.0013399560703,0,0,0.07,0.0378263480961,2026-09-08T22:18:35.604489+00:00,study3b_fifo_runtime_v1
71405,C_7760,2009,2010,0.00556539231911,0,0,0.07,0.0378263480961,2026-09-08T22:18:35.604489+00:00,study3b_fifo_runtime_v1
71416,C_7761,2009,2010,0.000357288547093,0,0,0.07,0.0378263480961,2026-09-08T22:18:35.604489+00:00,study3b_fifo_runtime_v1
71425,C_7764,2009,2010,0.000481562019559,0,0,0.07,0.0378263480961,2026-09-08T22:18:35.604489+00:00,study3b_fifo_runtime_v1
71434,C_7765,2009,2010,0.0022587722633,0,0,0.07,0.0378263480961,2026-09-08T22:18:35.604489+00:00,study3b_fifo_runtime_v1
71447,C_7766,2009,2010,0.000469534657896,0,0,0.07,0.0378263480961,2026-09-08T22:18:35.604489+00:00,study3b_fifo_runtime_v1
71453,C_7767,2009,2010,0.021435065195,0,0,0.07,0.0378263480961,2026-09-08T22:18:35.604489+00:00,study3b_fifo_runtime_v1
71460,C_7768,2009,2010,5.61090018891e-05,0,0,0.07,0.0378263480961,2026-09-08T22:18:35.604489+00:00,study3b_fifo_runtime_v1
71484,C_7773,2009,2010,0.0035271064844,0,0,0.07,0.0378263480961,2026-09-08T22:18:35.604489+00:00,study3b_fifo_runtime_v1
71504,C_7776,2009,2010,1.58412640303e-05,0,0,0.07,0.0378263480961,2026-09-08T22:18:35.604489+00:00,study3b_fifo_runtime_v1
71521,C_7780,2009,2010,0.000779132416938,0,0,0.07,0.0378263480961,2026-09-08T22:18:35.604489+00:00,study3b_fifo_runtime_v1
71528,C_7782,2009,2010,0.000173224703758,0,0,0.07,0.0378263480961,2026-09-08T22:18:35.604489+00:00,study3b_fifo_runtime_v1
71532,C_7783,2009,2010,0.00012653208978,0,0,0.07,0.0378263480961,2026-09-08T22:18:35.604489+00:00,study3b_fifo_runtime_v1
71550,C_7786,2009,2010,0.0100617753342,0,0,0.07,0.0378263480961,2026-09-08T22:18:35.604489+00:00,study3b_fifo_runtime_v1
71561,C_7787,2009,2010,0.00130140047986,0,0,0.07,0.0378263480961,2026-09-08T22:18:35.604489+00:00,study3b_fifo_runtime_v1
71577,C_7789,2009,2010,4.07425795856e-05,0,0,0.07,0.0378263480961,2026-09-08T22:18:35.604489+00:00,study3b_fifo_runtime_v1
71584,C_7790,2009,2010,0.00551341287792,0,0,0.07,0.0378263480961,2026-09-08T22:18:35.604489+00:00,study3b_fifo_runtime_v1
71591,C_7791,2009,2010,0.00416073901579,0,0,0.07,0.0378263480961,2026-09-08T22:18:35.604489+00:00,study3b_fifo_runtime_v1
71608,C_7793,2009,2010,0.000236430481891,0,0,0.07,0.0378263480961,2026-09-08T22:18:35.604489+00:00,study3b_fifo_runtime_v1
71614,C_7794,2009,2010,0.000478530768305,0,0,0.07,0.0378263480961,2026-09-08T22:18:35.604489+00:00,study3b_fifo_runtime_v1
71627,C_7795,2009,2010,2.26700885833e-05,0,0,0.07,0.0378263480961,2026-09-08T22:18:35.604489+00:00,study3b_fifo_runtime_v1
71632,C_7796,2009,2010,0.00633818702772,0,0,0.07,0.0378263480961,2026-09-08T22:18:35.604489+00:00,study3b_fifo_runtime_v1
71647,C_7798,2009,2010,0.000819194770884,0,0,0.07,0.0378263480961,2026-09-08T22:18:35.604489+00:00,study3b_fifo_runtime_v1
71651,C_7799,2009,2010,0.00226314691827,0,0,0.07,0.0378263480961,2026-09-08T22:18:35.604489+00:00,study3b_fifo_runtime_v1
71655,C_7800,2009,2010,0.000132483794005,0,0,0.07,0.0378263480961,2026-09-08T22:18:35.604489+00:00,study3b_fifo_runtime_v1
71660,C_7801,2009,2010,3.8397042772e-06,0,0,0.07,0.0378263480961,2026-09-08T22:18:35.604489+00:00,study3b_fifo_runtime_v1
71673,C_7803,2009,2010,1.17652389235e-05,0,0,0.07,0.0378263480961,2026-09-08T22:18:35.604489+00:00,study3b_fifo_runtime_v1
71685,C_7805,2009,2010,9.7788462881e-05,0,0,0.07,0.0378263480961,2026-09-08T22:18:35.604489+00:00,study3b_fifo_runtime_v1
71689,C_7806,2009,2010,0.00010639915854,0,0,0.07,0.0378263480961,2026-09-08T22:18:35.604489+00:00,study3b_fifo_runtime_v1
71697,C_7807,2009,2010,1.06204179247e-05,0,0,0.07,0.0378263480961,2026-09-08T22:18:35.604489+00:00,study3b_fifo_runtime_v1
71702,C_7808,2009,2010,7.06865685061e-05,0,0,0.07,0.0378263480961,2026-09-08T22:18:35.604489+00:00,study3b_fifo_runtime_v1
71721,C_7810,2009,2010,3.42146522598e-05,0,0,0.07,0.0378263480961,2026-09-08T22:18:35.604489+00:00,study3b_fifo_runtime_v1
71725,C_7811,2009,2010,0.000250171957305,0,0,0.07,0.0378263480961,2026-09-08T22:18:35.604489+00:00,study3b_fifo_runtime_v1
71730,C_7812,2009,2010,0.000520189874806,0,0,0.07,0.0378263480961,2026-09-08T22:18:35.604489+00:00,study3b_fifo_runtime_v1
71742,C_7813,2009,2010,4.17395749537e-05,0,0,0.07,0.0378263480961,2026-09-08T22:18:35.604489+00:00,study3b_fifo_runtime_v1
71750,C_7814,2009,2010,2.78122515738e-05,0,0,0.07,0.0378263480961,2026-09-08T22:18:35.604489+00:00,study3b_fifo_runtime_v1
71755,C_7816,2009,2010,0.000376153242541,0,0,0.07,0.0378263480961,2026-09-08T22:18:35.604489+00:00,study3b_fifo_runtime_v1
71768,C_7817,2009,2010,0.000588912633248,0,0,0.07,0.0378263480961,2026-09-08T22:18:35.604489+00:00,study3b_fifo_runtime_v1
71780,C_7818,2009,2010,0.000445238925749,0,0,0.07,0.0378263480961,2026-09-08T22:18:35.604489+00:00,study3b_fifo_runtime_v1
71793,C_7820,2009,2010,0.00164753431454,0,0,0.07,0.0378263480961,2026-09-08T22:18:35.604489+00:00,study3b_fifo_runtime_v1
71806,C_7821,2009,2010,4.71478961117e-05,0,0,0.07,0.0378263480961,2026-09-08T22:18:35.604489+00:00,study3b_fifo_runtime_v1
71819,C_7822,2009,2010,0.0291834417731,0,0,0.07,0.0378263480961,2026-09-08T22:18:35.604489+00:00,study3b_fifo_runtime_v1
71827,C_7823,2009,2010,4.52111598861e-05,0,0,0.07,0.0378263480961,2026-09-08T22:18:35.604489+00:00,study3b_fifo_runtime_v1
71833,C_7824,2009,2010,0.000319891783874,0,0,0.07,0.0378263480961,2026-09-08T22:18:35.604489+00:00,study3b_fifo_runtime_v1
71849,C_7826,2009,2010,0.00034612082527,0,0,0.07,0.0378263480961,2026-09-08T22:18:35.604489+00:00,study3b_fifo_runtime_v1
71862,C_7827,2009,2010,1.2776145013e-05,0,0,0.07,0.0378263480961,2026-09-08T22:18:35.604489+00:00,study3b_fifo_runtime_v1
71877,C_7829,2009,2010,1.98135494429e-05,0,0,0.07,0.0378263480961,2026-09-08T22:18:35.604489+00:00,study3b_fifo_runtime_v1
71886,C_7830,2009,2010,0.000161627205671,0,0,0.07,0.0378263480961,2026-09-08T22:18:35.604489+00:00,study3b_fifo_runtime_v1
71892,C_7831,2009,2010,0.000550840806682,0,0,0.07,0.0378263480961,2026-09-08T22:18:35.604489+00:00,study3b_fifo_runtime_v1
71904,C_7832,2009,2010,0.000103236496216,0,0,0.07,0.0378263480961,2026-09-08T22:18:35.604489+00:00,study3b_fifo_runtime_v1
71908,C_7833,2009,2010,0.00313443620689,0,0,0.07,0.0378263480961,2026-09-08T22:18:35.604489+00:00,study3b_fifo_runtime_v1
71919,C_7834,2009,2010,4.82394243591e-05,0,0,0.07,0.0378263480961,2026-09-08T22:18:35.604489+00:00,study3b_fifo_runtime_v1
71928,C_7835,2009,2010,0.00139499979559,0,0,0.07,0.0378263480961,2026-09-08T22:18:35.604489+00:00,study3b_fifo_runtime_v1
72269,C_7912,2009,2010,8.65413094289e-05,0,0,0.07,0.0378263480961,2026-09-08T22:18:35.604489+00:00,study3b_fifo_runtime_v1
72284,C_7914,2009,2010,0.00444807950407,0,0,0.07,0.0378263480961,2026-09-08T22:18:35.604489+00:00,study3b_fifo_runtime_v1
72289,C_7915,2009,2010,0.00140181614552,0,0,0.07,0.0378263480961,2026-09-08T22:18:35.604489+00:00,study3b_fifo_runtime_v1
72293,C_7916,2009,2010,8.07661945146e-06,0,0,0.07,0.0378263480961,2026-09-08T22:18:35.604489+00:00,study3b_fifo_runtime_v1
72306,C_7917,2009,2010,0.000269661570201,0,0,0.07,0.0378263480961,2026-09-08T22:18:35.604489+00:00,study3b_fifo_runtime_v1
72314,C_7918,2009,2010,0.000423873629188,0,0,0.07,0.0378263480961,2026-09-08T22:18:35.604489+00:00,study3b_fifo_runtime_v1
72336,C_7921,2009,2010,0.0218905117363,0,0,0.07,0.0378263480961,2026-09-08T22:18:35.604489+00:00,study3b_fifo_runtime_v1
72346,C_7923,2009,2010,0.000577835191507,0,0,0.07,0.0378263480961,2026-09-08T22:18:35.604489+00:00,study3b_fifo_runtime_v1
72352,C_7924,2009,2010,0.00257992185652,0,0,0.07,0.0378263480961,2026-09-08T22:18:35.604489+00:00,study3b_fifo_runtime_v1
72359,C_7925,2009,2010,2.89647869067e-05,0,0,0.07,0.0378263480961,2026-09-08T22:18:35.604489+00:00,study3b_fifo_runtime_v1
72370,C_7926,2009,2010,0.000226030708291,0,0,0.07,0.0378263480961,2026-09-08T22:18:35.604489+00:00,study3b_fifo_runtime_v1
72383,C_7927,2009,2010,0.000102856167359,0,0,0.07,0.0378263480961,2026-09-08T22:18:35.604489+00:00,study3b_fifo_runtime_v1
72396,C_7928,2009,2010,2.21078717004e-05,0,0,0.07,0.0378263480961,2026-09-08T22:18:35.604489+00:00,study3b_fifo_runtime_v1
72403,C_7929,2009,2010,7.19278978067e-05,0,0,0.07,0.0378263480961,2026-09-08T22:18:35.604489+00:00,study3b_fifo_runtime_v1
72411,C_7931,2009,2010,8.44206078909e-05,0,0,0.07,0.0378263480961,2026-09-08T22:18:35.604489+00:00,study3b_fifo_runtime_v1
72417,C_7932,2009,2010,8.69650757522e-05,0,0,0.07,0.0378263480961,2026-09-08T22:18:35.604489+00:00,study3b_fifo_runtime_v1
72430,C_7933,2009,2010,0.000351234426489,0,0,0.07,0.0378263480961,2026-09-08T22:18:35.604489+00:00,study3b_fifo_runtime_v1
72437,C_7934,2009,2010,1.82946478162e-05,0,0,0.07,0.0378263480961,2026-09-08T22:18:35.604489+00:00,study3b_fifo_runtime_v1
72453,C_7936,2009,2010,2.32267575484e-05,0,0,0.07,0.0378263480961,2026-09-08T22:18:35.604489+00:00,study3b_fifo_runtime_v1
72459,C_7938,2009,2010,0.00053196697263,0,0,0.07,0.0378263480961,2026-09-08T22:18:35.604489+00:00,study3b_fifo_runtime_v1
72471,C_7939,2009,2010,4.09059575759e-05,0,0,0.07,0.0378263480961,2026-09-08T22:18:35.604489+00:00,study3b_fifo_runtime_v1
72474,C_7940,2009,2010,6.02646650805e-05,0,0,0.07,0.0378263480961,2026-09-08T22:18:35.604489+00:00,study3b_fifo_runtime_v1
72486,C_7941,2009,2010,6.80453231325e-05,0,0,0.07,0.0378263480961,2026-09-08T22:18:35.604489+00:00,study3b_fifo_runtime_v1
72498,C_7942,2009,2010,9.27022774704e-05,0,0,0.07,0.0378263480961,2026-09-08T22:18:35.604489+00:00,study3b_fifo_runtime_v1
72511,C_7943,2009,2010,1.46329848576e-05,0,0,0.07,0.0378263480961,2026-09-08T22:18:35.604489+00:00,study3b_fifo_runtime_v1
72524,C_7944,2009,2010,1.34809861265e-05,0,0,0.07,0.0378263480961,2026-09-08T22:18:35.604489+00:00,study3b_fifo_runtime_v1
72536,C_7945,2009,2010,0.000367339904187,0,0,0.07,0.0378263480961,2026-09-08T22:18:35.604489+00:00,study3b_fifo_runtime_v1
72543,C_7947,2009,2010,0.000452649866929,0,0,0.07,0.0378263480961,2026-09-08T22:18:35.604489+00:00,study3b_fifo_runtime_v1
72553,C_7950,2009,2010,0.00015177403111,0,0,0.07,0.0378263480961,2026-09-08T22:18:35.604489+00:00,study3b_fifo_runtime_v1
72563,C_7951,2009,2010,0.0640682056546,0,1,0.07,0.0378263480961,2026-09-08T22:18:35.604489+00:00,study3b_fifo_runtime_v1
72576,C_7953,2009,2010,0.00177134142723,0,0,0.07,0.0378263480961,2026-09-08T22:18:35.604489+00:00,study3b_fifo_runtime_v1
72589,C_7954,2009,2010,1.90509817912e-05,0,0,0.07,0.0378263480961,2026-09-08T22:18:35.604489+00:00,study3b_fifo_runtime_v1
72601,C_7955,2009,2010,0.00099706184119,0,0,0.07,0.0378263480961,2026-09-08T22:18:35.604489+00:00,study3b_fifo_runtime_v1
72610,C_7956,2009,2010,0.000593147182371,0,0,0.07,0.0378263480961,2026-09-08T22:18:35.604489+00:00,study3b_fifo_runtime_v1
72614,C_7957,2009,2010,5.78570734433e-06,0,0,0.07,0.0378263480961,2026-09-08T22:18:35.604489+00:00,study3b_fifo_runtime_v1
72629,C_7960,2009,2010,8.82251115399e-05,0,0,0.07,0.0378263480961,2026-09-08T22:18:35.604489+00:00,study3b_fifo_runtime_v1
72641,C_7961,2009,2010,0.000785330077633,0,0,0.07,0.0378263480961,2026-09-08T22:18:35.604489+00:00,study3b_fifo_runtime_v1
72651,C_7964,2009,2010,0.000105503182567,0,0,0.07,0.0378263480961,2026-09-08T22:18:35.604489+00:00,study3b_fifo_runtime_v1
72658,C_7965,2009,2010,8.97327190614e-05,0,0,0.07,0.0378263480961,2026-09-08T22:18:35.604489+00:00,study3b_fifo_runtime_v1
72662,C_7966,2009,2010,0.000190370556084,0,0,0.07,0.0378263480961,2026-09-08T22:18:35.604489+00:00,study3b_fifo_runtime_v1
72670,C_7968,2009,2010,0.000397751806304,0,0,0.07,0.0378263480961,2026-09-08T22:18:35.604489+00:00,study3b_fifo_runtime_v1
72682,C_7970,2009,2010,2.83133613266e-06,0,0,0.07,0.0378263480961,2026-09-08T22:18:35.604489+00:00,study3b_fifo_runtime_v1
72690,C_7971,2009,2010,0.000559780804906,0,0,0.07,0.0378263480961,2026-09-08T22:18:35.604489+00:00,study3b_fifo_runtime_v1
72704,C_7973,2009,2010,0.000334662705427,0,0,0.07,0.0378263480961,2026-09-08T22:18:35.604489+00:00,study3b_fifo_runtime_v1
72716,C_7974,2009,2010,0.000200407128432,0,0,0.07,0.0378263480961,2026-09-08T22:18:35.604489+00:00,study3b_fifo_runtime_v1
72729,C_7975,2009,2010,3.30383627443e-05,0,0,0.07,0.0378263480961,2026-09-08T22:18:35.604489+00:00,study3b_fifo_runtime_v1
72732,C_7976,2009,2010,0.00279824691825,0,0,0.07,0.0378263480961,2026-09-08T22:18:35.604489+00:00,study3b_fifo_runtime_v1
72738,C_7977,2009,2010,0.000177072710358,0,0,0.07,0.0378263480961,2026-09-08T22:18:35.604489+00:00,study3b_fifo_runtime_v1
72751,C_7978,2009,2010,0.000476904446259,0,0,0.07,0.0378263480961,2026-09-08T22:18:35.604489+00:00,study3b_fifo_runtime_v1
72763,C_7979,2009,2010,0.0010931774741,0,0,0.07,0.0378263480961,2026-09-08T22:18:35.604489+00:00,study3b_fifo_runtime_v1
72778,C_7984,2009,2010,3.15417419188e-05,0,0,0.07,0.0378263480961,2026-09-08T22:18:35.604489+00:00,study3b_fifo_runtime_v1
72799,C_7986,2009,2010,9.88047904684e-05,0,0,0.07,0.0378263480961,2026-09-08T22:18:35.604489+00:00,study3b_fifo_runtime_v1
72812,C_7987,2009,2010,0.0082360515371,0,0,0.07,0.0378263480961,2026-09-08T22:18:35.604489+00:00,study3b_fifo_runtime_v1
72834,C_7990,2009,2010,0.000312912248774,0,0,0.07,0.0378263480961,2026-09-08T22:18:35.604489+00:00,study3b_fifo_runtime_v1
72845,C_7991,2009,2010,0.000597269798163,0,0,0.07,0.0378263480961,2026-09-08T22:18:35.604489+00:00,study3b_fifo_runtime_v1
72864,C_7994,2009,2010,0.000838478270452,0,0,0.07,0.0378263480961,2026-09-08T22:18:35.604489+00:00,study3b_fifo_runtime_v1
72875,C_7995,2009,2010,0.000895779056009,0,0,0.07,0.0378263480961,2026-09-08T22:18:35.604489+00:00,study3b_fifo_runtime_v1
72888,C_7996,2009,2010,0.000208697631024,0,0,0.07,0.0378263480961,2026-09-08T22:18:35.604489+00:00,study3b_fifo_runtime_v1
72898,C_7997,2009,2010,0.0040668589063,0,0,0.07,0.0378263480961,2026-09-08T22:18:35.604489+00:00,study3b_fifo_runtime_v1
72910,C_8000,2009,2010,9.35179104999e-06,0,0,0.07,0.0378263480961,2026-09-08T22:18:35.604489+00:00,study3b_fifo_runtime_v1
72912,C_8001,2009,2010,7.31068066671e-05,0,0,0.07,0.0378263480961,2026-09-08T22:18:35.604489+00:00,study3b_fifo_runtime_v1
72916,C_8002,2009,2010,0.309632092714,1,1,0.07,0.0378263480961,2026-09-08T22:18:35.604489+00:00,study3b_fifo_runtime_v1
72922,C_8003,2009,2010,0.000261175329797,0,0,0.07,0.0378263480961,2026-09-08T22:18:35.604489+00:00,study3b_fifo_runtime_v1
72932,C_8004,2009,2010,5.89585106354e-05,0,0,0.07,0.0378263480961,2026-09-08T22:18:35.604489+00:00,study3b_fifo_runtime_v1
72944,C_8006,2009,2010,0.00135357771069,0,0,0.07,0.0378263480961,2026-09-08T22:18:35.604489+00:00,study3b_fifo_runtime_v1
72950,C_8007,2009,2010,3.77139695047e-05,0,0,0.07,0.0378263480961,2026-09-08T22:18:35.604489+00:00,study3b_fifo_runtime_v1
72954,C_8008,2009,2010,0.000186356672202,0,0,0.07,0.0378263480961,2026-09-08T22:18:35.604489+00:00,study3b_fifo_runtime_v1
72968,C_8010,2009,2010,0.00172639125958,0,0,0.07,0.0378263480961,2026-09-08T22:18:35.604489+00:00,study3b_fifo_runtime_v1
72978,C_8011,2009,2010,0.000568846298847,0,0,0.07,0.0378263480961,2026-09-08T22:18:35.604489+00:00,study3b_fifo_runtime_v1
72990,C_8013,2009,2010,0.000125089965877,0,0,0.07,0.0378263480961,2026-09-08T22:18:35.604489+00:00,study3b_fifo_runtime_v1
72994,C_8014,2009,2010,2.83955450868e-05,0,0,0.07,0.0378263480961,2026-09-08T22:18:35.604489+00:00,study3b_fifo_runtime_v1
73007,C_8015,2009,2010,9.72378766164e-05,0,0,0.07,0.0378263480961,2026-09-08T22:18:35.604489+00:00,study3b_fifo_runtime_v1
73020,C_8016,2009,2010,0.00164834363386,0,0,0.07,0.0378263480961,2026-09-08T22:18:35.604489+00:00,study3b_fifo_runtime_v1
73033,C_8017,2009,2010,0.0079166488722,0,0,0.07,0.0378263480961,2026-09-08T22:18:35.604489+00:00,study3b_fifo_runtime_v1
73034,C_8018,2009,2010,0.000831532292068,0,0,0.07,0.0378263480961,2026-09-08T22:18:35.604489+00:00,study3b_fifo_runtime_v1
73042,C_8019,2009,2010,0.000150443243911,0,0,0.07,0.0378263480961,2026-09-08T22:18:35.604489+00:00,study3b_fifo_runtime_v1
73047,C_8020,2009,2010,4.04918064305e-05,0,0,0.07,0.0378263480961,2026-09-08T22:18:35.604489+00:00,study3b_fifo_runtime_v1
73060,C_8021,2009,2010,0.00774343544617,0,0,0.07,0.0378263480961,2026-09-08T22:18:35.604489+00:00,study3b_fifo_runtime_v1
73075,C_8023,2009,2010,0.00180792098399,0,0,0.07,0.0378263480961,2026-09-08T22:18:35.604489+00:00,study3b_fifo_runtime_v1
73089,C_8026,2009,2010,2.88613114208e-06,0,0,0.07,0.0378263480961,2026-09-08T22:18:35.604489+00:00,study3b_fifo_runtime_v1
73123,C_8030,2009,2010,0.000103757549368,0,0,0.07,0.0378263480961,2026-09-08T22:18:35.604489+00:00,study3b_fifo_runtime_v1
73129,C_8031,2009,2010,0.000134977148264,0,0,0.07,0.0378263480961,2026-09-08T22:18:35.604489+00:00,study3b_fifo_runtime_v1
73137,C_8032,2009,2010,8.78046921571e-05,0,0,0.07,0.0378263480961,2026-09-08T22:18:35.604489+00:00,study3b_fifo_runtime_v1
73145,C_8033,2009,2010,0.00013891288836,0,0,0.07,0.0378263480961,2026-09-08T22:18:35.604489+00:00,study3b_fifo_runtime_v1
73149,C_8034,2009,2010,0.000414884532802,0,0,0.07,0.0378263480961,2026-09-08T22:18:35.604489+00:00,study3b_fifo_runtime_v1
73162,C_8035,2009,2010,0.00060781132197,0,0,0.07,0.0378263480961,2026-09-08T22:18:35.604489+00:00,study3b_fifo_runtime_v1
73174,C_8036,2009,2010,0.00231747562066,0,0,0.07,0.0378263480961,2026-09-08T22:18:35.604489+00:00,study3b_fifo_runtime_v1
73194,C_8038,2009,2010,7.3760842497e-05,0,0,0.07,0.0378263480961,2026-09-08T22:18:35.604489+00:00,study3b_fifo_runtime_v1
73201,C_8039,2009,2010,9.76333176368e-05,0,0,0.07,0.0378263480961,2026-09-08T22:18:35.604489+00:00,study3b_fifo_runtime_v1
73204,C_8040,2009,2010,0.00132880115416,0,0,0.07,0.0378263480961,2026-09-08T22:18:35.604489+00:00,study3b_fifo_runtime_v1
73214,C_8041,2009,2010,0.000294639408821,0,0,0.07,0.0378263480961,2026-09-08T22:18:35.604489+00:00,study3b_fifo_runtime_v1
73219,C_8042,2009,2010,0.00112813862506,0,0,0.07,0.0378263480961,2026-09-08T22:18:35.604489+00:00,study3b_fifo_runtime_v1
73230,C_8044,2009,2010,0.000119656382594,0,0,0.07,0.0378263480961,2026-09-08T22:18:35.604489+00:00,study3b_fifo_runtime_v1
73249,C_8046,2009,2010,8.05844101706e-05,0,0,0.07,0.0378263480961,2026-09-08T22:18:35.604489+00:00,study3b_fifo_runtime_v1
73252,C_8047,2009,2010,0.00345817324705,0,0,0.07,0.0378263480961,2026-09-08T22:18:35.604489+00:00,study3b_fifo_runtime_v1
73257,C_8048,2009,2010,0.000276460632449,0,0,0.07,0.0378263480961,2026-09-08T22:18:35.604489+00:00,study3b_fifo_runtime_v1
73269,C_8049,2009,2010,0.000332426978275,0,0,0.07,0.0378263480961,2026-09-08T22:18:35.604489+00:00,study3b_fifo_runtime_v1
73281,C_8050,2009,2010,7.28475206415e-05,0,0,0.07,0.0378263480961,2026-09-08T22:18:35.604489+00:00,study3b_fifo_runtime_v1
73290,C_8051,2009,2010,0.000636794022284,0,0,0.07,0.0378263480961,2026-09-08T22:18:35.604489+00:00,study3b_fifo_runtime_v1
73302,C_8052,2009,2010,0.000218407672946,0,0,0.07,0.0378263480961,2026-09-08T22:18:35.604489+00:00,study3b_fifo_runtime_v1
73312,C_8054,2009,2010,0.000130712127429,0,0,0.07,0.0378263480961,2026-09-08T22:18:35.604489+00:00,study3b_fifo_runtime_v1
73313,C_8055,2009,2010,0.000168007230968,0,0,0.07,0.0378263480961,2026-09-08T22:18:35.604489+00:00,study3b_fifo_runtime_v1
73323,C_8056,2009,2010,8.08099939604e-05,0,0,0.07,0.0378263480961,2026-09-08T22:18:35.604489+00:00,study3b_fifo_runtime_v1
73341,C_8058,2009,2010,3.95105635107e-05,0,0,0.07,0.0378263480961,2026-09-08T22:18:35.604489+00:00,study3b_fifo_runtime_v1
73348,C_8059,2009,2010,0.00197334890254,0,0,0.07,0.0378263480961,2026-09-08T22:18:35.604489+00:00,study3b_fifo_runtime_v1
73353,C_8060,2009,2010,0.000182216797839,0,0,0.07,0.0378263480961,2026-09-08T22:18:35.604489+00:00,study3b_fifo_runtime_v1
73364,C_8061,2009,2010,0.00119584461208,0,0,0.07,0.0378263480961,2026-09-08T22:18:35.604489+00:00,study3b_fifo_runtime_v1
73376,C_8062,2009,2010,1.43479819599e-05,0,0,0.07,0.0378263480961,2026-09-08T22:18:35.604489+00:00,study3b_fifo_runtime_v1
73388,C_8063,2009,2010,2.67416544375e-05,0,0,0.07,0.0378263480961,2026-09-08T22:18:35.604489+00:00,study3b_fifo_runtime_v1
73401,C_8065,2009,2010,0.0012392179342,0,0,0.07,0.0378263480961,2026-09-08T22:18:35.604489+00:00,study3b_fifo_runtime_v1
73409,C_8066,2009,2010,0.000332014489686,0,0,0.07,0.0378263480961,2026-09-08T22:18:35.604489+00:00,study3b_fifo_runtime_v1
73422,C_8068,2009,2010,0.000133605717565,0,0,0.07,0.0378263480961,2026-09-08T22:18:35.604489+00:00,study3b_fifo_runtime_v1
73425,C_8069,2009,2010,0.00012824665464,0,0,0.07,0.0378263480961,2026-09-08T22:18:35.604489+00:00,study3b_fifo_runtime_v1
73437,C_8070,2009,2010,0.108657054603,1,1,0.07,0.0378263480961,2026-09-08T22:18:35.604489+00:00,study3b_fifo_runtime_v1
73438,C_8071,2009,2010,0.000310235336656,0,0,0.07,0.0378263480961,2026-09-08T22:18:35.604489+00:00,study3b_fifo_runtime_v1
73446,C_8072,2009,2010,9.72420966718e-05,0,0,0.07,0.0378263480961,2026-09-08T22:18:35.604489+00:00,study3b_fifo_runtime_v1
73465,C_8076,2009,2010,0.00235860585235,0,0,0.07,0.0378263480961,2026-09-08T22:18:35.604489+00:00,study3b_fifo_runtime_v1
73477,C_8077,2009,2010,0.000746929144952,0,0,0.07,0.0378263480961,2026-09-08T22:18:35.604489+00:00,study3b_fifo_runtime_v1
73489,C_8078,2009,2010,0.0021267333068,0,0,0.07,0.0378263480961,2026-09-08T22:18:35.604489+00:00,study3b_fifo_runtime_v1
73497,C_8079,2009,2010,0.00100270204712,0,0,0.07,0.0378263480961,2026-09-08T22:18:35.604489+00:00,study3b_fifo_runtime_v1
73509,C_8080,2009,2010,0.00021913315868,0,0,0.07,0.0378263480961,2026-09-08T22:18:35.604489+00:00,study3b_fifo_runtime_v1
73522,C_8082,2009,2010,9.1578993306e-05,0,0,0.07,0.0378263480961,2026-09-08T22:18:35.604489+00:00,study3b_fifo_runtime_v1
73532,C_8083,2009,2010,0.14440408349,1,1,0.07,0.0378263480961,2026-09-08T22:18:35.604489+00:00,study3b_fifo_runtime_v1
73535,C_8084,2009,2010,1.57052909344e-05,0,0,0.07,0.0378263480961,2026-09-08T22:18:35.604489+00:00,study3b_fifo_runtime_v1
73539,C_8085,2009,2010,0.00043407161138,0,0,0.07,0.0378263480961,2026-09-08T22:18:35.604489+00:00,study3b_fifo_runtime_v1
73554,C_8087,2009,2010,0.000408030842664,0,0,0.07,0.0378263480961,2026-09-08T22:18:35.604489+00:00,study3b_fifo_runtime_v1
73564,C_8088,2009,2010,5.7040280808e-05,0,0,0.07,0.0378263480961,2026-09-08T22:18:35.604489+00:00,study3b_fifo_runtime_v1
73576,C_8089,2009,2010,0.0119226211682,0,0,0.07,0.0378263480961,2026-09-08T22:18:35.604489+00:00,study3b_fifo_runtime_v1
73583,C_8090,2009,2010,0.000206228112802,0,0,0.07,0.0378263480961,2026-09-08T22:18:35.604489+00:00,study3b_fifo_runtime_v1
73586,C_8091,2009,2010,0.000113125039206,0,0,0.07,0.0378263480961,2026-09-08T22:18:35.604489+00:00,study3b_fifo_runtime_v1
73595,C_8092,2009,2010,9.49799505179e-05,0,0,0.07,0.0378263480961,2026-09-08T22:18:35.604489+00:00,study3b_fifo_runtime_v1
73605,C_8093,2009,2010,0.00142804381903,0,0,0.07,0.0378263480961,2026-09-08T22:18:35.604489+00:00,study3b_fifo_runtime_v1
73610,C_8094,2009,2010,0.0014799394412,0,0,0.07,0.0378263480961,2026-09-08T22:18:35.604489+00:00,study3b_fifo_runtime_v1
73617,C_8095,2009,2010,0.00133242318407,0,0,0.07,0.0378263480961,2026-09-08T22:18:35.604489+00:00,study3b_fifo_runtime_v1
73623,C_8096,2009,2010,8.66420814418e-05,0,0,0.07,0.0378263480961,2026-09-08T22:18:35.604489+00:00,study3b_fifo_runtime_v1
73634,C_8097,2009,2010,5.31238947588e-05,0,0,0.07,0.0378263480961,2026-09-08T22:18:35.604489+00:00,study3b_fifo_runtime_v1
73646,C_8098,2009,2010,0.000151438332978,0,0,0.07,0.0378263480961,2026-09-08T22:18:35.604489+00:00,study3b_fifo_runtime_v1
73658,C_8099,2009,2010,7.58690803195e-05,0,0,0.07,0.0378263480961,2026-09-08T22:18:35.604489+00:00,study3b_fifo_runtime_v1
73668,C_8100,2009,2010,0.00136786850635,0,0,0.07,0.0378263480961,2026-09-08T22:18:35.604489+00:00,study3b_fifo_runtime_v1
73673,C_8101,2009,2010,6.62409956931e-06,0,0,0.07,0.0378263480961,2026-09-08T22:18:35.604489+00:00,study3b_fifo_runtime_v1
73685,C_8102,2009,2010,0.000154909605044,0,0,0.07,0.0378263480961,2026-09-08T22:18:35.604489+00:00,study3b_fifo_runtime_v1
73688,C_8103,2009,2010,2.67746454483e-05,0,0,0.07,0.0378263480961,2026-09-08T22:18:35.604489+00:00,study3b_fifo_runtime_v1
73711,C_8107,2009,2010,8.65785623319e-05,0,0,0.07,0.0378263480961,2026-09-08T22:18:35.604489+00:00,study3b_fifo_runtime_v1
73718,C_8109,2009,2010,0.000410648965044,0,0,0.07,0.0378263480961,2026-09-08T22:18:35.604489+00:00,study3b_fifo_runtime_v1
73728,C_8110,2009,2010,0.00217028311454,0,0,0.07,0.0378263480961,2026-09-08T22:18:35.604489+00:00,study3b_fifo_runtime_v1
73740,C_8111,2009,2010,0.000115739305329,0,0,0.07,0.0378263480961,2026-09-08T22:18:35.604489+00:00,study3b_fifo_runtime_v1
73752,C_8112,2009,2010,0.000153092682012,0,0,0.07,0.0378263480961,2026-09-08T22:18:35.604489+00:00,study3b_fifo_runtime_v1
73764,C_8113,2009,2010,0.00142379896715,0,0,0.07,0.0378263480961,2026-09-08T22:18:35.604489+00:00,study3b_fifo_runtime_v1
73774,C_8114,2009,2010,0.00444530183449,0,0,0.07,0.0378263480961,2026-09-08T22:18:35.604489+00:00,study3b_fifo_runtime_v1
73786,C_8115,2009,2010,2.03804884222e-05,0,0,0.07,0.0378263480961,2026-09-08T22:18:35.604489+00:00,study3b_fifo_runtime_v1
73794,C_8116,2009,2010,0.000697107927408,0,0,0.07,0.0378263480961,2026-09-08T22:18:35.604489+00:00,study3b_fifo_runtime_v1
73812,C_8118,2009,2010,0.000729412538931,0,0,0.07,0.0378263480961,2026-09-08T22:18:35.604489+00:00,study3b_fifo_runtime_v1
73819,C_8120,2009,2010,5.54518810532e-05,0,0,0.07,0.0378263480961,2026-09-08T22:18:35.604489+00:00,study3b_fifo_runtime_v1
73831,C_8121,2009,2010,0.000144697158248,0,0,0.07,0.0378263480961,2026-09-08T22:18:35.604489+00:00,study3b_fifo_runtime_v1
73843,C_8124,2009,2010,0.000111942506919,0,0,0.07,0.0378263480961,2026-09-08T22:18:35.604489+00:00,study3b_fifo_runtime_v1
73862,C_8126,2009,2010,0.00178968533874,0,0,0.07,0.0378263480961,2026-09-08T22:18:35.604489+00:00,study3b_fifo_runtime_v1
73870,C_8127,2009,2010,1.19072210509e-05,0,0,0.07,0.0378263480961,2026-09-08T22:18:35.604489+00:00,study3b_fifo_runtime_v1
73879,C_8128,2009,2010,0.000221132766455,0,0,0.07,0.0378263480961,2026-09-08T22:18:35.604489+00:00,study3b_fifo_runtime_v1
73889,C_8129,2009,2010,0.000835640181322,0,0,0.07,0.0378263480961,2026-09-08T22:18:35.604489+00:00,study3b_fifo_runtime_v1
73896,C_8131,2009,2010,7.47238955228e-05,0,0,0.07,0.0378263480961,2026-09-08T22:18:35.604489+00:00,study3b_fifo_runtime_v1
73900,C_8132,2009,2010,4.00583121518e-05,0,0,0.07,0.0378263480961,2026-09-08T22:18:35.604489+00:00,study3b_fifo_runtime_v1
73907,C_8133,2009,2010,0.000373975461116,0,0,0.07,0.0378263480961,2026-09-08T22:18:35.604489+00:00,study3b_fifo_runtime_v1
73915,C_8134,2009,2010,0.00244819233194,0,0,0.07,0.0378263480961,2026-09-08T22:18:35.604489+00:00,study3b_fifo_runtime_v1
73926,C_8135,2009,2010,0.000864054483827,0,0,0.07,0.0378263480961,2026-09-08T22:18:35.604489+00:00,study3b_fifo_runtime_v1
73938,C_8137,2009,2010,0.00203375006095,0,0,0.07,0.0378263480961,2026-09-08T22:18:35.604489+00:00,study3b_fifo_runtime_v1
73942,C_8138,2009,2010,5.50870026927e-06,0,0,0.07,0.0378263480961,2026-09-08T22:18:35.604489+00:00,study3b_fifo_runtime_v1
73952,C_8140,2009,2010,0.000192563398741,0,0,0.07,0.0378263480961,2026-09-08T22:18:35.604489+00:00,study3b_fifo_runtime_v1
73957,C_8141,2009,2010,9.54592815106e-06,0,0,0.07,0.0378263480961,2026-09-08T22:18:35.604489+00:00,study3b_fifo_runtime_v1
73960,C_8142,2009,2010,3.79517259717e-05,0,0,0.07,0.0378263480961,2026-09-08T22:18:35.604489+00:00,study3b_fifo_runtime_v1
73961,C_8143,2009,2010,0.00147961324546,0,0,0.07,0.0378263480961,2026-09-08T22:18:35.604489+00:00,study3b_fifo_runtime_v1
73966,C_8144,2009,2010,0.088202804327,1,1,0.07,0.0378263480961,2026-09-08T22:18:35.604489+00:00,study3b_fifo_runtime_v1
73971,C_8145,2009,2010,8.20304339868e-05,0,0,0.07,0.0378263480961,2026-09-08T22:18:35.604489+00:00,study3b_fifo_runtime_v1
73976,C_8146,2009,2010,0.000118634692626,0,0,0.07,0.0378263480961,2026-09-08T22:18:35.604489+00:00,study3b_fifo_runtime_v1
73980,C_8147,2009,2010,1.4514819668e-05,0,0,0.07,0.0378263480961,2026-09-08T22:18:35.604489+00:00,study3b_fifo_runtime_v1
73994,C_8149,2009,2010,1.26822933453e-05,0,0,0.07,0.0378263480961,2026-09-08T22:18:35.604489+00:00,study3b_fifo_runtime_v1
74004,C_8150,2009,2010,0.00102970178705,0,0,0.07,0.0378263480961,2026-09-08T22:18:35.604489+00:00,study3b_fifo_runtime_v1
74008,C_8151,2009,2010,4.14570740759e-06,0,0,0.07,0.0378263480961,2026-09-08T22:18:35.604489+00:00,study3b_fifo_runtime_v1
74020,C_8152,2009,2010,0.00277337082662,0,0,0.07,0.0378263480961,2026-09-08T22:18:35.604489+00:00,study3b_fifo_runtime_v1
74022,C_8153,2009,2010,0.000606527901255,0,0,0.07,0.0378263480961,2026-09-08T22:18:35.604489+00:00,study3b_fifo_runtime_v1
74025,C_8154,2009,2010,0.000114135815238,0,0,0.07,0.0378263480961,2026-09-08T22:18:35.604489+00:00,study3b_fifo_runtime_v1
74037,C_8155,2009,2010,3.99641903641e-05,0,0,0.07,0.0378263480961,2026-09-08T22:18:35.604489+00:00,study3b_fifo_runtime_v1
74045,C_8157,2009,2010,2.47912589657e-06,0,0,0.07,0.0378263480961,2026-09-08T22:18:35.604489+00:00,study3b_fifo_runtime_v1
74057,C_8158,2009,2010,0.000104302387626,0,0,0.07,0.0378263480961,2026-09-08T22:18:35.604489+00:00,study3b_fifo_runtime_v1
74066,C_8159,2009,2010,0.00155755551532,0,0,0.07,0.0378263480961,2026-09-08T22:18:35.604489+00:00,study3b_fifo_runtime_v1
74077,C_8160,2009,2010,0.00040638120845,0,0,0.07,0.0378263480961,2026-09-08T22:18:35.604489+00:00,study3b_fifo_runtime_v1
74083,C_8161,2009,2010,4.76747845823e-06,0,0,0.07,0.0378263480961,2026-09-08T22:18:35.604489+00:00,study3b_fifo_runtime_v1
74091,C_8162,2009,2010,0.000131218228489,0,0,0.07,0.0378263480961,2026-09-08T22:18:35.604489+00:00,study3b_fifo_runtime_v1
74101,C_8163,2009,2010,7.07811195753e-05,0,0,0.07,0.0378263480961,2026-09-08T22:18:35.604489+00:00,study3b_fifo_runtime_v1
74113,C_8164,2009,2010,8.45293106977e-05,0,0,0.07,0.0378263480961,2026-09-08T22:18:35.604489+00:00,study3b_fifo_runtime_v1
74124,C_8165,2009,2010,8.68829592946e-05,0,0,0.07,0.0378263480961,2026-09-08T22:18:35.604489+00:00,study3b_fifo_runtime_v1
74140,C_8167,2009,2010,0.000363150262274,0,0,0.07,0.0378263480961,2026-09-08T22:18:35.604489+00:00,study3b_fifo_runtime_v1
74158,C_8170,2009,2010,0.00029985877336,0,0,0.07,0.0378263480961,2026-09-08T22:18:35.604489+00:00,study3b_fifo_runtime_v1
74175,C_8172,2009,2010,2.67672348855e-05,0,0,0.07,0.0378263480961,2026-09-08T22:18:35.604489+00:00,study3b_fifo_runtime_v1
74181,C_8173,2009,2010,5.69746589463e-05,0,0,0.07,0.0378263480961,2026-09-08T22:18:35.604489+00:00,study3b_fifo_runtime_v1
74192,C_8174,2009,2010,0.000239459855948,0,0,0.07,0.0378263480961,2026-09-08T22:18:35.604489+00:00,study3b_fifo_runtime_v1
74199,C_8175,2009,2010,4.04981938118e-06,0,0,0.07,0.0378263480961,2026-09-08T22:18:35.604489+00:00,study3b_fifo_runtime_v1
74210,C_8176,2009,2010,0.000355535914423,0,0,0.07,0.0378263480961,2026-09-08T22:18:35.604489+00:00,study3b_fifo_runtime_v1
74213,C_8178,2009,2010,4.47996899311e-05,0,0,0.07,0.0378263480961,2026-09-08T22:18:35.604489+00:00,study3b_fifo_runtime_v1
74216,C_8179,2009,2010,0.00131429126486,0,0,0.07,0.0378263480961,2026-09-08T22:18:35.604489+00:00,study3b_fifo_runtime_v1
74218,C_8180,2009,2010,0.0114727756009,0,0,0.07,0.0378263480961,2026-09-08T22:18:35.604489+00:00,study3b_fifo_runtime_v1
74231,C_8182,2009,2010,0.000106099883851,0,0,0.07,0.0378263480961,2026-09-08T22:18:35.604489+00:00,study3b_fifo_runtime_v1
74243,C_8183,2009,2010,0.000134246714879,0,0,0.07,0.0378263480961,2026-09-08T22:18:35.604489+00:00,study3b_fifo_runtime_v1
74254,C_8184,2009,2010,0.000261339853751,0,0,0.07,0.0378263480961,2026-09-08T22:18:35.604489+00:00,study3b_fifo_runtime_v1
74262,C_8185,2009,2010,0.000195566492039,0,0,0.07,0.0378263480961,2026-09-08T22:18:35.604489+00:00,study3b_fifo_runtime_v1
74274,C_8186,2009,2010,5.86341275266e-06,0,0,0.07,0.0378263480961,2026-09-08T22:18:35.604489+00:00,study3b_fifo_runtime_v1
74295,C_8191,2009,2010,7.52982887207e-05,0,0,0.07,0.0378263480961,2026-09-08T22:18:35.604489+00:00,study3b_fifo_runtime_v1
74305,C_8192,2009,2010,0.000387456064345,0,0,0.07,0.0378263480961,2026-09-08T22:18:35.604489+00:00,study3b_fifo_runtime_v1
74307,C_8193,2009,2010,0.00041125214193,0,0,0.07,0.0378263480961,2026-09-08T22:18:35.604489+00:00,study3b_fifo_runtime_v1
74319,C_8194,2009,2010,0.00152894074563,0,0,0.07,0.0378263480961,2026-09-08T22:18:35.604489+00:00,study3b_fifo_runtime_v1
74327,C_8197,2009,2010,0.000375035451725,0,0,0.07,0.0378263480961,2026-09-08T22:18:35.604489+00:00,study3b_fifo_runtime_v1
74339,C_8199,2009,2010,0.000144424950122,0,0,0.07,0.0378263480961,2026-09-08T22:18:35.604489+00:00,study3b_fifo_runtime_v1
74350,C_8200,2009,2010,0.000212607206777,0,0,0.07,0.0378263480961,2026-09-08T22:18:35.604489+00:00,study3b_fifo_runtime_v1
74354,C_8201,2009,2010,0.000339980790159,0,0,0.07,0.0378263480961,2026-09-08T22:18:35.604489+00:00,study3b_fifo_runtime_v1
74366,C_8202,2009,2010,0.00135224533733,0,0,0.07,0.0378263480961,2026-09-08T22:18:35.604489+00:00,study3b_fifo_runtime_v1
74374,C_8203,2009,2010,6.88142099534e-05,0,0,0.07,0.0378263480961,2026-09-08T22:18:35.604489+00:00,study3b_fifo_runtime_v1
74386,C_8204,2009,2010,0.000244750728598,0,0,0.07,0.0378263480961,2026-09-08T22:18:35.604489+00:00,study3b_fifo_runtime_v1
74398,C_8205,2009,2010,0.000441200943897,0,0,0.07,0.0378263480961,2026-09-08T22:18:35.604489+00:00,study3b_fifo_runtime_v1
74403,C_8207,2009,2010,0.000142589924508,0,0,0.07,0.0378263480961,2026-09-08T22:18:35.604489+00:00,study3b_fifo_runtime_v1
74411,C_8208,2009,2010,0.0396284125745,0,1,0.07,0.0378263480961,2026-09-08T22:18:35.604489+00:00,study3b_fifo_runtime_v1
74423,C_8209,2009,2010,1.54866520461e-05,0,0,0.07,0.0378263480961,2026-09-08T22:18:35.604489+00:00,study3b_fifo_runtime_v1
74433,C_8210,2009,2010,0.000131691704155,0,0,0.07,0.0378263480961,2026-09-08T22:18:35.604489+00:00,study3b_fifo_runtime_v1
74436,C_8211,2009,2010,0.000273654906778,0,0,0.07,0.0378263480961,2026-09-08T22:18:35.604489+00:00,study3b_fifo_runtime_v1
74443,C_8212,2009,2010,0.119192235172,1,1,0.07,0.0378263480961,2026-09-08T22:18:35.604489+00:00,study3b_fifo_runtime_v1
74446,C_8213,2009,2010,2.17640463234e-05,0,0,0.07,0.0378263480961,2026-09-08T22:18:35.604489+00:00,study3b_fifo_runtime_v1
74452,C_8216,2009,2010,7.55998989916e-05,0,0,0.07,0.0378263480961,2026-09-08T22:18:35.604489+00:00,study3b_fifo_runtime_v1
74459,C_8218,2009,2010,4.79786540382e-05,0,0,0.07,0.0378263480961,2026-09-08T22:18:35.604489+00:00,study3b_fifo_runtime_v1
74465,C_8219,2009,2010,3.44426662195e-05,0,0,0.07,0.0378263480961,2026-09-08T22:18:35.604489+00:00,study3b_fifo_runtime_v1
74470,C_8220,2009,2010,2.00993872568e-05,0,0,0.07,0.0378263480961,2026-09-08T22:18:35.604489+00:00,study3b_fifo_runtime_v1
74481,C_8221,2009,2010,4.63453070552e-05,0,0,0.07,0.0378263480961,2026-09-08T22:18:35.604489+00:00,study3b_fifo_runtime_v1
74495,C_8223,2009,2010,0.000365633604815,0,0,0.07,0.0378263480961,2026-09-08T22:18:35.604489+00:00,study3b_fifo_runtime_v1
74512,C_8225,2009,2010,0.000142261240399,0,0,0.07,0.0378263480961,2026-09-08T22:18:35.604489+00:00,study3b_fifo_runtime_v1
74524,C_8226,2009,2010,0.000952194735873,0,0,0.07,0.0378263480961,2026-09-08T22:18:35.604489+00:00,study3b_fifo_runtime_v1
74529,C_8228,2009,2010,1.90491537069e-05,0,0,0.07,0.0378263480961,2026-09-08T22:18:35.604489+00:00,study3b_fifo_runtime_v1
74532,C_8229,2009,2010,0.00012101707398,0,0,0.07,0.0378263480961,2026-09-08T22:18:35.604489+00:00,study3b_fifo_runtime_v1
74541,C_8230,2009,2010,3.35912113769e-06,0,0,0.07,0.0378263480961,2026-09-08T22:18:35.604489+00:00,study3b_fifo_runtime_v1
74550,C_8231,2009,2010,1.8418444597e-05,0,0,0.07,0.0378263480961,2026-09-08T22:18:35.604489+00:00,study3b_fifo_runtime_v1
74562,C_8232,2009,2010,9.70125911408e-05,0,0,0.07,0.0378263480961,2026-09-08T22:18:35.604489+00:00,study3b_fifo_runtime_v1
74575,C_8234,2009,2010,0.000288995594019,0,0,0.07,0.0378263480961,2026-09-08T22:18:35.604489+00:00,study3b_fifo_runtime_v1
74578,C_8235,2009,2010,6.53555543977e-05,0,0,0.07,0.0378263480961,2026-09-08T22:18:35.604489+00:00,study3b_fifo_runtime_v1
74590,C_8236,2009,2010,5.65948976146e-05,0,0,0.07,0.0378263480961,2026-09-08T22:18:35.604489+00:00,study3b_fifo_runtime_v1
74593,C_8237,2009,2010,0.000110070184746,0,0,0.07,0.0378263480961,2026-09-08T22:18:35.604489+00:00,study3b_fifo_runtime_v1
74605,C_8238,2009,2010,8.41879518703e-05,0,0,0.07,0.0378263480961,2026-09-08T22:18:35.604489+00:00,study3b_fifo_runtime_v1
74617,C_8241,2009,2010,0.000161478863447,0,0,0.07,0.0378263480961,2026-09-08T22:18:35.604489+00:00,study3b_fifo_runtime_v1
74627,C_8242,2009,2010,0.00461849663407,0,0,0.07,0.0378263480961,2026-09-08T22:18:35.604489+00:00,study3b_fifo_runtime_v1
74632,C_8244,2009,2010,3.52483148163e-05,0,0,0.07,0.0378263480961,2026-09-08T22:18:35.604489+00:00,study3b_fifo_runtime_v1
74644,C_8245,2009,2010,0.000255569029832,0,0,0.07,0.0378263480961,2026-09-08T22:18:35.604489+00:00,study3b_fifo_runtime_v1
74647,C_8246,2009,2010,0.000864850881044,0,0,0.07,0.0378263480961,2026-09-08T22:18:35.604489+00:00,study3b_fifo_runtime_v1
74650,C_8247,2009,2010,0.000195476735826,0,0,0.07,0.0378263480961,2026-09-08T22:18:35.604489+00:00,study3b_fifo_runtime_v1
74672,C_8250,2009,2010,0.000286050635623,0,0,0.07,0.0378263480961,2026-09-08T22:18:35.604489+00:00,study3b_fifo_runtime_v1
74674,C_8251,2009,2010,0.000116254959721,0,0,0.07,0.0378263480961,2026-09-08T22:18:35.604489+00:00,study3b_fifo_runtime_v1
74693,C_8254,2009,2010,0.000273888057563,0,0,0.07,0.0378263480961,2026-09-08T22:18:35.604489+00:00,study3b_fifo_runtime_v1
74703,C_8255,2009,2010,0.000318947626511,0,0,0.07,0.0378263480961,2026-09-08T22:18:35.604489+00:00,study3b_fifo_runtime_v1
74711,C_8256,2009,2010,0.00514836935326,0,0,0.07,0.0378263480961,2026-09-08T22:18:35.604489+00:00,study3b_fifo_runtime_v1
74719,C_8258,2009,2010,0.00092712888727,0,0,0.07,0.0378263480961,2026-09-08T22:18:35.604489+00:00,study3b_fifo_runtime_v1
74730,C_8259,2009,2010,0.00490386830643,0,0,0.07,0.0378263480961,2026-09-08T22:18:35.604489+00:00,study3b_fifo_runtime_v1
74740,C_8260,2009,2010,2.85806399916e-05,0,0,0.07,0.0378263480961,2026-09-08T22:18:35.604489+00:00,study3b_fifo_runtime_v1
74744,C_8261,2009,2010,0.000115402021038,0,0,0.07,0.0378263480961,2026-09-08T22:18:35.604489+00:00,study3b_fifo_runtime_v1
74750,C_8262,2009,2010,0.000174104978214,0,0,0.07,0.0378263480961,2026-09-08T22:18:35.604489+00:00,study3b_fifo_runtime_v1
74755,C_8264,2009,2010,0.00013510552526,0,0,0.07,0.0378263480961,2026-09-08T22:18:35.604489+00:00,study3b_fifo_runtime_v1
74763,C_8265,2009,2010,0.000981450546533,0,0,0.07,0.0378263480961,2026-09-08T22:18:35.604489+00:00,study3b_fifo_runtime_v1
74775,C_8266,2009,2010,2.11659153138e-05,0,0,0.07,0.0378263480961,2026-09-08T22:18:35.604489+00:00,study3b_fifo_runtime_v1
74781,C_8267,2009,2010,5.33750426257e-05,0,0,0.07,0.0378263480961,2026-09-08T22:18:35.604489+00:00,study3b_fifo_runtime_v1
74797,C_8269,2009,2010,2.27599375648e-05,0,0,0.07,0.0378263480961,2026-09-08T22:18:35.604489+00:00,study3b_fifo_runtime_v1
74804,C_8270,2009,2010,0.000149487212184,0,0,0.07,0.0378263480961,2026-09-08T22:18:35.604489+00:00,study3b_fifo_runtime_v1
74816,C_8271,2009,2010,0.000349273410393,0,0,0.07,0.0378263480961,2026-09-08T22:18:35.604489+00:00,study3b_fifo_runtime_v1
74842,C_8275,2009,2010,0.000532321224455,0,0,0.07,0.0378263480961,2026-09-08T22:18:35.604489+00:00,study3b_fifo_runtime_v1
74861,C_8278,2009,2010,0.0510729141533,0,1,0.07,0.0378263480961,2026-09-08T22:18:35.604489+00:00,study3b_fifo_runtime_v1
74867,C_8279,2009,2010,0.000206809505471,0,0,0.07,0.0378263480961,2026-09-08T22:18:35.604489+00:00,study3b_fifo_runtime_v1
74878,C_8280,2009,2010,0.00995228346437,0,0,0.07,0.0378263480961,2026-09-08T22:18:35.604489+00:00,study3b_fifo_runtime_v1
74885,C_8282,2009,2010,0.00697264960036,0,0,0.07,0.0378263480961,2026-09-08T22:18:35.604489+00:00,study3b_fifo_runtime_v1
74889,C_8283,2009,2010,0.000232788224821,0,0,0.07,0.0378263480961,2026-09-08T22:18:35.604489+00:00,study3b_fifo_runtime_v1
74900,C_8284,2009,2010,9.23016432353e-06,0,0,0.07,0.0378263480961,2026-09-08T22:18:35.604489+00:00,study3b_fifo_runtime_v1
74902,C_8285,2009,2010,0.000153779532411,0,0,0.07,0.0378263480961,2026-09-08T22:18:35.604489+00:00,study3b_fifo_runtime_v1
74905,C_8286,2009,2010,0.00149214093108,0,0,0.07,0.0378263480961,2026-09-08T22:18:35.604489+00:00,study3b_fifo_runtime_v1
74916,C_8287,2009,2010,1.66492882272e-05,0,0,0.07,0.0378263480961,2026-09-08T22:18:35.604489+00:00,study3b_fifo_runtime_v1
74926,C_8289,2009,2010,0.0357911884785,0,0,0.07,0.0378263480961,2026-09-08T22:18:35.604489+00:00,study3b_fifo_runtime_v1
74937,C_8292,2009,2010,4.272381193e-05,0,0,0.07,0.0378263480961,2026-09-08T22:18:35.604489+00:00,study3b_fifo_runtime_v1
74939,C_8293,2009,2010,3.81005811505e-05,0,0,0.07,0.0378263480961,2026-09-08T22:18:35.604489+00:00,study3b_fifo_runtime_v1
74945,C_8295,2009,2010,0.00231846282259,0,0,0.07,0.0378263480961,2026-09-08T22:18:35.604489+00:00,study3b_fifo_runtime_v1
74949,C_8296,2009,2010,0.000107817271783,0,0,0.07,0.0378263480961,2026-09-08T22:18:35.604489+00:00,study3b_fifo_runtime_v1
74960,C_8297,2009,2010,0.000205189324333,0,0,0.07,0.0378263480961,2026-09-08T22:18:35.604489+00:00,study3b_fifo_runtime_v1
74974,C_8299,2009,2010,0.000441907526692,0,0,0.07,0.0378263480961,2026-09-08T22:18:35.604489+00:00,study3b_fifo_runtime_v1
74991,C_8301,2009,2010,5.91103707848e-06,0,0,0.07,0.0378263480961,2026-09-08T22:18:35.604489+00:00,study3b_fifo_runtime_v1
75002,C_8302,2009,2010,0.00195716740564,0,0,0.07,0.0378263480961,2026-09-08T22:18:35.604489+00:00,study3b_fifo_runtime_v1
75016,C_8304,2009,2010,5.94025768805e-05,0,0,0.07,0.0378263480961,2026-09-08T22:18:35.604489+00:00,study3b_fifo_runtime_v1
75031,C_8308,2009,2010,0.000138861316373,0,0,0.07,0.0378263480961,2026-09-08T22:18:35.604489+00:00,study3b_fifo_runtime_v1
75035,C_8310,2009,2010,2.29751331062e-05,0,0,0.07,0.0378263480961,2026-09-08T22:18:35.604489+00:00,study3b_fifo_runtime_v1
75055,C_8312,2009,2010,0.00016698834952,0,0,0.07,0.0378263480961,2026-09-08T22:18:35.604489+00:00,study3b_fifo_runtime_v1
75062,C_8313,2009,2010,0.000244790222496,0,0,0.07,0.0378263480961,2026-09-08T22:18:35.604489+00:00,study3b_fifo_runtime_v1
75073,C_8314,2009,2010,7.91098937043e-05,0,0,0.07,0.0378263480961,2026-09-08T22:18:35.604489+00:00,study3b_fifo_runtime_v1
75084,C_8315,2009,2010,0.00105860189069,0,0,0.07,0.0378263480961,2026-09-08T22:18:35.604489+00:00,study3b_fifo_runtime_v1
75094,C_8316,2009,2010,8.97077916306e-06,0,0,0.07,0.0378263480961,2026-09-08T22:18:35.604489+00:00,study3b_fifo_runtime_v1
75104,C_8317,2009,2010,9.22787294257e-05,0,0,0.07,0.0378263480961,2026-09-08T22:18:35.604489+00:00,study3b_fifo_runtime_v1
75117,C_8319,2009,2010,0.000240429144469,0,0,0.07,0.0378263480961,2026-09-08T22:18:35.604489+00:00,study3b_fifo_runtime_v1
75118,C_8320,2009,2010,2.26599731832e-05,0,0,0.07,0.0378263480961,2026-09-08T22:18:35.604489+00:00,study3b_fifo_runtime_v1
75155,C_8326,2009,2010,2.69178799499e-05,0,0,0.07,0.0378263480961,2026-09-08T22:18:35.604489+00:00,study3b_fifo_runtime_v1
75171,C_8329,2009,2010,4.00166063628e-05,0,0,0.07,0.0378263480961,2026-09-08T22:18:35.604489+00:00,study3b_fifo_runtime_v1
75181,C_8330,2009,2010,0.0296939592808,0,0,0.07,0.0378263480961,2026-09-08T22:18:35.604489+00:00,study3b_fifo_runtime_v1
75188,C_8331,2009,2010,0.0067306663841,0,0,0.07,0.0378263480961,2026-09-08T22:18:35.604489+00:00,study3b_fifo_runtime_v1
75194,C_8332,2009,2010,0.000165221325005,0,0,0.07,0.0378263480961,2026-09-08T22:18:35.604489+00:00,study3b_fifo_runtime_v1
75227,C_8336,2009,2010,0.000307113456074,0,0,0.07,0.0378263480961,2026-09-08T22:18:35.604489+00:00,study3b_fifo_runtime_v1
75244,C_8340,2009,2010,9.43020204431e-05,0,0,0.07,0.0378263480961,2026-09-08T22:18:35.604489+00:00,study3b_fifo_runtime_v1
75255,C_8343,2009,2010,0.000468738464406,0,0,0.07,0.0378263480961,2026-09-08T22:18:35.604489+00:00,study3b_fifo_runtime_v1
75273,C_8346,2009,2010,5.29904318682e-05,0,0,0.07,0.0378263480961,2026-09-08T22:18:35.604489+00:00,study3b_fifo_runtime_v1
75284,C_8348,2009,2010,1.28520869112e-05,0,0,0.07,0.0378263480961,2026-09-08T22:18:35.604489+00:00,study3b_fifo_runtime_v1
75295,C_8349,2009,2010,0.000834782316815,0,0,0.07,0.0378263480961,2026-09-08T22:18:35.604489+00:00,study3b_fifo_runtime_v1
75319,C_8352,2009,2010,0.00152793992311,0,0,0.07,0.0378263480961,2026-09-08T22:18:35.604489+00:00,study3b_fifo_runtime_v1
75329,C_8354,2009,2010,0.000162241733051,0,0,0.07,0.0378263480961,2026-09-08T22:18:35.604489+00:00,study3b_fifo_runtime_v1
75338,C_8355,2009,2010,0.000180537288543,0,0,0.07,0.0378263480961,2026-09-08T22:18:35.604489+00:00,study3b_fifo_runtime_v1
75349,C_8356,2009,2010,0.00011037682998,0,0,0.07,0.0378263480961,2026-09-08T22:18:35.604489+00:00,study3b_fifo_runtime_v1
75352,C_8357,2009,2010,5.64951042179e-05,0,0,0.07,0.0378263480961,2026-09-08T22:18:35.604489+00:00,study3b_fifo_runtime_v1
75387,C_8362,2009,2010,8.10845886008e-05,0,0,0.07,0.0378263480961,2026-09-08T22:18:35.604489+00:00,study3b_fifo_runtime_v1
75397,C_8363,2009,2010,0.000341946957633,0,0,0.07,0.0378263480961,2026-09-08T22:18:35.604489+00:00,study3b_fifo_runtime_v1
75406,C_8364,2009,2010,0.0052860355936,0,0,0.07,0.0378263480961,2026-09-08T22:18:35.604489+00:00,study3b_fifo_runtime_v1
75417,C_8365,2009,2010,8.63946406753e-05,0,0,0.07,0.0378263480961,2026-09-08T22:18:35.604489+00:00,study3b_fifo_runtime_v1
75427,C_8366,2009,2010,0.00115299900062,0,0,0.07,0.0378263480961,2026-09-08T22:18:35.604489+00:00,study3b_fifo_runtime_v1
75455,C_8370,2009,2010,2.75007350865e-05,0,0,0.07,0.0378263480961,2026-09-08T22:18:35.604489+00:00,study3b_fifo_runtime_v1
75465,C_8371,2009,2010,0.000119049516798,0,0,0.07,0.0378263480961,2026-09-08T22:18:35.604489+00:00,study3b_fifo_runtime_v1
75475,C_8372,2009,2010,0.000149958839756,0,0,0.07,0.0378263480961,2026-09-08T22:18:35.604489+00:00,study3b_fifo_runtime_v1
75479,C_8373,2009,2010,0.00328561314382,0,0,0.07,0.0378263480961,2026-09-08T22:18:35.604489+00:00,study3b_fifo_runtime_v1
75493,C_8375,2009,2010,0.000304567569401,0,0,0.07,0.0378263480961,2026-09-08T22:18:35.604489+00:00,study3b_fifo_runtime_v1
75511,C_8377,2009,2010,0.00121310807299,0,0,0.07,0.0378263480961,2026-09-08T22:18:35.604489+00:00,study3b_fifo_runtime_v1
75512,C_8378,2009,2010,0.00135684909765,0,0,0.07,0.0378263480961,2026-09-08T22:18:35.604489+00:00,study3b_fifo_runtime_v1
75540,C_8382,2009,2010,0.000222049173317,0,0,0.07,0.0378263480961,2026-09-08T22:18:35.604489+00:00,study3b_fifo_runtime_v1
75550,C_8383,2009,2010,0.00191235134844,0,0,0.07,0.0378263480961,2026-09-08T22:18:35.604489+00:00,study3b_fifo_runtime_v1
75553,C_8385,2009,2010,0.000354759627953,0,0,0.07,0.0378263480961,2026-09-08T22:18:35.604489+00:00,study3b_fifo_runtime_v1
75564,C_8386,2009,2010,1.35855998451e-05,0,0,0.07,0.0378263480961,2026-09-08T22:18:35.604489+00:00,study3b_fifo_runtime_v1
75574,C_8387,2009,2010,0.00170745293144,0,0,0.07,0.0378263480961,2026-09-08T22:18:35.604489+00:00,study3b_fifo_runtime_v1
75592,C_8390,2009,2010,0.000101903337054,0,0,0.07,0.0378263480961,2026-09-08T22:18:35.604489+00:00,study3b_fifo_runtime_v1
75603,C_8391,2009,2010,0.000439035444288,0,0,0.07,0.0378263480961,2026-09-08T22:18:35.604489+00:00,study3b_fifo_runtime_v1
75618,C_8393,2009,2010,0.000244122988079,0,0,0.07,0.0378263480961,2026-09-08T22:18:35.604489+00:00,study3b_fifo_runtime_v1
75630,C_8395,2009,2010,6.73235990689e-06,0,0,0.07,0.0378263480961,2026-09-08T22:18:35.604489+00:00,study3b_fifo_runtime_v1
75632,C_8396,2009,2010,1.25628184833e-05,0,0,0.07,0.0378263480961,2026-09-08T22:18:35.604489+00:00,study3b_fifo_runtime_v1
75650,C_8398,2009,2010,0.000430910702562,0,0,0.07,0.0378263480961,2026-09-08T22:18:35.604489+00:00,study3b_fifo_runtime_v1
75661,C_8399,2009,2010,2.33250320889e-05,0,0,0.07,0.0378263480961,2026-09-08T22:18:35.604489+00:00,study3b_fifo_runtime_v1
75678,C_8401,2009,2010,0.000626557797659,0,0,0.07,0.0378263480961,2026-09-08T22:18:35.604489+00:00,study3b_fifo_runtime_v1
75688,C_8404,2009,2010,0.000405094702728,0,0,0.07,0.0378263480961,2026-09-08T22:18:35.604489+00:00,study3b_fifo_runtime_v1
75693,C_8405,2009,2010,7.54865459385e-06,0,0,0.07,0.0378263480961,2026-09-08T22:18:35.604489+00:00,study3b_fifo_runtime_v1
75703,C_8407,2009,2010,0.0064366068691,0,0,0.07,0.0378263480961,2026-09-08T22:18:35.604489+00:00,study3b_fifo_runtime_v1
75708,C_8408,2009,2010,3.64175102732e-05,0,0,0.07,0.0378263480961,2026-09-08T22:18:35.604489+00:00,study3b_fifo_runtime_v1
75733,C_8412,2009,2010,0.00152501522098,0,0,0.07,0.0378263480961,2026-09-08T22:18:35.604489+00:00,study3b_fifo_runtime_v1
75742,C_8413,2009,2010,0.000360483303666,0,0,0.07,0.0378263480961,2026-09-08T22:18:35.604489+00:00,study3b_fifo_runtime_v1
75758,C_8418,2009,2010,1.8566943254e-05,0,0,0.07,0.0378263480961,2026-09-08T22:18:35.604489+00:00,study3b_fifo_runtime_v1
75769,C_8420,2009,2010,2.10871658055e-05,0,0,0.07,0.0378263480961,2026-09-08T22:18:35.604489+00:00,study3b_fifo_runtime_v1
75776,C_8422,2009,2010,0.000159571834956,0,0,0.07,0.0378263480961,2026-09-08T22:18:35.604489+00:00,study3b_fifo_runtime_v1
75800,C_8427,2009,2010,0.000599065097049,0,0,0.07,0.0378263480961,2026-09-08T22:18:35.604489+00:00,study3b_fifo_runtime_v1
75807,C_8429,2009,2010,0.00088876276277,0,0,0.07,0.0378263480961,2026-09-08T22:18:35.604489+00:00,study3b_fifo_runtime_v1
75811,C_8430,2009,2010,0.000494859181345,0,0,0.07,0.0378263480961,2026-09-08T22:18:35.604489+00:00,study3b_fifo_runtime_v1
75826,C_8432,2009,2010,0.000109702210466,0,0,0.07,0.0378263480961,2026-09-08T22:18:35.604489+00:00,study3b_fifo_runtime_v1
75844,C_8437,2009,2010,8.12269936432e-05,0,0,0.07,0.0378263480961,2026-09-08T22:18:35.604489+00:00,study3b_fifo_runtime_v1
75852,C_8438,2009,2010,0.000210398909985,0,0,0.07,0.0378263480961,2026-09-08T22:18:35.604489+00:00,study3b_fifo_runtime_v1
75854,C_8439,2009,2010,0.00220743264072,0,0,0.07,0.0378263480961,2026-09-08T22:18:35.604489+00:00,study3b_fifo_runtime_v1
75855,C_8440,2009,2010,0.00141623208765,0,0,0.07,0.0378263480961,2026-09-08T22:18:35.604489+00:00,study3b_fifo_runtime_v1
75864,C_8444,2009,2010,0.000209160483791,0,0,0.07,0.0378263480961,2026-09-08T22:18:35.604489+00:00,study3b_fifo_runtime_v1
75876,C_8445,2009,2010,9.68881795416e-06,0,0,0.07,0.0378263480961,2026-09-08T22:18:35.604489+00:00,study3b_fifo_runtime_v1
75881,C_8448,2009,2010,5.30025827175e-05,0,0,0.07,0.0378263480961,2026-09-08T22:18:35.604489+00:00,study3b_fifo_runtime_v1
75891,C_8449,2009,2010,8.47563132993e-05,0,0,0.07,0.0378263480961,2026-09-08T22:18:35.604489+00:00,study3b_fifo_runtime_v1
75898,C_8451,2009,2010,0.000431866705185,0,0,0.07,0.0378263480961,2026-09-08T22:18:35.604489+00:00,study3b_fifo_runtime_v1
75918,C_8454,2009,2010,3.27164525515e-05,0,0,0.07,0.0378263480961,2026-09-08T22:18:35.604489+00:00,study3b_fifo_runtime_v1
75936,C_8456,2009,2010,7.40241957828e-05,0,0,0.07,0.0378263480961,2026-09-08T22:18:35.604489+00:00,study3b_fifo_runtime_v1
75939,C_8457,2009,2010,0.000214717307244,0,0,0.07,0.0378263480961,2026-09-08T22:18:35.604489+00:00,study3b_fifo_runtime_v1
75942,C_8458,2009,2010,0.0492888204753,0,1,0.07,0.0378263480961,2026-09-08T22:18:35.604489+00:00,study3b_fifo_runtime_v1
75952,C_8459,2009,2010,7.36963484087e-05,0,0,0.07,0.0378263480961,2026-09-08T22:18:35.604489+00:00,study3b_fifo_runtime_v1
75962,C_8460,2009,2010,7.51810439397e-05,0,0,0.07,0.0378263480961,2026-09-08T22:18:35.604489+00:00,study3b_fifo_runtime_v1
75964,C_8461,2009,2010,0.0367590151727,0,0,0.07,0.0378263480961,2026-09-08T22:18:35.604489+00:00,study3b_fifo_runtime_v1
75976,C_8463,2009,2010,0.000615552125964,0,0,0.07,0.0378263480961,2026-09-08T22:18:35.604489+00:00,study3b_fifo_runtime_v1
76001,C_8469,2009,2010,0.00111406005453,0,0,0.07,0.0378263480961,2026-09-08T22:18:35.604489+00:00,study3b_fifo_runtime_v1
76006,C_8470,2009,2010,0.300476908684,1,1,0.07,0.0378263480961,2026-09-08T22:18:35.604489+00:00,study3b_fifo_runtime_v1
76016,C_8471,2009,2010,3.52071765519e-05,0,0,0.07,0.0378263480961,2026-09-08T22:18:35.604489+00:00,study3b_fifo_runtime_v1
76019,C_8472,2009,2010,5.74917794438e-05,0,0,0.07,0.0378263480961,2026-09-08T22:18:35.604489+00:00,study3b_fifo_runtime_v1
76021,C_8473,2009,2010,0.00143194419798,0,0,0.07,0.0378263480961,2026-09-08T22:18:35.604489+00:00,study3b_fifo_runtime_v1
76034,C_8476,2009,2010,0.000261156004854,0,0,0.07,0.0378263480961,2026-09-08T22:18:35.604489+00:00,study3b_fifo_runtime_v1
76038,C_8477,2009,2010,8.88167633093e-05,0,0,0.07,0.0378263480961,2026-09-08T22:18:35.604489+00:00,study3b_fifo_runtime_v1
76057,C_8479,2009,2010,1.78537138709e-05,0,0,0.07,0.0378263480961,2026-09-08T22:18:35.604489+00:00,study3b_fifo_runtime_v1
76070,C_8481,2009,2010,7.77641071181e-06,0,0,0.07,0.0378263480961,2026-09-08T22:18:35.604489+00:00,study3b_fifo_runtime_v1
76087,C_8483,2009,2010,0.000174063432496,0,0,0.07,0.0378263480961,2026-09-08T22:18:35.604489+00:00,study3b_fifo_runtime_v1
76099,C_8485,2009,2010,0.00334696727805,0,0,0.07,0.0378263480961,2026-09-08T22:18:35.604489+00:00,study3b_fifo_runtime_v1
76109,C_8486,2009,2010,3.3009910112e-06,0,0,0.07,0.0378263480961,2026-09-08T22:18:35.604489+00:00,study3b_fifo_runtime_v1
76117,C_8489,2009,2010,0.0193483177572,0,0,0.07,0.0378263480961,2026-09-08T22:18:35.604489+00:00,study3b_fifo_runtime_v1
76139,C_8493,2009,2010,0.00556143932045,0,0,0.07,0.0378263480961,2026-09-08T22:18:35.604489+00:00,study3b_fifo_runtime_v1
76140,C_8494,2009,2010,0.000378496857593,0,0,0.07,0.0378263480961,2026-09-08T22:18:35.604489+00:00,study3b_fifo_runtime_v1
76149,C_8495,2009,2010,0.000543263915461,0,0,0.07,0.0378263480961,2026-09-08T22:18:35.604489+00:00,study3b_fifo_runtime_v1
76158,C_8496,2009,2010,0.000367940025171,0,0,0.07,0.0378263480961,2026-09-08T22:18:35.604489+00:00,study3b_fifo_runtime_v1
76196,C_8504,2009,2010,0.000582723587286,0,0,0.07,0.0378263480961,2026-09-08T22:18:35.604489+00:00,study3b_fifo_runtime_v1
76289,C_8520,2009,2010,0.000259450433077,0,0,0.07,0.0378263480961,2026-09-08T22:18:35.604489+00:00,study3b_fifo_runtime_v1
76337,C_8527,2009,2010,5.79111510888e-05,0,0,0.07,0.0378263480961,2026-09-08T22:18:35.604489+00:00,study3b_fifo_runtime_v1
76626,C_8579,2009,2010,0.00192000099923,0,0,0.07,0.0378263480961,2026-09-08T22:18:35.604489+00:00,study3b_fifo_runtime_v1
76647,C_8584,2009,2010,0.00102845032234,0,0,0.07,0.0378263480961,2026-09-08T22:18:35.604489+00:00,study3b_fifo_runtime_v1
76682,C_8589,2009,2010,0.00829087011516,0,0,0.07,0.0378263480961,2026-09-08T22:18:35.604489+00:00,study3b_fifo_runtime_v1
77046,C_8658,2009,2010,0.000281201762846,0,0,0.07,0.0378263480961,2026-09-08T22:18:35.604489+00:00,study3b_fifo_runtime_v1
78225,C_8913,2009,2010,0.000173132444615,0,0,0.07,0.0378263480961,2026-09-08T22:18:35.604489+00:00,study3b_fifo_runtime_v1
78237,C_8916,2009,2010,3.14683784381e-05,0,0,0.07,0.0378263480961,2026-09-08T22:18:35.604489+00:00,study3b_fifo_runtime_v1
78259,C_8919,2009,2010,0.0190940294415,0,0,0.07,0.0378263480961,2026-09-08T22:18:35.604489+00:00,study3b_fifo_runtime_v1
78270,C_8920,2009,2010,0.000788650708273,0,0,0.07,0.0378263480961,2026-09-08T22:18:35.604489+00:00,study3b_fifo_runtime_v1
78286,C_8921,2009,2010,0.000178260044777,0,0,0.07,0.0378263480961,2026-09-08T22:18:35.604489+00:00,study3b_fifo_runtime_v1
78310,C_8924,2009,2010,0.00013324576139,0,0,0.07,0.0378263480961,2026-09-08T22:18:35.604489+00:00,study3b_fifo_runtime_v1
78324,C_8925,2009,2010,0.000932836672291,0,0,0.07,0.0378263480961,2026-09-08T22:18:35.604489+00:00,study3b_fifo_runtime_v1
78339,C_8926,2009,2010,0.000175583802047,0,0,0.07,0.0378263480961,2026-09-08T22:18:35.604489+00:00,study3b_fifo_runtime_v1
78354,C_8927,2009,2010,0.000984520069323,0,0,0.07,0.0378263480961,2026-09-08T22:18:35.604489+00:00,study3b_fifo_runtime_v1
78361,C_8928,2009,2010,8.43822563183e-05,0,0,0.07,0.0378263480961,2026-09-08T22:18:35.604489+00:00,study3b_fifo_runtime_v1
78376,C_8929,2009,2010,2.21358877752e-05,0,0,0.07,0.0378263480961,2026-09-08T22:18:35.604489+00:00,study3b_fifo_runtime_v1
78384,C_8930,2009,2010,8.23484151624e-05,0,0,0.07,0.0378263480961,2026-09-08T22:18:35.604489+00:00,study3b_fifo_runtime_v1
78398,C_8931,2009,2010,8.94652621355e-05,0,0,0.07,0.0378263480961,2026-09-08T22:18:35.604489+00:00,study3b_fifo_runtime_v1
78408,C_8933,2009,2010,0.00284826103598,0,0,0.07,0.0378263480961,2026-09-08T22:18:35.604489+00:00,study3b_fifo_runtime_v1
78426,C_8935,2009,2010,0.000580831023399,0,0,0.07,0.0378263480961,2026-09-08T22:18:35.604489+00:00,study3b_fifo_runtime_v1
78442,C_8937,2009,2010,0.000139509662404,0,0,0.07,0.0378263480961,2026-09-08T22:18:35.604489+00:00,study3b_fifo_runtime_v1
78457,C_8938,2009,2010,0.000562351720873,0,0,0.07,0.0378263480961,2026-09-08T22:18:35.604489+00:00,study3b_fifo_runtime_v1
78472,C_8939,2009,2010,5.1508188335e-05,0,0,0.07,0.0378263480961,2026-09-08T22:18:35.604489+00:00,study3b_fifo_runtime_v1
78478,C_8940,2009,2010,0.00802041590214,0,0,0.07,0.0378263480961,2026-09-08T22:18:35.604489+00:00,study3b_fifo_runtime_v1
78482,C_8941,2009,2010,0.000174513901584,0,0,0.07,0.0378263480961,2026-09-08T22:18:35.604489+00:00,study3b_fifo_runtime_v1
78494,C_8943,2009,2010,4.25064354204e-05,0,0,0.07,0.0378263480961,2026-09-08T22:18:35.604489+00:00,study3b_fifo_runtime_v1
78515,C_8946,2009,2010,0.0543880611658,0,1,0.07,0.0378263480961,2026-09-08T22:18:35.604489+00:00,study3b_fifo_runtime_v1
78523,C_8947,2009,2010,0.000613983545918,0,0,0.07,0.0378263480961,2026-09-08T22:18:35.604489+00:00,study3b_fifo_runtime_v1
78525,C_8948,2009,2010,0.00199812394567,0,0,0.07,0.0378263480961,2026-09-08T22:18:35.604489+00:00,study3b_fifo_runtime_v1
78536,C_8949,2009,2010,0.000351242924808,0,0,0.07,0.0378263480961,2026-09-08T22:18:35.604489+00:00,study3b_fifo_runtime_v1
78538,C_8950,2009,2010,0.000228393517318,0,0,0.07,0.0378263480961,2026-09-08T22:18:35.604489+00:00,study3b_fifo_runtime_v1
78553,C_8952,2009,2010,0.00225307489745,0,0,0.07,0.0378263480961,2026-09-08T22:18:35.604489+00:00,study3b_fifo_runtime_v1
78599,C_8958,2009,2010,0.0148910181597,0,0,0.07,0.0378263480961,2026-09-08T22:18:35.604489+00:00,study3b_fifo_runtime_v1
78606,C_8959,2009,2010,0.0074290689081,0,0,0.07,0.0378263480961,2026-09-08T22:18:35.604489+00:00,study3b_fifo_runtime_v1
78621,C_8961,2009,2010,0.000105110499135,0,0,0.07,0.0378263480961,2026-09-08T22:18:35.604489+00:00,study3b_fifo_runtime_v1
78631,C_8964,2009,2010,7.67987876316e-05,0,0,0.07,0.0378263480961,2026-09-08T22:18:35.604489+00:00,study3b_fifo_runtime_v1
